{"shopid": 130961937, "userid": 130963761, "last_active_time": 1643762132, "vacation": false, "place": "Qu\u1eadn 7, TP. H\u1ed3 Ch\u00ed Minh", "account": {"portrait": "668ea4fe2a26cfa26bcb0b67b200e640", "username": "realme_official_storevn", "status": 1}, "is_shopee_verified": false, "is_preferred_plus_seller": false, "is_official_shop": true, "shop_location": "TP. H\u1ed3 Ch\u00ed Minh", "item_count": 62, "rating_star": 4.889719, "response_rate": 100, "session_info": null, "name": "Realme Official Store", "ctime": 1551697682, "response_time": 1401, "follower_count": 99903, "show_official_shop_label": true, "rating_bad": 37, "rating_good": 3560, "rating_normal": 60, "session_infos": null, "show_shopee_mission": false, "status": 1}