{"shopid": 136272507, "userid": 136274331, "last_active_time": 1643732329, "vacation": false, "place": "Qu\u1eadn B\u00ecnh T\u00e2n, TP. H\u1ed3 Ch\u00ed Minh", "account": {"portrait": "b81add3992d2173026d27264be14f5e1", "username": "comet_classic", "status": 1}, "is_shopee_verified": false, "is_preferred_plus_seller": false, "is_official_shop": true, "shop_location": "TP. H\u1ed3 Ch\u00ed Minh", "item_count": 188, "rating_star": 4.841118, "response_rate": 90, "session_info": null, "name": "Comet_classic", "ctime": 1553744627, "response_time": 5528, "follower_count": 34958, "show_official_shop_label": true, "rating_bad": 116, "rating_good": 9316, "rating_normal": 256, "session_infos": null, "show_shopee_mission": false, "status": 1}