{"shopid": 142777053, "userid": 142778877, "last_active_time": 1643813449, "vacation": false, "place": "Qu\u1eadn Ph\u00fa Nhu\u1eadn, TP. H\u1ed3 Ch\u00ed Minh", "account": {"portrait": "a68337064b62ec4bc2394b2d6c2c14d6", "username": "yoobao_flagship_zashop", "status": 1}, "is_shopee_verified": false, "is_preferred_plus_seller": false, "is_official_shop": true, "shop_location": "TP. H\u1ed3 Ch\u00ed Minh", "item_count": 88, "rating_star": 4.932064, "response_rate": 81, "session_info": null, "name": "YOOBAO Flagship Store", "ctime": 1556360654, "response_time": 8328, "follower_count": 138798, "show_official_shop_label": true, "rating_bad": 60, "rating_good": 11785, "rating_normal": 114, "session_infos": null, "show_shopee_mission": false, "status": 1}