{"shopid": 153476815, "userid": 153478695, "last_active_time": 1643813146, "vacation": false, "place": "Qu\u1eadn Nam T\u1eeb Li\u00eam, H\u00e0 N\u1ed9i", "account": {"portrait": "07f7cef9d1bcacb016f56409d5482fe7", "username": "greenbox.official", "status": 1}, "is_shopee_verified": false, "is_preferred_plus_seller": false, "is_official_shop": true, "shop_location": "H\u00e0 N\u1ed9i", "item_count": 377, "rating_star": 4.848513, "response_rate": 75, "session_info": null, "name": "GREENBOX", "ctime": 1559795886, "response_time": 2806, "follower_count": 12876, "show_official_shop_label": true, "rating_bad": 47, "rating_good": 4206, "rating_normal": 110, "session_infos": null, "show_shopee_mission": false, "status": 1}