{"shopid": 158819721, "userid": 158821744, "last_active_time": 1643813126, "vacation": false, "place": "Qu\u1eadn T\u00e2n Ph\u00fa, TP. H\u1ed3 Ch\u00ed Minh", "account": {"portrait": "456960428fd2e546a53b584d28fb3f60", "username": "homeno1", "status": 1}, "is_shopee_verified": false, "is_preferred_plus_seller": false, "is_official_shop": true, "shop_location": "TP. H\u1ed3 Ch\u00ed Minh", "item_count": 125, "rating_star": 4.931434, "response_rate": 87, "session_info": null, "name": "Home No1", "ctime": 1561782639, "response_time": 8202, "follower_count": 5856, "show_official_shop_label": true, "rating_bad": 5, "rating_good": 1112, "rating_normal": 12, "session_infos": null, "show_shopee_mission": false, "status": 1}