{"shopid": 169520757, "userid": 169523092, "last_active_time": 1643779742, "vacation": false, "place": "Qu\u1eadn C\u1ea7u Gi\u1ea5y, H\u00e0 N\u1ed9i", "account": {"portrait": "e316cc024b2ea04f5128415acedbeb82", "username": "vietnamrobovac", "status": 1}, "is_shopee_verified": false, "is_preferred_plus_seller": false, "is_official_shop": true, "shop_location": "H\u00e0 N\u1ed9i", "item_count": 86, "rating_star": 4.921335, "response_rate": 90, "session_info": null, "name": "Ecovacs Official Store", "ctime": 1565447763, "response_time": 10000, "follower_count": 53158, "show_official_shop_label": true, "rating_bad": 7, "rating_good": 831, "rating_normal": 10, "session_infos": null, "show_shopee_mission": false, "status": 1}