{"shopid": 179375051, "userid": 179377653, "last_active_time": 1643787638, "vacation": false, "place": "Qu\u1eadn \u0110\u1ed1ng \u0110a, H\u00e0 N\u1ed9i", "account": {"portrait": "d78691f71bed8353c2624ed95f99402d", "username": "giadungthongminhviefan", "status": 1}, "is_shopee_verified": false, "is_preferred_plus_seller": false, "is_official_shop": true, "shop_location": "H\u00e0 N\u1ed9i", "item_count": 12, "rating_star": 4.912257, "response_rate": 91, "session_info": null, "name": "Gia D\u1ee5ng Th\u00f4ng Minh Viefan", "ctime": 1568469432, "response_time": 3194, "follower_count": 2685, "show_official_shop_label": true, "rating_bad": 4, "rating_good": 1478, "rating_normal": 20, "session_infos": null, "show_shopee_mission": false, "status": 1}