{"shopid": 199647190, "userid": 199650301, "last_active_time": 1643651713, "vacation": true, "place": "Qu\u1eadn Ba \u0110\u00ecnh, H\u00e0 N\u1ed9i", "account": {"portrait": "44d5808128877a6d99d9926fa5efcb7c", "username": "aosmith_official_store", "status": 1}, "is_shopee_verified": false, "is_preferred_plus_seller": false, "is_official_shop": true, "shop_location": "H\u00e0 N\u1ed9i", "item_count": 47, "rating_star": 4.967742, "response_rate": 82, "session_info": null, "name": "A. O. Smith Official Store", "ctime": 1573725469, "response_time": 17521, "follower_count": 4342, "show_official_shop_label": true, "rating_bad": 0, "rating_good": 155, "rating_normal": 0, "session_infos": null, "show_shopee_mission": false, "status": 1}