{"shopid": 20009052, "userid": 20010388, "last_active_time": 1643458529, "vacation": false, "place": "Qu\u1eadn T\u00e2n B\u00ecnh, TP. H\u1ed3 Ch\u00ed Minh", "account": {"portrait": "1e208f21cba94a4d5f15237302ac80a7", "username": "mrhahoanganh", "status": 1}, "is_shopee_verified": false, "is_preferred_plus_seller": false, "is_official_shop": true, "shop_location": "TP. H\u1ed3 Ch\u00ed Minh", "item_count": 273, "rating_star": 4.935268, "response_rate": 63, "session_info": null, "name": "Ph\u00e2n Ph\u1ed1i Vi\u1ec7t Nam ", "ctime": 1491756803, "response_time": 8819, "follower_count": 973, "show_official_shop_label": true, "rating_bad": 4, "rating_good": 894, "rating_normal": 10, "session_infos": null, "show_shopee_mission": false, "status": 1}