{"shopid": 209360619, "userid": 209364059, "last_active_time": 1643809467, "vacation": false, "place": "Qu\u1eadn Thanh Xu\u00e2n, H\u00e0 N\u1ed9i", "account": {"portrait": "87ade9e585c43b4e474918bd46fd5902", "username": "masutovietnam", "status": 1}, "is_shopee_verified": false, "is_preferred_plus_seller": false, "is_official_shop": true, "shop_location": "H\u00e0 N\u1ed9i", "item_count": 43, "rating_star": 4.878222, "response_rate": 95, "session_info": null, "name": "Masuto store online", "ctime": 1576136923, "response_time": 3324, "follower_count": 12402, "show_official_shop_label": true, "rating_bad": 40, "rating_good": 4418, "rating_normal": 99, "session_infos": null, "show_shopee_mission": false, "status": 1}