{"shopid": 21801387, "userid": 21802723, "last_active_time": 1643788007, "vacation": false, "place": "Qu\u1eadn Ho\u00e0ng Mai, H\u00e0 N\u1ed9i", "account": {"portrait": "5c5ad4da7d080d19a89cb03dbd9825d8", "username": "kangaroovietuc", "status": 1}, "is_shopee_verified": false, "is_preferred_plus_seller": false, "is_official_shop": true, "shop_location": "H\u00e0 N\u1ed9i", "item_count": 110, "rating_star": 4.840542, "response_rate": 2, "session_info": null, "name": "Kangaroo Store", "ctime": 1494029730, "response_time": 4268, "follower_count": 11344, "show_official_shop_label": true, "rating_bad": 115, "rating_good": 8138, "rating_normal": 212, "session_infos": null, "show_shopee_mission": false, "status": 1}