{"shopid": 254670403, "userid": 254671215, "last_active_time": 1643646200, "vacation": false, "place": "Qu\u1eadn 7, TP. H\u1ed3 Ch\u00ed Minh", "account": {"portrait": "fe89c3f9f6d37d4fd129e0f00687ec9a", "username": "asiavina_vn_official", "status": 1}, "is_shopee_verified": false, "is_preferred_plus_seller": false, "is_official_shop": true, "shop_location": "TP. H\u1ed3 Ch\u00ed Minh", "item_count": 17, "rating_star": 4.941176, "response_rate": 79, "session_info": null, "name": "ASIAvina VN Official", "ctime": 1587981108, "response_time": 42, "follower_count": 692, "show_official_shop_label": true, "rating_bad": 0, "rating_good": 34, "rating_normal": 0, "session_infos": null, "show_shopee_mission": false, "status": 1}