{"shopid": 259421140, "userid": 259422838, "last_active_time": 1643795983, "vacation": false, "place": "Th\u00e0nh Ph\u1ed1 Thu\u1eadn An, B\u00ecnh D\u01b0\u01a1ng", "account": {"portrait": "1185be59dc130ba7c0e7ae732b55f65f", "username": "mishio_official", "status": 1}, "is_shopee_verified": false, "is_preferred_plus_seller": false, "is_official_shop": true, "shop_location": "B\u00ecnh D\u01b0\u01a1ng", "item_count": 68, "rating_star": 4.790669, "response_rate": 90, "session_info": null, "name": "Mishio Mall", "ctime": 1588930816, "response_time": 9320, "follower_count": 16939, "show_official_shop_label": true, "rating_bad": 49, "rating_good": 2379, "rating_normal": 88, "session_infos": null, "show_shopee_mission": false, "status": 1}