{"shopid": 300546762, "userid": 300566137, "last_active_time": 1643814305, "vacation": false, "place": "Qu\u1eadn 12, TP. H\u1ed3 Ch\u00ed Minh", "account": {"portrait": "586c66470021d3e6613d82405c2e310c", "username": "phuong_binh_group", "status": 1}, "is_shopee_verified": false, "is_preferred_plus_seller": false, "is_official_shop": true, "shop_location": "TP. H\u1ed3 Ch\u00ed Minh", "item_count": 24, "rating_star": 4.962121, "response_rate": 81, "session_info": null, "name": "Ph\u01b0\u01a1ng B\u00ecnh Group", "ctime": 1598254860, "response_time": 10846, "follower_count": 5320, "show_official_shop_label": true, "rating_bad": 0, "rating_good": 263, "rating_normal": 2, "session_infos": null, "show_shopee_mission": false, "status": 1}