{"shopid": 326323525, "userid": 326343100, "last_active_time": 1643784971, "vacation": false, "place": "Qu\u1eadn 7, TP. H\u1ed3 Ch\u00ed Minh", "account": {"portrait": "a287f5fb2775ee22f0dd7184a6105029", "username": "bear_official_store", "status": 1}, "is_shopee_verified": false, "is_preferred_plus_seller": false, "is_official_shop": true, "shop_location": "TP. H\u1ed3 Ch\u00ed Minh", "item_count": 36, "rating_star": 4.885832, "response_rate": 99, "session_info": null, "name": "bear_official_store", "ctime": 1603373929, "response_time": 1548, "follower_count": 17520, "show_official_shop_label": true, "rating_bad": 9, "rating_good": 712, "rating_normal": 13, "session_infos": null, "show_shopee_mission": false, "status": 1}