{"shopid": 331346099, "userid": 331365674, "last_active_time": 1643802787, "vacation": false, "place": "Qu\u1eadn T\u00e2n Ph\u00fa, TP. H\u1ed3 Ch\u00ed Minh", "account": {"portrait": "42675904b552b89748e5530e4271a002", "username": "electrolux_official_store", "status": 1}, "is_shopee_verified": false, "is_preferred_plus_seller": false, "is_official_shop": true, "shop_location": "TP. H\u1ed3 Ch\u00ed Minh", "item_count": 263, "rating_star": 4.852525, "response_rate": 64, "session_info": null, "name": "Electrolux Official Store", "ctime": 1604313794, "response_time": 10117, "follower_count": 74059, "show_official_shop_label": true, "rating_bad": 17, "rating_good": 957, "rating_normal": 20, "session_infos": null, "show_shopee_mission": false, "status": 1}