{
    "shopid": 3933506,
    "userid": 3934789,
    "last_active_time": 1643812420,
    "vacation": false,
    "place": "Qu\u1eadn G\u00f2 V\u1ea5p, TP. H\u1ed3 Ch\u00ed Minh",
    "account": {
        "portrait": "e9a0b84e70684469ef674345e02818ba",
        "username": "growntech_official",
        "status": 1
    },
    "is_shopee_verified": false,
    "is_preferred_plus_seller": false,
    "is_official_shop": true,
    "shop_location": "TP. H\u1ed3 Ch\u00ed Minh",
    "item_count": 67,
    "rating_star": 4.318894,
    "response_rate": 83,
    "session_info": null,
    "name": "C\u00d4NG TY TNHH MTV GROWN TECH",
    "ctime": 1457689287,
    "response_time": 7759,
    "follower_count": 60513,
    "show_official_shop_label": true,
    "rating_bad": 710,
    "rating_good": 6108,
    "rating_normal": 672,
    "session_infos": null,
    "show_shopee_mission": false,
    "status": 1
}