{"shopid": 394822515, "userid": 394842092, "last_active_time": 1643622703, "vacation": false, "place": "Qu\u1eadn 3, TP. H\u1ed3 Ch\u00ed Minh", "account": {"portrait": "a906e57245ea684eef360b460043ab69", "username": "kontrolfreek_official_store", "status": 1}, "is_shopee_verified": false, "is_preferred_plus_seller": false, "is_official_shop": true, "shop_location": "TP. H\u1ed3 Ch\u00ed Minh", "item_count": 16, "rating_star": 5, "response_rate": 40, "session_info": null, "name": "KontrolFreek Official Store", "ctime": 1614570859, "response_time": 16842, "follower_count": 153, "show_official_shop_label": true, "rating_bad": 0, "rating_good": 2, "rating_normal": 0, "session_infos": null, "show_shopee_mission": false, "status": 1}