{"shopid": 43536544, "userid": 43537930, "last_active_time": 1643814023, "vacation": false, "place": "Qu\u1eadn Hai B\u00e0 Tr\u01b0ng, H\u00e0 N\u1ed9i", "account": {"portrait": "80166ba81542a666d26941579de61c6b", "username": "dienmayvangvietnam", "status": 1}, "is_shopee_verified": false, "is_preferred_plus_seller": false, "is_official_shop": true, "shop_location": "H\u00e0 N\u1ed9i", "item_count": 700, "rating_star": 4.913944, "response_rate": 99, "session_info": null, "name": "dienmayvangvietnam.com", "ctime": 1510719351, "response_time": 5721, "follower_count": 6716, "show_official_shop_label": true, "rating_bad": 63, "rating_good": 12791, "rating_normal": 175, "session_infos": null, "show_shopee_mission": false, "status": 1}