{"shopid": 441656386, "userid": 441675963, "last_active_time": 1643159369, "vacation": false, "place": "Huy\u1ec7n Thanh Oai, H\u00e0 N\u1ed9i", "account": {"portrait": "e6eb63ae77c5e371fa73f8b3931d4e92", "username": "dkb.official.store", "status": 1}, "is_shopee_verified": false, "is_preferred_plus_seller": false, "is_official_shop": true, "shop_location": "H\u00e0 N\u1ed9i", "item_count": 15, "rating_star": 4.7, "response_rate": null, "session_info": null, "name": "DKB Official Store", "ctime": 1620722003, "response_time": null, "follower_count": 22, "show_official_shop_label": true, "rating_bad": 0, "rating_good": 9, "rating_normal": 1, "session_infos": null, "show_shopee_mission": false, "status": 1}