{"shopid": 455516074, "userid": 455535651, "last_active_time": 1643624272, "vacation": false, "place": "Qu\u1eadn 4, TP. H\u1ed3 Ch\u00ed Minh", "account": {"portrait": "1596b863012783df462b454a5e975065", "username": "bose_official_storevn", "status": 1}, "is_shopee_verified": false, "is_preferred_plus_seller": false, "is_official_shop": true, "shop_location": "TP. H\u1ed3 Ch\u00ed Minh", "item_count": 37, "rating_star": 4.882353, "response_rate": 52, "session_info": null, "name": "Bose Official Store", "ctime": 1622450481, "response_time": 4807, "follower_count": 1487, "show_official_shop_label": true, "rating_bad": 0, "rating_good": 17, "rating_normal": 0, "session_infos": null, "show_shopee_mission": false, "status": 1}