{"shopid": 487852829, "userid": 487872407, "last_active_time": 1643804451, "vacation": false, "place": "", "account": {"portrait": "fb2c9cfa3f977ea51af20a2709f7dc87", "username": "colmi.vn", "status": 1}, "is_shopee_verified": false, "is_preferred_plus_seller": false, "is_official_shop": true, "shop_location": "", "item_count": 40, "rating_star": 4.866221, "response_rate": 78, "session_info": null, "name": "COLMI_Offcial_Store", "ctime": 1626164191, "response_time": 8375, "follower_count": 9094, "show_official_shop_label": true, "rating_bad": 5, "rating_good": 296, "rating_normal": 4, "session_infos": null, "show_shopee_mission": false, "status": 1}