{"shopid": 492683372, "userid": 492702950, "last_active_time": 1643710093, "vacation": false, "place": "Qu\u1eadn Ho\u00e0n Ki\u1ebfm, H\u00e0 N\u1ed9i", "account": {"portrait": "9fa0f89ba3138388344c6505cc618e5c", "username": "banhangcaocap69", "status": 1}, "is_shopee_verified": false, "is_preferred_plus_seller": false, "is_official_shop": true, "shop_location": "H\u00e0 N\u1ed9i", "item_count": 238, "rating_star": 5, "response_rate": 79, "session_info": null, "name": "GOJOY VI\u1ec6T NAM - 69 H\u00c0NG BU\u1ed2M", "ctime": 1626671698, "response_time": 19266, "follower_count": 19, "show_official_shop_label": true, "rating_bad": 0, "rating_good": 13, "rating_normal": 0, "session_infos": null, "show_shopee_mission": false, "status": 1}