{"shopid": 518561065, "userid": 518580644, "last_active_time": 1643813716, "vacation": false, "place": "Qu\u1eadn \u0110\u1ed1ng \u0110a, H\u00e0 N\u1ed9i", "account": {"portrait": "194e213f3fc6c6db2c9c770d42fc8164", "username": "tribitvietnam", "status": 1}, "is_shopee_verified": false, "is_preferred_plus_seller": false, "is_official_shop": true, "shop_location": "H\u00e0 N\u1ed9i", "item_count": 14, "rating_star": 5, "response_rate": 100, "session_info": null, "name": "Tribit Vi\u1ec7t Nam", "ctime": 1629695296, "response_time": 8601, "follower_count": 461, "show_official_shop_label": true, "rating_bad": 0, "rating_good": 24, "rating_normal": 0, "session_infos": null, "show_shopee_mission": false, "status": 1}