{"shopid": 528129268, "userid": 528148847, "last_active_time": 1643814230, "vacation": false, "place": "Qu\u1eadn Ho\u00e0ng Mai, H\u00e0 N\u1ed9i", "account": {"portrait": "934ba242a7acc6bd5bf570a61022e876", "username": "zuzgstore", "status": 1}, "is_shopee_verified": false, "is_preferred_plus_seller": false, "is_official_shop": true, "shop_location": "H\u00e0 N\u1ed9i", "item_count": 58, "rating_star": 4.816367, "response_rate": 95, "session_info": null, "name": "ZUZG Official Flagship Store", "ctime": 1630677349, "response_time": 3294, "follower_count": 15970, "show_official_shop_label": true, "rating_bad": 24, "rating_good": 1059, "rating_normal": 26, "session_infos": null, "show_shopee_mission": false, "status": 1}