{"shopid": 53452181, "userid": 53453569, "last_active_time": 1643784971, "vacation": false, "place": "Qu\u1eadn 7, TP. H\u1ed3 Ch\u00ed Minh", "account": {"portrait": "fd7581425051f558b6a40e684e7d5e69", "username": "xiaomi_authorized_store", "status": 1}, "is_shopee_verified": false, "is_preferred_plus_seller": false, "is_official_shop": true, "shop_location": "TP. H\u1ed3 Ch\u00ed Minh", "item_count": 111, "rating_star": 4.836002, "response_rate": 100, "session_info": null, "name": "Xiaomi Authorized Store", "ctime": 1516597050, "response_time": 3034, "follower_count": 84585, "show_official_shop_label": true, "rating_bad": 563, "rating_good": 36032, "rating_normal": 807, "session_infos": null, "show_shopee_mission": false, "status": 1}