{"shopid": 53587416, "userid": 53588804, "last_active_time": 1643460154, "vacation": false, "place": "Qu\u1eadn 1, TP. H\u1ed3 Ch\u00ed Minh", "account": {"portrait": "e3229cc8c8dd0b816dfd21d5a1937d39", "username": "happystores.vn", "status": 1}, "is_shopee_verified": false, "is_preferred_plus_seller": false, "is_official_shop": true, "shop_location": "TP. H\u1ed3 Ch\u00ed Minh", "item_count": 194, "rating_star": 4.893901, "response_rate": 92, "session_info": null, "name": "Happystores Ph\u1ee5 Ki\u1ec7n C\u00f4ng Ngh\u1ec7", "ctime": 1516680208, "response_time": 5009, "follower_count": 2143, "show_official_shop_label": true, "rating_bad": 10, "rating_good": 1175, "rating_normal": 18, "session_infos": null, "show_shopee_mission": false, "status": 1}