{"shopid": 53621981, "userid": 53623369, "last_active_time": 1643804195, "vacation": false, "place": "Qu\u1eadn 7, TP. H\u1ed3 Ch\u00ed Minh", "account": {"portrait": "698bf38ce972a48417be198de5909f70", "username": "comet_homeappliances", "status": 1}, "is_shopee_verified": false, "is_preferred_plus_seller": false, "is_official_shop": true, "shop_location": "TP. H\u1ed3 Ch\u00ed Minh", "item_count": 182, "rating_star": 4.847303, "response_rate": 90, "session_info": null, "name": "COMET | Official Store", "ctime": 1516695604, "response_time": 6907, "follower_count": 243031, "show_official_shop_label": true, "rating_bad": 994, "rating_good": 70526, "rating_normal": 1748, "session_infos": null, "show_shopee_mission": false, "status": 1}