{"shopid": 58558884, "userid": 58560314, "last_active_time": 1643784971, "vacation": false, "place": "Qu\u1eadn B\u00ecnh T\u00e2n, TP. H\u1ed3 Ch\u00ed Minh", "account": {"portrait": "7a09fc0bdb7639124eb5ce42669d29a6", "username": "asanzo_official_store", "status": 1}, "is_shopee_verified": false, "is_preferred_plus_seller": false, "is_official_shop": true, "shop_location": "TP. H\u1ed3 Ch\u00ed Minh", "item_count": 74, "rating_star": 4.803491, "response_rate": 100, "session_info": null, "name": "Asanzo Official Store", "ctime": 1519810467, "response_time": 7309, "follower_count": 6550, "show_official_shop_label": true, "rating_bad": 65, "rating_good": 2980, "rating_normal": 70, "session_infos": null, "show_shopee_mission": false, "status": 1}