{"shopid": 64903618, "userid": 64905071, "last_active_time": 1643270422, "vacation": false, "place": "Qu\u1eadn 7, TP. H\u1ed3 Ch\u00ed Minh", "account": {"portrait": "edfeb55a1674c4f43c4bbee200fa3b6a", "username": "jbl_vn", "status": 1}, "is_shopee_verified": false, "is_preferred_plus_seller": false, "is_official_shop": true, "shop_location": "TP. H\u1ed3 Ch\u00ed Minh", "item_count": 104, "rating_star": 4.860477, "response_rate": 71, "session_info": null, "name": "JBL OFFICIAL STORE", "ctime": 1523605889, "response_time": 8605, "follower_count": 91308, "show_official_shop_label": true, "rating_bad": 85, "rating_good": 9305, "rating_normal": 211, "session_infos": null, "show_shopee_mission": false, "status": 1}