{"shopid": 71710875, "userid": 71712336, "last_active_time": 1643274274, "vacation": false, "place": "Qu\u1eadn T\u00e2n B\u00ecnh, TP. H\u1ed3 Ch\u00ed Minh", "account": {"portrait": "a4023f9fe76ff2a9c256be959b2d142e", "username": "daewoo_official_store", "status": 1}, "is_shopee_verified": false, "is_preferred_plus_seller": false, "is_official_shop": true, "shop_location": "TP. H\u1ed3 Ch\u00ed Minh", "item_count": 98, "rating_star": 4.835821, "response_rate": 54, "session_info": null, "name": "DAEWOO_ Official store", "ctime": 1527476073, "response_time": 27283, "follower_count": 14688, "show_official_shop_label": true, "rating_bad": 28, "rating_good": 1946, "rating_normal": 51, "session_infos": null, "show_shopee_mission": false, "status": 1}