{"shopid": 76858527, "userid": 76860000, "last_active_time": 1643771208, "vacation": false, "place": "Qu\u1eadn T\u00e2n B\u00ecnh, TP. H\u1ed3 Ch\u00ed Minh", "account": {"portrait": "d34e2fd285a713f22558b32dcdcdf9c6", "username": "lucasavietnam", "status": 1}, "is_shopee_verified": false, "is_preferred_plus_seller": false, "is_official_shop": true, "shop_location": "TP. H\u1ed3 Ch\u00ed Minh", "item_count": 200, "rating_star": 4.912397, "response_rate": 34, "session_info": null, "name": "Lucasa Vietnam", "ctime": 1530282260, "response_time": 9042, "follower_count": 8769, "show_official_shop_label": true, "rating_bad": 5, "rating_good": 598, "rating_normal": 8, "session_infos": null, "show_shopee_mission": false, "status": 1}