{"shopid": 94123517, "userid": 94124995, "last_active_time": 1643784971, "vacation": false, "place": "Qu\u1eadn 7, TP. H\u1ed3 Ch\u00ed Minh", "account": {"portrait": "cf968d00e26bfac9f2ee522b5339800a", "username": "philips_official_store", "status": 1}, "is_shopee_verified": false, "is_preferred_plus_seller": false, "is_official_shop": true, "shop_location": "TP. H\u1ed3 Ch\u00ed Minh", "item_count": 89, "rating_star": 4.787014, "response_rate": 100, "session_info": null, "name": "Philips_Official_Store", "ctime": 1538552411, "response_time": 2557, "follower_count": 51060, "show_official_shop_label": true, "rating_bad": 148, "rating_good": 7489, "rating_normal": 252, "session_infos": null, "show_shopee_mission": false, "status": 1}