{"shopid": 95701859, "userid": 95703337, "last_active_time": 1643687934, "vacation": false, "place": "Qu\u1eadn 7, TP. H\u1ed3 Ch\u00ed Minh", "account": {"portrait": "3e6405516ab297331073a2d7bfb71fad", "username": "soundmax_official_store", "status": 1}, "is_shopee_verified": false, "is_preferred_plus_seller": false, "is_official_shop": true, "shop_location": "TP. H\u1ed3 Ch\u00ed Minh", "item_count": 84, "rating_star": 4.858314, "response_rate": 85, "session_info": null, "name": "Soundmax Official Store", "ctime": 1539229620, "response_time": 7898, "follower_count": 5907, "show_official_shop_label": true, "rating_bad": 10, "rating_good": 834, "rating_normal": 15, "session_infos": null, "show_shopee_mission": false, "status": 1}