{"itemid": 11312210707, "shopid": 106016295, "userid": 0, "price_max_before_discount": 5290000000000, "has_lowest_price_guarantee": false, "price_before_discount": 5290000000000, "price_min_before_discount": 5290000000000, "exclusive_price_info": null, "hidden_price_display": null, "price_min": 4032000000000, "price_max": 4032000000000, "price": 4032000000000, "stock": 50, "discount": "24%", "historical_sold": 0, "sold": 0, "show_discount": 24, "raw_discount": 24, "min_purchase_limit": 0, "overall_purchase_limit": {"order_max_purchase_limit": 0, "overall_purchase_limit": null, "item_overall_quota": null, "start_date": null, "end_date": null}, "pack_size": null, "is_live_streaming_price": null, "name": "T\u1ee7 l\u1ea1nh side by side LG Inverter 601L X247JS - B\u1ea3o h\u00e0nh ch\u00ednh h\u00e3ng 24 th\u00e1ng", "ctime": 1623984311, "item_status": "normal", "status": 1, "condition": 1, "catid": 100010, "description": "Th\u00f4ng s\u1ed1 k\u1ef9 thu\u1eadt\n\nKi\u1ec3u t\u1ee7:T\u1ee7 l\u1edbn - Side by side\nDung t\u00edch t\u1ed5ng:668 l\u00edt\nDung t\u00edch s\u1eed d\u1ee5ng:601 l\u00edt\nS\u1ed1 c\u00e1nh c\u1eeda:2 c\u00e1nh\nS\u1ed1 ng\u01b0\u1eddi s\u1eed d\u1ee5ng:Tr\u00ean 5 ng\u01b0\u1eddi\nDung t\u00edch ng\u0103n \u0111\u00e1:196 l\u00edt\nDung t\u00edch ng\u0103n l\u1ea1nh:405 l\u00edt\nC\u00f4ng su\u1ea5t ti\u00eau th\u1ee5 c\u00f4ng b\u1ed1 theo TCVN:~ 1.9 kW/ng\u00e0y\nC\u00f4ng ngh\u1ec7 ti\u1ebft ki\u1ec7m \u0111i\u1ec7n:Linear Inverter\nC\u00f4ng ngh\u1ec7 l\u00e0m l\u1ea1nh:L\u00e0m l\u1ea1nh \u0111a chi\u1ec1u\nC\u00f4ng ngh\u1ec7 kh\u00e1ng khu\u1ea9n, kh\u1eed m\u00f9i:B\u1ed9 l\u1ecdc 5 l\u1edbp Hygiene Fresh+\u2122\nC\u00f4ng ngh\u1ec7 b\u1ea3o qu\u1ea3n th\u1ef1c ph\u1ea9m:Ng\u0103n rau c\u1ee7 c\u00e2n b\u1eb1ng \u1ea9m l\u01b0\u1edbi m\u1eaft c\u00e1o 2 ch\u1ebf \u0111\u1ed9 Fresh Balancer, Ng\u0103n c\u00e2n b\u1eb1ng \u1ea9m Moist Balance Crisper\nTi\u1ec7n \u00edch:T\u00edch h\u1ee3p WIFI - Smart ThinQ\u2122, L\u00e0m \u0111\u00e1 t\u1ef1 \u0111\u1ed9ng, L\u1ea5y n\u01b0\u1edbc b\u00ean ngo\u00e0i, L\u1ea5y \u0111\u00e1 b\u00ean ngo\u00e0i, B\u1ea3ng \u0111i\u1ec1u khi\u1ec3n b\u00ean ngo\u00e0i, C\u1eeda ph\u1ee5 Door-in-Door\nCh\u1ea5t li\u1ec7u c\u1eeda t\u1ee7 l\u1ea1nh:Th\u00e9p kh\u00f4ng g\u1ec9\nCh\u1ea5t li\u1ec7u khay ng\u0103n l\u1ea1nh:K\u00ednh ch\u1ecbu l\u1ef1c\nK\u00edch th\u01b0\u1edbc - Kh\u1ed1i l\u01b0\u1ee3ng:Cao 179 cm - R\u1ed9ng 91.2 cm - S\u00e2u 73.8 cm - Kh\u1ed1i l\u01b0\u1ee3ng 132 kg\nCh\u1ea5t li\u1ec7u \u1ed1ng d\u1eabn gas, d\u00e0n l\u1ea1nh:\u1ed0ng d\u1eabn gas b\u1eb1ng \u0110\u1ed3ng - L\u00e1 t\u1ea3n nhi\u1ec7t b\u1eb1ng Nh\u00f4m\nN\u01a1i s\u1ea3n xu\u1ea5t:Trung Qu\u1ed1c\nN\u0103m ra m\u1eaft:2017\nB\u1ea3o h\u00e0nh ch\u00ednh h\u00e3ng t\u1ea1i nh\u00e0:24 th\u00e1ng\n\n\u0110\u1eb7c \u0111i\u1ec3m c\u1ee7a s\u1ea3n ph\u1ea9m:\nCh\u1ea1m 2 l\u1ea7n s\u00e1ng \u0111\u00e8n t\u1ee7 ti\u1ec7n l\u1ee3i, d\u1ec5 quan s\u00e1t th\u1ef1c ph\u1ea9m b\u00ean trong\n\nT\u1ee7 l\u1ea1nh InstaView LG trang b\u1ecb c\u1eeda ph\u1ee5 \u0111\u1eb7c bi\u1ec7t b\u00ean ng\u0103n m\u00e1t \u0111\u1ec3 c\u00f3 th\u1ec3 m\u1edf t\u1ee7 l\u1ea5y th\u1ef1c ph\u1ea9m m\u00e0 kh\u00f4ng th\u1ea5t tho\u00e1t qu\u00e1 nhi\u1ec1u h\u01a1i l\u1ea1nh. B\u1ea1n c\u00f2n c\u00f3 th\u1ec3 g\u00f5 ch\u1ea1m 2 l\u1ea7n \u0111\u1ec3 ki\u1ec3m tra th\u1ef1c ph\u1ea9m b\u00ean trong m\u00e0 kh\u00f4ng c\u1ea7n m\u1edf t\u1ee7, r\u1ea5t ti\u1ec7n l\u1ee3i v\u00e0 hi\u1ec7n \u0111\u1ea1i.\nT\u1ee7 l\u1ea1nh v\u1edbi thi\u1ebft k\u1ebf sang tr\u1ecdng, \u0111\u1eb3ng c\u1ea5p\n\nT\u1ee7 l\u1ea1nh LG Inverter InstaView Door-in-Door 601 l\u00edt GR-X247JS l\u00e0 d\u00f2ng t\u1ee7 l\u1ea1nh side by side dung t\u00edch l\u1edbn, ch\u1ea5t li\u1ec7u c\u1eeda t\u1ee7 b\u1eb1ng th\u00e9p kh\u00f4ng g\u1ec9 b\u1ec1n b\u1ec9, gi\u00fap t\u0103ng th\u00eam ph\u1ea7n sang tr\u1ecdng, \u0111\u1eb3ng c\u1ea5p cho kh\u00f4ng gian b\u1ebfp nh\u00e0 b\u1ea1n.\n\nT\u1ee7 l\u1ea1nh c\u00f3 dung t\u00edch 601 l\u00edt, g\u1ed3m ng\u0103n m\u00e1t 405 l\u00edt v\u00e0 ng\u0103n \u0111\u00f4ng 196 l\u00edt. Chi\u1ebfc t\u1ee7 l\u1ea1nh n\u00e0y s\u1ebd ph\u00f9 h\u1ee3p cho nh\u1eefng gia \u0111\u00ecnh \u0111\u00f4ng th\u00e0nh vi\u00ean, c\u00f3 nhu c\u1ea7u l\u01b0u tr\u1eef nhi\u1ec1u th\u1ef1c ph\u1ea9m.\n\u0110\u1ed9c \u0111\u00e1o v\u1edbi h\u1ec7 th\u1ed1ng l\u00e0m \u0111\u00e1 t\u1ef1 \u0111\u1ed9ng, ti\u1ebft ki\u1ec7m kh\u00f4ng gian\n\nT\u1ee7 l\u1ea1nh 2 c\u1eeda n\u00e0y \u0111\u01b0\u1ee3c trang b\u1ecb h\u1ec7 th\u1ed1ng l\u00e0m \u0111\u00e1 t\u1ef1 \u0111\u1ed9ng tr\u00ean c\u00e1nh t\u1ee7, gi\u1edd \u0111\u00e2y ng\u0103n l\u00e0m \u0111\u00f4ng c\u1ee7a t\u1ee7 l\u1ea1nh LG Inverter GR-X247JS s\u1ebd \u0111\u01b0\u1ee3c t\u1ed1i \u01b0u h\u00f3a, cho b\u1ea1n nhi\u1ec1u kh\u00f4ng gian \u0111\u1ec3 b\u1ea3o qu\u1ea3n th\u1ef1c ph\u1ea9m \u0111\u00f4ng l\u1ea1nh h\u01a1n so v\u1edbi c\u00e1c d\u00f2ng t\u1ee7 l\u1ea1nh kh\u00e1c. B\u00ean c\u1ea1nh \u0111\u00f3, ch\u1ee9c n\u0103ng l\u1ea5y \u0111\u00e1 b\u00ean ngo\u00e0i c\u1ee7a t\u1ee7 l\u1ea1nh s\u1ebd gi\u00fap b\u1ea1n c\u00f3 th\u1ec3 l\u1ea5y \u0111\u00e1 m\u00e0 kh\u00f4ng ph\u1ea3i m\u1edf c\u1eeda t\u1ee7, mang \u0111\u1ebfn s\u1ef1 ti\u1ec7n l\u1ee3i cho b\u1ea1n v\u00e0 tr\u00e1nh th\u1ea5t tho\u00e1t nhi\u1ec7t b\u00ean trong t\u1ee7.\n\nH\u1ec7 th\u1ed1ng l\u1ea5y n\u01b0\u1edbc, l\u1ea5y \u0111\u00e1 b\u00ean ngo\u00e0i ti\u1ec7n l\u1ee3i, ti\u1ebft ki\u1ec7m \u0111i\u1ec7n\n\nThi\u1ebft k\u1ebf l\u1ea5y n\u01b0\u1edbc ngo\u00e0i tr\u00ean c\u1eeda t\u1ee7 l\u1ea1nh side by side v\u1edbi nhi\u1ec1u ch\u1ebf \u0111\u1ed9 l\u1ea5y n\u01b0\u1edbc v\u00e0 \u0111\u00e1 l\u1ea1nh gi\u00fap b\u1ea1n c\u00f3 th\u1ec3 t\u1eadn h\u01b0\u1edfng nh\u1eefng ly n\u01b0\u1edbc m\u00e1t l\u1ea1nh nhanh ch\u00f3ng, ti\u1ec7n l\u1ee3i.\n\nNg\u0103n c\u00e2n b\u1eb1ng \u0111\u1ed9 \u1ea9m c\u00f3 th\u1ec3 chuy\u1ec3n \u0111\u1ed5i 2 ch\u1ebf \u0111\u1ed9 t\u00f9y theo nhu c\u1ea7u s\u1eed d\u1ee5ng\n\nNg\u0103n c\u00e2n b\u1eb1ng \u0111\u1ed9 \u1ea9m l\u01b0\u1edbi m\u1eaft c\u00e1o c\u1ee7a t\u1ee7 l\u1ea1nh LG Inverter gi\u00fap gi\u1eef \u0111\u1ed9 \u1ea9m h\u1ee3p l\u00fd, t\u1ea1o m\u00f4i tr\u01b0\u1eddng l\u00fd t\u01b0\u1edfng \u0111\u1ec3 gi\u00fap rau c\u1ee7 t\u01b0\u01a1i ngon l\u00e2u h\u01a1n. V\u1edbi thi\u1ebft k\u1ebf ng\u0103n ch\u1ee9a d\u1ea1ng k\u00edn, h\u1ea5p thu h\u01a1i \u1ea9m t\u1eeb rau c\u1ee7 v\u00e0 \u0111i\u1ec1u ch\u1ec9nh \u0111\u1ed9 \u1ea9m ph\u00f9 h\u1ee3p nh\u1ea5t \u0111\u1ec3 b\u1ea3o qu\u1ea3n rau c\u1ee7.\n\nTh\u00eam v\u00e0o \u0111\u00f3 ng\u0103n ch\u1ee9a n\u00e0y c\u00f2n c\u00f3 2 ch\u1ebf \u0111\u1ed9 t\u00f9y ch\u1ec9nh cho hoa qu\u1ea3 v\u00e0 rau c\u1ee7 v\u00f4 c\u00f9ng hi\u1ec7n \u0111\u1ea1i.\n\nC\u00f4ng ngh\u1ec7 m\u00e1y n\u00e9n bi\u1ebfn t\u1ea7n tuy\u1ebfn t\u00ednh Linear Inverter ti\u1ebft ki\u1ec7m \u0111i\u1ec7n n\u0103ng hi\u1ec7u qu\u1ea3, b\u1ec1n b\u1ec9 v\u00e0 l\u00e0m l\u1ea1nh \u1ed5n \u0111\u1ecbnh\n\nTuy c\u00f3 dung t\u00edch l\u00ean \u0111\u1ebfn 601 l\u00edt, chi\u1ebfc t\u1ee7 l\u1ea1nh LG n\u00e0y v\u1eabn mang \u0111\u1ebfn kh\u1ea3 n\u0103ng ti\u1ebft ki\u1ec7m \u0111i\u1ec7n n\u0103ng v\u01b0\u1ee3t tr\u1ed9i \u0111\u1ebfn 32% v\u1edbi c\u00f4ng ngh\u1ec7 m\u00e1y n\u00e9n bi\u1ebfn t\u1ea7n tuy\u1ebfn t\u00ednh Linear Inverter.\n\nGia \u0111\u00ecnh b\u1ea1n s\u1ebd ti\u1ebft ki\u1ec7m \u0111\u01b0\u1ee3c m\u1ed9t kho\u1ea3n chi ph\u00ed \u0111i\u1ec7n \u0111\u00e1ng k\u1ec3 nh\u01b0ng ho\u00e0n to\u00e0n y\u00ean t\u00e2m v\u00ec t\u1ee7 l\u1ea1nh v\u1eabn v\u1eadn h\u00e0nh b\u1ec1n b\u1ec9 v\u1edbi th\u1eddi gian, \u0111\u1ed3ng th\u1eddi cho kh\u1ea3 n\u0103ng ki\u1ec3m so\u00e1t nhi\u1ec7t \u0111\u1ed9 t\u1ed1i \u01b0u \u0111\u1ec3 b\u1ea3o qu\u1ea3n th\u1ef1c ph\u1ea9m t\u1ed1t nh\u1ea5t.\n\nC\u00f4ng ngh\u1ec7 l\u00e0m l\u1ea1nh \u0111a chi\u1ec1u cho th\u1ef1c ph\u1ea9m t\u01b0\u01a1i ngon\nB\u1ed9 l\u1ecdc kh\u00e1ng khu\u1ea9n Hygiene Fresh+ mang \u0111\u1ebfn b\u1ea7u kh\u00f4ng kh\u00ed s\u1ea1ch khu\u1ea9n cho t\u1ee7 l\u1ea1nh\n\nM\u1ed9t trong nh\u1eefng t\u00ednh n\u0103ng c\u1ee7a t\u1ee7 l\u1ea1nh lu\u00f4n \u0111\u01b0\u1ee3c ng\u01b0\u1eddi ti\u00eau d\u00f9ng quan t\u00e2m \u0111\u1ebfn khi l\u1ef1a ch\u1ecdn \u0111\u00f3 ch\u00ednh l\u00e0 kh\u1ea3 n\u0103ng kh\u1eed m\u00f9i, kh\u00e1ng khu\u1ea9n. \u0110\u01b0\u1ee3c trang b\u1ecb b\u1ed9 l\u1ecdc kh\u00e1ng khu\u1ea9n Hygiene Fresh+ v\u1edbi 5 l\u1edbp l\u1ecdc, t\u1ee7 l\u1ea1nh Inverter n\u00e0y s\u1ebd ti\u00eau di\u1ec7t ho\u00e0n to\u00e0n m\u1ecdi vi khu\u1ea9n g\u00e2y h\u1ea1i, \u1ea3nh h\u01b0\u1edfng \u0111\u1ebfn s\u1ee9c kh\u1ecfe ng\u01b0\u1eddi s\u1eed d\u1ee5ng, \u0111\u1ed3ng th\u1eddi l\u1ecdc s\u1ea1ch m\u00f9i h\u00f4i th\u1ef1c ph\u1ea9m, tr\u1ea3 l\u1ea1i b\u1ea7u kh\u00f4ng kh\u00ed trong l\u00e0nh cho t\u1ee7 l\u1ea1nh.\n\nTi\u1ec7n l\u1ee3i v\u1edbi gi\u00e1 \u0111\u1ef1ng r\u01b0\u1ee3u chuy\u00ean bi\u1ec7t\n\nNh\u1eefng chai r\u01b0\u1ee3u c\u0169ng \u0111\u01b0\u1ee3c LG \u01b0u \u00e1i thi\u1ebft k\u1ebf cho khung ch\u1ee9a chuy\u00ean bi\u1ec7t, c\u00f3 kh\u1ea3 n\u0103ng ch\u1ee9a c\u00f9ng l\u00fac 4 chai r\u01b0\u1ee3u \u1edf nhi\u1ec7t \u0111\u1ed9 t\u1ed1t nh\u1ea5t, gi\u00fap b\u1ea1n \u0111\u01b0\u1ee3c th\u01b0\u1edfng th\u1ee9c ngay m\u1ed9t ly r\u01b0\u1ee3u m\u00e1t l\u1ea1nh m\u00e0 kh\u00f4ng ph\u1ea3i ch\u1edd \u0111\u1ee3i qu\u00e1 l\u00e2u.\n\nTi\u1ec7n d\u1ee5ng v\u1edbi ng\u0103n ch\u1ee9a ri\u00eang bi\u1ec7t cho th\u1ef1c ph\u1ea9m ngu\u1ed9i\n\n\u0110\u1ed1i v\u1edbi nh\u1eefng th\u1ef1c ph\u1ea9m \u0103n ngu\u1ed9i nh\u01b0 pho m\u00e1t, th\u1ecbt ngu\u1ed9i, t\u1ee7 l\u1ea1nh LG 601 l\u00edt GR-X247JS c\u00f3 ri\u00eang m\u1ed9t ng\u0103n ch\u1ee9a chuy\u00ean bi\u1ec7t \u0111\u1ec3 b\u1ea3o qu\u1ea3n. \u0110i\u1ec1u n\u00e0y kh\u00f4ng ch\u1ec9 gi\u00fap cho th\u1ef1c ph\u1ea9m \u0111\u01b0\u1ee3c b\u1ea3o qu\u1ea3n \u1edf nhi\u1ec7t \u0111\u1ed9 th\u00edch h\u1ee3p m\u00e0 c\u00f2n gi\u00fap ch\u00fang kh\u00f4ng b\u1ecb l\u1eabn m\u00f9i v\u1edbi th\u1ef1c ph\u1ea9m t\u01b0\u01a1i s\u1ed1ng, ch\u1ed1ng nhi\u1ec5m khu\u1ea9n, b\u1ea3o v\u1ec7 s\u1ee9c kh\u1ecfe gia \u0111\u00ecnh b\u1ea1n v\u00e0 gi\u1eef nguy\u00ean \u0111\u01b0\u1ee3c \u0111\u1ed9 th\u01a1m ngon khi th\u01b0\u1edfng th\u1ee9c.\n\nD\u1ec5 d\u00e0ng ki\u1ec3m so\u00e1t t\u1ee7 l\u1ea1nh khi \u1edf xa\n\nV\u1edbi LG Smart ThinQ TM, ch\u1ec9 c\u1ea7n m\u1ed9t chi\u1ebfc SmartPhone, b\u1ea1n \u0111\u00e3 c\u00f3 th\u1ec3 ki\u1ec3m so\u00e1t \u0111\u01b0\u1ee3c nhi\u1ec7t \u0111\u1ed9 t\u1ee7 l\u1ea1nh ho\u1eb7c k\u00edch ho\u1ea1t l\u00e0m l\u1ea1nh nhanh, \u0111\u1ed3ng th\u1eddi c\u00f3 th\u1ec3 ch\u1ea9n \u0111o\u00e1n \u0111\u01b0\u1ee3c t\u00ecnh tr\u1ea1ng c\u1ee7a t\u1ee7 l\u1ea1nh ngay c\u1ea3 khi b\u1ea1n v\u1eafng nh\u00e0 v\u00f4 c\u00f9ng ti\u1ec7n l\u1ee3i.\n", "is_mart": false, "show_shopee_verified_label": false, "size_chart": null, "reference_item_id": "", "brand": "LG", "item_rating": {"rating_star": 0, "rating_count": [0, 0, 0, 0, 0, 0]}, "label_ids": [1003958, 1003985, 1000753, 1001051, 1001075, 1001078, 1001087, 1001089, 1000959, 1000969, 1000975, 1000987, 1000988, 1001002, 1001012, 1001013, 1001018, 1001033, 1001037, 1001038, 1001040, 1000260, 1000258, 1000262, 1000259, 1000256, 1000255, 1000263, 1000254, 1000257, 1000266, 1000267, 1000270, 1000268, 1000269, 1000274, 1000273, 1000272, 1000271, 1000275, 1000278, 1000276, 1000277, 1000535, 1000627, 1000637, 1000651, 1000660, 1000672, 1000685, 1000697, 1000710, 1000746, 1000749, 1000775, 1000790, 1000797, 1000805, 1000279, 1000339, 1000347, 1000333, 1000359, 1000378, 1000379, 1000445, 1000451, 1000458, 1000462, 1000867, 1000477, 1000874, 1000938, 1000946, 1000146, 1000151, 1000153, 1000161, 1000164, 1000265, 1000264, 1001352, 1000643, 1000655, 1000743, 1000956, 1000957, 1001388, 1001399, 1001043, 1001409, 1001418, 1001597, 1001693, 1001711, 1001748, 1001791, 1001857, 1001948, 1000752, 1001961, 1002105, 1002182, 1002229, 1002296, 1002343, 1002409, 1002410, 1002587, 1002646, 1002756, 1002763, 1002762, 1002785, 1002790, 1002792, 1002835, 1002847, 1003110, 1003133, 1003238, 1003258, 1003259, 1003274, 1003323, 1003344, 1003362, 1003441, 1003463, 1003464, 1003467, 1003532, 1003697, 1003707, 1003751, 1003769, 1000121, 1003819, 1003867, 1000300, 1003886, 1004067, 1004068, 1004078, 1004111, 1004113, 1004168, 1004171, 1004212, 1004213, 1004265, 1004293, 1004590, 1004670, 1004672, 1004764, 1004774, 1004879, 1004894, 1004897, 1004921, 1004927, 1004963, 1005026, 1005061, 1005120, 1005490, 1006117, 1006199, 1006306, 1006435, 1006483, 1006624, 1006625, 1006642, 1006669, 1006805, 1007155, 1007190, 1007328, 1007394, 1007516, 1007546, 1007627, 1007765, 1007768, 1007773, 1006856, 1008283, 1008290, 1008313, 1008515, 1008529, 1008755, 1008793, 1008875, 1009058, 1009063, 1009190, 1009202, 1009427, 1009489, 1009525, 1009774, 1009763, 1010033, 1010111, 1010210, 1010310, 1010350, 1010449, 1010516, 1010518, 1010668, 1010765, 1010797, 1011081, 1011155, 1011229, 1011361, 1011654, 1011776, 1011937, 1012134, 1012191, 1006641, 1006660], "attributes": [{"name": "H\u1ea1n b\u1ea3o h\u00e0nh", "value": "24 th\u00e1ng", "id": 100121, "is_timestamp": false, "brand_option": null, "val_id": null}, {"name": "Lo\u1ea1i b\u1ea3o h\u00e0nh", "value": "B\u1ea3o h\u00e0nh nh\u00e0 s\u1ea3n xu\u1ea5t", "id": 100370, "is_timestamp": false, "brand_option": null, "val_id": null}, {"name": "Lo\u1ea1i t\u1ee7 l\u1ea1nh", "value": "Side-by-side", "id": 100326, "is_timestamp": false, "brand_option": null, "val_id": null}], "liked": false, "liked_count": 118, "cmt_count": 0, "flag": 524288, "shopee_verified": false, "is_adult": false, "is_preferred_plus_seller": false, "tier_variations": [{"name": "", "options": [""], "images": null, "properties": null, "type": 0}], "bundle_deal_id": 0, "can_use_bundle_deal": false, "add_on_deal_info": null, "bundle_deal_info": null, "can_use_wholesale": false, "wholesale_tier_list": [], "is_group_buy_item": null, "group_buy_info": null, "welcome_package_type": 0, "welcome_package_info": null, "tax_code": null, "invoice_option": null, "complaint_policy": null, "images": ["d087cd5a1159eeb97c8272bd53862730", "9a7c75111ed84ebf8c873ace4bf52515", "a7a014ae7d49bdb4d1b681362d94f48a", "e195801f4480c037fb877bebe50a3206", "824ee28c9485b3d829b0839f8005d688", "ea8c7f7e0144d79ec1383f4b2b240853", "9db0bf187c112f4f32ca0b44b4516268"], "image": "d087cd5a1159eeb97c8272bd53862730", "video_info_list": null, "item_type": 0, "is_official_shop": true, "show_official_shop_label_in_title": true, "shop_location": "H\u00e0 N\u1ed9i", "coin_earn_label": null, "cb_option": 0, "is_pre_order": false, "estimated_days": 2, "badge_icon_type": 0, "show_free_shipping": false, "shipping_icon_type": 0, "cod_flag": 0, "is_service_by_shopee": false, "show_original_guarantee": false, "categories": [{"catid": 100010, "display_name": "Thi\u1ebft B\u1ecb \u0110i\u1ec7n Gia D\u1ee5ng", "no_sub": false, "is_default_subcat": false}, {"catid": 100041, "display_name": "\u0110\u1ed3 gia d\u1ee5ng nh\u00e0 b\u1ebfp", "no_sub": false, "is_default_subcat": false}, {"catid": 100209, "display_name": "T\u1ee7 l\u1ea1nh", "no_sub": true, "is_default_subcat": false}], "other_stock": 0, "item_has_post": false, "discount_stock": 50, "current_promotion_has_reserve_stock": false, "current_promotion_reserved_stock": 0, "normal_stock": 50, "brand_id": 1695281, "is_alcohol_product": false, "show_recycling_info": false, "coin_info": {"spend_cash_unit": 100000, "coin_earn_items": [{"coin_earn": 0}]}, "models": [{"itemid": 11312210707, "status": 1, "current_promotion_reserved_stock": 0, "name": "", "promotionid": 1292314360, "price": 4032000000000, "price_stocks": [{"allocated_stock": 0, "stock_breakdown_by_location": null}, {"allocated_stock": null, "stock_breakdown_by_location": null}], "current_promotion_has_reserve_stock": false, "normal_stock": 50, "extinfo": {"tier_index": [0], "group_buy_info": null, "is_pre_order": false, "estimated_days": 2}, "price_before_discount": 5290000000000, "modelid": 75998014818, "stock": 50, "has_gimmick_tag": false}], "spl_info": {"installment_info": null, "user_credit_info": null, "channel_id": null, "show_spl": false, "show_spl_lite": false}, "preview_info": null, "fe_categories": [{"catid": 11036971, "display_name": "Home Appliances", "no_sub": false, "is_default_subcat": false}, {"catid": 11036990, "display_name": "Large Appliance", "no_sub": false, "is_default_subcat": false}, {"catid": 11036993, "display_name": "Refrigerators", "no_sub": true, "is_default_subcat": false}], "presale_info": null, "is_cc_installment_payment_eligible": true, "is_non_cc_installment_payment_eligible": false, "flash_sale": null, "upcoming_flash_sale": null, "deep_discount": null, "has_low_fulfillment_rate": false, "is_partial_fulfilled": false, "makeups": null, "shop_vouchers": null, "global_sold": null, "is_infant_milk_formula_product": false, "should_show_amp_tag": false}