{"itemid": 3589889305, "shopid": 106016295, "userid": 0, "price_max_before_discount": 999000000000, "has_lowest_price_guarantee": false, "price_before_discount": 999000000000, "price_min_before_discount": 999000000000, "exclusive_price_info": null, "hidden_price_display": null, "price_min": 764000000000, "price_max": 764000000000, "price": 764000000000, "stock": 3, "discount": "24%", "historical_sold": 3, "sold": 0, "show_discount": 24, "raw_discount": 24, "min_purchase_limit": 0, "overall_purchase_limit": {"order_max_purchase_limit": 0, "overall_purchase_limit": null, "item_overall_quota": null, "start_date": null, "end_date": null}, "pack_size": null, "is_live_streaming_price": null, "name": "M\u00e1y l\u1ecdc n\u01b0\u1edbc t\u00edch h\u1ee3p n\u00f3ng l\u1ea1nh KAROFI KAD - D52 - 3 ch\u1ebf \u0111\u1ed9 n\u01b0\u1edbc n\u00f3ng l\u1ea1nh ngu\u1ed9i", "ctime": 1621909713, "item_status": "normal", "status": 1, "condition": 1, "catid": 100010, "description": "\nTh\u00f4ng s\u1ed1 k\u1ef9 thu\u1eadt:\nM\u00c1Y L\u1eccC N\u01af\u1edaC N\u00d3NG L\u1ea0NH KAROFI KAD-D52\n\u0110i\u00ea\u0323n a\u0301p: 220V/50Hz\nC\u00f4ng su\u00e2\u0301t la\u0300m no\u0301ng: 430 W\nC\u00f4ng su\u00e2\u0301t la\u0300m la\u0323nh: 65 W\nDung t\u00edch b\u00ecnh n\u00f3ng: 1 l\u00edt\nDung t\u00edch b\u00ecnh l\u1ea1nh: 0,8 l\u00edt\nM\u00e0ng l\u1ecdc: RO M\u1ef9 100 GPD thay nhanh\nC\u00f4ng su\u1ea5t l\u1ecdc: 20 L/h\nB\u00ecnh \u00e1p: 4.5 L\u00edt\nVan \u0111i\u1ec7n t\u1eeb: C\u00f3\nH\u1ec7 th\u1ed1ng l\u1ecdc: 10 l\u00f5i\nC\u00e1c l\u00f5i ch\u1ee9c n\u0103ng: C\u1ee5m Smax hi\u1ec7u qu\u1ea3 caoKho\u00e1ng \u0111\u00e1 - T33 GAC - H\u1ed3ng Ngo\u1ea1i Xa - Toumaline - Hydrogen - Nano b\u1ea1c\nKi\u0301ch th\u01b0\u01a1\u0301c: 290 x 340 x 900\nKh\u1ed1i l\u01b0\u1ee3ng: 24,5 Kg\nHi\u1ec3n th\u1ecb \u0111\u1ed9 s\u1ea1ch c\u1ee7a n\u01b0\u1edbc: C\u00f3 ( App Karofi 360 )\nT\u1ef1 \u0111\u1ed9ng b\u00e1o thay l\u00f5i: C\u00f3 ( App Karofi 360 )\nC\u1ea3nh b\u00e1o n\u01b0\u1edbc c\u1ea5p y\u1ebfu: C\u00f3 ( App Karofi 360 )\nT\u00ednh n\u0103ng kh\u00e1c: AIoTec \u0110\u00e8n c\u1ea3nh b\u00e1o ch\u1ebf \u0111\u1ed9 ho\u1ea1t \u0111\u1ed9ng N\u00f3ng - L\u1ea1nh\nB\u1ea3o h\u00e0nh: 36 th\u00e1ng\nXu\u1ea5t x\u1ee9: Vi\u1ec7t Nam\nD52 - M\u00c1Y L\u1eccC N\u01af\u1edaC N\u00d3NG L\u1ea0NH TH\u00d4NG MINH SI\u00caU NH\u1ece G\u1eccN\n\nKarofi KAD \u2013 D52 l\u00e0 chi\u1ebfc m\u00e1y l\u1ecdc n\u01b0\u1edbc n\u00f3ng l\u1ea1nh SI\u00caU NH\u1ece G\u1eccN, \u0111\u01b0\u1ee3c \u1ee9ng d\u1ee5ng c\u00f4ng ngh\u1ec7 AioTec gi\u00fap gi\u00e1m s\u00e1t \u0111\u1ed9 s\u1ea1ch c\u1ee7a n\u01b0\u1edbc t\u1eeb xa.  \nKarofi KAD D52 l\u00e0 s\u1ea3n ph\u1ea9m h\u00e0ng \u0111\u1ea7u t\u1ea1i Vi\u1ec7t Nam \u0111\u01b0\u1ee3c \u1ee9ng d\u1ee5ng c\u00f4ng ngh\u1ec7 AioTec gi\u00fap gi\u00e1m s\u00e1t \u0111\u1ed9 s\u1ea1ch v\u00e0 c\u00e1c v\u1ea5n \u0111\u1ec1 m\u00e1y nh\u01b0:\nQu\u1ea3n l\u00fd t\u00ecnh tr\u1ea1ng c\u1ee7a m\u00e1y\nX\u00e1c th\u1ef1c h\u00e0ng ch\u00ednh h\u00e3ng\nG\u1eedi y\u00eau c\u1ea7u b\u1ea3o h\u00e0nh nhanh ch\u00f3ng\nB\u1ea3o tr\u00ec b\u1ea3o d\u01b0\u1ee1ng \u0111\u00fang h\u1ea1n\nT\u00edch h\u1ee3p 3 n\u00fat c\u1ea3nh b\u00e1o tr\u00ean m\u00e1y l\u1ecdc\nHi\u1ec3n th\u1ecb \u0111\u1ed9 s\u1ea1ch c\u1ee7a n\u01b0\u1edbc\nH\u1ec7 th\u1ed1ng 10 l\u00f5i l\u1ecdc m\u1ea1nh m\u1ebd ho\u00e0n to\u00e0n m\u1edbi\nB\u1ed9 l\u00f5i l\u1ecdc ch\u1ee9c n\u0103ng SMAX hi\u1ec7u su\u1ea5t cao, s\u1eed d\u1ee5ng c\u00f4ng ngh\u1ec7 \u0111\u00fac nguy\u00ean kh\u1ed1i.\nT\u0103ng l\u01b0u l\u01b0\u1ee3ng n\u01b0\u1edbc \u0111\u1ea7u ra.\nT\u1ed1i \u01b0u h\u00f3a c\u00e1c c\u00fat n\u1ed1i, gi\u1ea3m thi\u1ec3u v\u1ea5n \u0111\u1ec1 r\u00f2 r\u1ec9 v\u00e0 t\u00e1i nhi\u1ec5m khu\u1ea9n cho n\u01b0\u1edbc.\nTi\u1ebft ki\u1ec7m chi ph\u00ed v\u00e0 th\u1eddi gian thay l\u00f5i ch\u1ee9c n\u0103ng.\nD\u1ec5 d\u00e0ng thay th\u1ebf t\u1ea1i nh\u00e0, t\u00e1i t\u1ea1o n\u01b0\u1edbc tinh khi\u1ebft v\u1edbi l\u01b0\u1ee3ng kho\u00e1ng ch\u1ea5t cao nh\u1ea5t.\nNh\u1edd c\u00f4ng ngh\u1ec7 b\u1ea3o v\u1ec7 nhi\u1ec7t \u0111a l\u1edbp, Karofi KAD \u2013 D52 gi\u00fap ti\u1ebft ki\u1ec7m \u0111i\u1ec7n n\u0103ng l\u00ean t\u1edbi 30% so v\u1edbi c\u00e1c d\u00f2ng m\u00e1y kh\u00e1c.\nThi\u1ebft k\u1ebf nh\u1ecf g\u1ecdn tinh th\u1ebf, ti\u1ebft ki\u1ec7m \u0111i\u1ec7n n\u0103ng c\u1ee7a m\u00e1y l\u1ecdc n\u01b0\u1edbc karofi kad-d52\nKarofi KAD \u2013 D52 \u0111\u01b0\u1ee3c trang b\u1ecb 2 v\u00f2i n\u01b0\u1edbc v\u1edbi 3 ch\u1ebf \u0111\u1ed9 n\u01b0\u1edbc n\u00f3ng \u2013 l\u1ea1nh \u2013 ngu\u1ed9i v\u00f4 c\u00f9ng ti\u1ec7n l\u1ee3i. Ng\u01b0\u1eddi s\u1eed d\u1ee5ng c\u00f3 th\u1ec3 l\u1ea5y n\u01b0\u1edbc d\u1ec5 d\u00e0ng, li\u00ean t\u1ee5c v\u1edbi thao t\u00e1c v\u1eb7n n\u00fat \u0111\u01a1n gi\u1ea3n.\n\nN\u00d3NG \u2013 L\u1ea0NH c\u1ee7a m\u00e1y l\u1ecdc n\u01b0\u1edbc n\u00f3ng l\u1ea1nh karofi kad-d52\n\u0110\u1ea5p \u1ee9ng m\u1ecdi nhu c\u1ea7u v\u1ec1 n\u01b0\u1edbc nh\u1edd h\u1ec7 th\u1ed1ng l\u1ecdc v\u00e0 cho ra n\u01b0\u1edbc tinh khi\u1ebft \u1edf 3 ch\u1ebf \u0111\u1ed9 n\u00f3ng, l\u1ea1nh, ngu\u1ed9i. S\u1eed d\u1ee5ng n\u01b0\u1edbc d\u1ec5 d\u00e0ng v\u1edbi thao t\u00e1c l\u1ea5y n\u01b0\u1edbc \u0111\u01a1n gi\u00e0ng. Nhi\u1ec7t \u0111\u1ed9 n\u00f3ng l\u00ean \u0111\u1ebfn 95 \u0111\u1ed9 v\u00e0 l\u00e0m m\u00e1t l\u1ea1nh 12 \u0111\u1ed9\n\n\n\n\nS\u1ea3n ph\u1ea9m \u0111\u01b0\u1ee3c mi\u1ec5n ph\u00ed l\u1eafp \u0111\u1eb7t to\u00e0n qu\u1ed1c", "is_mart": false, "show_shopee_verified_label": false, "size_chart": null, "reference_item_id": "", "brand": "KAROFI", "item_rating": {"rating_star": 5, "rating_count": [1, 0, 0, 0, 0, 1]}, "label_ids": [1003958, 1003985, 1000753, 1001051, 1001075, 1001078, 1001087, 1001089, 1000959, 1000969, 1000975, 1000987, 1000988, 1001002, 1001012, 1001013, 1001018, 1001033, 1001037, 1001038, 1001040, 1000260, 1000258, 1000262, 1000259, 1000256, 1000255, 1000263, 1000254, 1000257, 1000266, 1000267, 1000270, 1000268, 1000269, 1000274, 1000273, 1000272, 1000271, 1000275, 1000278, 1000276, 1000277, 1000535, 1000627, 1000637, 1000651, 1000660, 1000672, 1000685, 1000697, 1000710, 1000746, 1000749, 1000775, 1000790, 1000797, 1000805, 1000279, 1000339, 1000347, 1000333, 1000359, 1000378, 1000379, 1000445, 1000451, 1000458, 1000462, 1000867, 1000477, 1000874, 1000938, 1000946, 1000146, 1000151, 1000153, 1000161, 1000164, 1000265, 1000264, 1001352, 1000643, 1000655, 1000743, 1000956, 1000957, 1001388, 1001399, 1001043, 1001409, 1001418, 1001597, 1001693, 1001711, 1001748, 1001791, 1001857, 1001948, 1000752, 1001961, 1002105, 1002182, 1002229, 1002296, 1002343, 1002409, 1002410, 1002587, 1002646, 1002756, 1002763, 1002762, 1002785, 1002790, 1002792, 1002835, 1002847, 1003110, 1003133, 1003238, 1003258, 1003259, 1003274, 1003323, 1003344, 1003362, 1003441, 1003463, 1003464, 1003467, 1003532, 1003697, 1003707, 1003751, 1003769, 1000121, 1003819, 1003867, 1000300, 1003886, 1004067, 1004068, 1004078, 1004111, 1004113, 1004168, 1004171, 1004212, 1004213, 1004265, 1004293, 1004590, 1004670, 1004672, 1004764, 1004774, 1004879, 1004894, 1004897, 1004921, 1004927, 1004963, 1005026, 1005061, 1005120, 1005490, 1006117, 1006199, 1006306, 1006435, 1006483, 1006624, 1006625, 1006642, 1006669, 1006805, 1007155, 1007190, 1007328, 1007394, 1007516, 1007546, 1007627, 1007765, 1007768, 1007773, 1006856, 1008283, 1008290, 1008313, 1008515, 1008529, 1008755, 1008793, 1008875, 1009058, 1009063, 1009190, 1009202, 1009427, 1009489, 1009525, 1009774, 1009763, 1010033, 1010111, 1010210, 1010310, 1010350, 1010449, 1010516, 1010518, 1010668, 1010765, 1010797, 1011081, 1011155, 1011229, 1011361, 1011654, 1011776, 1011937, 1012134, 1012191, 1006641, 1004367, 1006660, 1006825, 1008542, 1011193, 1011378], "attributes": null, "liked": false, "liked_count": 6, "cmt_count": 1, "flag": 524288, "shopee_verified": false, "is_adult": false, "is_preferred_plus_seller": false, "tier_variations": [{"name": "", "options": [""], "images": null, "properties": null, "type": 0}], "bundle_deal_id": 0, "can_use_bundle_deal": false, "add_on_deal_info": null, "bundle_deal_info": null, "can_use_wholesale": false, "wholesale_tier_list": [], "is_group_buy_item": null, "group_buy_info": null, "welcome_package_type": 0, "welcome_package_info": null, "tax_code": null, "invoice_option": null, "complaint_policy": null, "images": ["590214b4aea09734657f92842f8f7740", "976c60f3be0fa5daed4a7d112b223f0a", "066fabea8f1601c164947341c2cc1480", "a607ef3715e2fc1f965717d7aebf7483", "1194dfa5a76df496dda33e8587d55351", "4ac8ccc64657b1afa0b1833172178903", "6fbbdf3b8886475ce26b91d9394cbf03", "e44848a48799cce2af1b27cc695dea81", "6b688082b703c421c7b185267b3367fb"], "image": "590214b4aea09734657f92842f8f7740", "video_info_list": null, "item_type": 0, "is_official_shop": true, "show_official_shop_label_in_title": true, "shop_location": "H\u00e0 N\u1ed9i", "coin_earn_label": null, "cb_option": 0, "is_pre_order": false, "estimated_days": 2, "badge_icon_type": 0, "show_free_shipping": false, "shipping_icon_type": 0, "cod_flag": 0, "is_service_by_shopee": false, "show_original_guarantee": false, "categories": [{"catid": 100010, "display_name": "Thi\u1ebft B\u1ecb \u0110i\u1ec7n Gia D\u1ee5ng", "no_sub": false, "is_default_subcat": false}, {"catid": 100041, "display_name": "\u0110\u1ed3 gia d\u1ee5ng nh\u00e0 b\u1ebfp", "no_sub": false, "is_default_subcat": false}, {"catid": 100190, "display_name": "M\u00e1y l\u1ecdc n\u01b0\u1edbc", "no_sub": true, "is_default_subcat": false}], "other_stock": 0, "item_has_post": false, "discount_stock": 3, "current_promotion_has_reserve_stock": false, "current_promotion_reserved_stock": 0, "normal_stock": 3, "brand_id": 1065395, "is_alcohol_product": false, "show_recycling_info": false, "coin_info": {"spend_cash_unit": 100000, "coin_earn_items": [{"coin_earn": 0}]}, "models": [{"itemid": 3589889305, "status": 1, "current_promotion_reserved_stock": 0, "name": "", "promotionid": 1293074422, "price": 764000000000, "price_stocks": [{"allocated_stock": 0, "stock_breakdown_by_location": null}, {"allocated_stock": null, "stock_breakdown_by_location": null}], "current_promotion_has_reserve_stock": false, "normal_stock": 3, "extinfo": {"tier_index": [0], "group_buy_info": null, "is_pre_order": false, "estimated_days": 2}, "price_before_discount": 999000000000, "modelid": 100343885747, "stock": 3, "has_gimmick_tag": false}], "spl_info": {"installment_info": null, "user_credit_info": null, "channel_id": null, "show_spl": false, "show_spl_lite": false}, "preview_info": null, "fe_categories": [{"catid": 11036971, "display_name": "Home Appliances", "no_sub": false, "is_default_subcat": false}, {"catid": 11036990, "display_name": "Large Appliance", "no_sub": false, "is_default_subcat": false}, {"catid": 11036995, "display_name": "Water Filters", "no_sub": true, "is_default_subcat": false}], "presale_info": null, "is_cc_installment_payment_eligible": true, "is_non_cc_installment_payment_eligible": false, "flash_sale": null, "upcoming_flash_sale": null, "deep_discount": null, "has_low_fulfillment_rate": false, "is_partial_fulfilled": false, "makeups": null, "shop_vouchers": null, "global_sold": null, "is_infant_milk_formula_product": false, "should_show_amp_tag": false}