{"itemid": 15016313486, "shopid": 106016295, "userid": 0, "price_max_before_discount": 529000000000, "has_lowest_price_guarantee": false, "price_before_discount": 529000000000, "price_min_before_discount": 529000000000, "exclusive_price_info": null, "hidden_price_display": null, "price_min": 459000000000, "price_max": 459000000000, "price": 459000000000, "stock": 100, "discount": "13%", "historical_sold": 0, "sold": 0, "show_discount": 13, "raw_discount": 13, "min_purchase_limit": 0, "overall_purchase_limit": {"order_max_purchase_limit": 0, "overall_purchase_limit": null, "item_overall_quota": null, "start_date": null, "end_date": null}, "pack_size": null, "is_live_streaming_price": null, "name": "N\u1ed3i chi\u00ean h\u01a1i n\u01b0\u1edbc Kalite Steam X ch\u00ednh h\u00e3ng", "ctime": 1639198214, "item_status": "normal", "status": 1, "condition": 1, "catid": 100010, "description": "TH\u00d4NG S\u1ed0 K\u1ef8 THU\u1eacT N\u1ed2I CHI\u00caN H\u01a0I N\u01af\u1edaC KALITE STEAM X\nT\u00ean s\u1ea3n ph\u1ea9m: N\u1ed3i chi\u00ean kh\u00f4ng d\u1ea7u h\u01a1i n\u01b0\u1edbc\nModel: Kalite Steam X\n\u0110i\u1ec7n \u00e1p: 220-240V\nT\u1ea7n s\u1ed1: 50/60 Hz\nC\u00f4ng su\u1ea5t: 1700W\nDung t\u00edch: 15L\nDung t\u00edch b\u00ecnh ch\u1ee9a n\u01b0\u1edbc: 500ml\nK\u00edch th\u01b0\u1edbc sp: (351\u00d7402.8\u00d7387.5)mm\nKh\u1ed1i l\u01b0\u1ee3ng t\u1ecbnh: 7.8KG\n------------------\n*** \u0110\u1eb6C \u0110I\u1ec2M N\u1ed2I B\u1eacT:\n1/ S\u1ef1 k\u1ebft h\u1ee3p c\u00f4ng ngh\u1ec7 ho\u00e0n h\u1ea3o cho nh\u1eefng m\u00f3n \u0103n ngon mi\u1ec7ng, dinh d\u01b0\u1ee1ng.\n- Kalite Steam X l\u00e0 s\u1ea3n ph\u1ea9m \u0111\u1ea7u ti\u00ean tr\u00ean th\u1ecb tr\u01b0\u1eddng c\u00f3 s\u1ef1 k\u1ebft h\u1ee3p c\u00f4ng ngh\u1ec7 2 trong 1: Chi\u00ean kh\u00f4ng d\u1ea7u Rapid Air k\u1ebft h\u1ee3p c\u00f9ng C\u00f4ng ngh\u1ec7 h\u01a1i n\u01b0\u1edbc si\u00eau nhi\u1ec7t Steam Active.\n- Nh\u1edd s\u1ef1 k\u1ebft h\u1ee3p \u0111\u1ed9c \u0111\u00e1o v\u00e0 t\u01b0\u1edfng nh\u01b0 kh\u00f4ng th\u1ec3 n\u00e0y, Kalite Steam X v\u1eeba c\u00f3 kh\u1ea3 n\u0103ng chi\u00ean, n\u01b0\u1edbng \u0111\u1ec9nh cao, v\u1eeba c\u00f3 th\u1ec3 h\u1ea5p \u0111\u1ed3 \u0103n m\u1ec1m m\u1ecdng v\u00e0 gi\u1eef tr\u1ecdn v\u1eb9n dinh d\u01b0\u1ee1ng trong th\u1ef1c ph\u1ea9m.\n- N\u1ed3i c\u00f3 c\u00f4ng su\u1ea5t l\u00ean t\u1edbi 1700W, gi\u00fap ng\u01b0\u1eddi d\u00f9ng ti\u1ebft ki\u1ec7m r\u1ea5t nhi\u1ec1u th\u1eddi gian n\u1ea5u n\u01b0\u1edbng khi s\u1edf h\u1eefu kh\u1ea3 n\u0103ng l\u00e0m ch\u00edn \u0111\u1ed3 \u0103n r\u1ea5t nhanh. Th\u00e0nh ph\u1ea9m m\u00f3n h\u1ea5p ch\u00edn \u0111\u1ec1u, m\u1ecdng n\u01b0\u1edbc c\u00f2n m\u00f3n chi\u00ean v\u00e0ng gi\u00f2n b\u00ean ngo\u00e0i, m\u1ec1m \u1ea9m b\u00ean trong.\n\n2/ 9 ch\u1ebf \u0111\u1ed9 l\u1eadp tr\u00ecnh s\u1eb5n, 4 ch\u1ebf \u0111\u1ed9 \u0111i\u1ec1u ch\u1ec9nh b\u1eb1ng tay gi\u00fap b\u1ea1n d\u1ec5 d\u00e0ng n\u1ea5u v\u1ea1n m\u00f3n ngon\n- N\u1ed3i chi\u00ean h\u01a1i n\u01b0\u1edbc Kalite Steam X \u0111\u01b0\u1ee3c l\u1eadp tr\u00ecnh s\u1eb5n t\u1edbi 9 ch\u1ebf \u0111\u1ed9 n\u1ea5u \u0103n cho c\u00e1c m\u00f3n chuy\u00ean bi\u1ec7t bao g\u1ed3m: khoai t\u00e2y, ng\u00f4, g\u00e0, steak, pizza, t\u00f4m, c\u00e1, b\u00e1nh v\u00e0 s\u01b0\u1eddn. \n- B\u00ean c\u1ea1nh 9 ch\u1ebf \u0111\u1ed9 l\u1eadp tr\u00ecnh s\u1eb5n, Kalite Steam X c\u00f2n linh ho\u1ea1t khi c\u00f3 4 ch\u1ebf \u0111\u1ed9 \u0111i\u1ec1u ch\u1ec9nh b\u1eb1ng tay bao g\u1ed3m: h\u1ea5p, phun s\u01b0\u01a1ng, chi\u00ean kh\u00f4ng d\u1ea7u v\u00e0 chi\u00ean kh\u00f4ng d\u1ea7u k\u1ebft h\u1ee3p h\u1ea5p.\n  Nh\u1edd s\u1ef1 \u0111a d\u1ea1ng v\u00e0 linh ho\u1ea1t n\u00e0y, b\u1ea5t c\u1ee9 ai c\u0169ng c\u00f3 th\u1ec3 d\u1ec5 d\u00e0ng n\u1ea5u nh\u1eefng m\u00f3n \u0103n ngon mi\u1ec7ng v\u1edbi n\u1ed3i chi\u00ean h\u01a1i n\u01b0\u1edbc Kalite Steam X.\n \n3/ Thi\u1ebft k\u1ebf sang tr\u1ecdng, n\u00e2ng t\u1ea7m kh\u00f4ng gian b\u1ebfp.\nThi\u1ebft k\u1ebf ph\u1ea7n v\u1ecf nh\u1ef1a k\u1ebft h\u1ee3p v\u1edbi m\u00e0u s\u01a1n \u0111en nh\u00e1m, b\u1ea5t c\u1ee9 ai c\u0169ng ph\u1ea3i ng\u1ea1c nhi\u00ean khi chi\u00eam ng\u01b0\u1ee1ng Kalite Steam X b\u1edfi ngo\u1ea1i h\u00ecnh c\u1ef1c k\u00ec sang tr\u1ecdng v\u00e0 cao c\u1ea5p. Th\u00e2n n\u1ed3i vu\u00f4ng v\u1ee9c mang t\u1edbi v\u1ebb \u0111\u1eb9p hi\u1ec7n \u0111\u1ea1i cho m\u1ecdi kh\u00f4ng gian, m\u00e0u s\u1eafc \u0111en nh\u00e1m c\u0169ng kh\u00f4ng k\u00e9n n\u1ec1n n\u00ean d\u1ec5 d\u00e0ng ph\u00f9 h\u1ee3p v\u1edbi m\u1ecdi gian b\u1ebfp. \n\n4/ V\u1eadt li\u1ec7u cao c\u1ea5p, an to\u00e0n cho s\u1ee9c kho\u1ebb\nV\u1edbi ph\u1ea7n v\u1ecf t\u1eeb nh\u1ef1a nguy\u00ean sinh cao c\u1ea5p c\u00e1ch \u0111i\u1ec7n v\u00e0 c\u00e1ch nhi\u1ec7t ho\u00e0n h\u1ea3o, b\u1ea1n ho\u00e0n to\u00e0n kh\u00f4ng lo l\u1eafng khi s\u1eed d\u1ee5ng n\u1ed3i Steam X \u0111\u1ec3 ch\u1ebf bi\u1ebfn \u0111\u1ed3 \u0103n cho gia \u0111\u00ecnh. To\u00e0n b\u1ed9 khoang n\u1ed3i \u0111\u1ec1u \u0111\u01b0\u1ee3c l\u00e0m t\u1eeb inox 304 \u2013 ch\u1ea5t li\u1ec7u inox cao c\u1ea5p \u0111\u00e3 \u0111\u01b0\u1ee3c ch\u1ee9ng nh\u1eadn an to\u00e0n v\u00e0 \u1ee9ng d\u1ee5ng r\u1ed9ng r\u00e3i trong y t\u1ebf. Ri\u00eang ph\u1ea7n khay n\u01b0\u1edbng c\u0169ng \u0111\u01b0\u1ee3c ph\u1ee7 ch\u1ed1ng d\u00ednh cao c\u1ea5p, kh\u00f4ng ph\u00e1t sinh ch\u1ea5t g\u00e2y h\u1ea1i trong m\u00f4i tr\u01b0\u1eddng nhi\u1ec7t \u0111\u1ed9 cao, th\u00e2n thi\u1ec7n v\u1edbi s\u1ee9c kho\u1ebb ng\u01b0\u1eddi d\u00f9ng.\n\n5/ K\u00edch th\u01b0\u1edbc nh\u1ecf g\u1ecdn.\nN\u1ed3i Kalite Steam X c\u00f3 k\u00edch th\u01b0\u1edbc 340x320x330mm (DxRxC), \u0111i c\u00f9ng v\u1edbi thi\u1ebft k\u1ebf vu\u00f4ng v\u1ee9c th\u00ec \u0111\u00e2y \u0111\u01b0\u1ee3c \u0111\u00e1nh gi\u00e1 l\u00e0 k\u00edch th\u01b0\u1edbc t\u01b0\u01a1ng \u0111\u1ed1i nh\u1ecf g\u1ecdn, kh\u00f4ng chi\u1ebfm nhi\u1ec1u kh\u00f4ng gian,, d\u1ec5 d\u00e0ng di chuy\u1ec3n khi lau d\u1ecdn n\u00ean r\u1ea5t ti\u1ec7n l\u1ee3i cho ng\u01b0\u1eddi d\u00f9ng.\n\n 6/ Dung t\u00edch l\u1edbn t\u1edbi 15L, tho\u1ea3i m\u00e1i cho nhu c\u1ea7u n\u1ea5u n\u01b0\u1edbng gia \u0111\u00ecnh.\nTuy k\u00edch th\u01b0\u1edbc nh\u1ecf g\u1ecdn nh\u01b0ng dung t\u00edch n\u1ed3i l\u1ea1i l\u1edbn t\u1edbi 15L. V\u1edbi dung t\u00edch n\u00e0y, b\u1ea1n c\u00f3 th\u1ec3 ch\u1ebf bi\u1ebfn g\u00e0 nguy\u00ean con v\u00e0 n\u1ea5u th\u1ef1c ph\u1ea9m v\u1edbi s\u1ed1 l\u01b0\u1ee3ng l\u1edbn, c\u1ef1c k\u00ec tho\u1ea3i m\u00e1i cho nhu c\u1ea7u n\u1ea5u n\u01b0\u1edbng gia \u0111\u00ecnh.", "is_mart": false, "show_shopee_verified_label": false, "size_chart": null, "reference_item_id": "", "brand": "Kalite", "item_rating": {"rating_star": 0, "rating_count": [0, 0, 0, 0, 0, 0]}, "label_ids": [1003958, 1003985, 1000753, 1001051, 1001075, 1001078, 1001087, 1001089, 1000959, 1000969, 1000975, 1000987, 1000988, 1001002, 1001012, 1001013, 1001018, 1001033, 1001037, 1001038, 1001040, 1000260, 1000258, 1000262, 1000259, 1000256, 1000255, 1000263, 1000254, 1000257, 1000266, 1000267, 1000270, 1000268, 1000269, 1000274, 1000273, 1000272, 1000271, 1000275, 1000278, 1000276, 1000277, 1000535, 1000627, 1000637, 1000651, 1000660, 1000672, 1000685, 1000697, 1000710, 1000746, 1000749, 1000775, 1000790, 1000797, 1000805, 1000279, 1000339, 1000347, 1000333, 1000359, 1000378, 1000379, 1000445, 1000451, 1000458, 1000462, 1000867, 1000477, 1000874, 1000938, 1000946, 1000146, 1000151, 1000153, 1000161, 1000164, 1000265, 1000264, 1001352, 1000643, 1000655, 1000743, 1000956, 1000957, 1001388, 1001399, 1001043, 1001409, 1001418, 1001597, 1001693, 1001711, 1001748, 1001791, 1001857, 1001948, 1000752, 1001961, 1002105, 1002182, 1002229, 1002296, 1002343, 1002409, 1002410, 1002587, 1002646, 1002756, 1002763, 1002762, 1002785, 1002790, 1002792, 1002835, 1002847, 1003110, 1003133, 1003238, 1003258, 1003259, 1003274, 1003323, 1003344, 1003362, 1003441, 1003463, 1003464, 1003467, 1003532, 1003697, 1003707, 1003751, 1003769, 1000121, 1003819, 1003867, 1000300, 1003886, 1004067, 1004068, 1004078, 1004111, 1004113, 1004168, 1004171, 1004212, 1004213, 1004265, 1004293, 1004590, 1004670, 1004672, 1004764, 1004774, 1004879, 1004894, 1004897, 1004921, 1004927, 1004963, 1005026, 1005061, 1005120, 1005490, 1006117, 1006199, 1006306, 1006435, 1006483, 1006624, 1006625, 1006642, 1006669, 1006805, 1007155, 1007190, 1007328, 1007394, 1007516, 1007546, 1007627, 1007765, 1007768, 1007773, 1006856, 1008283, 1008290, 1008313, 1008515, 1008529, 1008755, 1008793, 1008875, 1009058, 1009063, 1009190, 1009202, 1009427, 1009489, 1009525, 1009774, 1009763, 1010033, 1010111, 1010210, 1010310, 1010350, 1010449, 1010516, 1010518, 1010668, 1010765, 1010797, 1011081, 1011155, 1011229, 1011361, 1011654, 1011776, 1011937, 1012134, 1012191], "attributes": [{"name": "Xu\u1ea5t x\u1ee9", "value": "Trung Qu\u1ed1c", "id": 100037, "is_timestamp": false, "brand_option": null, "val_id": null}, {"name": "H\u1ea1n b\u1ea3o h\u00e0nh", "value": "12 th\u00e1ng", "id": 100121, "is_timestamp": false, "brand_option": null, "val_id": null}, {"name": "T\u00ednh n\u0103ng n\u1ed3i chi\u00ean kh\u00f4ng d\u1ea7u", "value": "Kh\u00f4ng d\u00ednh, \u0110i\u1ec1u ch\u1ec9nh nhi\u1ec7t \u0111\u1ed9", "id": 100292, "is_timestamp": false, "brand_option": null, "val_id": null}, {"name": "Tr\u1ecdng l\u01b0\u1ee3ng", "value": "7.8kg", "id": 100095, "is_timestamp": false, "brand_option": null, "val_id": null}, {"name": "Dung t\u00edch", "value": "15L", "id": 100278, "is_timestamp": false, "brand_option": null, "val_id": null}, {"name": "\u0110i\u1ec7n \u00e1p \u0111\u1ea7u v\u00e0o", "value": "220V", "id": 100323, "is_timestamp": false, "brand_option": null, "val_id": null}, {"name": "Ti\u00eau th\u1ee5 \u0111i\u1ec7n n\u0103ng", "value": "1700W", "id": 100355, "is_timestamp": false, "brand_option": null, "val_id": null}, {"name": "Lo\u1ea1i b\u1ea3o h\u00e0nh", "value": "B\u1ea3o h\u00e0nh ch\u00ednh h\u00e3ng", "id": 100370, "is_timestamp": false, "brand_option": null, "val_id": null}, {"name": "K\u00edch th\u01b0\u1edbc (d\u00e0i x r\u1ed9ng x cao)", "value": "351\u00d7402.8\u00d7387.5mm", "id": 100942, "is_timestamp": false, "brand_option": null, "val_id": null}], "liked": false, "liked_count": 0, "cmt_count": 0, "flag": 524288, "shopee_verified": false, "is_adult": false, "is_preferred_plus_seller": false, "tier_variations": [{"name": "", "options": [""], "images": null, "properties": null, "type": 0}], "bundle_deal_id": 0, "can_use_bundle_deal": false, "add_on_deal_info": null, "bundle_deal_info": null, "can_use_wholesale": false, "wholesale_tier_list": [], "is_group_buy_item": null, "group_buy_info": null, "welcome_package_type": 0, "welcome_package_info": null, "tax_code": null, "invoice_option": null, "complaint_policy": null, "images": ["55735c49370f929d61cb703bf2e665f4", "6074bb955e24331dd529af8aa087f24d", "22ff08390bb814ea61b216aad029803b", "b0263c2dd4d38aa86471a64de62620f0", "6127a985848d81205eee5d3cb711c337", "328908c520d83fa94dc7a703c1a9811c", "c44e99a81551a8ac3900cda429cb1c41"], "image": "55735c49370f929d61cb703bf2e665f4", "video_info_list": null, "item_type": 0, "is_official_shop": true, "show_official_shop_label_in_title": true, "shop_location": "H\u00e0 N\u1ed9i", "coin_earn_label": null, "cb_option": 0, "is_pre_order": false, "estimated_days": 2, "badge_icon_type": 0, "show_free_shipping": false, "shipping_icon_type": 0, "cod_flag": 0, "is_service_by_shopee": false, "show_original_guarantee": false, "categories": [{"catid": 100010, "display_name": "Thi\u1ebft B\u1ecb \u0110i\u1ec7n Gia D\u1ee5ng", "no_sub": false, "is_default_subcat": false}, {"catid": 100041, "display_name": "\u0110\u1ed3 gia d\u1ee5ng nh\u00e0 b\u1ebfp", "no_sub": false, "is_default_subcat": false}, {"catid": 100198, "display_name": "N\u1ed3i chi\u00ean kh\u00f4ng d\u1ea7u", "no_sub": true, "is_default_subcat": false}], "other_stock": 0, "item_has_post": false, "discount_stock": 100, "current_promotion_has_reserve_stock": false, "current_promotion_reserved_stock": 0, "normal_stock": 100, "brand_id": 1247110, "is_alcohol_product": false, "show_recycling_info": false, "coin_info": {"spend_cash_unit": 100000, "coin_earn_items": [{"coin_earn": 0}]}, "models": [{"itemid": 15016313486, "status": 1, "current_promotion_reserved_stock": 0, "name": "", "promotionid": 1296252225, "price": 459000000000, "price_stocks": [{"allocated_stock": 0, "stock_breakdown_by_location": null}, {"allocated_stock": null, "stock_breakdown_by_location": null}], "current_promotion_has_reserve_stock": false, "normal_stock": 100, "extinfo": {"tier_index": [0], "group_buy_info": null, "is_pre_order": null, "estimated_days": 2}, "price_before_discount": 529000000000, "modelid": 150758783325, "stock": 100, "has_gimmick_tag": false}], "spl_info": {"installment_info": null, "user_credit_info": null, "channel_id": null, "show_spl": false, "show_spl_lite": false}, "preview_info": null, "fe_categories": [{"catid": 11036971, "display_name": "Home Appliances", "no_sub": false, "is_default_subcat": false}, {"catid": 11111620, "display_name": "Electric Cookers", "no_sub": false, "is_default_subcat": false}, {"catid": 11111626, "display_name": "Fryers", "no_sub": true, "is_default_subcat": false}], "presale_info": null, "is_cc_installment_payment_eligible": true, "is_non_cc_installment_payment_eligible": false, "flash_sale": null, "upcoming_flash_sale": null, "deep_discount": null, "has_low_fulfillment_rate": false, "is_partial_fulfilled": false, "makeups": null, "shop_vouchers": null, "global_sold": null, "is_infant_milk_formula_product": false, "should_show_amp_tag": false}