{"itemid": 1761638877, "shopid": 11721690, "userid": 0, "price_max_before_discount": -1, "has_lowest_price_guarantee": false, "price_before_discount": 0, "price_min_before_discount": -1, "exclusive_price_info": null, "hidden_price_display": null, "price_min": 199900000000, "price_max": 199900000000, "price": 199900000000, "stock": 100, "discount": null, "historical_sold": 5, "sold": 0, "show_discount": 0, "raw_discount": 0, "min_purchase_limit": 0, "overall_purchase_limit": {"order_max_purchase_limit": 0, "overall_purchase_limit": null, "item_overall_quota": null, "start_date": null, "end_date": null}, "pack_size": null, "is_live_streaming_price": null, "name": "M\u00e1y l\u1ecdc n\u01b0\u1edbc Unilever Pureit Classic 9 l\u00edt t\u1eb7ng ly s\u1ee9", "ctime": 1545195536, "item_status": "normal", "status": 1, "condition": 1, "catid": 100010, "description": "\nTh\u01b0\u01a1ng hi\u1ec7u cao c\u1ea5p t\u1eeb Unilever Pureit \nS\u1ea3n xu\u1ea5t \u1ea4n \u0110\u1ed9\nKh\u00f4ng c\u1ea7n \u0111un s\u00f4i, kh\u00f4ng c\u1ea7n c\u1eafm \u0111i\u1ec7n.\nC\u00f4ng ngh\u1ec7 l\u1ecdc GRAVITY t\u00edch h\u1ee3p h\u1ec7 di\u1ec7t khu\u1ea9n Clorine & g\u1ea5p \u0111\u00f4i than ho\u1ea1t t\u00ednh\nL\u1ecdc s\u1ea1ch ch\u1eaft r\u1eafn, b\u1ee5i b\u1ea9n, c\u1eb7n v\u00e0 di\u1ec7t ho\u00e0n to\u00e0n vi khu\u1ea9n & virut\nC\u01a1 ch\u1ebf C\u1ea3nh B\u00e1o v\u00e0 t\u1ef1 ng\u1eaft n\u01b0\u1edbc khi b\u1ed9 l\u1ecdc h\u1ebft c\u00f4ng su\u1ea5t l\u1ecdc\nC\u00f4ng su\u1ea5t l\u1ecdc 1500 l\u00edt, c\u00f4ng su\u1ea5t l\u1ecdc t\u1ed1i \u0111a 9 l\u00edt/gi\u1edd\nDung t\u00edch m\u00e1y 23 l\u00edt, dung t\u00edch b\u00ecnh ch\u1ee9a 9 l\u00edt\nK\u00edch th\u01b0\u1edbc 61cm x 29cm x 26cm (Cao \u2013 r\u1ed9ng \u2013 s\u00e2u)\n\n/ CH\u1ea4T L\u01af\u1ee2NG N\u01af\u1edaC \u0110\u1ea6U V\u00c0O & \u0110\u1ea6U RA \nN\u01b0\u1edbc \u0111\u1ea7u v\u00e0o y\u00eau c\u1ea7u l\u00e0 n\u01b0\u1edbc m\u00e1y ti\u00eau chu\u1ea9n.\nN\u01b0\u1edbc \u0111\u1ea7u ra \u0111\u1ea1t chu\u1ea9n n\u01b0\u1edbc \u0111\u00f3ng chai c\u1ee7a B\u1ed9 Y T\u1ebf QCVN 6-1: 2010/BYT\n\nC\u00f4ng ngh\u1ec7 l\u1ecdc Gravity t\u00edch h\u1ee3p h\u1ec7 di\u1ec7t khu\u1ea9n clorine v\u00e0 g\u1ea5p \u0111\u1ed9i than ho\u1ea1t t\u00ednh gi\u00fap lo\u1ea1i b\u1ecf ho\u00e0n to\u00e0n ch\u1ea5t r\u1eafn, t\u1ea1p ch\u1ea5t, c\u00e1c ch\u1ea5t h\u1eefu c\u01a1, di\u1ec7t s\u1ea1ch k\u00fd sinh tr\u00f9ng, vi khu\u1ea9n, vi r\u00fat c\u00f3 trong n\u01b0\u1edbc\nB\u1ed9 l\u1ecdc vi s\u1ee3i: gi\u00fap l\u1ecdc s\u1ea1ch c\u00e1c c\u1eb7n b\u1ea9n, t\u1ea1p ch\u1ea5t li ti c\u00f3 trong n\u01b0\u1edbc \nB\u1ed9 l\u1ecdc than ho\u1ea1t t\u00ednh 1: h\u1ea5p thu c\u00e1c ch\u1ea5t h\u1eefu c\u01a1 c\u00f3 trong n\u01b0\u1edbc (thu\u1ed1c tr\u1eeb s\u00e2u, c\u00e1c ho\u00e1 ch\u1ea5t..), lo\u1ea1i b\u1ecf k\u00fd sinh tr\u00f9ng c\u00f3 trong n\u01b0\u1edbc gi\u00fap n\u01b0\u1edbc tinh khi\u1ebft h\u01a1n \nH\u1ec7 di\u1ec7t khu\u1ea9n Clorine: gi\u00fap di\u1ec7t s\u1ea1ch t\u1ea5t c\u1ea3 c\u00e1c vi khu\u1ea9n, vir\u00fat c\u00f3 trong n\u01b0\u1edbc\nB\u1ed9 l\u1ecdc than ho\u1ea1t t\u00ednh c\u1ea5p 2: h\u1ea5p thu, lo\u1ea1i b\u1ecf m\u00f9i c\u00f3 trong n\u01b0\u1edbc gi\u00fap n\u01b0\u1edbc tinh khi\u1ebft, an to\u00e0n v\u00e0 ngon h\u01a1n khi u\u1ed1ng\n\n\nM\u00e1y l\u1ecdc n\u01b0\u1edbc Pureit Classic, v\u1edbi t\u00ednh n\u0103ng v\u01b0\u1ee3t tr\u1ed9i:\n - L\u1ecdc s\u1ea1ch vi khu\u1ea9n, vi r\u00fat \n - Kh\u00f4ng c\u1ea7n c\u1eafm \u0111i\u1ec7n\n - Kh\u00f4ng c\u1ea7n \u0111un s\u00f4i\nGi\u00fap ng\u01b0\u1eddi ti\u00eau d\u00f9ng lu\u00f4n c\u00f3 n\u01b0\u1edbc tinh khi\u1ebft s\u1eed d\u1ee5ng v\u1eeba an to\u00e0n v\u1eeba ti\u1ebft ki\u1ec7m\n\nM\u00e1y L\u1ecdc N\u01b0\u1edbc Pureit Classic \u0111\u01b0\u1ee3c trang b\u1ecb c\u00f4ng ngh\u1ec7 C\u1ea3nh b\u00e1o thay l\u00f5i l\u1ecdc v\u00e0 ng\u1eaft n\u01b0\u1edbc t\u1ef1 \u0111\u1ed9ng khi b\u1ed9 l\u1ecdc h\u1ebft c\u00f4ng su\u1ea5t gi\u00fap ng\u01b0\u1eddi s\u1eed d\u1ee5ng kh\u00f4ng c\u1ea7n nh\u1edb th\u1eddi gian thay l\u00f5i l\u1ecdc tr\u00e1nh nguy c\u01a1 s\u1eed d\u1ee5ng n\u01b0\u1edbc b\u1ea9n khi b\u1ed9 l\u1ecdc h\u1ebft c\u00f4ng su\u1ea5t.\n* L\u01b0u \u00fd: n\u01b0\u1edbc tr\u00e0n ra l\u00e0 m\u1ed9t d\u1ea5u hi\u1ec7u \u0111\u00e3 \u0111\u1ebfn l\u00fac thay b\u1ed9 l\u1ecdc.\n\nKi\u1ec3u d\u00e1ng sang tr\u1ecdng, hi\u1ec7n \u0111\u1ea1i:\n- M\u00e1y l\u1ecdc n\u01b0\u1edbc Pureit Classic c\u00f2n g\u00e2y \u1ea5n t\u01b0\u1ee3ng b\u1edfi thi\u1ebft k\u1ebf nh\u1ecf g\u1ecdn, m\u00e0u s\u1eafc tinh t\u1ebf, sang tr\u1ecdng, l\u00e0 l\u1ef1a ch\u1ecdn h\u00e0ng \u0111\u1ea7u c\u1ee7a m\u1ecdi gia \u0111\u00ecnh. \n- S\u1ea3n ph\u1ea9m v\u1edbi dung t\u00edch b\u00ecnh ch\u1ee9a l\u00ean \u0111\u1ebfn 9 l\u00edt, \u0111\u1ea3m b\u1ea3o cung c\u1ea5p \u0111\u1ee7 l\u01b0\u1ee3ng n\u01b0\u1edbc tinh khi\u1ebft cho c\u1ea3 gia \u0111\u00ecnh.", "is_mart": false, "show_shopee_verified_label": false, "size_chart": null, "reference_item_id": "", "brand": "Unilever pure it", "item_rating": {"rating_star": 5, "rating_count": [1, 0, 0, 0, 0, 1]}, "label_ids": [1003958, 1003985, 1001041, 1001051, 1001054, 1001077, 1001079, 1001084, 1001089, 1000959, 1000976, 1000975, 1001001, 1001031, 1001033, 1001039, 1001040, 1000469, 1000260, 1000258, 1000262, 1000255, 1000256, 1000257, 1000497, 1000266, 1000267, 1000271, 1000274, 1000273, 1000272, 1000278, 1000276, 1000277, 1000275, 1000535, 1000604, 1000627, 1000630, 1000637, 1000649, 1000651, 1000652, 1000659, 1000672, 1000685, 1000687, 1000697, 1000716, 1000747, 1000748, 1000758, 1000768, 1000770, 1000772, 1000788, 1000790, 1000797, 1000805, 1000312, 1000328, 1000335, 1000339, 1000333, 1000379, 1000389, 1000392, 44, 1000451, 1000458, 1000462, 1000815, 1000832, 1000856, 1000874, 1000911, 1000937, 1000938, 1000946, 1000051, 1000137, 1000145, 1000154, 1000230, 1000253, 1000254, 1000259, 1000263, 1000264, 1000265, 1000268, 1000269, 1000270, 1000279, 1001320, 1001321, 1001324, 1000334, 1000412, 1000455, 1000558, 1000643, 1000655, 1000878, 1000956, 1000957, 1000983, 1000984, 1001284, 1001391, 1001396, 1001379, 1001409, 1001412, 1001423, 1001549, 1001693, 1001728, 1001739, 1001791, 1001827, 1001857, 1001947, 1000752, 1001959, 1001961, 1002105, 1002113, 1002120, 1002130, 1002132, 1002163, 1002182, 1002232, 1002278, 1002283, 1002296, 1002373, 1002343, 1002422, 1002480, 1002501, 1002587, 1002597, 1002639, 1002644, 1002762, 1002768, 1002770, 1002785, 1002790, 1002835, 1002898, 1002962, 1002970, 1002997, 1002998, 1003110, 1003133, 1003235, 1003238, 1003239, 1003275, 1003322, 1003362, 1003443, 1003464, 1003467, 1003532, 1003533, 1003567, 1003707, 1003751, 1003769, 1000121, 1003819, 1003867, 1000300, 1003886, 1004067, 1004068, 1004078, 1004171, 1004213, 1004265, 1004293, 1004373, 1004670, 1004672, 1004764, 1004774, 1004879, 1004894, 1004921, 1004927, 1004929, 1004963, 1005026, 1005061, 1005120, 1000742, 1002603, 1000512, 1005868, 1005951, 1006016, 1006199, 1006306, 1006435, 1006483, 1006624, 1006625, 1006805, 1007155, 1007286, 1007328, 1007394, 1007516, 1007546, 1007525, 1007695, 1007627, 1007765, 1007768, 1007773, 1006856, 1008093, 1008283, 1008290, 1008313, 1008515, 1008529, 1008793, 1009058, 1009063, 1009202, 1009391, 1009427, 1009489, 1009525, 1009774, 1009763, 1009931, 1009932, 1010033, 1010111, 1010206, 1010210, 1010310, 1010350, 1010449, 1010452, 1010516, 1010518, 1010666, 1010668, 1010765, 1010797, 1010881, 1011081, 1011155, 1011229, 1011293, 1011361, 1011470, 1011654, 1011685, 1011909, 1011937, 1012134, 1012191, 1012192, 1012514, 1000032, 1000248, 1000352, 1001943, 1001950, 1002087, 1002256, 1002262, 1002698, 1002932, 1006578, 1006825, 1007100, 1007099, 1007262, 1007861], "attributes": null, "liked": false, "liked_count": 6, "cmt_count": 1, "flag": 2, "shopee_verified": false, "is_adult": false, "is_preferred_plus_seller": false, "tier_variations": [{"name": "", "options": [""], "images": null, "properties": null, "type": 0}], "bundle_deal_id": 0, "can_use_bundle_deal": false, "add_on_deal_info": null, "bundle_deal_info": null, "can_use_wholesale": false, "wholesale_tier_list": [], "is_group_buy_item": null, "group_buy_info": null, "welcome_package_type": 0, "welcome_package_info": null, "tax_code": null, "invoice_option": null, "complaint_policy": null, "images": ["a14017f30a199379e2990240a5738743", "8ed597164440da579da2893ed13b78bd", "f3bc5384fbf6e830d603742cc920a4fc", "9b53d3f6541b92e92434100b433204de"], "image": "a14017f30a199379e2990240a5738743", "video_info_list": null, "item_type": 0, "is_official_shop": true, "show_official_shop_label_in_title": true, "shop_location": "TP. H\u1ed3 Ch\u00ed Minh", "coin_earn_label": null, "cb_option": 0, "is_pre_order": false, "estimated_days": 2, "badge_icon_type": 0, "show_free_shipping": true, "shipping_icon_type": 0, "cod_flag": 0, "is_service_by_shopee": false, "show_original_guarantee": false, "categories": [{"catid": 100010, "display_name": "Thi\u1ebft B\u1ecb \u0110i\u1ec7n Gia D\u1ee5ng", "no_sub": false, "is_default_subcat": false}, {"catid": 100041, "display_name": "\u0110\u1ed3 gia d\u1ee5ng nh\u00e0 b\u1ebfp", "no_sub": false, "is_default_subcat": false}, {"catid": 100190, "display_name": "M\u00e1y l\u1ecdc n\u01b0\u1edbc", "no_sub": true, "is_default_subcat": false}], "other_stock": 100, "item_has_post": false, "discount_stock": 0, "current_promotion_has_reserve_stock": false, "current_promotion_reserved_stock": 0, "normal_stock": 100, "brand_id": 1074164, "is_alcohol_product": false, "show_recycling_info": false, "coin_info": {"spend_cash_unit": 100000, "coin_earn_items": [{"coin_earn": 0}]}, "models": [{"itemid": 1761638877, "status": 1, "current_promotion_reserved_stock": 0, "name": "", "promotionid": 0, "price": 199900000000, "price_stocks": [{"allocated_stock": null, "stock_breakdown_by_location": null}], "current_promotion_has_reserve_stock": false, "normal_stock": 100, "extinfo": {"tier_index": [0], "group_buy_info": null, "is_pre_order": false, "estimated_days": 2}, "price_before_discount": 0, "modelid": 62124875527, "stock": 100, "has_gimmick_tag": false}], "spl_info": {"installment_info": null, "user_credit_info": null, "channel_id": null, "show_spl": false, "show_spl_lite": false}, "preview_info": null, "fe_categories": [{"catid": 11036971, "display_name": "Home Appliances", "no_sub": false, "is_default_subcat": false}, {"catid": 11036990, "display_name": "Large Appliance", "no_sub": false, "is_default_subcat": false}, {"catid": 11036995, "display_name": "Water Filters", "no_sub": true, "is_default_subcat": false}], "presale_info": null, "is_cc_installment_payment_eligible": false, "is_non_cc_installment_payment_eligible": false, "flash_sale": null, "upcoming_flash_sale": null, "deep_discount": null, "has_low_fulfillment_rate": false, "is_partial_fulfilled": false, "makeups": null, "shop_vouchers": null, "global_sold": null, "is_infant_milk_formula_product": false, "should_show_amp_tag": false}