{"itemid": 84370525, "shopid": 11721690, "userid": 0, "price_max_before_discount": 219000000000, "has_lowest_price_guarantee": false, "price_before_discount": 219000000000, "price_min_before_discount": 219000000000, "exclusive_price_info": null, "hidden_price_display": null, "price_min": 216810000000, "price_max": 216810000000, "price": 216810000000, "stock": 92, "discount": "1%", "historical_sold": 12, "sold": 0, "show_discount": 1, "raw_discount": 1, "min_purchase_limit": 0, "overall_purchase_limit": {"order_max_purchase_limit": 0, "overall_purchase_limit": null, "item_overall_quota": null, "start_date": null, "end_date": null}, "pack_size": null, "is_live_streaming_price": null, "name": "N\u1ed3i c\u01a1m \u0111i\u1ec7n Toshiba RC-10NMFVN(WT) 1.0L", "ctime": 1478060648, "item_status": "normal", "status": 1, "condition": 1, "catid": 100010, "description": "Gi\u1edbi thi\u1ec7u s\u1ea3n ph\u1ea9m N\u1ed3i c\u01a1m \u0111i\u1ec7n Toshiba RC-10NMF(WT)VN 1.0L\nDung t\u00edch 1 l\u00edt v\u00e0 c\u00f4ng su\u1ea5t 600W m\u1ea1nh m\u1ebd\nL\u00f2ng n\u1ed3i h\u1ee3p kim nh\u00f4m tr\u00e1ng men ch\u1ed1ng d\u00ednh si\u00eau b\u1ec1n\n\u0110a ch\u1ee9c n\u0103ng n\u1ea5u v\u00e0 h\u1eb9n gi\u1edd ti\u1ec7n \u00edch\n3 m\u00e2m nhi\u1ec7t gi\u00fap c\u01a1m ch\u00edn t\u01a1i x\u1ed1p\nD\u00e2y \u0111i\u1ec7n quanh th\u00e2n v\u00e0 tr\u00ean n\u1eafp gi\u1eef \u0111\u1ed9 ch\u00edn\n\nV\u1edbi thi\u1ebft k\u1ebf nh\u1ecf g\u1ecdn v\u00e0 sang tr\u1ecdng, n\u1ed3i c\u01a1m \u0111i\u1ec7n Toshiba RC-10NMF(WT)VN kh\u00f4ng ch\u1ec9 l\u00e0 \u0111\u1ed3 gia d\u1ee5ng h\u1eefu \u00edch m\u00e0 c\u00f2n g\u00f3p ph\u1ea7n l\u00e0m \u0111\u1eb9p, mang l\u1ea1i s\u1ef1 hi\u1ec7n \u0111\u1ea1i cho ph\u00f2ng b\u1ebfp. N\u1ed3i c\u00f3 c\u00f4ng su\u1ea5t 600W, dung t\u00edch 1.0L ph\u00f9 h\u1ee3p cho c\u00e1 nh\u00e2n v\u00e0 gia \u0111\u00ecnh nh\u1ecf s\u1eed d\u1ee5ng.\n\nT\u00cdNH N\u0102NG N\u1ed4I B\u1eacT\nKh\u1ea3 n\u0103ng n\u1ea5u \u0111a d\u1ea1ng\nN\u1ed3i c\u01a1m \u0111i\u1ec7n Toshiba RC-10NMF(WT) VN \u0111\u01b0\u1ee3c thi\u1ebft k\u1ebf v\u1edbi 8 ch\u1ebf \u0111\u1ed9 n\u1ea5u : c\u00f3 th\u1ec3 n\u1ea5u s\u00fap, h\u1ea7m, lu\u1ed9c tr\u1ee9ng v\u00e0 l\u00e0nh b\u00e1nh ,...B\u00ean c\u1ea1nh \u0111\u00f3, s\u1ea3n ph\u1ea9m n\u00e0y c\u00f2n c\u00f3 ch\u1ee9c n\u0103ng gi\u1eef n\u00f3ng, ch\u1ee9c n\u0103ng t\u1ef1 \u0111\u1ed9ng \u0111i\u1ec1u ch\u1ec9nh nhi\u1ec7t, ch\u1ebf \u0111\u1ed9 n\u1ea5u \u1ed5n \u0111\u1ecbnh v\u00e0 c\u00f3 \u0111\u00e8n b\u00e1o cho bi\u1ebft ch\u1ebf \u0111\u1ed9 n\u1ea5u v\u00e0 h\u00e2m n\u00f3ng.\nKi\u1ec3u d\u00e1ng \u0111\u1eb9p, dung t\u00edch 1 l\u00edt th\u00edch h\u1ee3p gia \u0111\u00ecnh 2 \u2013 4 ng\u01b0\u1eddi \u0103n\nN\u1ed3i c\u01a1m \u0111i\u1ec7n t\u1eed Toshiba RC-10NMF(WT)V th\u01b0\u01a1ng hi\u1ec7u Nh\u1eadt B\u1ea3n, thi\u1ebft k\u1ebf nh\u1ecf g\u1ecdn, \u0111\u1eb9p m\u1eaft v\u1edbi m\u00e0u tr\u1eafng sang tr\u1ecdng.\n\nDung t\u00edch 1 l\u00edt\n\nL\u00f2ng n\u1ed3i nh\u00f4m d\u1eadp ch\u1ed1ng d\u00ednh v\u1edbi \u0111\u1ed9 d\u00e0y l\u00ean \u0111\u1ebfn 4 mm\nD\u00e0y g\u1ea5p 3 so v\u1edbi c\u00e1c n\u1ed3i th\u00f4ng th\u01b0\u1eddng, n\u1eb7ng, b\u1ec1n v\u00e0 gi\u1eef \u1ea5m t\u1ed1t h\u01a1n, \u0111\u1eb7c bi\u1ec7t c\u00f3 th\u1ec3 vo g\u1ea1o tr\u1ef1c ti\u1ebfp trong n\u1ed3i m\u00e0 kh\u00f4ng l\u00e0m bong tr\u00f3c l\u1edbp ch\u1ed1ng d\u00ednh.\n\nL\u00f2ng n\u1ed3i nh\u00f4m d\u1eadp ch\u1ed1ng d\u00ednh d\u00e0y 4 mm\n\n3 m\u00e2m nhi\u1ec7t l\u00e0m c\u01a1m ch\u00edn \u0111\u1ec1u, kh\u00f4ng b\u1ecb nh\u00e3o\nXem th\u00eam: L\u1ee3i \u00edch c\u1ee7a 3 m\u00e2m nhi\u1ec7t \u1edf n\u1ed3i c\u01a1m \u0111i\u1ec7n t\u1eed\n\n3 m\u00e2m nhi\u1ec7t l\u00e0m c\u01a1m ch\u00edn \u0111\u1ec1u, kh\u00f4ng b\u1ecb nh\u00e3o\n\nN\u1ea5u \u0111\u01b0\u1ee3c nhi\u1ec1u m\u00f3n \u0103n ngon\nN\u1ed3i c\u01a1m \u0111i\u1ec7n Toshiba v\u1edbi nhi\u1ec1u ch\u1ebf \u0111\u1ed9 n\u1ea5u t\u1ef1 \u0111\u1ed9ng \u0111\u01b0\u1ee3c c\u00e0i s\u1eb5n: N\u1ea5u c\u01a1m tr\u1eafng, n\u1ea5u c\u01a1m nhanh (trong kho\u1ea3ng 30 \u2013 40 ph\u00fat), h\u1ea5p, l\u00ean men, l\u00e0m b\u00e1nh b\u00f4ng lan, n\u1ea5u s\u00fap, lu\u1ed9c tr\u1ee9ng, h\u00e2m s\u00fap, n\u1ea5u c\u01a1m tr\u1ed9n, n\u1ea5u ch\u00e1o.\n\n\u0110i\u1ec1u ch\u1ec9nh ch\u1ebf \u0111\u1ed9 n\u1ea5u b\u1eb1ng b\u1ea3ng \u0111i\u1ec1u khi\u1ec3n \u0111i\u1ec7n t\u1eed v\u00e0 m\u00e0n h\u00ecnh hi\u1ec3n th\u1ecb.\n\nN\u1ed3i c\u01a1m \u0111i\u1ec7n ToshiBa RC-10NMF(WT)VN 1 l\u00edt\n\nN\u1eafp trong th\u00e1o r\u1eddi \u0111\u01b0\u1ee3c, d\u1ec5 v\u1ec7 sinh\nN\u1eafp trong d\u1ec5 v\u1ec7 sinh\n\nH\u1eb9n gi\u1edd n\u1ea5u ti\u1ec7n d\u1ee5ng\nCh\u1ebf \u0111\u1ed9 h\u1eb9n gi\u1edd n\u1ea5u c\u01a1m ti\u1ec7n d\u1ee5ng cho gia \u0111\u00ecnh b\u1eadn r\u1ed9n, \u0111i l\u00e0m hay \u0111i h\u1ecdc kh\u00f4ng c\u00f3 th\u1eddi gian n\u1ea5u c\u01a1m \u0111\u00fang b\u1eefa, chi\u1ec1u v\u1ec1 t\u1edbi nh\u00e0 l\u00e0 c\u00f3 c\u01a1m v\u1eeba n\u1ea5u xong n\u00f3ng h\u1ed5i.\n\nXem th\u00eam: C\u00e1ch h\u1eb9n gi\u1edd n\u1ea5u c\u01a1m t\u1ef1 \u0111\u1ed9ng\n\nH\u1eb9n gi\u1edd n\u1ea5u ti\u1ec7n d\u1ee5ng\n\nGi\u1eef \u1ea5m l\u00e2u, kh\u00f4ng l\u00e0m c\u01a1m thiu, c\u01a1m v\u1eabn d\u1ebbo m\u1ec1m nh\u01b0 v\u1eeba m\u1edbi n\u1ea5u\nGi\u1eef \u1ea5m t\u1ef1 \u0111\u1ed9ng \u0111\u1ebfn 24 ti\u1ebfng\n\nVan tho\u00e1t h\u01a1i gi\u1eef l\u1ea1i d\u01b0\u1ee1ng ch\u1ea5t\nH\u1ea1n ch\u1ebf h\u01a1i n\u01b0\u1edbc tho\u00e1t ra, gi\u00fap c\u01a1m ngon h\u01a1n v\u00e0 gi\u1eef l\u1ea1i vitamin c\u00f3 s\u1eb5n trong g\u1ea1o, c\u00f3 th\u1ec3 th\u00e1o ra \u0111\u1ec3 v\u1ec7 sinh.\n\nC\u1ea5u t\u1ea1o \u0111\u1eb7c bi\u1ec7t\nN\u1ed3i Toshiba RC-10NMF(WT) VN \u0111\u01b0\u1ee3c l\u00e0m t\u1eeb nh\u00f4m \u0111\u00fac d\u00e0y v\u00e0 tr\u00e1ng l\u1edbp men ch\u1ed1ng d\u00ednh kh\u00f4ng \u1ea3nh h\u01b0\u1edfng \u0111\u1ebfn th\u1ef1c ph\u1ea9m. M\u00e0n h\u00ecnh LCD hi\u1ec3n th\u1ecb s\u1ed1 v\u1edbi c\u00e1c ph\u00edm b\u1ea5m di\u1ec7n t\u1eed d\u1ec5 thao t\u00e1c v\u00e0 d\u1ec5 d\u00e0ng v\u1ec7 sinh n\u1ed3i. \u0110\u1eb7c bi\u1ec7t n\u1ed3i c\u00f2n h\u1ed7 tr\u1ee3 ph\u00edm b\u1ea5m k\u00fd t\u1ef1 gi\u00fap cho ng\u01b0\u1eddi khi\u1ebfm th\u1ecb c\u00f3 th\u1ec3 ch\u1ecdn ch\u1ebf \u0111\u1ed9 n\u1ea5u ph\u00f9 h\u1ee3p.\n\nN\u1ed3i c\u01a1m \u0111i\u1ec7n Toshiba RC-10NMF(WT) VN c\u00f3 ch\u1ee9c n\u0103ng h\u1eb9n gi\u1edd n\u1ea5u, v\u00e0 c\u00f3 \u00e2m b\u00e1o sau khi k\u1ebft th\u00fac ch\u01b0\u01a1ng tr\u00ecnh. Ngo\u00e0i ra. d\u00e2y di\u1ec7n c\u00f3 th\u1ec3 th\u00e1o r\u1eddi c\u0169ng t\u1ea1o n\u00ean n\u00e9t th\u1ea9m m\u1ef9, s\u1ef1 g\u1ecdn g\u00e0ng v\u00e0 t\u00ednh thu\u1eadn ti\u1ec7n m\u00e0 s\u1ea3n ph\u1ea9m mang l\u1ea1i cho b\u1ea1n.\n\nTh\u00f4ng s\u1ed1 k\u1ef9 thu\u1eadt\nC\u00f4ng su\u1ea5t 600W\nDung t\u00edch 1.0L\nCh\u1ee9c n\u0103ng h\u1eb9n gi\u1edd, gi\u1eef \u1ea5m, 8 ch\u1ebf \u0111\u1ed9 n\u1ea5u", "is_mart": false, "show_shopee_verified_label": false, "size_chart": null, "reference_item_id": "", "brand": "TOSHIBA", "item_rating": {"rating_star": 4, "rating_count": [4, 1, 0, 0, 0, 3]}, "label_ids": [1003958, 1003985, 1001041, 1001051, 1001054, 1001077, 1001079, 1001084, 1001089, 1000959, 1000976, 1000975, 1001001, 1001031, 1001033, 1001039, 1001040, 1000469, 1000260, 1000258, 1000262, 1000255, 1000256, 1000257, 1000497, 1000266, 1000267, 1000271, 1000274, 1000273, 1000272, 1000278, 1000276, 1000277, 1000275, 1000535, 1000604, 1000627, 1000630, 1000637, 1000649, 1000651, 1000652, 1000659, 1000672, 1000685, 1000687, 1000697, 1000716, 1000747, 1000748, 1000758, 1000768, 1000770, 1000772, 1000788, 1000790, 1000797, 1000805, 1000312, 1000328, 1000335, 1000339, 1000333, 1000379, 1000389, 1000392, 44, 1000451, 1000458, 1000462, 1000815, 1000832, 1000856, 1000874, 1000911, 1000937, 1000938, 1000946, 1000051, 1000137, 1000145, 1000154, 1000230, 1000253, 1000254, 1000259, 1000263, 1000264, 1000265, 1000268, 1000269, 1000270, 1000279, 1001320, 1001321, 1001324, 1000334, 1000412, 1000455, 1000558, 1000643, 1000655, 1000878, 1000956, 1000957, 1000983, 1000984, 1001284, 1001391, 1001396, 1001379, 1001409, 1001412, 1001423, 1001549, 1001693, 1001728, 1001739, 1001791, 1001827, 1001857, 1001947, 1000752, 1001959, 1001961, 1002105, 1002113, 1002120, 1002130, 1002132, 1002163, 1002182, 1002232, 1002278, 1002283, 1002296, 1002373, 1002343, 1002422, 1002480, 1002501, 1002587, 1002597, 1002639, 1002644, 1002762, 1002768, 1002770, 1002785, 1002790, 1002835, 1002898, 1002962, 1002970, 1002997, 1002998, 1003110, 1003133, 1003235, 1003238, 1003239, 1003275, 1003322, 1003362, 1003443, 1003464, 1003467, 1003532, 1003533, 1003567, 1003707, 1003751, 1003769, 1000121, 1003819, 1003867, 1000300, 1003886, 1004067, 1004068, 1004078, 1004171, 1004213, 1004265, 1004293, 1004373, 1004670, 1004672, 1004764, 1004774, 1004879, 1004894, 1004921, 1004927, 1004929, 1004963, 1005026, 1005061, 1005120, 1000742, 1002603, 1000512, 1005868, 1005951, 1006016, 1006199, 1006306, 1006435, 1006483, 1006624, 1006625, 1006805, 1007155, 1007286, 1007328, 1007394, 1007516, 1007546, 1007525, 1007695, 1007627, 1007765, 1007768, 1007773, 1006856, 1008093, 1008283, 1008290, 1008313, 1008515, 1008529, 1008793, 1009058, 1009063, 1009202, 1009391, 1009427, 1009489, 1009525, 1009774, 1009763, 1009931, 1009932, 1010033, 1010111, 1010206, 1010210, 1010310, 1010350, 1010449, 1010452, 1010516, 1010518, 1010666, 1010668, 1010765, 1010797, 1010881, 1011081, 1011155, 1011229, 1011293, 1011361, 1011470, 1011654, 1011685, 1011909, 1011937, 1012134, 1012191, 1012192, 1012514, 1000248, 1000352, 1000675, 1000779, 1000817, 1000819, 1000821, 1000825, 1000850, 1000919, 1000960, 1000971, 1001943, 1001950, 1001965, 1001975, 1002087, 1002190, 1002256, 1002262, 1002698, 1002932, 1003794, 1006578, 1006641, 1006660, 1006825, 1007100, 1007099, 1007262, 1007861], "attributes": [{"name": "Xu\u1ea5t x\u1ee9", "value": "Th\u00e1i Lan", "id": 100037, "is_timestamp": false, "brand_option": null, "val_id": null}, {"name": "H\u1ea1n b\u1ea3o h\u00e0nh", "value": "12 th\u00e1ng", "id": 100121, "is_timestamp": false, "brand_option": null, "val_id": null}, {"name": "Lo\u1ea1i b\u1ea3o h\u00e0nh", "value": "B\u1ea3o h\u00e0nh nh\u00e0 s\u1ea3n xu\u1ea5t", "id": 100370, "is_timestamp": false, "brand_option": null, "val_id": null}, {"name": "Dung t\u00edch", "value": "1L", "id": 100278, "is_timestamp": false, "brand_option": null, "val_id": null}, {"name": "\u0110i\u1ec7n \u00e1p \u0111\u1ea7u v\u00e0o", "value": "220V", "id": 100323, "is_timestamp": false, "brand_option": null, "val_id": null}, {"name": "Ti\u00eau th\u1ee5 \u0111i\u1ec7n n\u0103ng", "value": "600W", "id": 100355, "is_timestamp": false, "brand_option": null, "val_id": null}], "liked": false, "liked_count": 12, "cmt_count": 4, "flag": 2, "shopee_verified": false, "is_adult": false, "is_preferred_plus_seller": false, "tier_variations": [{"name": "", "options": [""], "images": null, "properties": null, "type": 0}], "bundle_deal_id": 0, "can_use_bundle_deal": false, "add_on_deal_info": null, "bundle_deal_info": null, "can_use_wholesale": false, "wholesale_tier_list": [], "is_group_buy_item": null, "group_buy_info": null, "welcome_package_type": 0, "welcome_package_info": null, "tax_code": null, "invoice_option": null, "complaint_policy": null, "images": ["f772cabff15ffe6bc3558a95ffc3de1b", "f0cba132474a85adddf0aea4ec0fdc36", "7b285d9578177a26a032dff60d4277f8", "a0befa9c0e89b4a1149504ce6592fa97", "284499b66b56e4865b5bd9a3f7b5548a"], "image": "f772cabff15ffe6bc3558a95ffc3de1b", "video_info_list": null, "item_type": 0, "is_official_shop": true, "show_official_shop_label_in_title": true, "shop_location": "TP. H\u1ed3 Ch\u00ed Minh", "coin_earn_label": null, "cb_option": 0, "is_pre_order": false, "estimated_days": 2, "badge_icon_type": 0, "show_free_shipping": true, "shipping_icon_type": 0, "cod_flag": 0, "is_service_by_shopee": false, "show_original_guarantee": false, "categories": [{"catid": 100010, "display_name": "Thi\u1ebft B\u1ecb \u0110i\u1ec7n Gia D\u1ee5ng", "no_sub": false, "is_default_subcat": false}, {"catid": 100041, "display_name": "\u0110\u1ed3 gia d\u1ee5ng nh\u00e0 b\u1ebfp", "no_sub": false, "is_default_subcat": false}, {"catid": 100207, "display_name": "N\u1ed3i c\u01a1m \u0111i\u1ec7n", "no_sub": true, "is_default_subcat": false}], "other_stock": 0, "item_has_post": false, "discount_stock": 92, "current_promotion_has_reserve_stock": false, "current_promotion_reserved_stock": 0, "normal_stock": 92, "brand_id": 1695300, "is_alcohol_product": false, "show_recycling_info": false, "coin_info": {"spend_cash_unit": 100000, "coin_earn_items": [{"coin_earn": 0}]}, "models": [{"itemid": 84370525, "status": 1, "current_promotion_reserved_stock": 0, "name": "", "promotionid": 1311512953, "price": 216810000000, "price_stocks": [{"allocated_stock": 0, "stock_breakdown_by_location": null}, {"allocated_stock": null, "stock_breakdown_by_location": null}], "current_promotion_has_reserve_stock": false, "normal_stock": 92, "extinfo": {"tier_index": [0], "group_buy_info": null, "is_pre_order": false, "estimated_days": 2}, "price_before_discount": 219000000000, "modelid": 80066080012, "stock": 92, "has_gimmick_tag": false}], "spl_info": {"installment_info": null, "user_credit_info": null, "channel_id": null, "show_spl": false, "show_spl_lite": false}, "preview_info": null, "fe_categories": [{"catid": 11036971, "display_name": "Home Appliances", "no_sub": false, "is_default_subcat": false}, {"catid": 11111620, "display_name": "Electric Cookers", "no_sub": false, "is_default_subcat": false}, {"catid": 11111625, "display_name": "Rice Cookers & Steamers", "no_sub": true, "is_default_subcat": false}], "presale_info": null, "is_cc_installment_payment_eligible": false, "is_non_cc_installment_payment_eligible": false, "flash_sale": null, "upcoming_flash_sale": null, "deep_discount": null, "has_low_fulfillment_rate": false, "is_partial_fulfilled": false, "makeups": null, "shop_vouchers": null, "global_sold": null, "is_infant_milk_formula_product": false, "should_show_amp_tag": false}