{"itemid": 5343900979, "shopid": 11721690, "userid": 0, "price_max_before_discount": 58900000000, "has_lowest_price_guarantee": false, "price_before_discount": 58900000000, "price_min_before_discount": 58900000000, "exclusive_price_info": null, "hidden_price_display": null, "price_min": 55900000000, "price_max": 55900000000, "price": 55900000000, "stock": 98, "discount": "5%", "historical_sold": 7, "sold": 0, "show_discount": 5, "raw_discount": 5, "min_purchase_limit": 0, "overall_purchase_limit": {"order_max_purchase_limit": 0, "overall_purchase_limit": null, "item_overall_quota": null, "start_date": null, "end_date": null}, "pack_size": null, "is_live_streaming_price": null, "name": "B\u00ecnh \u0111un si\u00eau t\u1ed1c Toshiba KT-17SH2NV", "ctime": 1595859240, "item_status": "normal", "status": 1, "condition": 1, "catid": 100010, "description": "An to\u00e0n v\u1edbi t\u00ednh n\u0103ng t\u1ef1 ng\u1eaft khi n\u01b0\u1edbc s\u00f4i v\u00e0 c\u1ea1n n\u01b0\u1edbc.\nC\u00f4ng su\u1ea5t 1850 - 2200 W, \u0111un s\u00f4i nhanh ch\u00f3ng ch\u1ec9 t\u1eeb 3 - 4 ph\u00fat.\nDung t\u00edch 1.7 l\u00edt cung c\u1ea5p \u0111\u1ee7 n\u01b0\u1edbc d\u00f9ng cho 3 - 4  ng\u01b0\u1eddi.\nCh\u1ea5t li\u1ec7u v\u1ecf v\u00e0 ru\u1ed9t b\u00ecnh b\u1eb1ng Inox SUS304 cao c\u1ea5p kh\u00f4ng g\u1ec9, d\u1ec5 v\u1ec7 sinh.\n\u0110\u1ebf ti\u1ebfp \u0111i\u1ec7n Strix b\u1ec1n b\u1ec9, xoay linh ho\u1ea1t 360 \u0111\u1ed9 gi\u00fap b\u1ea1n \u0111\u1eb7t v\u00e0 nh\u1ea5c b\u00ecnh kh\u1ecfi \u0111\u1ebf.\nTh\u01b0\u01a1ng hi\u1ec7u Nh\u1eadt B\u1ea3n, s\u1ea3n xu\u1ea5t n\u0103m 2020 - t\u1ea1i Trung Qu\u1ed1c.\n\nThi\u1ebft k\u1ebf s\u00e1ng \u0111\u1eb9p, n\u1ed5i b\u1eadt, an to\u00e0n v\u1edbi t\u00ednh n\u0103ng t\u1ef1 ng\u1eaft khi n\u01b0\u1edbc s\u00f4i v\u00e0 c\u1ea1n n\u01b0\u1edbc\nThi\u1ebft k\u1ebf an to\u00e0n v\u1edbi t\u00ednh n\u0103ng t\u1ef1 ng\u1eaft khi s\u00f4i - B\u00ecnh \u0111un si\u00eau t\u1ed1c Toshiba 1.7 l\u00edt KT-17SH2NV\n\nC\u00f3 c\u00f4ng su\u1ea5t 1850 W - 2200 W, m\u00e2m nhi\u1ec7t l\u1edbn truy\u1ec1n nhi\u1ec7t nhanh, \u0111un n\u01b0\u1edbc s\u00f4i nhanh ch\u00f3ng ch\u1ec9 t\u1eeb 3 - 4 ph\u00fat\nB\u00ecnh \u0111un si\u00eau t\u1ed1c Toshiba gi\u00fap ti\u1ebft ki\u1ec7m th\u1eddi gian v\u00e0 \u0111i\u1ec7n n\u0103ng ti\u00eau th\u1ee5.\n\nC\u00f4ng su\u1ea5t - B\u00ecnh \u0111un si\u00eau t\u1ed1c Toshiba 1.7 l\u00edt KT-17SH2NV\n\nDung t\u00edch 1.7 l\u00edt cung c\u1ea5p \u0111\u1ee7 n\u01b0\u1edbc d\u00f9ng cho 3 - 4 th\u00e0nh vi\u00ean trong nh\u00e0 b\u1ea1n\nDung t\u00edch - B\u00ecnh \u0111un si\u00eau t\u1ed1c Toshiba 1.7 l\u00edt KT-17SH2NV\n\nCh\u1ea5t li\u1ec7u v\u1ecf v\u00e0 ru\u1ed9t \u0111\u1ec1u b\u1eb1ng Inox SUS304 cao c\u1ea5p kh\u00f4ng g\u1ec9\n\u0110\u00e2y l\u00e0 lo\u1ea1i ch\u1ea5t li\u1ec7u c\u00f3 kh\u1ea3 n\u0103ng ch\u1ed1ng \u0103n m\u00f2n c\u1ef1c t\u1ed1t, \u0111\u1ed9 b\u1ec1n cao v\u00e0 c\u0169ng r\u1ea5t ti\u1ec7n v\u1ec7 sinh b\u00ecnh.\n\nCh\u1ea5t li\u1ec7u v\u1ecf v\u00e0 ru\u1ed9t b\u00ecnh - B\u00ecnh \u0111un si\u00eau t\u1ed1c Toshiba 1.7 l\u00edt KT-17SH2NV\n\n\u0110\u1ebf ti\u1ebfp \u0111i\u1ec7n Strix b\u1ec1n b\u1ec9, xoay linh ho\u1ea1t 360 \u0111\u1ed9 gi\u00fap b\u1ea1n thu\u1eadn ti\u1ec7n \u0111\u1eb7t v\u00e0 nh\u1ea5c b\u00ecnh kh\u1ecfi \u0111\u1ebf\n\u0110\u1ebf ti\u1ebfp \u0111i\u1ec7n Strix - B\u00ecnh \u0111un si\u00eau t\u1ed1c Toshiba 1.7 l\u00edt KT-17SH2NV\n\nTay c\u1ea7m b\u00ecnh \u0111un si\u00eau t\u1ed1c c\u00e1ch nhi\u1ec7t kh\u00f4ng s\u1ee3 b\u1ecb b\u1ecfng\nD\u1ec5 d\u00e0ng b\u1eadt n\u1eafp b\u00ecnh v\u1edbi 1 n\u00fat nh\u1ea5n tr\u00ean tay c\u1ea7m.\n\nTay c\u1ea7m v\u00e0 n\u00fat nh\u1ea5n m\u1edf n\u1eafp - B\u00ecnh \u0111un si\u00eau t\u1ed1c Toshiba 1.7 l\u00edt KT-17SH2NV\n\nL\u01b0u \u00fd s\u1eed d\u1ee5ng b\u00ecnh \u0111un si\u00eau t\u1ed1c:\n- Ch\u1ec9 s\u1eed d\u1ee5ng b\u00ecnh \u0111un si\u00eau t\u1ed1c \u0111\u1ec3 n\u1ea5u n\u01b0\u1edbc kh\u00f4ng d\u00f9ng \u0111\u1ec3 n\u1ea5u \u0103n, hong kh\u00f4 \u0111\u1ed3\u2026\n\n- Kh\u00f4ng \u0111\u1ed5 n\u01b0\u1edbc v\u00e0o b\u00ecnh \u00edt h\u01a1n m\u1ee9c t\u1ed1i thi\u1ec3u v\u00ec s\u1ebd l\u00e0m gi\u1ea3m \u0111\u1ed9 b\u1ec1n c\u1ee7a s\u1ea3n ph\u1ea9m.\n\n- V\u1ec7 sinh b\u00ecnh \u0111\u1ec1u \u0111\u1eb7n v\u1edbi n\u01b0\u1edbc v\u00e0 gi\u1ea5m \u0111\u1ec3 l\u00e0m s\u1ea1ch c\u1eb7n v\u00e0 kh\u1eed m\u00f9i cho b\u00ecnh \u0111un si\u00eau t\u1ed1c.\n\nB\u00ecnh \u0111un si\u00eau t\u1ed1c Toshiba 1.7 l\u00edt KT-17SH2NV, s\u1ea3n ph\u1ea9m th\u01b0\u01a1ng hi\u1ec7u Nh\u1eadt B\u1ea3n uy t\u00edn, thi\u1ebft k\u1ebf \u0111\u01a1n gi\u1ea3n, d\u1ec5 s\u1eed d\u1ee5ng. \u0110un n\u01b0\u1edbc s\u00f4i nhanh, ti\u1ebft ki\u1ec7m th\u1eddi gian c\u00f4ng s\u1ee9c cho ng\u01b0\u1eddi n\u1ed9i tr\u1ee3.", "is_mart": false, "show_shopee_verified_label": false, "size_chart": null, "reference_item_id": "", "brand": "TOSHIBA", "item_rating": {"rating_star": 5, "rating_count": [3, 0, 0, 0, 0, 3]}, "label_ids": [1003958, 1003985, 1001041, 1001051, 1001054, 1001077, 1001079, 1001084, 1001089, 1000959, 1000976, 1000975, 1001001, 1001031, 1001033, 1001039, 1001040, 1000469, 1000260, 1000258, 1000262, 1000255, 1000256, 1000257, 1000497, 1000266, 1000267, 1000271, 1000274, 1000273, 1000272, 1000278, 1000276, 1000277, 1000275, 1000535, 1000604, 1000627, 1000630, 1000637, 1000649, 1000651, 1000652, 1000659, 1000672, 1000685, 1000687, 1000697, 1000716, 1000747, 1000748, 1000758, 1000768, 1000770, 1000772, 1000788, 1000790, 1000797, 1000805, 1000312, 1000328, 1000335, 1000339, 1000333, 1000379, 1000389, 1000392, 44, 1000451, 1000458, 1000462, 1000815, 1000832, 1000856, 1000874, 1000911, 1000937, 1000938, 1000946, 1000051, 1000137, 1000145, 1000154, 1000230, 1000253, 1000254, 1000259, 1000263, 1000264, 1000265, 1000268, 1000269, 1000270, 1000279, 1001320, 1001321, 1001324, 1000334, 1000412, 1000455, 1000558, 1000643, 1000655, 1000878, 1000956, 1000957, 1000983, 1000984, 1001284, 1001391, 1001396, 1001379, 1001409, 1001412, 1001423, 1001549, 1001693, 1001728, 1001739, 1001791, 1001827, 1001857, 1001947, 1000752, 1001959, 1001961, 1002105, 1002113, 1002120, 1002130, 1002132, 1002163, 1002182, 1002232, 1002278, 1002283, 1002296, 1002373, 1002343, 1002422, 1002480, 1002501, 1002587, 1002597, 1002639, 1002644, 1002762, 1002768, 1002770, 1002785, 1002790, 1002835, 1002898, 1002962, 1002970, 1002997, 1002998, 1003110, 1003133, 1003235, 1003238, 1003239, 1003275, 1003322, 1003362, 1003443, 1003464, 1003467, 1003532, 1003533, 1003567, 1003707, 1003751, 1003769, 1000121, 1003819, 1003867, 1000300, 1003886, 1004067, 1004068, 1004078, 1004171, 1004213, 1004265, 1004293, 1004373, 1004670, 1004672, 1004764, 1004774, 1004879, 1004894, 1004921, 1004927, 1004929, 1004963, 1005026, 1005061, 1005120, 1000742, 1002603, 1000512, 1005868, 1005951, 1006016, 1006199, 1006306, 1006435, 1006483, 1006624, 1006625, 1006805, 1007155, 1007286, 1007328, 1007394, 1007516, 1007546, 1007525, 1007695, 1007627, 1007765, 1007768, 1007773, 1006856, 1008093, 1008283, 1008290, 1008313, 1008515, 1008529, 1008793, 1009058, 1009063, 1009202, 1009391, 1009427, 1009489, 1009525, 1009774, 1009763, 1009931, 1009932, 1010033, 1010111, 1010206, 1010210, 1010310, 1010350, 1010449, 1010452, 1010516, 1010518, 1010666, 1010668, 1010765, 1010797, 1010881, 1011081, 1011155, 1011229, 1011293, 1011361, 1011470, 1011654, 1011685, 1011909, 1011937, 1012134, 1012191, 1012192, 1012514, 1006578, 1006825, 1007100, 1007099, 1007262, 1005776, 1007414, 1008542], "attributes": [{"name": "Tr\u1ecdng l\u01b0\u1ee3ng", "value": "1kg", "id": 100095, "is_timestamp": false, "brand_option": null, "val_id": null}, {"name": "Xu\u1ea5t x\u1ee9", "value": "Trung Qu\u1ed1c", "id": 100037, "is_timestamp": false, "brand_option": null, "val_id": null}, {"name": "H\u1ea1n b\u1ea3o h\u00e0nh", "value": "12 th\u00e1ng", "id": 100121, "is_timestamp": false, "brand_option": null, "val_id": null}, {"name": "Lo\u1ea1i b\u1ea3o h\u00e0nh", "value": "B\u1ea3o h\u00e0nh nh\u00e0 s\u1ea3n xu\u1ea5t", "id": 100370, "is_timestamp": false, "brand_option": null, "val_id": null}, {"name": "T\u00ednh n\u0103ng \u1ea5m \u0111un n\u01b0\u1edbc", "value": "S\u00f4i nhanh, N\u00fat b\u1eadt n\u1eafp, \u0110\u00e9 xoay", "id": 100338, "is_timestamp": false, "brand_option": null, "val_id": null}, {"name": "Ch\u1ea5t li\u1ec7u", "value": "Th\u00e9p kh\u00f4ng g\u1ec9", "id": 100134, "is_timestamp": false, "brand_option": null, "val_id": null}, {"name": "\u0110i\u1ec7n \u00e1p \u0111\u1ea7u v\u00e0o", "value": "220V", "id": 100323, "is_timestamp": false, "brand_option": null, "val_id": null}, {"name": "Ti\u00eau th\u1ee5 \u0111i\u1ec7n n\u0103ng", "value": "2200W", "id": 100355, "is_timestamp": false, "brand_option": null, "val_id": null}, {"name": "Dung t\u00edch", "value": "1.7L", "id": 100278, "is_timestamp": false, "brand_option": null, "val_id": null}], "liked": false, "liked_count": 2, "cmt_count": 3, "flag": 2, "shopee_verified": false, "is_adult": false, "is_preferred_plus_seller": false, "tier_variations": [{"name": "", "options": [""], "images": null, "properties": null, "type": 0}], "bundle_deal_id": 0, "can_use_bundle_deal": false, "add_on_deal_info": null, "bundle_deal_info": null, "can_use_wholesale": false, "wholesale_tier_list": [], "is_group_buy_item": null, "group_buy_info": null, "welcome_package_type": 0, "welcome_package_info": null, "tax_code": null, "invoice_option": null, "complaint_policy": null, "images": ["75486b45d3aa72e9db3d570df110245c", "8080d0a39818d97ce0af29fd70932fd4", "8c9b96c5c059d9b45570f4a928b1ca73", "4247b8ee780a723271c5878c6628c22b"], "image": "75486b45d3aa72e9db3d570df110245c", "video_info_list": null, "item_type": 0, "is_official_shop": true, "show_official_shop_label_in_title": true, "shop_location": "TP. H\u1ed3 Ch\u00ed Minh", "coin_earn_label": null, "cb_option": 0, "is_pre_order": false, "estimated_days": 2, "badge_icon_type": 0, "show_free_shipping": true, "shipping_icon_type": 0, "cod_flag": 0, "is_service_by_shopee": false, "show_original_guarantee": false, "categories": [{"catid": 100010, "display_name": "Thi\u1ebft B\u1ecb \u0110i\u1ec7n Gia D\u1ee5ng", "no_sub": false, "is_default_subcat": false}, {"catid": 100041, "display_name": "\u0110\u1ed3 gia d\u1ee5ng nh\u00e0 b\u1ebfp", "no_sub": false, "is_default_subcat": false}, {"catid": 100191, "display_name": "\u1ea4m \u0111un si\u00eau t\u1ed1c", "no_sub": true, "is_default_subcat": false}], "other_stock": 0, "item_has_post": false, "discount_stock": 98, "current_promotion_has_reserve_stock": false, "current_promotion_reserved_stock": 0, "normal_stock": 98, "brand_id": 1695300, "is_alcohol_product": false, "show_recycling_info": false, "coin_info": {"spend_cash_unit": 100000, "coin_earn_items": [{"coin_earn": 0}]}, "models": [{"itemid": 5343900979, "status": 1, "current_promotion_reserved_stock": 0, "name": "", "promotionid": 1311512953, "price": 55900000000, "price_stocks": [{"allocated_stock": 0, "stock_breakdown_by_location": null}, {"allocated_stock": null, "stock_breakdown_by_location": null}], "current_promotion_has_reserve_stock": false, "normal_stock": 98, "extinfo": {"tier_index": [0], "group_buy_info": null, "is_pre_order": false, "estimated_days": 2}, "price_before_discount": 58900000000, "modelid": 50422012329, "stock": 98, "has_gimmick_tag": false}], "spl_info": {"installment_info": null, "user_credit_info": null, "channel_id": null, "show_spl": false, "show_spl_lite": false}, "preview_info": null, "fe_categories": [{"catid": 11036971, "display_name": "Home Appliances", "no_sub": false, "is_default_subcat": false}, {"catid": 11036972, "display_name": "Kitchen Appliances", "no_sub": false, "is_default_subcat": false}, {"catid": 11036979, "display_name": "Electric Kettles & Thermo Pots", "no_sub": true, "is_default_subcat": false}], "presale_info": null, "is_cc_installment_payment_eligible": false, "is_non_cc_installment_payment_eligible": false, "flash_sale": null, "upcoming_flash_sale": null, "deep_discount": null, "has_low_fulfillment_rate": false, "is_partial_fulfilled": false, "makeups": null, "shop_vouchers": null, "global_sold": null, "is_infant_milk_formula_product": false, "should_show_amp_tag": false}