{"itemid": 12838107942, "shopid": 131201661, "userid": 0, "price_max_before_discount": 229000000000, "has_lowest_price_guarantee": false, "price_before_discount": 229000000000, "price_min_before_discount": 229000000000, "exclusive_price_info": null, "hidden_price_display": null, "price_min": 189900000000, "price_max": 189900000000, "price": 189900000000, "stock": 478, "discount": "17%", "historical_sold": 122, "sold": 33, "show_discount": 17, "raw_discount": 17, "min_purchase_limit": 0, "overall_purchase_limit": {"order_max_purchase_limit": 0, "overall_purchase_limit": null, "item_overall_quota": null, "start_date": null, "end_date": null}, "pack_size": null, "is_live_streaming_price": null, "name": "[L\u01b0u COOCAA1 -500K] N\u1ed3i chi\u00ean kh\u00f4ng d\u1ea7u 4L Coocaa AF-DE1 - \u0110i\u1ec1u khi\u1ec3n \u0111i\u1ec7n t\u1eed c\u1ea3m \u1ee9ng - C\u00f4ng su\u1ea5t 1400W", "ctime": 1635391324, "item_status": "normal", "status": 1, "condition": 1, "catid": 100010, "description": "\u25b6\ufe0f N\u1ed3i chi\u00ean kh\u00f4ng d\u1ea7u coocaa \nTh\u1ef1c ph\u1ea9m kh\u00f4ng d\u1ea7u, b\u1eefa \u0103n th\u00eam an t\u00e2m\nC\u0103n b\u1ebfp kh\u1ecfe m\u1ea1nh thu nh\u1ecf tr\u00ean b\u00e0n \u0103n \nN\u01b0\u1edbng-chi\u00ean-s\u1ea5y-tr\u00e1ng mi\u1ec7ng\n\u25b6\ufe0f Gi\u1edbi thi\u1ec7u 8 ch\u1ee9c n\u0103ng n\u1ed3i chi\u00ean kh\u00f4ng d\u1ea7u\n-Chi\u00ean kh\u00f4ng d\u1ea7u t\u1ed1t cho s\u1ee9c kh\u1ecfe\n-Dung t\u00edch 4L\n-1400W c\u00f4ng su\u1ea5t\n-Nhi\u1ec7t l\u01b0\u1ee3ng lu\u00e2n chuy\u1ec3n \u0111\u1ec1u\n-C\u00f4ng th\u1ee9c n\u1ea5u \u0103n\n-T\u1ef1 \u0111\u1ed9ng ng\u1eaft \u0111i\u1ec7n khi l\u1ea5y th\u1ee9c \u0103n\n-B\u1ea3ng \u0111i\u1ec1u khi\u1ec3n c\u1ea3m \u1ee9ng m\u00e0n h\u00ecnh l\u1edbn\n-Kh\u00f4ng d\u00ednh d\u1ec5 d\u00e0ng l\u00e0m s\u1ea1ch\n\u25b6\ufe0f Ch\u1ee7 ngh\u0129a \u0103n nh\u1eb9, \u0103n th\u1ee9c \u0103n kh\u00f4ng d\u1ea7u \u00edt calo t\u1ed1t cho s\u1ee9c kh\u1ecfe\nM\u00f3n \u0103n ngon \u00edt calo cho b\u1eefa tr\u00e0 chi\u1ec1u, kh\u00f4ng d\u1ea7u t\u1ed1t cho bao t\u1eed, v\u1eeba gi\u1eef \u0111\u01b0\u1ee3c v\u00f3c d\u00e1ng c\u00e2n \u0111\u1ed1i, kh\u00f4ng lo d\u1ea7u m\u1ee1, \u0103n u\u1ed1ng l\u00e0nh m\u1ea1nh c\u00f9ng b\u1ea1n b\u00e8.\nD\u1ec5 d\u00e0ng \u1ee9ng ph\u00f3 nh\u1eefng b\u1eefa ti\u1ec7c \u0103n nh\u1ecf, v\u1edbi c\u00e1c lo\u1ea1i h\u00ecnh th\u1ee9c ch\u01b0ng h\u1ea5p \u0111i\u1ec3m t\u00e2m nh\u1eb9 nh\u00e0ng chu\u1ea9n b\u1ecb b\u1eefa \u0103n, t\u1ea1m bi\u1ec7t m\u00f3n \u0103n b\u00ean ngo\u00e0i.\nQu\u00e0 t\u1eb7ng tuy\u1ec7t v\u1eddi ch\u01b0a t\u1eebng c\u00f3\nM\u1ed9t chi\u1ebfc m\u00e1y l\u00e0m gi\u1ea3m s\u1ef1 ch\u1eadt ch\u1ed9i trong gian b\u1ebfp nh\u00e0 b\u1ea1n\nN\u1ed3i lu\u1ed9c tr\u1ee9ng -n\u1ed3i chi\u00ean -M\u00e1y s\u1ea5y kh\u00f4 hoa qu\u1ea3 -V\u1ec9 n\u01b0\u1edbng-L\u00f2 vi s\u00f3ng\n\u25b6\ufe0f 1400W Th\u01b0\u1edfng th\u1ee9c nh\u1eefng m\u00f3n \u0103n ngon v\u00e0 l\u00e0nh m\u1ea1nh ngay l\u1eadp t\u1ee9c\nNg\u1ecdn l\u1eeda c\u00f4ng su\u1ea5t cao nhanh ch\u00f3ng l\u00e0m n\u00f3ng v\u00e0 c\u00e1c nguy\u00ean li\u1ec7u \u0111\u01b0\u1ee3c n\u1ea5u ch\u00edn ho\u00e0n to\u00e0n, h\u01b0\u01a1ng v\u1ecb th\u01a1m ngon \u0103n m\u00e0 kh\u00f4ng c\u1ea7n ph\u1ea3i \u0111\u1ee3i l\u00e2u,  sau khi Ding Ding l\u00e0 \u0111\u00e3 l\u1ea5y ra kh\u1ecfi n\u1ed3i \u0111\u01b0\u1ee3c r\u1ed3i.\nTr\u1ea3i nghi\u1ec7m n\u00e2ng c\u1ea5p m\u1edbi gi\u00fap gi\u1ea3m d\u1ea7u m\u00e0 kh\u00f4ng l\u00e0m gi\u1ea3m m\u00f9i v\u1ecb m\u00f3n \u0103n\nN\u01b0\u1edbng \u0111\u1ed1i l\u01b0u ba chi\u1ec1u v\u1edbi kh\u00f4ng kh\u00ed n\u00f3ng \u0111\u01b0\u1ee3c l\u00e0m n\u00f3ng \u0111\u1ec1u\nLu\u1ed3ng kh\u00ed n\u00f3ng lu\u00e2n chuy\u1ec3n gi\u00fap lo\u1ea1i b\u1ecf d\u1ea7u th\u1eeba tr\u00ean b\u1ec1 m\u1eb7t th\u1ef1c ph\u1ea9m, t\u1ea1o th\u00e0nh l\u1edbp v\u1ecf gi\u00f2n b\u00ean ngo\u00e0i v\u00e0 m\u1ec1m b\u00ean trong, bao b\u1ecdc ho\u00e0n to\u00e0n b\u1eb1ng c\u00e1ch n\u01b0\u1edbng ba chi\u1ec1u, gi\u00fap th\u1ef1c ph\u1ea9m trong n\u1ed3i ch\u00edn \u0111\u1ec1u, kh\u00f4ng b\u1ecb l\u1eadt, ti\u1ebft ki\u1ec7m th\u1eddi gian v\u00e0 c\u00f4ng s\u1ee9c.\nQu\u1ea1t xo\u1eafn \u1ed1c\nB\u1ecf m\u1ee1 v\u00e0 da gi\u00f2n\nN\u01b0\u1edbng \u0111\u1ed1i l\u01b0u\nN\u1ea5u ch\u00edn ho\u00e0n to\u00e0n t\u1eeb b\u00ean ngo\u00e0i \u0111\u1ebfn b\u00ean trong\nTh\u01b0\u1edfng th\u1ee9c \u0111\u1ed9 gi\u00f2n m\u00e0 kh\u00f4ng c\u1ea7n th\u00eam m\u1ed9t gi\u1ecdt d\u1ea7u\n_ Chi\u00ean th\u00f4ng th\u01b0\u1eddng: V\u1ecb b\u00e9o, nhi\u1ec7t \u0111\u1ed9 d\u1ea7u cao v\u00e0 th\u1ecbt kh\u00f4\n_ Chi\u00ean kh\u00f4ng d\u1ea7u: Gi\u00f2n b\u00ean ngo\u00e0i, gi\u00f2n b\u00ean ngo\u00e0i v\u00e0 m\u1ec1m b\u00ean trong\n\u25b6\ufe0f 7 th\u1ef1c \u0111\u01a1n th\u00f4ng minh \u0111\u01b0\u1ee3c thi\u1ebft l\u1eadp s\u1eb5n theo t\u1eebng b\u01b0\u1edbc c\u1ee7a m\u1ed9t \u0111\u1ea7u b\u1ebfp b\u1eadc th\u1ea7y\nC\u00f3 7 menu th\u00f4ng minh theo th\u1ee9 t\u1ef1 \u0111\u1eb7c bi\u1ec7t v\u00e0 c\u00e1c th\u00e0nh ph\u1ea7n kh\u00e1c nhau t\u01b0\u01a1ng \u1ee9ng v\u1edbi nhi\u1ec7t \u0111\u1ed9 ri\u00eang. M\u1ecdi th\u1ee9 \u0111\u1ec1u r\u00f5 r\u00e0ng, d\u1ec5 s\u1eed d\u1ee5ng v\u00e0 kh\u00f4ng c\u1ea7n ph\u1ea3i tham kh\u1ea3o h\u01b0\u1edbng d\u1eabn nhi\u1ec1u.\nKhoai t\u00e2y chi\u00ean-C\u1eebu n\u01b0\u1edbng-B\u00e1nh pizza n\u01b0\u1edbng-N\u01b0\u1edbng b\u00e1nh-g\u00e0 r\u00e1n-B\u00f2 n\u01b0\u1edbng-C\u00e1\n\u25b6\ufe0f B\u1ea3ng \u0111i\u1ec1u khi\u1ec3n c\u1ea3m \u1ee9ng th\u00f4ng minh \u1edf ngay tr\u00ean \u0111\u1ea7u s\u1ea3n ph\u1ea9m\n\u25b6\ufe0f N\u1ed3i chi\u00ean kh\u00f4ng d\u1ea7u coocaa \nTh\u1ef1c ph\u1ea9m kh\u00f4ng d\u1ea7u, b\u1eefa \u0103n th\u00eam an t\u00e2m\nC\u0103n b\u1ebfp kh\u1ecfe m\u1ea1nh thu nh\u1ecf tr\u00ean b\u00e0n \u0103n \nN\u01b0\u1edbng-chi\u00ean-s\u1ea5y-tr\u00e1ng mi\u1ec7ng\n\u25b6\ufe0f Gi\u1edbi thi\u1ec7u 8 ch\u1ee9c n\u0103ng n\u1ed3i chi\u00ean kh\u00f4ng d\u1ea7u\n-Chi\u00ean kh\u00f4ng d\u1ea7u t\u1ed1t cho s\u1ee9c kh\u1ecfe\n-Dung t\u00edch 4L\n-1400W c\u00f4ng su\u1ea5t\n-Nhi\u1ec7t l\u01b0\u1ee3ng lu\u00e2n chuy\u1ec3n \u0111\u1ec1u\n-C\u00f4ng th\u1ee9c n\u1ea5u \u0103n\n-T\u1ef1 \u0111\u1ed9ng ng\u1eaft \u0111i\u1ec7n khi l\u1ea5y th\u1ee9c \u0103n\n-B\u1ea3ng \u0111i\u1ec1u khi\u1ec3n c\u1ea3m \u1ee9ng m\u00e0n h\u00ecnh l\u1edbn\n-Kh\u00f4ng d\u00ednh d\u1ec5 d\u00e0ng l\u00e0m s\u1ea1ch\n\u25b6\ufe0f Ch\u1ee7 ngh\u0129a \u0103n nh\u1eb9, \u0103n th\u1ee9c \u0103n kh\u00f4ng d\u1ea7u \u00edt calo t\u1ed1t cho s\u1ee9c kh\u1ecfe\nM\u00f3n \u0103n ngon \u00edt calo cho b\u1eefa tr\u00e0 chi\u1ec1u, kh\u00f4ng d\u1ea7u t\u1ed1t cho bao t\u1eed, v\u1eeba gi\u1eef \u0111\u01b0\u1ee3c v\u00f3c d\u00e1ng c\u00e2n \u0111\u1ed1i, kh\u00f4ng lo d\u1ea7u m\u1ee1, \u0103n u\u1ed1ng l\u00e0nh m\u1ea1nh c\u00f9ng b\u1ea1n b\u00e8.\nD\u1ec5 d\u00e0ng \u1ee9ng ph\u00f3 nh\u1eefng b\u1eefa ti\u1ec7c \u0103n nh\u1ecf, v\u1edbi c\u00e1c lo\u1ea1i h\u00ecnh th\u1ee9c ch\u01b0ng h\u1ea5p \u0111i\u1ec3m t\u00e2m nh\u1eb9 nh\u00e0ng chu\u1ea9n b\u1ecb b\u1eefa \u0103n, t\u1ea1m bi\u1ec7t m\u00f3n \u0103n b\u00ean ngo\u00e0i.\nQu\u00e0 t\u1eb7ng tuy\u1ec7t v\u1eddi ch\u01b0a t\u1eebng c\u00f3\nM\u1ed9t chi\u1ebfc m\u00e1y l\u00e0m gi\u1ea3m s\u1ef1 ch\u1eadt ch\u1ed9i trong gian b\u1ebfp nh\u00e0 b\u1ea1n\nN\u1ed3i lu\u1ed9c tr\u1ee9ng -n\u1ed3i chi\u00ean -M\u00e1y s\u1ea5y kh\u00f4 hoa qu\u1ea3 -V\u1ec9 n\u01b0\u1edbng-L\u00f2 vi s\u00f3ng\n\u25b6\ufe0f 1400W Th\u01b0\u1edfng th\u1ee9c nh\u1eefng m\u00f3n \u0103n ngon v\u00e0 l\u00e0nh m\u1ea1nh ngay l\u1eadp t\u1ee9c\nNg\u1ecdn l\u1eeda c\u00f4ng su\u1ea5t cao nhanh ch\u00f3ng l\u00e0m n\u00f3ng v\u00e0 c\u00e1c nguy\u00ean li\u1ec7u \u0111\u01b0\u1ee3c n\u1ea5u ch\u00edn ho\u00e0n to\u00e0n, h\u01b0\u01a1ng v\u1ecb th\u01a1m ngon \u0103n m\u00e0 kh\u00f4ng c\u1ea7n ph\u1ea3i \u0111\u1ee3i l\u00e2u,  sau khi Ding Ding l\u00e0 \u0111\u00e3 l\u1ea5y ra kh\u1ecfi n\u1ed3i \u0111\u01b0\u1ee3c r\u1ed3i.\nTr\u1ea3i nghi\u1ec7m n\u00e2ng c\u1ea5p m\u1edbi gi\u00fap gi\u1ea3m d\u1ea7u m\u00e0 kh\u00f4ng l\u00e0m gi\u1ea3m m\u00f9i v\u1ecb m\u00f3n \u0103n\nN\u01b0\u1edbng \u0111\u1ed1i l\u01b0u ba chi\u1ec1u v\u1edbi kh\u00f4ng kh\u00ed n\u00f3ng \u0111\u01b0\u1ee3c l\u00e0m n\u00f3ng \u0111\u1ec1u\nLu\u1ed3ng kh\u00ed n\u00f3ng lu\u00e2n chuy\u1ec3n gi\u00fap lo\u1ea1i b\u1ecf d\u1ea7u th\u1eeba tr\u00ean b\u1ec1 m\u1eb7t th\u1ef1c ph\u1ea9m, t\u1ea1o th\u00e0nh l\u1edbp v\u1ecf gi\u00f2n b\u00ean ngo\u00e0i v\u00e0 m\u1ec1m b\u00ean trong, bao b\u1ecdc ho\u00e0n to\u00e0n b\u1eb1ng c\u00e1ch n\u01b0\u1edbng ba chi\u1ec1u, gi\u00fap th\u1ef1c ph\u1ea9m trong n\u1ed3i ch\u00edn \u0111\u1ec1u, kh\u00f4ng b\u1ecb l\u1eadt, ti\u1ebft ki\u1ec7m th\u1eddi gian v\u00e0 c\u00f4ng s\u1ee9c.\nQu\u1ea1t xo\u1eafn \u1ed1c\nB\u1ecf m\u1ee1 v\u00e0 da gi\u00f2n\nN\u01b0\u1edbng \u0111\u1ed1i l\u01b0u\nN\u1ea5u ch\u00edn ho\u00e0n to\u00e0n t\u1eeb b\u00ean ngo\u00e0i \u0111\u1ebfn b\u00ean trong\nTh\u01b0\u1edfng th\u1ee9c \u0111\u1ed9 gi\u00f2n m\u00e0 kh\u00f4ng c\u1ea7n th\u00eam m\u1ed9t gi\u1ecdt d\u1ea7u\n_ Chi\u00ean th\u00f4ng th\u01b0\u1eddng: V\u1ecb b\u00e9o, nhi\u1ec7t \u0111\u1ed9 d\u1ea7u cao v\u00e0 th\u1ecbt kh\u00f4\n_ Chi\u00ean kh\u00f4ng d\u1ea7u: Gi\u00f2n b\u00ean ngo\u00e0i, gi\u00f2n b\u00ean ngo\u00e0i v\u00e0 m\u1ec1m b\u00ean trong\n\u25b6\ufe0f 7 th\u1ef1c \u0111\u01a1n th\u00f4ng minh \u0111\u01b0\u1ee3c thi\u1ebft l\u1eadp s\u1eb5n theo t\u1eebng b\u01b0\u1edbc c\u1ee7a m\u1ed9t \u0111\u1ea7u b\u1ebfp b\u1eadc th\u1ea7y\nC\u00f3 7 menu th\u00f4ng minh theo th\u1ee9 t\u1ef1 \u0111\u1eb7c bi\u1ec7t v\u00e0 c\u00e1c th\u00e0nh ph\u1ea7n kh\u00e1c nhau t\u01b0\u01a1ng \u1ee9ng v\u1edbi nhi\u1ec7t \u0111\u1ed9 ri\u00eang. M\u1ecdi th\u1ee9 \u0111\u1ec1u r\u00f5 r\u00e0ng, d\u1ec5 s\u1eed d\u1ee5ng v\u00e0 kh\u00f4ng c\u1ea7n ph\u1ea3i tham kh\u1ea3o h\u01b0\u1edbng d\u1eabn nhi\u1ec1u.\nKhoai t\u00e2y chi\u00ean-C\u1eebu n\u01b0\u1edbng-B\u00e1nh pizza n\u01b0\u1edbng-N\u01b0\u1edbng b\u00e1nh-g\u00e0 r\u00e1n-B\u00f2 n\u01b0\u1edbng-C\u00e1\n\u25b6\ufe0f B\u1ea3ng \u0111i\u1ec1u khi\u1ec3n c\u1ea3m \u1ee9ng th\u00f4ng minh \u1edf ngay tr\u00ean \u0111\u1ea7u s\u1ea3n ph\u1ea9m", "is_mart": false, "show_shopee_verified_label": false, "size_chart": null, "reference_item_id": "", "brand": "coocaa", "item_rating": {"rating_star": 5, "rating_count": [68, 0, 0, 0, 0, 68]}, "label_ids": [1003974, 1000182, 1001042, 1001070, 1001011, 1001022, 1000262, 1000258, 1000260, 1000255, 1000256, 1000263, 1000254, 1000257, 1000265, 1000264, 1000267, 1000266, 1000268, 1000270, 1000269, 1000274, 1000272, 1000271, 1000273, 1000276, 1000277, 1000278, 1000275, 1000651, 1000660, 1000672, 1000674, 1000677, 1000696, 1000710, 1000279, 1000815, 1000826, 1000883, 1000908, 1000927, 1000948, 1000155, 1000156, 1000157, 1000259, 1000150, 1001035, 1001412, 1001509, 1001613, 1001975, 1001978, 1002163, 1002190, 1002232, 1002289, 1002291, 1002373, 1002424, 1002480, 1002579, 1002639, 1002768, 1002770, 1002861, 1002863, 1002898, 1002965, 1002966, 1002997, 1002998, 1003118, 1003117, 1003280, 1003448, 1003449, 1003466, 1003750, 1000121, 1003866, 1003868, 1004149, 1004292, 1004412, 1004413, 1004530, 1004689, 1004870, 1005000, 1005330, 1005544, 1005829, 1006159, 1006306, 1006331, 1006435, 1006480, 1006483, 1006624, 44, 1006805, 1007155, 1007286, 1007328, 1007394, 1007516, 1007546, 1007525, 1007631, 1007765, 1007768, 1007773, 1006856, 1007975, 1008223, 1008283, 1008290, 1008313, 1008515, 1008529, 1008632, 1008793, 1009058, 1009063, 1009190, 1009198, 1009374, 1009427, 1009522, 1009525, 1009774, 1009763, 1009931, 1010033, 1010111, 1010210, 1010310, 1010449, 1010452, 1010666, 1010668, 1010797, 1010881, 1011155, 1011293, 1011470, 1011654, 1011685, 1011843, 1011909, 1012191, 1012192, 1012514, 1001044, 1010425, 1004367, 1011226, 1011193, 1011294, 1011378, 1011387, 1011618, 1011619, 1011627, 1011629, 1011912, 1011918, 1011933, 1012011, 1012033, 1012038, 1012089, 1006619, 1012458, 1012551, 1012627, 1000990], "attributes": [{"name": "Xu\u1ea5t x\u1ee9", "value": "Trung Qu\u1ed1c", "id": 100037, "is_timestamp": false, "brand_option": null, "val_id": null}, {"name": "H\u1ea1n b\u1ea3o h\u00e0nh", "value": "12 th\u00e1ng", "id": 100121, "is_timestamp": false, "brand_option": null, "val_id": null}, {"name": "Lo\u1ea1i b\u1ea3o h\u00e0nh", "value": "B\u1ea3o h\u00e0nh qu\u1ed1c t\u1ebf", "id": 100370, "is_timestamp": false, "brand_option": null, "val_id": null}, {"name": "T\u00ednh n\u0103ng n\u1ed3i chi\u00ean kh\u00f4ng d\u1ea7u", "value": "\u0110i\u1ec1u khi\u1ec3n c\u1ea3m \u1ee9ng", "id": 100292, "is_timestamp": false, "brand_option": null, "val_id": null}, {"name": "Dung t\u00edch", "value": "4.0L", "id": 100278, "is_timestamp": false, "brand_option": null, "val_id": null}, {"name": "\u0110i\u1ec7n \u00e1p \u0111\u1ea7u v\u00e0o", "value": "220.0V", "id": 100323, "is_timestamp": false, "brand_option": null, "val_id": null}, {"name": "Ti\u00eau th\u1ee5 \u0111i\u1ec7n n\u0103ng", "value": "1500.0W", "id": 100355, "is_timestamp": false, "brand_option": null, "val_id": null}, {"name": "Tr\u1ecdng l\u01b0\u1ee3ng", "value": "8.0kg", "id": 100095, "is_timestamp": false, "brand_option": null, "val_id": null}, {"name": "K\u00edch th\u01b0\u1edbc (d\u00e0i x r\u1ed9ng x cao)", "value": "35x30.2x29.2", "id": 100942, "is_timestamp": false, "brand_option": null, "val_id": null}], "liked": false, "liked_count": 73, "cmt_count": 68, "flag": 0, "shopee_verified": false, "is_adult": false, "is_preferred_plus_seller": false, "tier_variations": [{"name": "", "options": [""], "images": null, "properties": null, "type": 0}], "bundle_deal_id": 0, "can_use_bundle_deal": false, "add_on_deal_info": null, "bundle_deal_info": null, "can_use_wholesale": false, "wholesale_tier_list": [], "is_group_buy_item": null, "group_buy_info": null, "welcome_package_type": 0, "welcome_package_info": null, "tax_code": null, "invoice_option": null, "complaint_policy": null, "images": ["3ff6d1573b53ad8b2c59c5c708e05fa5", "c4f1dde0c32eed27ba1ed2e77cbdaab2", "125b76d1e4ce7b00df4a4b079566f224", "9f824a69680edbc010791c0e0f73f4dd", "f1cd0e8a392096a18b0faaa9eacaca13", "5d15621ecddda308c9829e10fd417b04", "feb6ccf1af840564a27851dc1778121b"], "image": "3ff6d1573b53ad8b2c59c5c708e05fa5", "video_info_list": [{"video_id": "1b3073b65ff11e918204981ed68f6844", "thumb_url": "5b0bee0cb3d8b900cd64e2ad53b15479", "duration": 52, "version": 2, "vid": "sg_b39ad5b1-57e6-473f-937c-c592dae32f32_000081", "formats": [{"format": 660011, "defn": "V720P", "profile": "MP4", "path": "", "url": "http://play-ws.vod.shopee.com/c3/98934353/105/AmM1RlkANFyuIvQhLwEN9c5G.mp4", "width": 1280, "height": 1280}], "default_format": {"format": 100001, "defn": "ORI", "profile": "MP4", "path": "", "url": "http://1500000774.vod2.myqcloud.com/14092670vodsgp1500000774/4bd8ef668602268011598343852/ilhg6ArFfr8A.mp4", "width": 1536, "height": 1536}}], "item_type": 0, "is_official_shop": true, "show_official_shop_label_in_title": true, "shop_location": "TP. H\u1ed3 Ch\u00ed Minh", "coin_earn_label": null, "cb_option": 0, "is_pre_order": false, "estimated_days": 2, "badge_icon_type": 0, "show_free_shipping": false, "shipping_icon_type": 0, "cod_flag": 0, "is_service_by_shopee": false, "show_original_guarantee": false, "categories": [{"catid": 100010, "display_name": "Thi\u1ebft B\u1ecb \u0110i\u1ec7n Gia D\u1ee5ng", "no_sub": false, "is_default_subcat": false}, {"catid": 100041, "display_name": "\u0110\u1ed3 gia d\u1ee5ng nh\u00e0 b\u1ebfp", "no_sub": false, "is_default_subcat": false}, {"catid": 100198, "display_name": "N\u1ed3i chi\u00ean kh\u00f4ng d\u1ea7u", "no_sub": true, "is_default_subcat": false}], "other_stock": 0, "item_has_post": true, "discount_stock": 478, "current_promotion_has_reserve_stock": false, "current_promotion_reserved_stock": 0, "normal_stock": 478, "brand_id": 1256736, "is_alcohol_product": false, "show_recycling_info": false, "coin_info": {"spend_cash_unit": 100000, "coin_earn_items": [{"coin_earn": 0}]}, "models": [{"itemid": 12838107942, "status": 1, "current_promotion_reserved_stock": 0, "name": "", "promotionid": 1314712571, "price": 189900000000, "price_stocks": [{"allocated_stock": 0, "stock_breakdown_by_location": null}, {"allocated_stock": null, "stock_breakdown_by_location": [{"location_id": "VNZ", "available_stock": 478, "fulfilment_type": 2, "address_id": null}]}], "current_promotion_has_reserve_stock": false, "normal_stock": 478, "extinfo": {"tier_index": [0], "group_buy_info": null, "is_pre_order": false, "estimated_days": 2}, "price_before_discount": 229000000000, "modelid": 27886859457, "stock": 478, "has_gimmick_tag": false}], "spl_info": {"installment_info": null, "user_credit_info": null, "channel_id": null, "show_spl": false, "show_spl_lite": false}, "preview_info": null, "fe_categories": [{"catid": 11036971, "display_name": "Home Appliances", "no_sub": false, "is_default_subcat": false}, {"catid": 11111620, "display_name": "Electric Cookers", "no_sub": false, "is_default_subcat": false}, {"catid": 11111626, "display_name": "Fryers", "no_sub": true, "is_default_subcat": false}], "presale_info": null, "is_cc_installment_payment_eligible": false, "is_non_cc_installment_payment_eligible": false, "flash_sale": null, "upcoming_flash_sale": null, "deep_discount": null, "has_low_fulfillment_rate": false, "is_partial_fulfilled": true, "makeups": null, "shop_vouchers": null, "global_sold": null, "is_infant_milk_formula_product": false, "should_show_amp_tag": false}