{"itemid": 15300605188, "shopid": 136097133, "userid": 0, "price_max_before_discount": 499000000000, "has_lowest_price_guarantee": false, "price_before_discount": 499000000000, "price_min_before_discount": 499000000000, "exclusive_price_info": null, "hidden_price_display": null, "price_min": 439900000000, "price_max": 439900000000, "price": 439900000000, "stock": 15, "discount": "12%", "historical_sold": 0, "sold": 0, "show_discount": 12, "raw_discount": 12, "min_purchase_limit": 0, "overall_purchase_limit": {"order_max_purchase_limit": 0, "overall_purchase_limit": null, "item_overall_quota": null, "start_date": null, "end_date": null}, "pack_size": null, "is_live_streaming_price": null, "name": "B\u00e0n \u1ee7i h\u01a1i n\u01b0\u1edbc \u0111\u1ee9ng Philips GC576", "ctime": 1637115430, "item_status": "normal", "status": 1, "condition": 1, "catid": 100010, "description": " *** M\u00d4 T\u1ea2 S\u1ea2N PH\u1ea8M: B\u00e0n \u1ee7i h\u01a1i n\u01b0\u1edbc \u0111\u1ee9ng Philips GC576\nB\u00e0n \u1ee7i h\u01a1i n\u01b0\u1edbc \u0111\u1ee9ng Philips GC576  m\u00e0u v\u00e0ng \u0111\u1ed3ng sang tr\u1ecdng, ki\u1ec3u d\u00e1ng hi\u1ec7n \u0111\u1ea1i, \u1ee7i \u0111\u1ed3 ti\u1ec7n l\u1ee3i, th\u00edch h\u1ee3p d\u00f9ng trong gia \u0111\u00ecnh, c\u1eeda h\u00e0ng, kh\u00e1ch s\u1ea1n...\nM\u00e0u v\u00e0ng \u0111\u1ed3ng sang tr\u1ecdng, ki\u1ec3u b\u00e0n \u1ee7i h\u01a1i n\u01b0\u1edbc \u0111\u1ee9ng hi\u1ec7n \u0111\u1ea1i - B\u00e0n \u1ee7i h\u01a1i n\u01b0\u1edbc \u0111\u1ee9ng Philips GC576\n\nB\u00e0n \u1ee7i thi\u1ebft l\u1eadp 5 ch\u1ebf \u0111\u1ed9 phun h\u01a1i ph\u00f9 h\u1ee3p v\u1edbi t\u1eebng lo\u1ea1i qu\u1ea7n \u00e1o kh\u00e1c nhau\nN\u00ean ch\u1ecdn ch\u1ebf \u0111\u1ed9 phun h\u01a1i th\u1ea5p cho qu\u1ea7n \u00e1o l\u00e0m b\u1eb1ng v\u1ea3i m\u1ecfng, ch\u1ebf \u0111\u1ed9 phun h\u01a1i m\u1ea1nh h\u01a1n cho v\u1ea3i d\u00e0y, \u00e1o kho\u00e1c, qu\u1ea7n jean...\n\nXem th\u00eam: Nh\u1eefng l\u1ee3i \u00edch c\u1ee7a b\u00e0n \u1ee7i h\u01a1i n\u01b0\u1edbc \u0111\u1ee9ng\n\nThi\u1ebft l\u1eadp 5 ch\u1ebf \u0111\u1ed9 phun h\u01a1i ph\u00f9 h\u1ee3p v\u1edbi t\u1eebng lo\u1ea1i qu\u1ea7n \u00e1o kh\u00e1c nhau - B\u00e0n \u1ee7i h\u01a1i n\u01b0\u1edbc \u0111\u1ee9ng Philips GC576\n\nM\u1eb7t \u0111\u1ebf ch\u1ed1ng d\u00ednh SmartFlow \u0111\u01b0\u1ee3c l\u00e0m n\u00f3ng v\u1edbi lu\u1ed3ng h\u01a1i phun ra t\u1ed1i \u01b0u, duy tr\u00ec nhi\u1ec7t \u0111\u1ed9 an to\u00e0n v\u1edbi t\u1ea5t c\u1ea3 c\u00e1c lo\u1ea1i v\u1ea3i\nNg\u0103n ch\u1eb7n h\u00ecnh th\u00e0nh v\u1ebft \u01b0\u1edbt, \u1ee7i qu\u1ea7n \u00e1o th\u1eb3ng nhanh ch\u00f3ng.\n\n\u0110\u1eb7c bi\u1ec7t m\u1eb7t \u0111\u1ebf SmartFlow k\u1ebft h\u1ee3p v\u1edbi c\u00f4ng ngh\u1ec7 \u0111\u1ea7u h\u00fat AirStretch c\u1ea3i ti\u1ebfn l\u1ef1c h\u00fat c\u00f3 th\u1ec3 \u0111i\u1ec1u ch\u1ec9nh kh\u1ea3 n\u0103ng k\u00e9o c\u0103ng m\u1eb7t v\u1ea3i nh\u1eb9 nh\u00e0ng, ti\u1ebfp c\u1eadn qu\u1ea7n \u00e1o g\u1ea7n h\u01a1n, h\u01a1i n\u01b0\u1edbc th\u1ea5m s\u00e2u, cho hi\u1ec7u qu\u1ea3 \u1ee7i \u0111\u1ed3 cao h\u01a1n so v\u1edbi khi ch\u1ec9 d\u00f9ng tay k\u00e9o c\u0103ng qu\u1ea7n \u00e1o.\n\nH\u01a1i phun ra t\u1eeb m\u1eb7t \u0111\u1ebf ti\u00eau di\u1ec7t \u0111\u1ebfn 99.9% vi khu\u1ea9n tr\u00ean qu\u1ea7n \u00e1o, cho qu\u1ea7n \u00e1o s\u1ea1ch s\u1ebd, t\u0103ng \u0111\u1ed9 b\u1ec1n h\u01a1n.\n\nM\u1eb7t \u0111\u1ebf ch\u1ed1ng d\u00ednh SmartFlow - B\u00e0n \u1ee7i h\u01a1i n\u01b0\u1edbc \u0111\u1ee9ng Philips GC576\n\nB\u00ecnh ch\u1ee9a n\u01b0\u1edbc dung t\u00edch l\u1edbn 1.8 l\u00edt, \u1ee7i \u0111\u01b0\u1ee3c nhi\u1ec1u qu\u1ea7n \u00e1o c\u00f9ng l\u00fac, kh\u00f4ng c\u1ea7n ch\u00e2m n\u01b0\u1edbc nhi\u1ec1u l\u1ea7n v\u00e0o b\u00ecnh ch\u1ee9a\n B\u00e0n \u1ee7i h\u01a1i n\u01b0\u1edbc \u0111\u1ee9ng s\u1eed d\u1ee5ng b\u1ec1n l\u00e2u, an to\u00e0n v\u1edbi t\u00ednh n\u0103ng t\u1ef1 \u0111\u1ed9ng chuy\u1ec3n v\u1ec1 ch\u1ebf \u0111\u1ed9 ch\u1edd khi b\u00ecnh c\u1ea1n n\u01b0\u1edbc, cho ng\u01b0\u1eddi d\u00f9ng y\u00ean t\u00e2m khi s\u1eed d\u1ee5ng, nh\u1ea5t l\u00e0 trong tr\u01b0\u1eddng h\u1ee3p qu\u00ean t\u1eaft b\u00e0n \u1ee7i.\n\nB\u00ecnh ch\u1ee9a n\u01b0\u1edbc dung t\u00edch l\u1edbn 1.8 l\u00edt - B\u00e0n \u1ee7i h\u01a1i n\u01b0\u1edbc \u0111\u1ee9ng Philips GC576\n\nCh\u1ee9c n\u0103ng x\u1ea3 c\u1eb7n b\u00ecnh ch\u1ee9a De-Calc, \u0111\u1ea3m b\u1ea3o b\u00ecnh lu\u00f4n s\u1ea1ch s\u1ebd, n\u01b0\u1edbc kh\u00f4ng l\u1eabn t\u1ea1p ch\u1ea5t, tr\u00e1nh cho qu\u1ea7n \u00e1o b\u1ecb \u1ed1 v\u00e0ng t\u1ed1i \u0111a\nCh\u1ee9c n\u0103ng x\u1ea3 c\u1eb7n b\u00ecnh ch\u1ee9a, \u0111\u1ea3m b\u1ea3o b\u00ecnh lu\u00f4n s\u1ea1ch s\u1ebd - B\u00e0n \u1ee7i h\u01a1i n\u01b0\u1edbc \u0111\u1ee9ng Philips GC576\n\nT\u00ednh n\u0103ng kh\u00f3a c\u1ed1 \u0111\u1ecbnh m\u00f3c treo Hang&Lock gi\u1eef qu\u1ea7n \u00e1o c\u1ed1 \u0111\u1ecbnh tr\u00ean m\u00f3c treo, d\u00f9 m\u00f3c \u0111ung \u0111\u01b0a th\u00ec qu\u1ea7n \u00e1o v\u1eabn kh\u00f4ng r\u01a1i r\u1edbt xu\u1ed1ng\nT\u00ednh n\u0103ng kh\u00f3a c\u1ed1 \u0111\u1ecbnh m\u00f3c treo Hang&Lock gi\u1eef qu\u1ea7n \u00e1o c\u1ed1 \u0111\u1ecbnh tr\u00ean m\u00f3c treo - B\u00e0n \u1ee7i h\u01a1i n\u01b0\u1edbc \u0111\u1ee9ng Philips GC576\n\nThi\u1ebft k\u1ebf 2 tr\u1ee5 b\u00e0n \u1ee7i c\u00f3 th\u1ec3 \u0111i\u1ec1u ch\u1ec9nh linh ho\u1ea1t\nNgo\u00e0i ra, \u0111i k\u00e8m b\u00e0n \u1ee7i c\u00f2n c\u00f3 2 k\u1eb9p qu\u1ea7n \u00e1o, k\u1eb9p x\u1ebfp ly gi\u00fap t\u1ea1o \u0111\u01b0\u1eddng ly d\u1ec5 d\u00e0ng, \u1ee7i qu\u1ea7n \u00e1o d\u00e0y nhanh ch\u00f3ng v\u1edbi b\u00e0n ch\u1ea3i v\u1ea3i v\u00e0 g\u0103ng tay c\u00e1ch nhi\u1ec7t cho vi\u1ec7c \u1ee7i \u0111\u1ed3 th\u00eam thu\u1eadn ti\u1ec7n.\n\n\n**TH\u00d4NG S\u1ed0 K\u1ef8 THU\u1eacT: B\u00e0n \u1ee7i h\u01a1i n\u01b0\u1edbc \u0111\u1ee9ng Philips GC576\nLo\u1ea1i b\u00e0n \u1ee7i\nB\u00e0n \u1ee7i h\u01a1i n\u01b0\u1edbc \u0111\u1ee9ng\nC\u00f4ng su\u1ea5t\n2200W\nB\u00ecnh n\u01b0\u1edbc\n1800 ml\nM\u1eb7t \u0111\u1ebf\nCeramic ch\u1ed1ng d\u00ednh\nCh\u1ee9c n\u0103ng\n\u1ee6i h\u01a1i n\u01b0\u1edbc\nTi\u1ec7n \u00edch\nN\u00fat tr\u01b0\u1ee3t x\u1ea3 c\u1eb7n\u1ee6i qu\u1ea7n \u00e1o treo\nCh\u1ebf \u0111\u1ed9 an to\u00e0n\nT\u1ef1 \u0111\u1ed9ng chuy\u1ec3n v\u1ec1 ch\u1ebf \u0111\u1ed9 ch\u1edd khi c\u1ea1n n\u01b0\u1edbc\nK\u00edch th\u01b0\u1edbc\nNgang 37 cm - Cao 148 cm - 178 cm - S\u00e2u 33 cm\nTr\u1ecdng l\u01b0\u1ee3ng\n5 kg\nS\u1ea3n xu\u1ea5t t\u1ea1i\nTrung Qu\u1ed1c\n\n\n\n#smilemart\n#banuihoinuoc\n#banuihoinuocdung\n#gc576\n#banuihoinuocphilips\n#philips", "is_mart": false, "show_shopee_verified_label": false, "size_chart": null, "reference_item_id": "", "brand": "PHILIPS", "item_rating": {"rating_star": 0, "rating_count": [0, 0, 0, 0, 0, 0]}, "label_ids": [1001051, 1001067, 1001075, 1001079, 1001087, 1000959, 1000619, 1000969, 1000976, 1000975, 1000982, 1000987, 1001001, 1001005, 1001012, 1001013, 1001018, 1001033, 1001037, 1001038, 1001040, 1000259, 1000258, 1000260, 1000262, 1000255, 1000254, 1000256, 1000257, 1000518, 1000520, 1000266, 1000269, 1000267, 1000270, 1000268, 1000271, 1000274, 1000272, 1000273, 1000277, 1000276, 1000278, 1000275, 1000595, 1000604, 1000615, 1000652, 1000660, 1000687, 1000697, 1000710, 1000716, 1000746, 1000748, 1000749, 1000752, 1000775, 1000767, 1000768, 1000790, 1000805, 1000279, 44, 1000320, 1000333, 1000339, 1000347, 1000349, 1000419, 1000445, 1000451, 1000462, 1000469, 1000844, 1000847, 1000856, 1000867, 1000477, 1000874, 1000904, 1000931, 1000939, 1000938, 1000946, 1000263, 1000265, 1000264, 1001321, 1001324, 1001351, 1001353, 1000412, 1000455, 1000558, 1000643, 1000735, 1000878, 1000956, 1000957, 1000983, 1000984, 1001388, 1001396, 1001398, 1001043, 1001409, 1000967, 1001419, 1001420, 1001418, 1001549, 1001711, 1001733, 1001734, 1001739, 1001791, 1001857, 1001947, 1001948, 1002071, 1002100, 1002105, 1002120, 1002182, 1002181, 1002261, 1002278, 1002282, 1002283, 1002407, 1002409, 1002501, 1002644, 1002695, 1002683, 1002716, 1002756, 1002772, 1002785, 1002789, 1002790, 1002792, 1002895, 1002899, 1002900, 1002908, 1002909, 1002962, 1002991, 1003110, 1003169, 1003235, 1003239, 1003258, 1003259, 1003362, 1003751, 1003777, 1000121, 1000300, 1003928, 1000742, 1002498, 1002603, 1000512, 1004078, 1004111, 1004211, 1004293, 1004341, 1004360, 1004420, 1004423, 1004590, 1004670, 1004764, 1004774, 1004894, 1004897, 1004921, 1004929, 1004963, 1004983, 1005026, 1005061, 1005120, 1005261, 1005829, 1006199, 1006306, 1006331, 1006625, 1006805, 1007155, 1007328, 1007394, 1007516, 1007546, 1007525, 1007589, 1007627, 1007765, 1007768, 1007773, 1006856, 1008283, 1008290, 1008313, 1008515, 1008529, 1008755, 1008793, 1008875, 1009058, 1009063, 1009427, 1009525, 1009774, 1009763, 1009932, 1010033, 1010111, 1010206, 1010210, 1010310, 1010350, 1010449, 1010452, 1010516, 1010518, 1010666, 1010668, 1010765, 1010797, 1010881, 1011081, 1011155, 1011229, 1011293, 1011361, 1011470, 1011654, 1011685, 1011909, 1012191, 1012192, 1012514], "attributes": [{"name": "Xu\u1ea5t x\u1ee9", "value": "Trung Qu\u1ed1c", "id": 100037, "is_timestamp": false, "brand_option": null, "val_id": null}, {"name": "H\u1ea1n b\u1ea3o h\u00e0nh", "value": "24 th\u00e1ng", "id": 100121, "is_timestamp": false, "brand_option": null, "val_id": null}, {"name": "Lo\u1ea1i b\u1ea3o h\u00e0nh", "value": "B\u1ea3o h\u00e0nh nh\u00e0 s\u1ea3n xu\u1ea5t", "id": 100370, "is_timestamp": false, "brand_option": null, "val_id": null}, {"name": "\u0110i\u1ec7n \u00e1p \u0111\u1ea7u v\u00e0o", "value": "220V", "id": 100323, "is_timestamp": false, "brand_option": null, "val_id": null}, {"name": "Ti\u00eau th\u1ee5 \u0111i\u1ec7n n\u0103ng", "value": "2200W", "id": 100355, "is_timestamp": false, "brand_option": null, "val_id": null}], "liked": false, "liked_count": 0, "cmt_count": 0, "flag": 0, "shopee_verified": false, "is_adult": false, "is_preferred_plus_seller": false, "tier_variations": [{"name": "", "options": [""], "images": null, "properties": null, "type": 0}], "bundle_deal_id": 0, "can_use_bundle_deal": false, "add_on_deal_info": null, "bundle_deal_info": null, "can_use_wholesale": false, "wholesale_tier_list": [], "is_group_buy_item": null, "group_buy_info": null, "welcome_package_type": 0, "welcome_package_info": null, "tax_code": null, "invoice_option": null, "complaint_policy": null, "images": ["b7d56b799495b604b67db9777020b5f3", "abb50158f1697f6f9c7ace32c10f1432", "6bbf4c3c5a3b51c20d55110140462ad6", "188251a422b635d25cd4422bbd7abf45", "fd2583114395ecb40ef3b48d8c2a1f24"], "image": "b7d56b799495b604b67db9777020b5f3", "video_info_list": null, "item_type": 0, "is_official_shop": true, "show_official_shop_label_in_title": true, "shop_location": "H\u00e0 N\u1ed9i", "coin_earn_label": null, "cb_option": 0, "is_pre_order": false, "estimated_days": 2, "badge_icon_type": 0, "show_free_shipping": false, "shipping_icon_type": 0, "cod_flag": 0, "is_service_by_shopee": false, "show_original_guarantee": false, "categories": [{"catid": 100010, "display_name": "Thi\u1ebft B\u1ecb \u0110i\u1ec7n Gia D\u1ee5ng", "no_sub": false, "is_default_subcat": false}, {"catid": 100038, "display_name": "Thi\u1ebft b\u1ecb \u0111i\u1ec7n gia d\u1ee5ng nh\u1ecf", "no_sub": false, "is_default_subcat": false}, {"catid": 100175, "display_name": "B\u00e0n l\u00e0 kh\u00f4 & H\u01a1i n\u01b0\u1edbc", "no_sub": true, "is_default_subcat": false}], "other_stock": 0, "item_has_post": false, "discount_stock": 15, "current_promotion_has_reserve_stock": false, "current_promotion_reserved_stock": 0, "normal_stock": 15, "brand_id": 1144601, "is_alcohol_product": false, "show_recycling_info": false, "coin_info": {"spend_cash_unit": 100000, "coin_earn_items": [{"coin_earn": 0}]}, "models": [{"itemid": 15300605188, "status": 1, "current_promotion_reserved_stock": 0, "name": "", "promotionid": 1299436484, "price": 439900000000, "price_stocks": [{"allocated_stock": 0, "stock_breakdown_by_location": null}, {"allocated_stock": null, "stock_breakdown_by_location": null}], "current_promotion_has_reserve_stock": false, "normal_stock": 15, "extinfo": {"tier_index": [0], "group_buy_info": null, "is_pre_order": null, "estimated_days": 2}, "price_before_discount": 499000000000, "modelid": 85894406122, "stock": 15, "has_gimmick_tag": false}], "spl_info": {"installment_info": null, "user_credit_info": null, "channel_id": null, "show_spl": false, "show_spl_lite": false}, "preview_info": null, "fe_categories": [{"catid": 11036971, "display_name": "Home Appliances", "no_sub": false, "is_default_subcat": false}, {"catid": 11037016, "display_name": "Garment Care", "no_sub": false, "is_default_subcat": false}, {"catid": 11037018, "display_name": "Steam Irons", "no_sub": true, "is_default_subcat": false}], "presale_info": null, "is_cc_installment_payment_eligible": true, "is_non_cc_installment_payment_eligible": false, "flash_sale": null, "upcoming_flash_sale": null, "deep_discount": null, "has_low_fulfillment_rate": false, "is_partial_fulfilled": false, "makeups": null, "shop_vouchers": null, "global_sold": null, "is_infant_milk_formula_product": false, "should_show_amp_tag": false}