{"itemid": 7392791903, "shopid": 136097133, "userid": 0, "price_max_before_discount": 594900000000, "has_lowest_price_guarantee": false, "price_before_discount": 594900000000, "price_min_before_discount": 594900000000, "exclusive_price_info": null, "hidden_price_display": null, "price_min": 519900000000, "price_max": 519900000000, "price": 519900000000, "stock": 26, "discount": "13%", "historical_sold": 4, "sold": 0, "show_discount": 13, "raw_discount": 13, "min_purchase_limit": 0, "overall_purchase_limit": {"order_max_purchase_limit": 0, "overall_purchase_limit": null, "item_overall_quota": null, "start_date": null, "end_date": null}, "pack_size": null, "is_live_streaming_price": null, "name": "N\u1ed3i c\u01a1m \u0111i\u1ec7n t\u1eed Zojirushi 1 l\u00edt NS-YSQ10-XJ - H\u00e0ng ch\u00ednh h\u00e3ng", "ctime": 1624596455, "item_status": "normal", "status": 1, "condition": 1, "catid": 100010, "description": "C\u00f4ng ngh\u1ec7 Fuzzy Logic th\u00f4ng minh\nCh\u1ee9c n\u0103ng PREMIUM n\u1ea5u c\u01a1m ngon h\u01a1n\nCh\u1ee9c n\u0103ng n\u1ea5u ch\u1eadm SLOW COOK\nCh\u1ee9c n\u0103ng n\u1ea5u ch\u00e1o \u0111\u1eb7c ho\u1eb7c lo\u00e3ng\nGABA BROWN: Ch\u1ee9c n\u0103ng n\u1ea5u g\u1ea1o l\u1ee9c\nCh\u1ebf \u0111\u1ed9 h\u00e2m n\u00f3ng l\u1ea1i nh\u01b0 l\u00fac ch\u00edn REHEATING\n9 ch\u1ee9c n\u0103ng n\u1ea5u t\u1ef1 \u0111\u1ed9ng\n\nThi\u1ebft k\u1ebf cao c\u1ea5p, hi\u1ec7n \u0111\u1ea1i\n\nN\u1ed3i c\u01a1m \u0111i\u1ec7n t\u1eed Zojirushi NS-YSQ10-XJ c\u00f3 thi\u1ebft k\u1ebf hi\u1ec7n \u0111\u1ea1i, m\u00e0u s\u1eafc sang tr\u1ecdng, t\u00f4 \u0111i\u1ec3m kh\u00f4ng gian c\u0103n b\u1ebfp c\u1ee7a b\u1ea1n. Thi\u1ebft k\u1ebf t\u1eeb ch\u1ea5t li\u1ec7u cao c\u1ea5p v\u1edbi dung t\u00edch 1 l\u00edt, l\u00f2ng n\u1ed3i ch\u1ed1ng d\u00ednh s\u1ea3n ph\u1ea9m gi\u00fap ng\u01b0\u1eddi d\u00f9ng d\u1ec5 d\u00e0ng v\u1ec7 sinh sau khi s\u1eed d\u1ee5ng. S\u1ea3n ph\u1ea9m \u0111\u01b0\u1ee3c s\u1ea3n xu\u1ea5t t\u1ea1i Nh\u1eadt B\u1ea3n v\u00e0 \u1ee9ng d\u1ee5ng c\u00f4ng ngh\u1ec7 ti\u00ean ti\u1ebfn, hi\u1ec7n \u0111\u1ea1i trong s\u1ea3n xu\u1ea5t.\n\nN\u1ed3i c\u01a1m \u0111a ch\u1ee9c n\u0103ng n\u1ea5u n\u01b0\u1edbng\n\nNS-YSQ10-XJ c\u00f3 nhi\u1ec1u ch\u01b0\u01a1ng tr\u00ecnh n\u1ea5u t\u1ef1 \u0111\u1ed9ng \u0111\u01b0\u1ee3c c\u00e0i \u0111\u1eb7t s\u1eb5n: c\u01a1m tr\u1eafng, h\u1ea7m nh\u1eeb, h\u1ed7n h\u1ee3p, sushi, ch\u00e1o, ch\u00e8, c\u01a1m n\u00e2u, GABA... B\u1ea1n c\u0169ng c\u00f3 th\u1ec3 l\u1ef1a ch\u1ecdn ch\u1ee9c n\u0103ng n\u1ea5u \u0103n t\u1ed1t cho s\u1ee9c kho\u1ebb: c\u01a1m g\u1ea1o l\u1ee9t, gi\u00fap t\u0103ng gi\u00e1 tr\u1ecb dinh d\u01b0\u1ee1ng cho ng\u01b0\u1eddi th\u00e2n, \u0111\u1eb7c bi\u1ec7t l\u00e0 ng\u01b0\u1eddi l\u1edbn tu\u1ed5i, ng\u01b0\u1eddi b\u1ec7nh hay ng\u01b0\u1eddi \u0111ang \u0103n ki\u00eang.\n\n\u0110\u1eb7c bi\u1ec7t, ngo\u00e0i ch\u1ee9c n\u0103ng t\u1ef1 \u0111\u1ed9ng gi\u1eef v\u00e0 h\u00e2m n\u00f3ng, n\u1ed3i c\u00f2n trang b\u1ecb ch\u1ebf \u0111\u1ed9 h\u00e2m n\u00f3ng l\u1ea1i nh\u01b0 l\u00fac ch\u00edn (REHEATING) thu\u1eadn ti\u1ec7n cho vi\u1ec7c chu\u1ea9n b\u1ecb b\u1eefa \u0103n c\u1ee7a m\u1ecdi ch\u1ecb em n\u1ed9i tr\u1ee3.\n\nC\u00f4ng ngh\u1ec7 Fuzzy Logic th\u00f4ng minh\n\nN\u1ed3i c\u01a1m \u0111i\u1ec7n t\u1eed Zojirushi NS-YSQ10-XJ ch\u00ednh h\u00e3ng \u1ee9ng d\u1ee5ng c\u00f4ng ngh\u1ec7 n\u1ea5u Fuzzy Logic, l\u00e0 t\u00ednh n\u0103ng v\u01b0\u1ee3t tr\u1ed9i cho n\u1ed3i c\u01a1m th\u00f4ng minh, t\u1ef1 \u0111i\u1ec1u ch\u1ec9nh nhi\u1ec7t \u0111\u1ed9 v\u00e0 th\u1eddi gian n\u1ea5u ch\u00edn ho\u00e0n h\u1ea3o.\n\nCh\u1ee9c n\u0103ng n\u1ea5u Premium, Slow Cook\n\nCh\u1ee9c n\u0103ng Premium k\u00e9o d\u00e0i th\u1eddi gian ng\u00e2m v\u00e0 h\u00e2m n\u00f3ng t\u0103ng v\u1ecb d\u1ebbo dai cho h\u1ea1t g\u1ea1o.\n\nCh\u1ee9c n\u0103ng n\u1ea5u ch\u1eadm (Slow Cook) t\u0103ng s\u1ef1 phong ph\u00fa cho th\u1ef1c \u0111\u01a1n gia \u0111\u00ecnh, ti\u1ebft ki\u1ec7m kh\u00f4ng gian kh\u00f4ng c\u1ea7n trang b\u1ecb th\u00eam n\u1ed3i h\u1ea7m nh\u1eeb ri\u00eang.\n\nNgo\u00e0i ra, n\u1ed3i c\u00f2n t\u00edch h\u1ee3p 2 ch\u1ebf \u0111\u1ed9 n\u1ea5u ch\u00e1o: Thick (\u0111\u1eb7c) v\u00e0 Thin (lo\u00e3ng) v\u00f4 c\u00f9ng thu\u1eadn ti\u1ec7n cho ng\u01b0\u1eddi d\u00f9ng.\n\nThi\u1ebft k\u1ebf ti\u1ec7n d\u1ee5ng\n\n- N\u1ed3i d\u1ec5 d\u00e0ng s\u1eed d\u1ee5ng v\u1edbi b\u1ea3ng \u0111i\u1ec1u khi\u1ec3n \u0111i\u1ec7n t\u1eed th\u00f4ng minh, c\u00f9ng m\u00e0n h\u00ecnh k\u1ef9 thu\u1eadt s\u1ed1 l\u1edbn, hi\u1ec3n th\u1ecb \u0111\u1ea7y \u0111\u1ee7, r\u00f5 r\u00e0ng c\u00e1c ch\u1ee9c n\u0103ng n\u1ea5u n\u01b0\u1edbng.\n\n- C\u00f3 quai c\u1ea7m gi\u00fap cho vi\u1ec7c di chuy\u1ec3n n\u1ed3i \u0111\u01b0\u1ee3c thu\u1eadn ti\u1ec7n.\n\n- D\u00e2y \u0111i\u1ec7n c\u00f3 th\u1ec3 th\u00e1o r\u1eddi, thu\u1eadn ti\u1ec7n trong vi\u1ec7c di chuy\u1ec3n n\u1ed3i, kh\u00f4ng b\u1ecb v\u01b0\u1edbng v\u00edu.\n\n- N\u1eafp trong c\u00f3 th\u1ec3 th\u00e1o r\u1eddi, thu\u1eadn ti\u1ec7n lau ch\u00f9i.\n\n\n\nTh\u00f4ng s\u1ed1 k\u1ef9 thu\u1eadt\n\nLo\u1ea1i n\u1ed3i: N\u1ed3i \u0111i\u1ec7n t\u1eed\nDung t\u00edch: 1 l\u00edt - S\u1ed1 ng\u01b0\u1eddi \u0103n 2 - 4 ng\u01b0\u1eddi\nN\u1ea5u \u0111\u01b0\u1ee3c: 5 - 8 c\u1ed1c g\u1ea1o\nC\u00f4ng su\u1ea5t: 560 - 610 W\nL\u00f2ng n\u1ed3i: H\u1ee3p kim nh\u00f4m ph\u1ee7 ch\u1ed1ng d\u00ednh\nC\u00f4ng ngh\u1ec7 n\u1ea5u:1D (To\u1ea3 nhi\u1ec7t t\u1eeb 1 h\u01b0\u1edbng)\nCh\u1ebf \u0111\u1ed9 n\u1ea5u: 9 ch\u1ebf \u0111\u1ed9 n\u1ea5u\n\nCh\u1ee9c n\u0103ng n\u1ea5u:\n\nCh\u00e1o\nC\u01a1m ngon\nC\u01a1m sushi\nGi\u1eef \u1ea5m\nG\u1ea1o l\u1ee9t\nG\u1ea1o l\u1ee9t n\u1ea3y m\u1ea7m Gaba\nH\u00e2m n\u00f3ng\nN\u1ea5u ch\u1eadm\nN\u1ea5u nhanh\nX\u00f4i\n\n\u0110i\u1ec1u khi\u1ec3n: N\u00fat nh\u1ea5n c\u00f3 m\u00e0n h\u00ecnh hi\u1ec3n th\u1ecb\nTi\u1ec7n \u00edch: H\u1eb9n gi\u1edd n\u1ea5u c\u01a1m ch\u00edn\nD\u00e2y \u0111i\u1ec7n: C\u00f3 th\u1ec3 th\u00e1o r\u1eddi kh\u1ecfi n\u1ed3i\nK\u00edch th\u01b0\u1edbc, kh\u1ed1i l\u01b0\u1ee3ng: Ngang 41 cm - Cao 29 cm - S\u00e2u 29 cm - N\u1eb7ng 6 kg\nTh\u01b0\u01a1ng hi\u1ec7u c\u1ee7a: Nh\u1eadt B\u1ea3n\nN\u01a1i s\u1ea3n xu\u1ea5t: Nh\u1eadt B\u1ea3n\nH\u00e3ng: Zojirushi", "is_mart": false, "show_shopee_verified_label": false, "size_chart": null, "reference_item_id": "", "brand": "Zojirushi", "item_rating": {"rating_star": 5, "rating_count": [1, 0, 0, 0, 0, 1]}, "label_ids": [1001051, 1001067, 1001075, 1001079, 1001087, 1000959, 1000619, 1000969, 1000976, 1000975, 1000982, 1000987, 1001001, 1001005, 1001012, 1001013, 1001018, 1001033, 1001037, 1001038, 1001040, 1000259, 1000258, 1000260, 1000262, 1000255, 1000254, 1000256, 1000257, 1000518, 1000520, 1000266, 1000269, 1000267, 1000270, 1000268, 1000271, 1000274, 1000272, 1000273, 1000277, 1000276, 1000278, 1000275, 1000595, 1000604, 1000615, 1000652, 1000660, 1000687, 1000697, 1000710, 1000716, 1000746, 1000748, 1000749, 1000752, 1000775, 1000767, 1000768, 1000790, 1000805, 1000279, 44, 1000320, 1000333, 1000339, 1000347, 1000349, 1000419, 1000445, 1000451, 1000462, 1000469, 1000844, 1000847, 1000856, 1000867, 1000477, 1000874, 1000904, 1000931, 1000939, 1000938, 1000946, 1000263, 1000265, 1000264, 1001321, 1001324, 1001351, 1001353, 1000412, 1000455, 1000558, 1000643, 1000735, 1000878, 1000956, 1000957, 1000983, 1000984, 1001388, 1001396, 1001398, 1001043, 1001409, 1000967, 1001419, 1001420, 1001418, 1001549, 1001711, 1001733, 1001734, 1001739, 1001791, 1001857, 1001947, 1001948, 1002071, 1002100, 1002105, 1002120, 1002182, 1002181, 1002261, 1002278, 1002282, 1002283, 1002407, 1002409, 1002501, 1002644, 1002695, 1002683, 1002716, 1002756, 1002772, 1002785, 1002789, 1002790, 1002792, 1002895, 1002899, 1002900, 1002908, 1002909, 1002962, 1002991, 1003110, 1003169, 1003235, 1003239, 1003258, 1003259, 1003362, 1003751, 1003777, 1000121, 1000300, 1003928, 1000742, 1002498, 1002603, 1000512, 1004078, 1004111, 1004211, 1004293, 1004341, 1004360, 1004420, 1004423, 1004590, 1004670, 1004764, 1004774, 1004894, 1004897, 1004921, 1004929, 1004963, 1004983, 1005026, 1005061, 1005120, 1005261, 1005829, 1006199, 1006306, 1006331, 1006625, 1006805, 1007155, 1007328, 1007394, 1007516, 1007546, 1007525, 1007589, 1007627, 1007765, 1007768, 1007773, 1006856, 1008283, 1008290, 1008313, 1008515, 1008529, 1008755, 1008793, 1008875, 1009058, 1009063, 1009427, 1009525, 1009774, 1009763, 1009932, 1010033, 1010111, 1010206, 1010210, 1010310, 1010350, 1010449, 1010452, 1010516, 1010518, 1010666, 1010668, 1010765, 1010797, 1010881, 1011081, 1011155, 1011229, 1011293, 1011361, 1011470, 1011654, 1011685, 1011909, 1012191, 1012192, 1012514, 1006641, 1006660, 1007861, 1009687, 1010242, 1010348, 1011193], "attributes": [{"name": "Xu\u1ea5t x\u1ee9", "value": "Nh\u1eadt B\u1ea3n", "id": 100037, "is_timestamp": false, "brand_option": null, "val_id": null}, {"name": "H\u1ea1n b\u1ea3o h\u00e0nh", "value": "12 th\u00e1ng", "id": 100121, "is_timestamp": false, "brand_option": null, "val_id": null}], "liked": false, "liked_count": 0, "cmt_count": 1, "flag": 524288, "shopee_verified": false, "is_adult": false, "is_preferred_plus_seller": false, "tier_variations": [{"name": "", "options": [""], "images": null, "properties": null, "type": 0}], "bundle_deal_id": 0, "can_use_bundle_deal": false, "add_on_deal_info": null, "bundle_deal_info": null, "can_use_wholesale": false, "wholesale_tier_list": [], "is_group_buy_item": null, "group_buy_info": null, "welcome_package_type": 0, "welcome_package_info": null, "tax_code": null, "invoice_option": null, "complaint_policy": null, "images": ["473bf779d09fbe53c8423cb617ecd8d0", "bf855bbd3d631070d810331ec676d6d1", "973634b59f8b1ff566e4c67281b9c6a2"], "image": "473bf779d09fbe53c8423cb617ecd8d0", "video_info_list": null, "item_type": 0, "is_official_shop": true, "show_official_shop_label_in_title": true, "shop_location": "H\u00e0 N\u1ed9i", "coin_earn_label": null, "cb_option": 0, "is_pre_order": false, "estimated_days": 2, "badge_icon_type": 0, "show_free_shipping": false, "shipping_icon_type": 0, "cod_flag": 0, "is_service_by_shopee": false, "show_original_guarantee": false, "categories": [{"catid": 100010, "display_name": "Thi\u1ebft B\u1ecb \u0110i\u1ec7n Gia D\u1ee5ng", "no_sub": false, "is_default_subcat": false}, {"catid": 100041, "display_name": "\u0110\u1ed3 gia d\u1ee5ng nh\u00e0 b\u1ebfp", "no_sub": false, "is_default_subcat": false}, {"catid": 100207, "display_name": "N\u1ed3i c\u01a1m \u0111i\u1ec7n", "no_sub": true, "is_default_subcat": false}], "other_stock": 0, "item_has_post": false, "discount_stock": 26, "current_promotion_has_reserve_stock": false, "current_promotion_reserved_stock": 0, "normal_stock": 26, "brand_id": 1802993, "is_alcohol_product": false, "show_recycling_info": false, "coin_info": {"spend_cash_unit": 100000, "coin_earn_items": [{"coin_earn": 0}]}, "models": [{"itemid": 7392791903, "status": 1, "current_promotion_reserved_stock": 0, "name": "", "promotionid": 1299436484, "price": 519900000000, "price_stocks": [{"allocated_stock": 0, "stock_breakdown_by_location": null}, {"allocated_stock": null, "stock_breakdown_by_location": null}], "current_promotion_has_reserve_stock": false, "normal_stock": 26, "extinfo": {"tier_index": [0], "group_buy_info": null, "is_pre_order": false, "estimated_days": 2}, "price_before_discount": 594900000000, "modelid": 100759141885, "stock": 26, "has_gimmick_tag": false}], "spl_info": {"installment_info": null, "user_credit_info": null, "channel_id": null, "show_spl": false, "show_spl_lite": false}, "preview_info": null, "fe_categories": [{"catid": 11036971, "display_name": "Home Appliances", "no_sub": false, "is_default_subcat": false}, {"catid": 11111620, "display_name": "Electric Cookers", "no_sub": false, "is_default_subcat": false}, {"catid": 11111625, "display_name": "Rice Cookers & Steamers", "no_sub": true, "is_default_subcat": false}], "presale_info": null, "is_cc_installment_payment_eligible": true, "is_non_cc_installment_payment_eligible": false, "flash_sale": null, "upcoming_flash_sale": null, "deep_discount": null, "has_low_fulfillment_rate": false, "is_partial_fulfilled": false, "makeups": null, "shop_vouchers": null, "global_sold": null, "is_infant_milk_formula_product": false, "should_show_amp_tag": false}