{"itemid": 5210366994, "shopid": 142777053, "userid": 0, "price_max_before_discount": -1, "has_lowest_price_guarantee": false, "price_before_discount": 0, "price_min_before_discount": -1, "exclusive_price_info": null, "hidden_price_display": null, "price_min": 36900000000, "price_max": 36900000000, "price": 36900000000, "stock": 111, "discount": null, "historical_sold": 57, "sold": 3, "show_discount": 0, "raw_discount": 0, "min_purchase_limit": 0, "overall_purchase_limit": {"order_max_purchase_limit": 0, "overall_purchase_limit": null, "item_overall_quota": null, "start_date": null, "end_date": null}, "pack_size": null, "is_live_streaming_price": null, "name": "Loa Bluetooth Yoobao Mini-speaker M1 - H\u00e0ng ch\u00ednh h\u00e3ng", "ctime": 1575709448, "item_status": "normal", "status": 1, "condition": 1, "catid": 100535, "description": "Loa Bluetooth mini Yoobao M1 - Dung l\u01b0\u1ee3ng 2000mAh - C\u00f4ng su\u1ea5t 3W - H\u00e0ng ch\u00ednh h\u00e3ng - B\u1ea3o h\u00e0nh 12 th\u00e1ng 1 \u0111\u1ed5i 1\n\nTH\u1edcI GIAN GIAO H\u00c0NG SI\u00caU T\u1ed0C \u0110\u1ed8:\n- \u0110\u01a1n giao h\u1ecfa t\u1ed1c: Th\u1eddi gian t\u1eeb 1- 3 gi\u1edd sau khi x\u00e1c nh\u1eadn \u0111\u01a1n.\n- \u0110\u01a1n giao b\u00ecnh th\u01b0\u1eddng: Th\u1eddi gian t\u1eeb 1 - 3 ng\u00e0y sau khi x\u00e1c nh\u1eadn \u0111\u01a1n.\n\nLoa Bluetooth Yoobao M1 s\u1edf h\u1eefu thi\u1ebft k\u1ebf nh\u1ecf g\u1ecdn, \u00e2m thanh \u1ea5n t\u01b0\u1ee3ng so v\u1edbi t\u1ea7m v\u00f3c, loa kh\u00f4ng d\u00e2y M1 mini ch\u1eafc ch\u1eafn l\u00e0 l\u1ef1a ch\u1ecdn t\u1ed1t nh\u1ea5t \u0111\u1ec3 c\u00f9ng \u0111\u1ed3ng h\u00e0nh trong nh\u1eefng chuy\u1ebfn \u0111i d\u00e3 ngo\u1ea1i.\n\nT\u00cdNH N\u0102NG:\n- C\u00f4ng ngh\u1ec7 Bluetooth 4.2 b\u1ea3o v\u1ec7 t\u00edn hi\u1ec7u t\u00edn hi\u1ec7u k\u1ebft n\u1ed1i, t\u0103ng t\u1ed1c \u0111\u1ed9 truy\u1ec1n t\u1ea3i d\u1eef li\u1ec7u l\u00ean \u0111\u1ebfn 2.5 l\u1ea7n so v\u1edbi bluetooth 4.0 v\u00e0 4.1.\n- Thi\u1ebft k\u1ebf nh\u1ecf g\u1ecdn, c\u00f3 d\u00e2y bu\u1ed9c, ti\u1ec7n l\u1ee3i khi s\u1eed d\u1ee5ng ngo\u00e0i tr\u1eddi hay \u0111em \u0111i du l\u1ecbch, picnic,\u2026\n- Trang b\u1ecb c\u00f4ng ngh\u1ec7 ti\u00ean ti\u1ebfn, lo\u1ea1i b\u1ecf nhi\u1ec5u th\u00f4ng minh cho ch\u1ea5t l\u01b0\u1ee3ng \u00e2m thanh tuy\u1ec7t h\u1ea3o.\n- T\u01b0\u01a1ng th\u00edch v\u1edbi t\u1ea5t c\u1ea3 c\u00e1c thi\u1ebft b\u1ecb c\u00f3 h\u1ed7 tr\u1ee3 bluetooth, ph\u1ea1m vi k\u1ebft n\u1ed1i kh\u00f4ng d\u00e2y trong kho\u1ea3ng 10m.\n- Nghe nh\u1ea1c 8-12h li\u00ean t\u1ee5c: Pin s\u1ea1c dung l\u01b0\u1ee3ng 2000mah gi\u00fap loa Yoobao M1 c\u00f3 th\u1ec3 ho\u1ea1t \u0111\u1ed9ng li\u00ean t\u1ee5c t\u1eeb 8-12 ti\u1ebfng. C\u1ed5ng s\u1ea1c micro USB gi\u00fap b\u1ea1n d\u1ec5 d\u00e0ng s\u1ea1c l\u1ea1i pin cho loa b\u1eb1ng s\u1ea1c \u0111i\u1ec7n tho\u1ea1i ho\u1eb7c s\u1ea1c d\u1ef1 ph\u00f2ng.\n- H\u1ed7 tr\u1ee3 d\u00e2y s\u1ea1c \u0111i k\u00e8m s\u1ea3n ph\u1ea9m.\n\nTH\u00d4NG S\u1ed0 S\u1ea2N PH\u1ea8M:\n- Model: M1\n- Phi\u00ean b\u1ea3n bluetooth: Bluetooth 4.2\n- Dung l\u01b0\u1ee3ng pin: 2000mAh\n- Th\u1eddi gian nghe nh\u1ea1c: 8-12 gi\u1edd\n- Th\u1eddi gian s\u1ea1c: Kho\u1ea3ng 5 gi\u1edd\n- Ph\u1ea1m vi k\u1ebft n\u1ed1i: 10m\n- K\u00edch th\u01b0\u1edbc: 93 x 93 x 46 mm\n- Tr\u1ecdng l\u01b0\u1ee3ng: 198g\n- D\u1ea3i t\u1ea7n s\u1ed1: 250Hz - 11KHz\n- Chu\u1ea9n s\u1ea1c: Micro USB, DC 5V/400mAh\n- \u0110\u00f3ng g\u00f3i: 1 x loa Bluetooth Yoobao M1, 1 x c\u00e1p s\u1ea1c Micro-USB, 1 x H\u01b0\u1edbng d\u1eabn s\u1eed d\u1ee5ng.\n\nCH\u00cdNH S\u00c1CH B\u1ea2O H\u00c0NH:\n- B\u1ea3o h\u00e0nh ch\u1ea5t l\u01b0\u1ee3ng s\u1ea3n ph\u1ea9m 12 th\u00e1ng.\nV\u1edbi ph\u01b0\u01a1ng ch\u00e2m quy\u1ec1n l\u1ee3i c\u1ee7a kh\u00e1ch h\u00e0ng l\u00e0 quan tr\u1ecdng nh\u1ea5t, Yoobao Vi\u1ec7t Nam x\u00e2y d\u1ef1ng ch\u00ednh s\u00e1ch \u0111\u1ed5i tr\u1ea3 d\u00e0nh cho kh\u00e1ch h\u00e0ng nh\u01b0 sau: \n- Trong v\u00f2ng 15 ng\u00e0y \u0111\u1ea7u sau khi mua h\u00e0ng. \n- 1 \u0111\u1ed5i 1 trong 1 n\u0103m theo ch\u00ednh s\u00e1ch b\u1ea3o h\u00e0nh. \n- T\u1ea5t c\u1ea3 c\u00e1c s\u1ea3n ph\u1ea9m tu\u00e2n theo \u0111i\u1ec1u kho\u1ea3n b\u1ea3o h\u00e0nh t\u1ea1i th\u1eddi \u0111i\u1ec3m xu\u1ea5t h\u00f3a \u0111\u01a1n cho kh\u00e1ch h\u00e0ng.\n\n\u0110\u1ecaA CH\u1ec8 TRUNG T\u00c2M B\u1ea2O H\u00c0NH:\n- HCM: S\u1ed1 19/14 H\u1ed3 V\u0103n Hu\u00ea, Ph\u01b0\u1eddng 9, Ph\u00fa Nhu\u1eadn, HCM.\nHotline: 0912 334 833\n- H\u00e0 N\u1ed9i: S\u1ed1 26 ng\u00f5 62 Nguy\u1ec5n Ch\u00ed Thanh, L\u00e1ng Th\u01b0\u1ee3ng, \u0110\u1ed1ng \u0110a, H\u00e0 N\u1ed9i. \nHotline: 0888 334 833\n\n#loabluetoothgiare #loabluetooth #loabluetoothmini #loabluetoothcongsuatlon\n#loacongsuatlon #loabluetoothgiare #loanghenhacbluetooth\n#loabluetoothcamtay #reviewloabluetooth", "is_mart": false, "show_shopee_verified_label": false, "size_chart": null, "reference_item_id": "", "brand": "Yoobao", "item_rating": {"rating_star": 5, "rating_count": [24, 0, 0, 0, 0, 24]}, "label_ids": [1003958, 1001051, 1001054, 1001078, 1001079, 1001086, 1001089, 1000959, 1000975, 1000469, 1000492, 1000260, 1000258, 1000262, 1000256, 1000254, 1000255, 1000263, 1000257, 1001033, 1000518, 1000520, 1000264, 1000266, 1000268, 1000267, 1000269, 1000271, 1000273, 1000272, 1000274, 1000276, 1000277, 1000278, 1000275, 1000513, 1000488, 1001040, 1000604, 1000634, 1000647, 1000652, 1000279, 1000339, 1000333, 1000359, 1000379, 1000383, 44, 1000445, 1000451, 1000462, 1000697, 1000716, 1000746, 1000748, 1000749, 1000776, 1000775, 1000790, 1000805, 1000838, 1000847, 1000854, 1000874, 1000941, 1000946, 1000259, 1000265, 1000270, 1001321, 1001324, 1000455, 1000558, 1000643, 1000735, 1000956, 1001396, 1001409, 1001549, 1001827, 1001857, 1002113, 1002120, 1002172, 1002263, 1002283, 1002296, 1002343, 1002408, 1002409, 1002410, 1002422, 1002433, 1002501, 1002587, 1002695, 1002763, 1002762, 1002835, 1002847, 1002945, 1002993, 1003235, 1003322, 1003443, 1003464, 1003533, 1003567, 1003709, 1003769, 1000121, 1003834, 1003867, 1000300, 1003928, 1003985, 1004067, 1004068, 1004078, 1004130, 1004168, 1004171, 1004212, 1004213, 1004220, 1004265, 1004293, 1004358, 1004488, 1004670, 1004672, 1004687, 1004764, 1004774, 1004865, 1004879, 1004894, 1004921, 1004927, 1004963, 1005026, 1005033, 1005061, 1005120, 1005144, 1005261, 1005263, 1005521, 1005759, 1005829, 1005844, 1006199, 1006306, 1006448, 1006642, 1006669, 1006805, 1007155, 1007286, 1007328, 1007394, 1007516, 1007546, 1007525, 1007695, 1007627, 1007765, 1007768, 1007773, 1006856, 1007907, 1007908, 1008093, 1008283, 1008290, 1008313, 1008515, 1008529, 1008742, 1008793, 1009058, 1009063, 1009190, 1009202, 1009372, 1009391, 1009427, 1009525, 1009763, 1009932, 1010033, 1010111, 1010206, 1010210, 1010310, 1010350, 1010449, 1010452, 1010516, 1010518, 1010666, 1010668, 1010765, 1010797, 1010881, 1011081, 1011155, 1011229, 1011293, 1011361, 1011470, 1011654, 1011685, 1011776, 1011909, 1011937, 1012134, 1012191, 1012192, 1012514, 1000228, 1000248, 1000352, 1003794, 1006641, 1006660, 1006825, 1007414, 1008542, 1008842, 1009153, 1009167, 1009581, 1009687, 1010319, 1010348, 1010999, 1011010, 1010738, 1011193, 1011378, 1011912, 1011918, 1012033, 1012038, 1012089], "attributes": [{"name": "Thi\u1ebft b\u1ecb \u00e2m thanh t\u01b0\u01a1ng th\u00edch", "value": "PC & Laptop", "id": 100516, "is_timestamp": false, "brand_option": null, "val_id": null}, {"name": "H\u1ea1n b\u1ea3o h\u00e0nh", "value": "12 th\u00e1ng", "id": 100121, "is_timestamp": false, "brand_option": null, "val_id": null}, {"name": "Lo\u1ea1i b\u1ea3o h\u00e0nh", "value": "B\u1ea3o h\u00e0nh nh\u00e0 cung c\u1ea5p", "id": 100370, "is_timestamp": false, "brand_option": null, "val_id": null}, {"name": "Ch\u1ee9c n\u0103ng bluetooth", "value": "C\u00f3", "id": 100525, "is_timestamp": false, "brand_option": null, "val_id": null}, {"name": "Ki\u1ec3u k\u1ebft n\u1ed1i", "value": "Kh\u00f4ng d\u00e2y", "id": 100408, "is_timestamp": false, "brand_option": null, "val_id": null}, {"name": "C\u00f4ng su\u1ea5t", "value": "3", "id": 100105, "is_timestamp": false, "brand_option": null, "val_id": null}], "liked": false, "liked_count": 44, "cmt_count": 24, "flag": 2, "shopee_verified": false, "is_adult": false, "is_preferred_plus_seller": false, "tier_variations": [{"name": "M\u00e0u s\u1eafc", "options": ["Grey Yo_2402", "Silver Yo_2419", "Black Yo_9269", "Red Yo_9252", "Pink Yo_2433", "Blue Yo_2426"], "images": ["03e7a03a6640cf0d66223c9bb540b2d2", "b5df2c96c310f53037807ee07cb7c73b", "96169016e8796cd11c0f3ab216a8aae9", "8ff73fe70aa5ff78c1d73280a6969fe4", "f31b5839c77c5bf7e7dd76aa3a82f97b", "b33e339282fee80bcc52bb6704c636e1"], "properties": null, "type": 0}], "bundle_deal_id": 0, "can_use_bundle_deal": false, "add_on_deal_info": null, "bundle_deal_info": null, "can_use_wholesale": false, "wholesale_tier_list": [], "is_group_buy_item": null, "group_buy_info": null, "welcome_package_type": 0, "welcome_package_info": null, "tax_code": null, "invoice_option": null, "complaint_policy": null, "images": ["b99f7b280c8b9bf7df938bc6d73fd748", "c019f4be7609fcee68257e021f6cb60d", "6c46ee38ab0b074dc30ecd5058062f31", "3af715f422b603052251429305e3303e", "bc347040fac7536ca236733b0d440595", "620d2d45da294e9dd1610c5732c113a5", "47e028accab5d37f21feef1a180d3b38", "956cb6caf29667d05006c78b198c4b95", "7758384dc1456f2f8928986ccc73993f"], "image": "b99f7b280c8b9bf7df938bc6d73fd748", "video_info_list": [{"video_id": "5610839f43f5ca578b804864501d3d8f", "thumb_url": "abbeefbc0f202c9a23d64b372d00fdf0", "duration": 59, "version": 2, "vid": "sg_79f1641d-cf75-4757-872c-908518492dd1_000069", "formats": [{"format": 660011, "defn": "V720P", "profile": "MP4", "path": "", "url": "http://play-ws.vod.shopee.com/c3/98934353/105/YzQsMjQyLTQ5NDQxLDE0NDQ1NTcwMDk0MzY3MjUyNDgsMg.mp4", "width": 1280, "height": 720}], "default_format": {"format": 100001, "defn": "ORI", "profile": "MP4", "path": "", "url": "http://1500000774.vod2.myqcloud.com/14092670vodsgp1500000774/9b22c1513701925925329777482/cAomIXc21XsA.mp4", "width": 1280, "height": 720}}], "item_type": 0, "is_official_shop": true, "show_official_shop_label_in_title": true, "shop_location": "TP. H\u1ed3 Ch\u00ed Minh", "coin_earn_label": null, "cb_option": 0, "is_pre_order": false, "estimated_days": 2, "badge_icon_type": 0, "show_free_shipping": true, "shipping_icon_type": 0, "cod_flag": 0, "is_service_by_shopee": false, "show_original_guarantee": false, "categories": [{"catid": 100535, "display_name": "Thi\u1ebft B\u1ecb \u00c2m Thanh", "no_sub": false, "is_default_subcat": false}, {"catid": 100582, "display_name": "D\u00e0n \u00e2m thanh", "no_sub": false, "is_default_subcat": false}, {"catid": 100625, "display_name": "Loa", "no_sub": true, "is_default_subcat": false}], "other_stock": 111, "item_has_post": true, "discount_stock": 0, "current_promotion_has_reserve_stock": false, "current_promotion_reserved_stock": 0, "normal_stock": 111, "brand_id": 1802961, "is_alcohol_product": false, "show_recycling_info": false, "coin_info": {"spend_cash_unit": 100000, "coin_earn_items": [{"coin_earn": 0}, {"coin_earn": 0}, {"coin_earn": 0}, {"coin_earn": 0}, {"coin_earn": 0}, {"coin_earn": 0}]}, "models": [{"itemid": 5210366994, "status": 1, "current_promotion_reserved_stock": 0, "name": "Grey Yo_2402", "promotionid": 0, "price": 36900000000, "price_stocks": [{"allocated_stock": null, "stock_breakdown_by_location": null}], "current_promotion_has_reserve_stock": false, "normal_stock": 0, "extinfo": {"tier_index": [0], "group_buy_info": null, "is_pre_order": false, "estimated_days": 2}, "price_before_discount": 0, "modelid": 11311509765, "stock": 0, "has_gimmick_tag": false}, {"itemid": 5210366994, "status": 1, "current_promotion_reserved_stock": 0, "name": "Silver Yo_2419", "promotionid": 0, "price": 36900000000, "price_stocks": [{"allocated_stock": null, "stock_breakdown_by_location": null}], "current_promotion_has_reserve_stock": false, "normal_stock": 0, "extinfo": {"tier_index": [1], "group_buy_info": null, "is_pre_order": false, "estimated_days": 2}, "price_before_discount": 0, "modelid": 11311509766, "stock": 0, "has_gimmick_tag": false}, {"itemid": 5210366994, "status": 1, "current_promotion_reserved_stock": 0, "name": "Black Yo_9269", "promotionid": 0, "price": 36900000000, "price_stocks": [{"allocated_stock": null, "stock_breakdown_by_location": null}], "current_promotion_has_reserve_stock": false, "normal_stock": 35, "extinfo": {"tier_index": [2], "group_buy_info": null, "is_pre_order": false, "estimated_days": 2}, "price_before_discount": 0, "modelid": 11311509767, "stock": 35, "has_gimmick_tag": false}, {"itemid": 5210366994, "status": 1, "current_promotion_reserved_stock": 0, "name": "Red Yo_9252", "promotionid": 0, "price": 36900000000, "price_stocks": [{"allocated_stock": null, "stock_breakdown_by_location": null}], "current_promotion_has_reserve_stock": false, "normal_stock": 18, "extinfo": {"tier_index": [3], "group_buy_info": null, "is_pre_order": false, "estimated_days": 2}, "price_before_discount": 0, "modelid": 11311509768, "stock": 18, "has_gimmick_tag": false}, {"itemid": 5210366994, "status": 1, "current_promotion_reserved_stock": 0, "name": "Pink Yo_2433", "promotionid": 0, "price": 36900000000, "price_stocks": [{"allocated_stock": null, "stock_breakdown_by_location": null}], "current_promotion_has_reserve_stock": false, "normal_stock": 29, "extinfo": {"tier_index": [4], "group_buy_info": null, "is_pre_order": false, "estimated_days": 2}, "price_before_discount": 0, "modelid": 11311509769, "stock": 29, "has_gimmick_tag": false}, {"itemid": 5210366994, "status": 1, "current_promotion_reserved_stock": 0, "name": "Blue Yo_2426", "promotionid": 0, "price": 36900000000, "price_stocks": [{"allocated_stock": null, "stock_breakdown_by_location": null}], "current_promotion_has_reserve_stock": false, "normal_stock": 29, "extinfo": {"tier_index": [5], "group_buy_info": null, "is_pre_order": false, "estimated_days": 2}, "price_before_discount": 0, "modelid": 11311509770, "stock": 29, "has_gimmick_tag": false}], "spl_info": {"installment_info": null, "user_credit_info": null, "channel_id": null, "show_spl": false, "show_spl_lite": false}, "preview_info": null, "fe_categories": [{"catid": 11036132, "display_name": "Consumer Electronics", "no_sub": false, "is_default_subcat": false}, {"catid": 11036135, "display_name": "Audio", "no_sub": false, "is_default_subcat": false}, {"catid": 11036139, "display_name": "Bluetooth speakers", "no_sub": true, "is_default_subcat": false}], "presale_info": null, "is_cc_installment_payment_eligible": false, "is_non_cc_installment_payment_eligible": false, "flash_sale": null, "upcoming_flash_sale": null, "deep_discount": null, "has_low_fulfillment_rate": false, "is_partial_fulfilled": false, "makeups": null, "shop_vouchers": null, "global_sold": null, "is_infant_milk_formula_product": false, "should_show_amp_tag": false}