{"itemid": 3258895611, "shopid": 142777053, "userid": 0, "price_max_before_discount": 41900000000, "has_lowest_price_guarantee": false, "price_before_discount": 41900000000, "price_min_before_discount": 41900000000, "exclusive_price_info": null, "hidden_price_display": null, "price_min": 27900000000, "price_max": 27900000000, "price": 27900000000, "stock": 655, "discount": "33%", "historical_sold": 405, "sold": 16, "show_discount": 33, "raw_discount": 33, "min_purchase_limit": 0, "overall_purchase_limit": {"order_max_purchase_limit": 0, "overall_purchase_limit": null, "item_overall_quota": null, "start_date": null, "end_date": null}, "pack_size": null, "is_live_streaming_price": null, "name": "S\u1ea1c d\u1ef1 ph\u00f2ng mini d\u1ec5 th\u01b0\u01a1ng 10000mAh Yoobao M4 mini - S\u1ea1c \u0111\u1ed3ng th\u1eddi 2 c\u1ed5ng - B\u1ea3o h\u00e0nh 12 th\u00e1ng", "ctime": 1603428934, "item_status": "normal", "status": 1, "condition": 1, "catid": 100013, "description": "S\u1ea1c d\u1ef1 ph\u00f2ng 10000mAh Yoobao M4 mini - H\u00e0ng ch\u00ednh h\u00e3ng - B\u1ea3o h\u00e0nh 12 th\u00e1ng 1 \u0111\u1ed5i 1\n\nTH\u1edcI GIAN GIAO H\u00c0NG SI\u00caU T\u1ed0C \u0110\u1ed8:\n- \u0110\u01a1n giao h\u1ecfa t\u1ed1c: Th\u1eddi gian t\u1eeb 1- 3 gi\u1edd sau khi x\u00e1c nh\u1eadn \u0111\u01a1n.\n- \u0110\u01a1n giao b\u00ecnh th\u01b0\u1eddng: Th\u1eddi gian t\u1eeb 1 - 3 ng\u00e0y sau khi x\u00e1c nh\u1eadn \u0111\u01a1n.\n\nYoobao M4 mini l\u00e0 s\u1ea1c d\u1ef1 ph\u00f2ng c\u00f3 thi\u1ebft k\u1ebf \u0111\u1eb9p m\u1eaft v\u00e0 hi\u1ec7n \u0111\u1ea1i v\u1edbi \u0111\u1ea7y \u0111\u1ee7 c\u00e1c t\u00ednh n\u0103ng c\u01a1 b\u1ea3n m\u00e0 b\u1ea1n c\u1ea7n. V\u1edbi dung l\u01b0\u1ee3ng 10000mAh, M4 gi\u00fap b\u1ea1n tho\u1ea3i m\u00e1i s\u1eed d\u1ee5ng, ch\u1ee5p \u1ea3nh, quay phim m\u00e0 kh\u00f4ng lo \u0111i\u1ec7n tho\u1ea1i h\u1ebft pin.\n\nT\u00cdNH N\u0102NG:\n- 2 C\u1ed5ng \u0111\u1ea7u v\u00e0o (Lightning v\u00e0 Micro USB), 2 \u0111\u1ea7u ra USB-A h\u1ed7 tr\u1ee3 s\u1ea1c \u0111\u1ed3ng th\u1eddi 2 thi\u1ebft b\u1ecb.\n- Thi\u1ebft k\u1ebf nh\u1ecf g\u1ecdn v\u1edbi k\u00edch th\u01b0\u1edbc 7.8 x 7.5 x 2.3 cm, n\u1ed5i b\u1eadt v\u1edbi nhi\u1ec1u h\u00ecnh in h\u1ecda ti\u1ebft \u0111\u1eb9p m\u1eaft, k\u00edch th\u01b0\u1edbc nh\u1ecf g\u1ecdn, d\u1ec5 d\u00e0ng c\u1ea7m tr\u00ean tay ho\u1eb7c b\u1ecf t\u00fai \u0111\u1ec3 ti\u1ec7n mang theo s\u1eed d\u1ee5ng m\u1ecdi l\u00fac m\u1ecdi n\u01a1i.\n- Hi\u1ec7u su\u1ea5t s\u1ea1c \u1ed5n \u0111\u1ecbnh: S\u1ea1c \u0111\u1ea7y iPhone X kho\u1ea3ng 2.5 l\u1ea7n, iPhone 8 kho\u1ea3ng 3.7 l\u1ea7n, Samsung Galaxy S10 kho\u1ea3ng 2 l\u1ea7n.\n- An to\u00e0n thi\u1ebft b\u1ecb: B\u1ed9 vi m\u1ea1ch nhi\u1ec1u l\u1edbp b\u1ea3o v\u1ec7 th\u00f4ng minh, ch\u1ed1ng qu\u00e1 d\u00f2ng, qu\u00e1 \u00e1p, qu\u00e1 t\u1ea3i, ch\u1ed1ng \u0111o\u1ea3n m\u1ea1ch v\u00e0 ch\u00e1y n\u1ed5, t\u1ef1 ng\u1eaft m\u1ea1ch khi s\u1ea1c \u0111\u1ea7y.\n- \u0110\u00e8n 4 ch\u1ea5m cho bi\u1ebft m\u1ee9c n\u0103ng l\u01b0\u1ee3ng c\u00f2n l\u1ea1i trong pin s\u1ea1c.\n- H\u1ed7 tr\u1ee3 d\u00e2y s\u1ea1c \u0111i k\u00e8m.\n\nTH\u00d4NG S\u1ed0 S\u1ea2N PH\u1ea8M:\n- Model: M4 mini\n- Dung l\u01b0\u1ee3ng: 10000mAh\n- Tr\u1ecdng l\u01b0\u1ee3ng: 190g \n- K\u00edch th\u01b0\u1edbc: 7.8 x 7.5 x 2.3 cm\n- \u0110\u1ea7u v\u00e0o: DC5V - 2.1A\n- \u0110\u1ea7u ra: DC5V- 2.1A\n\nCH\u00cdNH S\u00c1CH B\u1ea2O H\u00c0NH \n- B\u1ea3o h\u00e0nh ch\u1ea5t l\u01b0\u1ee3ng s\u1ea3n ph\u1ea9m 12 th\u00e1ng.\nV\u1edbi ph\u01b0\u01a1ng ch\u00e2m quy\u1ec1n l\u1ee3i c\u1ee7a kh\u00e1ch h\u00e0ng l\u00e0 quan tr\u1ecdng nh\u1ea5t, Yoobao Vi\u1ec7t Nam x\u00e2y d\u1ef1ng ch\u00ednh s\u00e1ch \u0111\u1ed5i tr\u1ea3 d\u00e0nh cho kh\u00e1ch h\u00e0ng nh\u01b0 sau: \n- Trong v\u00f2ng 15 ng\u00e0y \u0111\u1ea7u sau khi mua h\u00e0ng. \n- 1 \u0111\u1ed5i 1 trong 1 n\u0103m theo ch\u00ednh s\u00e1ch b\u1ea3o h\u00e0nh. \n- T\u1ea5t c\u1ea3 c\u00e1c s\u1ea3n ph\u1ea9m tu\u00e2n theo \u0111i\u1ec1u kho\u1ea3n b\u1ea3o h\u00e0nh t\u1ea1i th\u1eddi \u0111i\u1ec3m xu\u1ea5t h\u00f3a \u0111\u01a1n cho kh\u00e1ch h\u00e0ng.\n\n\u0110\u1ecaA CH\u1ec8 TRUNG T\u00c2M B\u1ea2O H\u00c0NH: \n- HCM: S\u1ed1 19/14 H\u1ed3 V\u0103n Hu\u00ea, Ph\u01b0\u1eddng 9, Ph\u00fa Nhu\u1eadn, HCM. \nHotline: 0912 334 833\n- H\u00e0 N\u1ed9i: S\u1ed1 26 ng\u00f5 62 Nguy\u1ec5n Ch\u00ed Thanh, L\u00e1ng Th\u01b0\u1ee3ng, \u0110\u1ed1ng \u0110a, H\u00e0 N\u1ed9i. \nHotline: 0888 334 833\n\n#sacduphong #pinsacduphong #sacduphong100000mah #cucsacduphongmini #sacduphongiphone", "is_mart": false, "show_shopee_verified_label": false, "size_chart": null, "reference_item_id": "", "brand": "Yoobao", "item_rating": {"rating_star": 4.947368421052632, "rating_count": [190, 0, 0, 2, 6, 182]}, "label_ids": [1003958, 1001051, 1001054, 1001078, 1001079, 1001086, 1001089, 1000959, 1000975, 1000469, 1000492, 1000260, 1000258, 1000262, 1000256, 1000254, 1000255, 1000263, 1000257, 1001033, 1000518, 1000520, 1000264, 1000266, 1000268, 1000267, 1000269, 1000271, 1000273, 1000272, 1000274, 1000276, 1000277, 1000278, 1000275, 1000513, 1000488, 1001040, 1000604, 1000634, 1000647, 1000652, 1000279, 1000339, 1000333, 1000359, 1000379, 1000383, 44, 1000445, 1000451, 1000462, 1000697, 1000716, 1000746, 1000748, 1000749, 1000776, 1000775, 1000790, 1000805, 1000838, 1000847, 1000854, 1000874, 1000941, 1000946, 1000259, 1000265, 1000270, 1001321, 1001324, 1000455, 1000558, 1000643, 1000735, 1000956, 1001396, 1001409, 1001549, 1001827, 1001857, 1002113, 1002120, 1002172, 1002263, 1002283, 1002296, 1002343, 1002408, 1002409, 1002410, 1002422, 1002433, 1002501, 1002587, 1002695, 1002763, 1002762, 1002835, 1002847, 1002945, 1002993, 1003235, 1003322, 1003443, 1003464, 1003533, 1003567, 1003709, 1003769, 1000121, 1003834, 1003867, 1000300, 1003928, 1003985, 1004067, 1004068, 1004078, 1004130, 1004168, 1004171, 1004212, 1004213, 1004220, 1004265, 1004293, 1004358, 1004488, 1004670, 1004672, 1004687, 1004764, 1004774, 1004865, 1004879, 1004894, 1004921, 1004927, 1004963, 1005026, 1005033, 1005061, 1005120, 1005144, 1005261, 1005263, 1005521, 1005759, 1005829, 1005844, 1006199, 1006306, 1006448, 1006642, 1006669, 1006805, 1007155, 1007286, 1007328, 1007394, 1007516, 1007546, 1007525, 1007695, 1007627, 1007765, 1007768, 1007773, 1006856, 1007907, 1007908, 1008093, 1008283, 1008290, 1008313, 1008515, 1008529, 1008742, 1008793, 1009058, 1009063, 1009190, 1009202, 1009372, 1009391, 1009427, 1009525, 1009763, 1009932, 1010033, 1010111, 1010206, 1010210, 1010310, 1010350, 1010449, 1010452, 1010516, 1010518, 1010666, 1010668, 1010765, 1010797, 1010881, 1011081, 1011155, 1011229, 1011293, 1011361, 1011470, 1011654, 1011685, 1011776, 1011909, 1011937, 1012134, 1012191, 1012192, 1012514, 1002486, 1002684, 1002969, 1003125, 1003199, 1003428, 1003744, 1004366, 1004370, 1004371, 1004432, 1000531, 1004542, 1004700, 1004709, 1003794, 1005269, 1005776, 1006578, 1006569, 1006641, 1006660, 1006825, 1007100, 1007099, 1007262, 1007414, 1007861, 1008542, 1008842, 1009153, 1009167, 1009581, 1009687, 1010348, 1010999, 1011010, 1010738, 1011193, 1011378, 1011912, 1011918, 1012033, 1012038, 1012089], "attributes": [{"name": "Dung l\u01b0\u1ee3ng pin s\u1ea1c d\u1ef1 ph\u00f2ng", "value": "5000 - 10000mAh", "id": 100494, "is_timestamp": false, "brand_option": null, "val_id": null}, {"name": "Lo\u1ea1i b\u1ea3o h\u00e0nh", "value": "B\u1ea3o h\u00e0nh nh\u00e0 cung c\u1ea5p", "id": 100370, "is_timestamp": false, "brand_option": null, "val_id": null}, {"name": "H\u1ea1n b\u1ea3o h\u00e0nh", "value": "12 th\u00e1ng", "id": 100121, "is_timestamp": false, "brand_option": null, "val_id": null}], "liked": false, "liked_count": 320, "cmt_count": 190, "flag": 2, "shopee_verified": false, "is_adult": false, "is_preferred_plus_seller": false, "tier_variations": [{"name": "PH\u00c2N LO\u1ea0I", "options": ["Box cat green - 9004", "Box cat pink - 9011", "Box cat white - 9028", "Box cat black - 9035", "Puppy green - 9042", "Puppy pink - 9059", "Puppy white - 9066", "Puppy black - 9073", "Bear green - 9080", "Bear pink - 9037", "Bear white - 9103", "Bear black - 9110", "Panda green - 9127", "Gray cat pink - 9134", "Calico cat pink-9141", "Alpaca black - 9158", "Alpaca green - 9165", "Alpaca pink - 9172"], "images": ["504ed60f031d344971b18712f783d43d", "7888413ee384a85a46fefbfd79f644ca", "1bb8b8d270c0fb2f2fa3811e607cd44d", "3b233cedf36b55d26e58601fc8e1736e", "18fafa9ac9edf29c3f22f29ec5f7037d", "942c1868d76c53d3e47f1e792e405aa7", "e1bbf2c1e15fa312d8acc79274d7bbed", "cfb5ec808d10860549685807e8b02120", "5c70d5112f0b27d000b01f7ca7998be2", "7f8b8165135a5f0f1e1cdd459d92cbaa", "f3956cca4a42471a1cea180328628936", "1e319be18d069328123df732c594f2c7", "5f0faf3cd35585f21c8bb355cbcb0d72", "d12d519dcefa226723b419d4c647ba1f", "68e774c71ae7f5a4fd2a90a155f7125c", "351dc0d8bd158bd6c75207bca24a1e64", "0b511c90d4f7151e7c84dfa68920754d", "9cd43155c1a29e289c2b37f103f83798"], "properties": null, "type": 0}], "bundle_deal_id": 0, "can_use_bundle_deal": false, "add_on_deal_info": null, "bundle_deal_info": null, "can_use_wholesale": false, "wholesale_tier_list": [], "is_group_buy_item": null, "group_buy_info": null, "welcome_package_type": 0, "welcome_package_info": null, "tax_code": null, "invoice_option": null, "complaint_policy": null, "images": ["07fb09a28b4a645c612960ac4ffefeca", "f831a6a11cb7966e7eec9025eedfd4fc", "244ad3b82357f24fd951a8468aea4175", "e4a27ddc5cdb5431dc61e4301d73f3dd", "3019cdb6a30813e8270bb12e42b57e5c", "3b8313906c1b78c6c37c9322043be55c", "e981d921c8a5b5c5d63695e27b0da61a", "5a6d6a446c7814459c8719106e02dbcf", "a394b409ac3eb427e52c57b2fe1199b6"], "image": "07fb09a28b4a645c612960ac4ffefeca", "video_info_list": [{"video_id": "1c0799ca05ecc7695e8725c0f9a3fddd", "thumb_url": "c4649daf197ceb057ed41e734f7ab61f", "duration": 40, "version": 2, "vid": "sg_98b7b5bd-9078-46ea-ad2a-c68511d85585_000055", "formats": [], "default_format": {"format": 600001, "defn": "ORI", "profile": "MP4", "path": "", "url": "http://play-aka.vod.shopee.com/c3/98934353/107/YzQsMTczLTQzOTc4LDE0MjI4MDUzNzUzNDY4OTI4MDAsMg.mp4", "width": 960, "height": 1280}}], "item_type": 0, "is_official_shop": true, "show_official_shop_label_in_title": true, "shop_location": "TP. H\u1ed3 Ch\u00ed Minh", "coin_earn_label": null, "cb_option": 0, "is_pre_order": false, "estimated_days": 2, "badge_icon_type": 0, "show_free_shipping": true, "shipping_icon_type": 0, "cod_flag": 0, "is_service_by_shopee": false, "show_original_guarantee": false, "categories": [{"catid": 100013, "display_name": "\u0110i\u1ec7n Tho\u1ea1i & Ph\u1ee5 Ki\u1ec7n", "no_sub": false, "is_default_subcat": false}, {"catid": 100075, "display_name": "Ph\u1ee5 ki\u1ec7n", "no_sub": false, "is_default_subcat": false}, {"catid": 100287, "display_name": "S\u1ea1c d\u1ef1 ph\u00f2ng & Pin", "no_sub": false, "is_default_subcat": false}, {"catid": 100486, "display_name": "S\u1ea1c d\u1ef1 ph\u00f2ng", "no_sub": true, "is_default_subcat": false}], "other_stock": 0, "item_has_post": true, "discount_stock": 655, "current_promotion_has_reserve_stock": false, "current_promotion_reserved_stock": 0, "normal_stock": 655, "brand_id": 1802961, "is_alcohol_product": false, "show_recycling_info": false, "coin_info": {"spend_cash_unit": 100000, "coin_earn_items": [{"coin_earn": 0}, {"coin_earn": 0}, {"coin_earn": 0}, {"coin_earn": 0}, {"coin_earn": 0}, {"coin_earn": 0}, {"coin_earn": 0}, {"coin_earn": 0}, {"coin_earn": 0}, {"coin_earn": 0}, {"coin_earn": 0}, {"coin_earn": 0}, {"coin_earn": 0}, {"coin_earn": 0}, {"coin_earn": 0}, {"coin_earn": 0}, {"coin_earn": 0}, {"coin_earn": 0}]}, "models": [{"itemid": 3258895611, "status": 1, "current_promotion_reserved_stock": 0, "name": "Box cat black - 9035", "promotionid": 1310770829, "price": 27900000000, "price_stocks": [{"allocated_stock": 0, "stock_breakdown_by_location": null}, {"allocated_stock": null, "stock_breakdown_by_location": null}], "current_promotion_has_reserve_stock": false, "normal_stock": 16, "extinfo": {"tier_index": [3], "group_buy_info": null, "is_pre_order": false, "estimated_days": 2}, "price_before_discount": 41900000000, "modelid": 51494890007, "stock": 16, "has_gimmick_tag": false}, {"itemid": 3258895611, "status": 1, "current_promotion_reserved_stock": 0, "name": "Puppy black - 9073", "promotionid": 1310770829, "price": 27900000000, "price_stocks": [{"allocated_stock": 0, "stock_breakdown_by_location": null}, {"allocated_stock": null, "stock_breakdown_by_location": null}], "current_promotion_has_reserve_stock": false, "normal_stock": 70, "extinfo": {"tier_index": [7], "group_buy_info": null, "is_pre_order": false, "estimated_days": 2}, "price_before_discount": 41900000000, "modelid": 51494890008, "stock": 70, "has_gimmick_tag": false}, {"itemid": 3258895611, "status": 1, "current_promotion_reserved_stock": 0, "name": "Bear green - 9080", "promotionid": 1310770829, "price": 27900000000, "price_stocks": [{"allocated_stock": 0, "stock_breakdown_by_location": null}, {"allocated_stock": null, "stock_breakdown_by_location": null}], "current_promotion_has_reserve_stock": false, "normal_stock": 6, "extinfo": {"tier_index": [8], "group_buy_info": null, "is_pre_order": false, "estimated_days": 2}, "price_before_discount": 41900000000, "modelid": 51494890009, "stock": 6, "has_gimmick_tag": false}, {"itemid": 3258895611, "status": 1, "current_promotion_reserved_stock": 0, "name": "Bear pink - 9037", "promotionid": 0, "price": 41900000000, "price_stocks": [{"allocated_stock": null, "stock_breakdown_by_location": null}], "current_promotion_has_reserve_stock": false, "normal_stock": 0, "extinfo": {"tier_index": [9], "group_buy_info": null, "is_pre_order": false, "estimated_days": 2}, "price_before_discount": 0, "modelid": 51494890010, "stock": 0, "has_gimmick_tag": false}, {"itemid": 3258895611, "status": 1, "current_promotion_reserved_stock": 0, "name": "Alpaca green - 9165", "promotionid": 1310770829, "price": 27900000000, "price_stocks": [{"allocated_stock": 0, "stock_breakdown_by_location": null}, {"allocated_stock": null, "stock_breakdown_by_location": null}], "current_promotion_has_reserve_stock": false, "normal_stock": 38, "extinfo": {"tier_index": [16], "group_buy_info": null, "is_pre_order": false, "estimated_days": 2}, "price_before_discount": 41900000000, "modelid": 51494890011, "stock": 38, "has_gimmick_tag": false}, {"itemid": 3258895611, "status": 1, "current_promotion_reserved_stock": 0, "name": "Box cat pink - 9011", "promotionid": 1310770829, "price": 27900000000, "price_stocks": [{"allocated_stock": 0, "stock_breakdown_by_location": null}, {"allocated_stock": null, "stock_breakdown_by_location": null}], "current_promotion_has_reserve_stock": false, "normal_stock": 28, "extinfo": {"tier_index": [1], "group_buy_info": null, "is_pre_order": false, "estimated_days": 2}, "price_before_discount": 41900000000, "modelid": 51494890012, "stock": 28, "has_gimmick_tag": false}, {"itemid": 3258895611, "status": 1, "current_promotion_reserved_stock": 0, "name": "Panda green - 9127", "promotionid": 0, "price": 41900000000, "price_stocks": [{"allocated_stock": null, "stock_breakdown_by_location": null}], "current_promotion_has_reserve_stock": false, "normal_stock": 0, "extinfo": {"tier_index": [12], "group_buy_info": null, "is_pre_order": false, "estimated_days": 2}, "price_before_discount": 0, "modelid": 51494890013, "stock": 0, "has_gimmick_tag": false}, {"itemid": 3258895611, "status": 1, "current_promotion_reserved_stock": 0, "name": "Box cat green - 9004", "promotionid": 1310770829, "price": 27900000000, "price_stocks": [{"allocated_stock": 0, "stock_breakdown_by_location": null}, {"allocated_stock": null, "stock_breakdown_by_location": null}], "current_promotion_has_reserve_stock": false, "normal_stock": 31, "extinfo": {"tier_index": [0], "group_buy_info": null, "is_pre_order": false, "estimated_days": 2}, "price_before_discount": 41900000000, "modelid": 51494890014, "stock": 31, "has_gimmick_tag": false}, {"itemid": 3258895611, "status": 1, "current_promotion_reserved_stock": 0, "name": "Bear black - 9110", "promotionid": 1310770829, "price": 27900000000, "price_stocks": [{"allocated_stock": 0, "stock_breakdown_by_location": null}, {"allocated_stock": null, "stock_breakdown_by_location": null}], "current_promotion_has_reserve_stock": false, "normal_stock": 100, "extinfo": {"tier_index": [11], "group_buy_info": null, "is_pre_order": false, "estimated_days": 2}, "price_before_discount": 41900000000, "modelid": 51494890015, "stock": 100, "has_gimmick_tag": false}, {"itemid": 3258895611, "status": 1, "current_promotion_reserved_stock": 0, "name": "Gray cat pink - 9134", "promotionid": 1310770829, "price": 27900000000, "price_stocks": [{"allocated_stock": 0, "stock_breakdown_by_location": null}, {"allocated_stock": null, "stock_breakdown_by_location": null}], "current_promotion_has_reserve_stock": false, "normal_stock": 79, "extinfo": {"tier_index": [13], "group_buy_info": null, "is_pre_order": false, "estimated_days": 2}, "price_before_discount": 41900000000, "modelid": 51494890016, "stock": 79, "has_gimmick_tag": false}, {"itemid": 3258895611, "status": 1, "current_promotion_reserved_stock": 0, "name": "Calico cat pink-9141", "promotionid": 1310770829, "price": 27900000000, "price_stocks": [{"allocated_stock": 0, "stock_breakdown_by_location": null}, {"allocated_stock": null, "stock_breakdown_by_location": null}], "current_promotion_has_reserve_stock": false, "normal_stock": 102, "extinfo": {"tier_index": [14], "group_buy_info": null, "is_pre_order": false, "estimated_days": 2}, "price_before_discount": 41900000000, "modelid": 51494890017, "stock": 102, "has_gimmick_tag": false}, {"itemid": 3258895611, "status": 1, "current_promotion_reserved_stock": 0, "name": "Alpaca black - 9158", "promotionid": 1310770829, "price": 27900000000, "price_stocks": [{"allocated_stock": 0, "stock_breakdown_by_location": null}, {"allocated_stock": null, "stock_breakdown_by_location": null}], "current_promotion_has_reserve_stock": false, "normal_stock": 14, "extinfo": {"tier_index": [15], "group_buy_info": null, "is_pre_order": false, "estimated_days": 2}, "price_before_discount": 41900000000, "modelid": 51494890018, "stock": 14, "has_gimmick_tag": false}, {"itemid": 3258895611, "status": 1, "current_promotion_reserved_stock": 0, "name": "Alpaca pink - 9172", "promotionid": 1310770829, "price": 27900000000, "price_stocks": [{"allocated_stock": 0, "stock_breakdown_by_location": null}, {"allocated_stock": null, "stock_breakdown_by_location": null}], "current_promotion_has_reserve_stock": false, "normal_stock": 32, "extinfo": {"tier_index": [17], "group_buy_info": null, "is_pre_order": false, "estimated_days": 2}, "price_before_discount": 41900000000, "modelid": 51494890019, "stock": 32, "has_gimmick_tag": false}, {"itemid": 3258895611, "status": 1, "current_promotion_reserved_stock": 0, "name": "Box cat white - 9028", "promotionid": 1310770829, "price": 27900000000, "price_stocks": [{"allocated_stock": 0, "stock_breakdown_by_location": null}, {"allocated_stock": null, "stock_breakdown_by_location": null}], "current_promotion_has_reserve_stock": false, "normal_stock": 45, "extinfo": {"tier_index": [2], "group_buy_info": null, "is_pre_order": false, "estimated_days": 2}, "price_before_discount": 41900000000, "modelid": 51494890020, "stock": 45, "has_gimmick_tag": false}, {"itemid": 3258895611, "status": 1, "current_promotion_reserved_stock": 0, "name": "Puppy pink - 9059", "promotionid": 1310770829, "price": 27900000000, "price_stocks": [{"allocated_stock": 0, "stock_breakdown_by_location": null}, {"allocated_stock": null, "stock_breakdown_by_location": null}], "current_promotion_has_reserve_stock": false, "normal_stock": 40, "extinfo": {"tier_index": [5], "group_buy_info": null, "is_pre_order": false, "estimated_days": 2}, "price_before_discount": 41900000000, "modelid": 51494890021, "stock": 40, "has_gimmick_tag": false}, {"itemid": 3258895611, "status": 1, "current_promotion_reserved_stock": 0, "name": "Puppy white - 9066", "promotionid": 1310770829, "price": 27900000000, "price_stocks": [{"allocated_stock": 0, "stock_breakdown_by_location": null}, {"allocated_stock": null, "stock_breakdown_by_location": null}], "current_promotion_has_reserve_stock": false, "normal_stock": 6, "extinfo": {"tier_index": [6], "group_buy_info": null, "is_pre_order": false, "estimated_days": 2}, "price_before_discount": 41900000000, "modelid": 51494890022, "stock": 6, "has_gimmick_tag": false}, {"itemid": 3258895611, "status": 1, "current_promotion_reserved_stock": 0, "name": "Bear white - 9103", "promotionid": 1310770829, "price": 27900000000, "price_stocks": [{"allocated_stock": 0, "stock_breakdown_by_location": null}, {"allocated_stock": null, "stock_breakdown_by_location": null}], "current_promotion_has_reserve_stock": false, "normal_stock": 25, "extinfo": {"tier_index": [10], "group_buy_info": null, "is_pre_order": false, "estimated_days": 2}, "price_before_discount": 41900000000, "modelid": 51494890023, "stock": 25, "has_gimmick_tag": false}, {"itemid": 3258895611, "status": 1, "current_promotion_reserved_stock": 0, "name": "Puppy green - 9042", "promotionid": 1310770829, "price": 27900000000, "price_stocks": [{"allocated_stock": 0, "stock_breakdown_by_location": null}, {"allocated_stock": null, "stock_breakdown_by_location": null}], "current_promotion_has_reserve_stock": false, "normal_stock": 23, "extinfo": {"tier_index": [4], "group_buy_info": null, "is_pre_order": false, "estimated_days": 2}, "price_before_discount": 41900000000, "modelid": 61494889923, "stock": 23, "has_gimmick_tag": false}], "spl_info": {"installment_info": null, "user_credit_info": null, "channel_id": null, "show_spl": false, "show_spl_lite": false}, "preview_info": null, "fe_categories": [{"catid": 11036030, "display_name": "Mobile & Gadgets", "no_sub": false, "is_default_subcat": false}, {"catid": 11036048, "display_name": "Powerbanks", "no_sub": false, "is_default_subcat": false}, {"catid": 11036050, "display_name": "5.000 - 10.000 mAh", "no_sub": true, "is_default_subcat": false}], "presale_info": null, "is_cc_installment_payment_eligible": false, "is_non_cc_installment_payment_eligible": false, "flash_sale": null, "upcoming_flash_sale": null, "deep_discount": null, "has_low_fulfillment_rate": false, "is_partial_fulfilled": false, "makeups": null, "shop_vouchers": null, "global_sold": null, "is_infant_milk_formula_product": false, "should_show_amp_tag": false}