{"itemid": 9073106485, "shopid": 152179638, "userid": 0, "price_max_before_discount": -1, "has_lowest_price_guarantee": false, "price_before_discount": 0, "price_min_before_discount": -1, "exclusive_price_info": null, "hidden_price_display": null, "price_min": 650000000000, "price_max": 650000000000, "price": 650000000000, "stock": 5, "discount": null, "historical_sold": 0, "sold": 0, "show_discount": 0, "raw_discount": 0, "min_purchase_limit": 0, "overall_purchase_limit": {"order_max_purchase_limit": 0, "overall_purchase_limit": null, "item_overall_quota": null, "start_date": null, "end_date": null}, "pack_size": null, "is_live_streaming_price": null, "name": "[Flash Sale] M\u00e1y l\u1ecdc n\u01b0\u1edbc \u0111\u1ec3 b\u00e0n Chungho Iguassu Ambient S | CHP-1290D (Ch\u00ednh H\u00e3ng B\u1ea3o H\u00e0nh 1 N\u0103m T\u1ea1i Nh\u00e0)", "ctime": 1625106776, "item_status": "normal", "status": 1, "condition": 1, "catid": 100010, "description": "M\u00e1y L\u1ecdc N\u01b0\u1edbc Chungho Iguassu Ambient S | CHP-1290D\n\ud83d\udc63\ud83d\udc63\ud83d\udc63\nM\u00e1y l\u1ecdc n\u01b0\u1edbc RO th\u01b0\u1eddng\n\nThi\u1ebft k\u1ebf hi\u1ec7n \u0111\u1ea1i v\u00e0 tinh t\u1ebf v\u1edbi ki\u1ec3u d\u00e1ng si\u00eau m\u1ecfng, nh\u1ecf g\u1ecdn ch\u1ec9 18cm, linh hoa\u0323t trong vi\u00ea\u0323c s\u0103\u0301p \u0111\u0103\u0323t vi\u0323 tri\u0301 va\u0300 d\u00ea\u0303 da\u0300ng l\u0103\u0301p \u0111\u0103\u0323t, ph\u00f9 h\u1ee3p v\u1edbi m\u1ecdi kh\u00f4ng gian\n\nTh\u00e2n thi\u1ec7n v\u1edbi ng\u01b0\u1eddi d\u00f9ng v\u1edbi b\u00ecnh ch\u1ee9a r\u1eddi, k\u00edn, \u0111\u1ea3m b\u1ea3o v\u1ec7 sinh v\u00e0 c\u00f3 th\u1ec3 th\u00e1o r\u1eddi\n\nVan ch\u1ed1ng r\u00f2 r\u1ec9 n\u01b0\u1edbc th\u00f4ng minh\n\n\ud83c\udf4a\ud83c\udf4a\ud83c\udf4a\nH\u1ec7 th\u1ed1ng l\u1ecdc RO 4 b\u01b0\u1edbc v\u1edbi l\u00f5i l\u1ecdc nguy\u00ean kh\u1ed1i\n\nCh\u1ee9c n\u0103ng l\u1ecdc n\u01b0\u1edbc ngay c\u1ea3 khi m\u1ea5t \u0111i\u1ec7n\n\nC\u00f4ng ngh\u1ec7 tu\u1ea7n ho\u00e0n n\u01b0\u1edbc t\u1ef1 nhi\u00ean 24h\n\nC\u00f4ng su\u1ea5t: 20W / Tr\u1ecdng l\u01b0\u1ee3ng: 6.4 Kg\n\nK\u00edch th\u01b0\u1edbc: 180W x 413D x 415H\n\ud83c\udf53\ud83c\udf53\ud83c\udf53\n\nC\u00d9NG ECOM S\u0102N NG\u00c0N \u01afU \u0110\u00c3I TRONG N\u0102M NH\u00c9 C\u00c1C B\u1ea0N\n\ud83d\udc37\ud83d\udc37\ud83d\udc37\ud83c\udf4a\ud83c\udf4a\ud83c\udf4a\ud83c\udf4a\ud83c\udf53\ud83c\udf53\ud83c\udf53\n#m\u00e1y_l\u1ecdc_n\u01b0\u1edbc_chungho #m\u00e1y_l\u1ecdc_n\u01b0\u1edbc_cao_c\u1ea5p #ecomvietnam #m\u00e1y_l\u1ecdc_n\u01b0\u1edbc_nh\u1eadp_kh\u1ea9u\n\n", "is_mart": false, "show_shopee_verified_label": false, "size_chart": null, "reference_item_id": "", "brand": "Chungho", "item_rating": {"rating_star": 0, "rating_count": [0, 0, 0, 0, 0, 0]}, "label_ids": [1000959, 1000258, 1000260, 1000262, 1000259, 1000256, 1000255, 1000263, 1000254, 1000257, 1000266, 1000267, 1000270, 1000269, 1000268, 1000271, 1000272, 1000273, 1000278, 1000277, 1000276, 1000275, 1000274, 1000696, 1000747, 1000758, 1000279, 1000815, 1000137, 1000146, 1000151, 1000153, 1000161, 1000164, 1000264, 1000265, 1001412, 1002373, 1002480, 1002639, 1002768, 1002770, 1002898, 1002997, 1002998, 1002498, 1003258, 1003259, 1003777, 1000121, 1003322, 1004341, 1004344, 1004672, 1004879, 1005829, 1006306, 1006331, 1007155, 1007190, 1007328, 1007394, 1007516, 1007546, 1007589, 1007627, 1007765, 1007768, 1006856, 1007908, 1008283, 1008290, 1008313, 1008515, 1008793, 1009058, 1009063, 1009391, 1009427, 1009763, 1010033, 1010111, 1010449, 1010668, 1010797, 1011155, 1011654, 1012191, 1006641, 1006660], "attributes": [{"name": "H\u1ea1n b\u1ea3o h\u00e0nh", "value": "12 th\u00e1ng", "id": 100121, "is_timestamp": false, "brand_option": null, "val_id": null}], "liked": false, "liked_count": 0, "cmt_count": 0, "flag": 524288, "shopee_verified": false, "is_adult": false, "is_preferred_plus_seller": false, "tier_variations": [{"name": "", "options": [""], "images": null, "properties": null, "type": 0}], "bundle_deal_id": 0, "can_use_bundle_deal": false, "add_on_deal_info": null, "bundle_deal_info": null, "can_use_wholesale": false, "wholesale_tier_list": [], "is_group_buy_item": null, "group_buy_info": null, "welcome_package_type": 0, "welcome_package_info": null, "tax_code": null, "invoice_option": null, "complaint_policy": null, "images": ["2dced40e11ac0ef6c7a26153b82b2b5b", "7ee05837a5cc97dc40a6b592a6529e6b", "cd503bafc0aa2dc81082402f517f4194", "ec0ca919ef1d51287451fb5b8b75c42c", "de3c544a73c57324ae3bf167cd62aff1"], "image": "2dced40e11ac0ef6c7a26153b82b2b5b", "video_info_list": null, "item_type": 0, "is_official_shop": true, "show_official_shop_label_in_title": true, "shop_location": "TP. H\u1ed3 Ch\u00ed Minh", "coin_earn_label": null, "cb_option": 0, "is_pre_order": false, "estimated_days": 2, "badge_icon_type": 0, "show_free_shipping": false, "shipping_icon_type": 0, "cod_flag": 0, "is_service_by_shopee": false, "show_original_guarantee": false, "categories": [{"catid": 100010, "display_name": "Thi\u1ebft B\u1ecb \u0110i\u1ec7n Gia D\u1ee5ng", "no_sub": false, "is_default_subcat": false}, {"catid": 100041, "display_name": "\u0110\u1ed3 gia d\u1ee5ng nh\u00e0 b\u1ebfp", "no_sub": false, "is_default_subcat": false}, {"catid": 100190, "display_name": "M\u00e1y l\u1ecdc n\u01b0\u1edbc", "no_sub": true, "is_default_subcat": false}], "other_stock": 5, "item_has_post": false, "discount_stock": 0, "current_promotion_has_reserve_stock": false, "current_promotion_reserved_stock": 0, "normal_stock": 5, "brand_id": 1070671, "is_alcohol_product": false, "show_recycling_info": false, "coin_info": {"spend_cash_unit": 100000, "coin_earn_items": [{"coin_earn": 0}]}, "models": [{"itemid": 9073106485, "status": 1, "current_promotion_reserved_stock": 0, "name": "", "promotionid": 0, "price": 650000000000, "price_stocks": [{"allocated_stock": null, "stock_breakdown_by_location": null}], "current_promotion_has_reserve_stock": false, "normal_stock": 5, "extinfo": {"tier_index": [0], "group_buy_info": null, "is_pre_order": null, "estimated_days": 2}, "price_before_discount": 0, "modelid": 66206171466, "stock": 5, "has_gimmick_tag": false}], "spl_info": {"installment_info": null, "user_credit_info": null, "channel_id": null, "show_spl": false, "show_spl_lite": false}, "preview_info": null, "fe_categories": [{"catid": 11036971, "display_name": "Home Appliances", "no_sub": false, "is_default_subcat": false}, {"catid": 11036990, "display_name": "Large Appliance", "no_sub": false, "is_default_subcat": false}, {"catid": 11036995, "display_name": "Water Filters", "no_sub": true, "is_default_subcat": false}], "presale_info": null, "is_cc_installment_payment_eligible": true, "is_non_cc_installment_payment_eligible": false, "flash_sale": null, "upcoming_flash_sale": null, "deep_discount": null, "has_low_fulfillment_rate": false, "is_partial_fulfilled": false, "makeups": null, "shop_vouchers": null, "global_sold": null, "is_infant_milk_formula_product": false, "should_show_amp_tag": false}