{"itemid": 10474312327, "shopid": 152179638, "userid": 0, "price_max_before_discount": -1, "has_lowest_price_guarantee": false, "price_before_discount": 0, "price_min_before_discount": -1, "exclusive_price_info": null, "hidden_price_display": null, "price_min": 899000000000, "price_max": 899000000000, "price": 899000000000, "stock": 10, "discount": null, "historical_sold": 0, "sold": 0, "show_discount": 0, "raw_discount": 0, "min_purchase_limit": 0, "overall_purchase_limit": {"order_max_purchase_limit": 0, "overall_purchase_limit": null, "item_overall_quota": null, "start_date": null, "end_date": null}, "pack_size": null, "is_live_streaming_price": null, "name": "Smart Tivi Casper 43 Inch 43FG5200 - H\u00e0ng Ch\u00ednh H\u00e3ng", "ctime": 1637829529, "item_status": "normal", "status": 1, "condition": 1, "catid": 100010, "description": "Thi\u1ebft k\u1ebf tinh gi\u1ea3n, vi\u1ec1n m\u1ecfng t\u1ed1i \u01b0u: Series TV m\u1edbi c\u00f3 thi\u1ebft k\u1ebf v\u00e2n ngang, \u0111\u01b0\u1ee3c ti\u1ebft gi\u1ea3m, khi\u1ebfn cho ph\u1ea7n vi\u1ec1n thu g\u1ecdn t\u1eeb 14,2mm (phi\u00ean b\u1ea3n c\u0169) xu\u1ed1ng c\u00f2n 9,9mm \u1edf phi\u00ean b\u1ea3n m\u1edbi n\u00e0y.\n\nH\u1ec7 \u0111i\u1ec1u h\u00e0nh Android TV 9 b\u1ea3n quy\u1ec1n ch\u00ednh th\u1ee9c t\u1eeb Google: gi\u00fap tr\u1ea3i nghi\u1ec7m th\u00f4ng minh, \u0111a d\u1ea1ng h\u01a1n v\u1edbi tr\u1ee3 l\u00fd \u1ea3o th\u00f4ng minh, nh\u1eadn l\u1ec7nh \u0111i\u1ec1u khi\u1ec3n b\u1eb1ng gi\u1ecdng n\u00f3i, h\u1ec7 th\u1ed1ng \u1ee9ng d\u1ee5ng ti\u1ec7n l\u1ee3i t\u1eeb c\u1eeda h\u00e0ng Google Play. \u0110\u1eb7c bi\u1ec7t v\u1edbi t\u00ednh n\u0103ng Chromecast, m\u1ecdi h\u00ecnh \u1ea3nh s\u1ebd \u0111\u01b0\u1ee3c tr\u00ecnh chi\u1ebfu s\u1eafc n\u00e9t v\u1edbi thao t\u00e1c v\u00f4 c\u00f9ng th\u00f4ng minh v\u00e0 ti\u1ec7n l\u1ee3i.\n\nC\u00f4ng ngh\u1ec7 h\u00ecnh \u1ea3nh ch\u00e2n th\u1ef1c: nh\u1edd ch\u1ebf \u0111\u1ed9 Super Brightness v\u00e0 2K HDR.\n\nC\u00f4ng ngh\u1ec7 \u00e2m thanh nature sound chu\u1ea9n Dolby Audio: M\u1ecdi chuy\u1ec3n \u0111\u1ed9ng \u00e2m thanh ch\u00e2n th\u1ef1c ngay b\u00ean tai b\u1ea1n.\n\nT\u1ea5m n\u1ec1n IPS ch\u1ed1ng gi\u1eadt lag, v\u1edbi \u0111\u1ed9 b\u1ec1n b\u1ec9 cao v\u00e0 g\u00f3c nh\u00ecn t\u1ed1i \u01b0u \u0111\u1ed9 nghi\u00eang t\u1edbi 178 \u0111\u1ed9. \n\n\u0110a d\u1ea1ng c\u1ed5ng k\u1ebft n\u1ed1i.\n\nTh\u00f4ng s\u1ed1 k\u1ef9 thu\u1eadt:\nK\u1ebft n\u1ed1i Internet: Wifi, C\u1ed5ng LAN\nC\u1ed5ng AV: C\u1ed5ng Composite\nC\u1ed5ng HDMI: 3 c\u1ed5ng\nC\u1ed5ng USB: 2 c\u1ed5ng\nC\u1ed5ng VGA: Kh\u00f4ng\nC\u1ed5ng xu\u1ea5t \u00e2m thanh: C\u1ed5ng xu\u1ea5t \u00e2m thanh 3.5 mm, C\u1ed5ng Optical (Digital Audio Out)\nT\u00edch h\u1ee3p \u0111\u1ea7u thu k\u1ef9 thu\u1eadt s\u1ed1: DVB-T2\nH\u1ec7 \u0111i\u1ec1u h\u00e0nh, giao di\u1ec7n: Android 9.0\nC\u00e1c \u1ee9ng d\u1ee5ng c\u00f3 s\u1eb5n:  YouTube, Zing MP3, Netflix, Google Play Store, Web Browser\n\u0110i\u1ec1u khi\u1ec3n tivi b\u1eb1ng \u0111i\u1ec7n tho\u1ea1i: C\u00f3\nK\u1ebft n\u1ed1i kh\u00f4ng d\u00e2y v\u1edbi \u0111i\u1ec7n tho\u1ea1i, m\u00e1y t\u00ednh b\u1ea3ng:  Chi\u1ebfu m\u00e0n h\u00ecnh Chromecast\nC\u00f4ng ngh\u1ec7 h\u00ecnh \u1ea3nh: M\u00e0n h\u00ecnh si\u00eau s\u00e1ng - Super Brightness, 2K HDR\nC\u00f4ng ngh\u1ec7 \u00e2m thanh: Nature sound, Dolby Audio\nTivi 3D: Kh\u00f4ng\nT\u1ed5ng c\u00f4ng su\u1ea5t loa: 20 W (2 loa m\u1ed7i loa 10 W)\nC\u00e1c \u1ee9ng d\u1ee5ng s\u1eb5n c\u00f3: Kho \u1ee9ng d\u1ee5ng Google Play Store, YouTube, Netflix, Amazon Video, Primevideo, Spotify\nT\u00ednh n\u0103ng th\u00f4ng minh kh\u00e1c: T\u00ecm ki\u1ebfm b\u1eb1ng gi\u1ecdng n\u00f3i (c\u00f3 h\u1ed7 tr\u1ee3 ti\u1ebfng Vi\u1ec7t), Tr\u1ee3 l\u00fd \u1ea3o Google Assistant\nK\u00edch th\u01b0\u1edbc c\u00f3 ch\u00e2n, \u0111\u1eb7t b\u00e0n: Ngang 96.6cm - Cao 61.5 cm - D\u00e0y 21.3 cm\nKh\u1ed1i l\u01b0\u1ee3ng c\u00f3 ch\u00e2n: 6.5 Kg\nK\u00edch th\u01b0\u1edbc kh\u00f4ng ch\u00e2n, treo t\u01b0\u1eddng: Ngang 96.6cm - Cao 56.6cm - D\u00e0y 8.8 cm\nKh\u1ed1i l\u01b0\u1ee3ng kh\u00f4ng ch\u00e2n: 6.4 Kg\nN\u01a1i s\u1ea3n xu\u1ea5t: Th\u00e1i Lan\nD\u00f2ng s\u1ea3n ph\u1ea9m: 2020\nB\u1ea3o h\u00e0nh t\u1ea1i nh\u00e0: 24 th\u00e1ng\n\n#ECOM #TPHCM #TIVI #CASPER #43FG5200 #43INCH \n\n\n \n\n", "is_mart": false, "show_shopee_verified_label": false, "size_chart": null, "reference_item_id": "", "brand": "Casper", "item_rating": {"rating_star": 0, "rating_count": [0, 0, 0, 0, 0, 0]}, "label_ids": [1000959, 1000258, 1000260, 1000262, 1000259, 1000256, 1000255, 1000263, 1000254, 1000257, 1000266, 1000267, 1000270, 1000269, 1000268, 1000271, 1000272, 1000273, 1000278, 1000277, 1000276, 1000275, 1000274, 1000696, 1000747, 1000758, 1000279, 1000815, 1000137, 1000146, 1000151, 1000153, 1000161, 1000164, 1000264, 1000265, 1001412, 1002373, 1002480, 1002639, 1002768, 1002770, 1002898, 1002997, 1002998, 1002498, 1003258, 1003259, 1003777, 1000121, 1003322, 1004341, 1004344, 1004672, 1004879, 1005829, 1006306, 1006331, 1007155, 1007190, 1007328, 1007394, 1007516, 1007546, 1007589, 1007627, 1007765, 1007768, 1006856, 1007908, 1008283, 1008290, 1008313, 1008515, 1008793, 1009058, 1009063, 1009391, 1009427, 1009763, 1010033, 1010111, 1010449, 1010668, 1010797, 1011155, 1011654, 1012191], "attributes": [{"name": "Xu\u1ea5t x\u1ee9", "value": "Th\u00e1i Lan", "id": 100037, "is_timestamp": false, "brand_option": null, "val_id": null}, {"name": "H\u1ea1n b\u1ea3o h\u00e0nh", "value": "24 th\u00e1ng", "id": 100121, "is_timestamp": false, "brand_option": null, "val_id": null}, {"name": "K\u00edch th\u01b0\u1edbc m\u00e0n h\u00ecnh tivi", "value": "40 - 49 Inches", "id": 100364, "is_timestamp": false, "brand_option": null, "val_id": null}, {"name": "Tr\u1ecdng l\u01b0\u1ee3ng", "value": "6.4kg", "id": 100095, "is_timestamp": false, "brand_option": null, "val_id": null}], "liked": false, "liked_count": 0, "cmt_count": 0, "flag": 0, "shopee_verified": false, "is_adult": false, "is_preferred_plus_seller": false, "tier_variations": [{"name": "", "options": [""], "images": null, "properties": null, "type": 0}], "bundle_deal_id": 0, "can_use_bundle_deal": false, "add_on_deal_info": null, "bundle_deal_info": null, "can_use_wholesale": false, "wholesale_tier_list": [], "is_group_buy_item": null, "group_buy_info": null, "welcome_package_type": 0, "welcome_package_info": null, "tax_code": null, "invoice_option": null, "complaint_policy": null, "images": ["5906312a16876ed9710f1f8522392f46", "e0d2e76dd4bbd8f5f077bc5ee0e2e5a2", "61467ffa0104d272c3a00273187113d0", "f0baf93f07f8e5e7c654f28960aa1a46"], "image": "5906312a16876ed9710f1f8522392f46", "video_info_list": null, "item_type": 0, "is_official_shop": true, "show_official_shop_label_in_title": true, "shop_location": "TP. H\u1ed3 Ch\u00ed Minh", "coin_earn_label": null, "cb_option": 0, "is_pre_order": false, "estimated_days": 2, "badge_icon_type": 0, "show_free_shipping": false, "shipping_icon_type": 0, "cod_flag": 0, "is_service_by_shopee": false, "show_original_guarantee": false, "categories": [{"catid": 100010, "display_name": "Thi\u1ebft B\u1ecb \u0110i\u1ec7n Gia D\u1ee5ng", "no_sub": false, "is_default_subcat": false}, {"catid": 100040, "display_name": "Tivi & Ph\u1ee5 ki\u1ec7n", "no_sub": false, "is_default_subcat": false}, {"catid": 100185, "display_name": "Tivi", "no_sub": true, "is_default_subcat": false}], "other_stock": 10, "item_has_post": false, "discount_stock": 0, "current_promotion_has_reserve_stock": false, "current_promotion_reserved_stock": 0, "normal_stock": 10, "brand_id": 1068917, "is_alcohol_product": false, "show_recycling_info": false, "coin_info": {"spend_cash_unit": 100000, "coin_earn_items": [{"coin_earn": 0}]}, "models": [{"itemid": 10474312327, "status": 1, "current_promotion_reserved_stock": 0, "name": "", "promotionid": 0, "price": 899000000000, "price_stocks": [{"allocated_stock": null, "stock_breakdown_by_location": null}], "current_promotion_has_reserve_stock": false, "normal_stock": 10, "extinfo": {"tier_index": [0], "group_buy_info": null, "is_pre_order": null, "estimated_days": 2}, "price_before_discount": 0, "modelid": 150285694302, "stock": 10, "has_gimmick_tag": false}], "spl_info": {"installment_info": null, "user_credit_info": null, "channel_id": null, "show_spl": false, "show_spl_lite": false}, "preview_info": null, "fe_categories": [{"catid": 11036132, "display_name": "Consumer Electronics", "no_sub": false, "is_default_subcat": false}, {"catid": 11036151, "display_name": "Tivi", "no_sub": false, "is_default_subcat": false}, {"catid": 11036154, "display_name": "40 - 49 inches", "no_sub": true, "is_default_subcat": false}], "presale_info": null, "is_cc_installment_payment_eligible": true, "is_non_cc_installment_payment_eligible": false, "flash_sale": null, "upcoming_flash_sale": null, "deep_discount": null, "has_low_fulfillment_rate": false, "is_partial_fulfilled": false, "makeups": null, "shop_vouchers": null, "global_sold": null, "is_infant_milk_formula_product": false, "should_show_amp_tag": false}