{"itemid": 3295414308, "shopid": 152179638, "userid": 0, "price_max_before_discount": -1, "has_lowest_price_guarantee": false, "price_before_discount": 0, "price_min_before_discount": -1, "exclusive_price_info": null, "hidden_price_display": null, "price_min": 419000000000, "price_max": 419000000000, "price": 419000000000, "stock": 5, "discount": null, "historical_sold": 0, "sold": 0, "show_discount": 0, "raw_discount": 0, "min_purchase_limit": 0, "overall_purchase_limit": {"order_max_purchase_limit": 0, "overall_purchase_limit": null, "item_overall_quota": null, "start_date": null, "end_date": null}, "pack_size": null, "is_live_streaming_price": null, "name": "M\u00e1y \u00e9p ch\u1eadm Kalite KL-550 ch\u00ednh h\u00e3ng - b\u1ea3o h\u00e0nh 12 th\u00e1ng", "ctime": 1627012976, "item_status": "normal", "status": 1, "condition": 1, "catid": 100010, "description": "Th\u00f4ng s\u1ed1 k\u1ef9 thu\u1eadt\nModel\tM\u00e1y \u00e9p ch\u1eadm Kalite KL-550\n\u0110i\u1ec7n \u00e1p\t220-240V / 50-60Hz\nC\u00f4ng su\u1ea5t\t240W\nT\u1ed1c \u0111\u1ed9\t55RPM\n\u0110\u1ed9 \u1ed3n\t<70dB\nCh\u1ea5t li\u1ec7u\tInox 304\nK\u00edch th\u01b0\u1edbc\t375x230x350mm\nKh\u1ed1i l\u01b0\u1ee3ng\t5,3kg\nB\u1ea3o h\u00e0nh\t12 th\u00e1ng\nC\u00f4ng ngh\u1ec7 \u00e9p ch\u1eadm \u0111\u01b0\u1ee3c c\u1ea3i ti\u1ebfn th\u00f4ng minh b\u1ea3o to\u00e0n Vitamin, Enzym g\u1ea5p 4 l\u1ea7n\n\u1ede chi\u1ebfc m\u00e1y \u00e9p ch\u1eadm Kalite KL 550 phi\u00ean b\u1ea3n n\u00e2ng c\u1ea5p n\u00e0y nh\u00e0 s\u1ea3n xu\u1ea5t \u0111\u00e3 c\u00f3 m\u1ed9t s\u1ef1 c\u1ea3i ti\u1ebfn l\u1edbn v\u1ec1 c\u00f4ng ngh\u1ec7 \u00e9p ch\u1eadm th\u00f4ng minh, m\u00e1y s\u1ebd \u00e9p b\u1eb1ng tr\u1ee5c v\u00edt nghi\u1ec1n nguy\u00ean li\u1ec7u ch\u1ee9 kh\u00f4ng d\u00f9ng dao, kh\u00f4ng sinh nhi\u1ec7t nh\u01b0 c\u00e1c d\u00f2ng m\u00e1y th\u00f4ng th\u01b0\u1eddng kh\u00e1c.\n\n\u0110\u00e2y l\u00e0 C\u00f4ng ngh\u1ec7 \u00e9p ch\u1eadm \u0111\u01b0\u1ee3c c\u1ea5p b\u1eb1ng s\u00e1ng ch\u1ebf \u201cJ.M.C.S\u201d v\u1edbi t\u1ed1c \u0111\u1ed9 \u00e9p 65 v\u00f2ng/ph\u00fat s\u1ebd h\u1ea1n ch\u1ebf qu\u00e1 tr\u00ecnh oxy h\u00f3a v\u00e0 l\u00e0m ch\u1eadm qu\u00e1 tr\u00ecnh t\u00e1ch n\u01b0\u1edbc c\u1ee7a n\u01b0\u1edbc \u00e9p m\u00e0 v\u1eabn gi\u1eef \u0111\u01b0\u1ee3c h\u01b0\u01a1ng v\u1ecb, m\u00e0u s\u1eafc t\u1ef1 nhi\u00ean c\u0169ng nh\u01b0 gi\u1eef l\u1ea1i \u0111\u01b0\u1ee3c nhi\u1ec1u Vitamin, Enzym trong tr\u00e1i c\u00e2y v\u00e0 rau c\u1ee7 nhi\u1ec1u g\u1ea5p 4 l\u1ea7n so v\u1edbi m\u00e1y \u00e9p truy\u1ec1n th\u1ed1ng.\n\nC\u1eeda v\u00e0 \u1ed1ng ti\u1ebfp nguy\u00ean li\u1ec7u l\u1edbn, ti\u1ec7n \u00edch cho s\u1eed d\u1ee5ng\nC\u1eeda v\u00e0 \u1ed1ng ti\u1ebfp nguy\u00ean li\u1ec7u r\u1ea5t l\u1edbn, l\u00ean \u0111\u1ebfn 8cm. C\u00e1c b\u1ea1n c\u00f3 th\u1ec3 tho\u1ea3 m\u00e1i, \u0111\u1ec3 c\u1ea3 tr\u00e1i t\u00e1o hay l\u00e0 tr\u00e1i c\u00e0 chua v\u00e0o m\u00e0 kh\u00f4ng ph\u1ea3i m\u1ea5t th\u1eddi gian c\u00f4ng s\u1ee9c \u0111\u1ec3 c\u1eaft nh\u1ecf ra.\n\nV\u1edbi c\u1eeda v\u00e0 \u1ed1ng ti\u1ebfp nguy\u00ean li\u1ec7u l\u1edbn nh\u01b0 n\u00e0y, th\u00ec ch\u1ecb em c\u00f3 th\u1ec3 tha h\u1ed3 s\u00e1ng t\u1ea1o trong t\u00e1c ph\u1ea9m c\u1ee7a m\u00ecnh, t\u1eeb mix nhi\u1ec1u lo\u1ea1i tr\u00e1i c\u00e2y, \u0111\u1ebfn c\u00e1c h\u1ed7n h\u1ee3p rau th\u01a1m nhi\u1ec1u h\u01b0\u01a1ng s\u1eafc, v\u00f4 c\u00f9ng l\u00e0 ti\u1ec7n l\u1ee3i.\n\nC\u00f4ng ngh\u1ec7 m\u1ea1nh m\u1ebd, tr\u1ee5c \u00e9p ch\u1eafc ch\u1eafn, ph\u00f9 h\u1ee3p cho gia \u0111\u00ecnh \u0111\u00f4ng ng\u01b0\u1eddi\nM\u00e1y \u00e9p ch\u1eadm Kalite KL 550 c\u00f3 c\u00f4ng su\u1ea5t c\u1ef1c m\u1ea1nh m\u1ebd l\u00ean \u0111\u1ebfn 240W v\u1edbi v\u00f2ng quay 55 v\u00f2ng/ ph\u00fat n\u00ean \u00e9p kh\u1ecfe, n\u00ean v\u1edbi ph\u00f9 h\u1ee3p nh\u1eefng gia \u0111\u00ecnh \u0111\u00f4ng ng\u01b0\u1eddi, ho\u1eb7c ti\u1ebfp \u0111\u00f3n kh\u00e1ch \u0111\u1ebfn ch\u01a1i nh\u00e0 th\u00ec s\u1eed d\u1ee5ng m\u00e1y s\u1ebd r\u1ea5t nhanh ch\u00f3ng v\u00e0 ti\u1ec7n l\u1ee3i.\n\nN\u1eafp ch\u1eb7n th\u00f4ng minh \u201cSmart Cap\u201d v\u1edbi thi\u1ebft k\u1ebf cao su k\u00edn ng\u0103n ng\u1eeba t\u1ed1i \u0111a s\u1ef1 r\u00f2 r\u1ec9\nM\u00e1y \u00e9p ch\u1eadm Kalite KL 550 c\u00f3 trang b\u1ecb N\u1eafp ch\u1eb7n th\u00f4ng minh \u201cSmart Cap\u201d, t\u00ednh n\u0103ng th\u01b0\u1eddng c\u00f3 \u1edf nh\u1eefng d\u00f2ng m\u00e1y \u00e9p cao c\u1ea5p, v\u1edbi thi\u1ebft k\u1ebf trang b\u1ecb n\u00e0y, n\u1eafp cao su k\u00edn s\u1ebd ng\u0103n ng\u1eeba s\u1ef1 r\u00f2 r\u1ec9 n\u01b0\u1edbc \u00e9p trong khi \u00e9p, n\u1ebfn r\u1ea5t v\u1ec7 sinh v\u00e0 s\u1ea1ch s\u1ebd cho c\u1ea3 th\u00e2n m\u00e1y v\u00e0 c\u0103n b\u1ebfp c\u1ee7a gia \u0111\u00ecnh b\u1ea1n.\n\nV\u1eadn h\u00e0nh v\u00e0 s\u1eed d\u1ee5ng d\u1ec5 d\u00e0ng\nVi\u1ec7c v\u1eadn h\u00e0nh s\u1ea3n ph\u1ea9m c\u0169ng r\u1ea5t d\u1ec5 d\u00e0ng. D\u00f9 b\u1ea1n l\u00e0 ng\u01b0\u1eddi ch\u01b0a h\u1ec1 c\u00f3 kinh nghi\u1ec7m, ch\u1ec9 c\u1ea7n d\u00e0nh m\u1ed9t \u00edt ph\u00fat l\u00e0m quen, ch\u1eafc ch\u1eafn b\u1ea1n s\u1ebd h\u00e0i l\u00f2ng v\u1edbi Kalite KL-550 ngay t\u1eeb l\u1ea7n s\u1eed d\u1ee5ng \u0111\u1ea7u ti\u00ean. C\u00e1ch l\u1eafp \u0111\u1eb7t Kalite KL-550 c\u0169ng v\u00f4 c\u00f9ng \u0111\u01a1n gi\u1ea3n, sau khi tham kh\u1ea3o h\u01b0\u1edbng d\u1eabn l\u1eafp \u0111\u1eb7t \u0111\u00ednh k\u00e8m s\u1ea3n ph\u1ea9m, b\u1ea1n ho\u00e0n to\u00e0n c\u00f3 th\u1ec3 t\u1ef1 ch\u1ebf bi\u1ebfn cho b\u1ea3n th\u00e2n v\u00e0 gia \u0111\u00ecnh nh\u1eefng ly n\u01b0\u1edbc \u00e9p tr\u00e1i c\u00e2y h\u1ea5p d\u1eabn.\n\nM\u00e1y ch\u1ea1y \u00eam, kh\u00f4ng rung, kh\u00f4ng \u1ed3n\nM\u00e1y c\u00f3 thi\u1ebft k\u1ebf ch\u00e2n \u0111\u1ebf ch\u1eafc ch\u1eafn, kh\u00f4ng rung, kh\u00f4ng \u1ed3n. \u0110i\u1ec1u n\u00e0y gi\u00fap b\u1ea1n c\u00f3 th\u1ec3 tho\u1ea3i m\u00e1i v\u1eadn h\u00e0nh m\u00e1y v\u00e0o b\u1ea5t c\u1ee9 th\u1eddi \u0111i\u1ec3m n\u00e0o m\u00e0 kh\u00f4ng s\u1ee3 g\u00e2y \u1ea3nh h\u01b0\u1edfng \u0111\u1ebfn c\u00e1c th\u00e0nh vi\u00ean trong gia \u0111\u00ecnh.", "is_mart": false, "show_shopee_verified_label": false, "size_chart": null, "reference_item_id": "", "brand": "Kalite", "item_rating": {"rating_star": 0, "rating_count": [0, 0, 0, 0, 0, 0]}, "label_ids": [1000959, 1000258, 1000260, 1000262, 1000259, 1000256, 1000255, 1000263, 1000254, 1000257, 1000266, 1000267, 1000270, 1000269, 1000268, 1000271, 1000272, 1000273, 1000278, 1000277, 1000276, 1000275, 1000274, 1000696, 1000747, 1000758, 1000279, 1000815, 1000137, 1000146, 1000151, 1000153, 1000161, 1000164, 1000264, 1000265, 1001412, 1002373, 1002480, 1002639, 1002768, 1002770, 1002898, 1002997, 1002998, 1002498, 1003258, 1003259, 1003777, 1000121, 1003322, 1004341, 1004344, 1004672, 1004879, 1005829, 1006306, 1006331, 1007155, 1007190, 1007328, 1007394, 1007516, 1007546, 1007589, 1007627, 1007765, 1007768, 1006856, 1007908, 1008283, 1008290, 1008313, 1008515, 1008793, 1009058, 1009063, 1009391, 1009427, 1009763, 1010033, 1010111, 1010449, 1010668, 1010797, 1011155, 1011654, 1012191, 1001044, 1010348], "attributes": [{"name": "H\u1ea1n b\u1ea3o h\u00e0nh", "value": "12 th\u00e1ng", "id": 100121, "is_timestamp": false, "brand_option": null, "val_id": null}], "liked": false, "liked_count": 0, "cmt_count": 0, "flag": 0, "shopee_verified": false, "is_adult": false, "is_preferred_plus_seller": false, "tier_variations": [{"name": "", "options": [""], "images": null, "properties": null, "type": 0}], "bundle_deal_id": 0, "can_use_bundle_deal": false, "add_on_deal_info": null, "bundle_deal_info": null, "can_use_wholesale": false, "wholesale_tier_list": [], "is_group_buy_item": null, "group_buy_info": null, "welcome_package_type": 0, "welcome_package_info": null, "tax_code": null, "invoice_option": null, "complaint_policy": null, "images": ["0a18810845ebe25ca9d6dfa044fa9931", "092eac7dfce721219ffc22fe173bc9ce", "a01f03f95efa44ea9967a18d800cfe74", "3fb97b7a0a40ebed7a017f3434ddcd9e"], "image": "0a18810845ebe25ca9d6dfa044fa9931", "video_info_list": [{"video_id": "46aa7c91f28a19ee764ee09e6365f60f", "thumb_url": "0a03ae539c0d8d3a08c7b3f68bf6a561", "duration": 19, "version": 2, "vid": "sg_43044089-6b17-4f11-9c43-1bce1cd17a0a_000052", "formats": [{"format": 660011, "defn": "V720P", "profile": "MP4", "path": "", "url": "http://play-aka.vod.shopee.com/c4/98934353/10721072315/YzQsMTU4LTQxNzE4LDE0MTg0NjkwNDc2NjE0Njk2OTYsMg.mp4", "width": 720, "height": 1280}], "default_format": {"format": 100001, "defn": "ORI", "profile": "MP4", "path": "", "url": "http://1500000774.vod2.myqcloud.com/14092670vodsgp1500000774/8f3753f33701925921329919499/aIzGoqXkerAA.mp4", "width": 720, "height": 1280}}], "item_type": 0, "is_official_shop": true, "show_official_shop_label_in_title": true, "shop_location": "TP. H\u1ed3 Ch\u00ed Minh", "coin_earn_label": null, "cb_option": 0, "is_pre_order": false, "estimated_days": 2, "badge_icon_type": 0, "show_free_shipping": false, "shipping_icon_type": 0, "cod_flag": 0, "is_service_by_shopee": false, "show_original_guarantee": false, "categories": [{"catid": 100010, "display_name": "Thi\u1ebft B\u1ecb \u0110i\u1ec7n Gia D\u1ee5ng", "no_sub": false, "is_default_subcat": false}, {"catid": 100041, "display_name": "\u0110\u1ed3 gia d\u1ee5ng nh\u00e0 b\u1ebfp", "no_sub": false, "is_default_subcat": false}, {"catid": 100193, "display_name": "M\u00e1y \u00e9p, Xay sinh t\u1ed1 & M\u00e1y l\u00e0m s\u1eefa \u0111\u1eadu n\u00e0nh", "no_sub": true, "is_default_subcat": false}], "other_stock": 5, "item_has_post": false, "discount_stock": 0, "current_promotion_has_reserve_stock": false, "current_promotion_reserved_stock": 0, "normal_stock": 5, "brand_id": 1247110, "is_alcohol_product": false, "show_recycling_info": false, "coin_info": {"spend_cash_unit": 100000, "coin_earn_items": [{"coin_earn": 0}]}, "models": [{"itemid": 3295414308, "status": 1, "current_promotion_reserved_stock": 0, "name": "", "promotionid": 0, "price": 419000000000, "price_stocks": [{"allocated_stock": null, "stock_breakdown_by_location": null}], "current_promotion_has_reserve_stock": false, "normal_stock": 5, "extinfo": {"tier_index": [0], "group_buy_info": null, "is_pre_order": false, "estimated_days": 2}, "price_before_discount": 0, "modelid": 26906358111, "stock": 5, "has_gimmick_tag": false}], "spl_info": {"installment_info": null, "user_credit_info": null, "channel_id": null, "show_spl": false, "show_spl_lite": false}, "preview_info": null, "fe_categories": [{"catid": 11036971, "display_name": "Home Appliances", "no_sub": false, "is_default_subcat": false}, {"catid": 11111623, "display_name": "Blenders, Mixers & Grinders", "no_sub": false, "is_default_subcat": false}, {"catid": 11111629, "display_name": "Blenders, Mixers & Grinders", "no_sub": true, "is_default_subcat": false}], "presale_info": null, "is_cc_installment_payment_eligible": true, "is_non_cc_installment_payment_eligible": false, "flash_sale": null, "upcoming_flash_sale": null, "deep_discount": null, "has_low_fulfillment_rate": false, "is_partial_fulfilled": false, "makeups": null, "shop_vouchers": null, "global_sold": null, "is_infant_milk_formula_product": false, "should_show_amp_tag": false}