{"itemid": 7948553453, "shopid": 152179638, "userid": 0, "price_max_before_discount": -1, "has_lowest_price_guarantee": false, "price_before_discount": 0, "price_min_before_discount": -1, "exclusive_price_info": null, "hidden_price_display": null, "price_min": 2700000000000, "price_max": 2700000000000, "price": 2700000000000, "stock": 109, "discount": null, "historical_sold": 1, "sold": 0, "show_discount": 0, "raw_discount": 0, "min_purchase_limit": 0, "overall_purchase_limit": {"order_max_purchase_limit": 0, "overall_purchase_limit": null, "item_overall_quota": null, "start_date": null, "end_date": null}, "pack_size": null, "is_live_streaming_price": null, "name": "M\u00e1y l\u1ecdc kh\u00f4ng kh\u00ed Coway AP-3008FH - H\u00e0ng Ch\u00ednh H\u00e3ng", "ctime": 1598260842, "item_status": "normal", "status": 1, "condition": 1, "catid": 100010, "description": "Hi\u1ec7u qu\u1ea3 l\u1ecdc kh\u00f4ng kh\u00ed \u00f4 nhi\u1ec5m tuy\u1ec7t v\u1eddi cho kh\u00f4ng gian s\u1ed1ng c\u00f3 di\u1ec7n t\u00edch l\u1edbn l\u00ean \u0111\u1ebfn 100m2\nLo\u1ea1i b\u1ecf t\u1ed1i \u0111a c\u00e1c h\u1ea1t b\u1ee5i si\u00eau m\u1ecbn trong kh\u00f4ng kh\u00ed, kh\u00ed gas, kh\u00f3i, x\u0103ng xe v\u00e0 c\u00e1c m\u00f9i kh\u00f3 ch\u1ecbu\nThi\u1ebft k\u1ebf theo kh\u00ed \u0111\u1ed9ng h\u1ecdc v\u00e0 n\u0103ng l\u01b0\u1ee3ng s\u1eed d\u1ee5ng \u0111\u01b0\u1ee3c ti\u1ebft ki\u1ec7m t\u1ed1i \u01b0u nh\u1ea5t c\u00f3 th\u1ec3\nB\u1ed9 c\u1ea3m bi\u1ebfn h\u1ea1t b\u1ee5i PM: x\u00e1c \u0111\u1ecbnh ch\u1ea5t l\u01b0\u1ee3ng kh\u00f4ng kh\u00ed ch\u00ednh x\u00e1c trong kho\u1ea3ng th\u1eddi gian th\u1ef1c t\u1ebf\nPh\u00f9 h\u1ee3p v\u1edbi ph\u00f2ng kh\u00e1ch r\u1ed9ng, ph\u00f2ng h\u1ecdp, khu v\u1ef1c v\u0103n ph\u00f2ng, b\u1ec7nh vi\u1ec7n, tr\u01b0\u1eddng h\u1ecdc v\u00e0 qu\u00e1n cafe, nh\u00e0 h\u00e0ng.\nM\u00e1y l\u1ecdc kh\u00f4ng kh\u00ed Coway AP-3008FH t\u0103ng n\u0103ng su\u1ea5t l\u00e0m vi\u1ec7c, kh\u1ea3 n\u0103ng s\u00e1ng t\u1ea1o v\u00e0 ch\u1ea5t l\u01b0\u1ee3ng cu\u1ed9c s\u1ed1ng b\u1eb1ng vi\u1ec7c x\u1eed l\u00fd kh\u00f4ng kh\u00ed \u00f4 nhi\u1ec5m hi\u1ec7u qu\u1ea3, \u0111em \u0111\u1ebfn b\u1ea7u kh\u00f4ng kh\u00ed trong l\u00e0nh, t\u01b0\u01a1i m\u1edbi v\u00e0 tho\u1ea3i m\u00e1i nh\u1ea5t cho b\u1ea1n v\u00e0 nh\u1eefng ng\u01b0\u1eddi xung quanh.\n\nPhi\u00ean b\u1ea3n m\u00e1y l\u1ecdc kh\u00f4ng kh\u00ed Coway AP-3008FH \u0111\u01b0\u1ee3c thi\u1ebft k\u1ebf chuy\u00ean d\u1ee5ng v\u1edbi kh\u1ea3 n\u0103ng ph\u00e1t hi\u1ec7n ch\u1ea5t \u0111\u1ed9c, m\u1ee5i l\u1ea1, b\u1ee5i c\u1ef1c nhanh v\u1edbi \u0111\u1ed9ng c\u01a1 m\u1ea1nh m\u1ebd gi\u00fap Coway AP-3008FH l\u1ecdc kh\u00f4ng kh\u00ed nhanh h\u01a1n r\u1ea5t nhi\u1ec1u so v\u1edbi model kh\u00e1c. Phi\u00ean b\u1ea3n l\u1ecdc kh\u00f4ng kh\u00ed Coway AP-3008FH l\u00e0 m\u1ed9t l\u1ef1a ch\u1ecdn cho nh\u1eefng ai y\u00eau th\u00edch hi\u1ec7u su\u1ea5t l\u1ecdc cao v\u00e0 m\u1ea1nh m\u1ebd.\n\u01afu \u0111i\u1ec3m c\u1ee7a m\u00e1y l\u1ecdc kh\u00f4ng kh\u00ed Coway AP-3008FH\nM\u00e1y l\u1ecdc kh\u00f4ng kh\u00ed Coway AP-3008FH \u0111\u01b0\u1ee3c s\u1ea3n xu\u1ea5t v\u00e0 l\u1eafp r\u00e1p t\u1ea1i nh\u00e0 m\u00e1y Coway \u1edf H\u00e0n Qu\u1ed1c. S\u1ea3n ph\u1ea9m n\u00e0y ra \u0111\u1eddi v\u00e0 s\u1edf h\u1eefu to\u00e0n b\u1ed9 nh\u1eefng t\u00ednh n\u0103ng c\u00f9ng c\u00f4ng ngh\u1ec7 cao c\u1ea5p nh\u1ea5t c\u1ee7a Coway t\u00ednh t\u1edbi th\u1eddi \u0111i\u1ec3m hi\u1ec7n nay.\n\n\u0110\u01b0\u1ee3c trang b\u1ecb h\u1ec7 th\u1ed1ng l\u1ecdc 5 b\u01b0\u1edbc, \u0111\u1eb7c bi\u1ec7t c\u00f3 m\u00e0ng l\u1ecdc d\u1ea7u gi\u00fap lo\u1ea1i b\u1ecf ho\u00e0n to\u00e0n \u00f4 nhi\u1ec5m t\u1eeb x\u0103ng xe (ch\u1ec9 duy nh\u1ea5t m\u00e1y l\u1ecdc kh\u00f4ng kh\u00ed Coway AP-3008FH c\u00f3 m\u00e0ng l\u1ecdc n\u00e0y), m\u00e1y l\u1ecdc kh\u00f4ng kh\u00ed trong nh\u00e0 Coway AP-3008FH hi\u1ec7u qu\u1ea3 cao trong v\u1ea5n \u0111\u1ec1 x\u1eed l\u00fd kh\u00f4ng kh\u00ed. Ngo\u00e0i ra, lo\u1ea1i m\u00e1y l\u1ecdc kh\u00f4ng kh\u00ed n\u00e0y c\u00f2n c\u00f3 h\u1ec7 th\u1ed1ng l\u1ecdc 2 t\u1ea7ng (m\u1ed7i t\u1ea7ng 5 m\u00e0ng l\u1ecdc) mang \u0111\u1ebfn hi\u1ec7u qu\u1ea3 l\u00e0m s\u1ea1ch kh\u00f4ng kh\u00ed t\u1ed1i \u0111a.\nT\u00ednh n\u0103ng n\u1ed5i b\u1eadt c\u1ee7a m\u00e1y l\u1ecdc kh\u00f4ng kh\u00ed Coway AP-3008FH\nHi\u1ec7u qu\u1ea3 l\u1ecdc kh\u00f4ng kh\u00ed \u00f4 nhi\u1ec5m tuy\u1ec7t v\u1eddi cho kh\u00f4ng gian s\u1ed1ng c\u00f3 di\u1ec7n t\u00edch l\u1edbn l\u00ean \u0111\u1ebfn 100m2\nLo\u1ea1i b\u1ecf t\u1ed1i \u0111a c\u00e1c h\u1ea1t b\u1ee5i si\u00eau m\u1ecbn trong kh\u00f4ng kh\u00ed, kh\u00ed gas, kh\u00f3i, x\u0103ng xe v\u00e0 c\u00e1c m\u00f9i kh\u00f3 ch\u1ecbu\nB\u1ed9 c\u1ea3m bi\u1ebfn h\u1ea1t b\u1ee5i PM: x\u00e1c \u0111\u1ecbnh ch\u1ea5t l\u01b0\u1ee3ng kh\u00f4ng kh\u00ed ch\u00ednh x\u00e1c trong kho\u1ea3ng th\u1eddi gian th\u1ef1c t\u1ebf\nThi\u1ebft k\u1ebf theo kh\u00ed \u0111\u1ed9ng h\u1ecdc v\u00e0 n\u0103ng l\u01b0\u1ee3ng s\u1eed d\u1ee5ng ti\u1ebft ki\u1ec7m\n\u0110\u1ed9 \u1ed3n th\u1ea5p, kho\u1ea3ng 31-52dB (A)\nB\u1ed9 c\u1ea3m bi\u1ebfn h\u1ea1t b\u1ee5i PM: x\u00e1c \u0111\u1ecbnh ch\u1ea5t l\u01b0\u1ee3ng kh\u00f4ng kh\u00ed ch\u00ednh x\u00e1c trong kho\u1ea3ng th\u1eddi gian th\u1ef1c t\u1ebf\nCoway AP-3008FH ph\u00f9 h\u1ee3p v\u1edbi ph\u00f2ng kh\u00e1ch r\u1ed9ng, ph\u00f2ng h\u1ecdp, khu v\u1ef1c v\u0103n ph\u00f2ng, b\u1ec7nh vi\u1ec7n, tr\u01b0\u1eddng h\u1ecdc v\u00e0 qu\u00e1n cafe, nh\u00e0 h\u00e0ng\nThi\u1ebft k\u1ebf th\u00f4ng minh, s\u1eed d\u1ee5ng ti\u1ec7n l\u1ee3i\n#coway #maylockhi #maylockhongkhi #ap3008fhh #maylockhongkhicoway", "is_mart": false, "show_shopee_verified_label": false, "size_chart": null, "reference_item_id": "", "brand": "Coway", "item_rating": {"rating_star": 0, "rating_count": [0, 0, 0, 0, 0, 0]}, "label_ids": [1000959, 1000258, 1000260, 1000262, 1000259, 1000256, 1000255, 1000263, 1000254, 1000257, 1000266, 1000267, 1000270, 1000269, 1000268, 1000271, 1000272, 1000273, 1000278, 1000277, 1000276, 1000275, 1000274, 1000696, 1000747, 1000758, 1000279, 1000815, 1000137, 1000146, 1000151, 1000153, 1000161, 1000164, 1000264, 1000265, 1001412, 1002373, 1002480, 1002639, 1002768, 1002770, 1002898, 1002997, 1002998, 1002498, 1003258, 1003259, 1003777, 1000121, 1003322, 1004341, 1004344, 1004672, 1004879, 1005829, 1006306, 1006331, 1007155, 1007190, 1007328, 1007394, 1007516, 1007546, 1007589, 1007627, 1007765, 1007768, 1006856, 1007908, 1008283, 1008290, 1008313, 1008515, 1008793, 1009058, 1009063, 1009391, 1009427, 1009763, 1010033, 1010111, 1010449, 1010668, 1010797, 1011155, 1011654, 1012191, 1006641, 1006660, 1006825, 1007414, 1007861], "attributes": null, "liked": false, "liked_count": 0, "cmt_count": 0, "flag": 524290, "shopee_verified": false, "is_adult": false, "is_preferred_plus_seller": false, "tier_variations": [{"name": "ap3008fh", "options": ["ap3008fh"], "images": null, "properties": null, "type": 0}], "bundle_deal_id": 0, "can_use_bundle_deal": false, "add_on_deal_info": null, "bundle_deal_info": null, "can_use_wholesale": false, "wholesale_tier_list": [], "is_group_buy_item": null, "group_buy_info": null, "welcome_package_type": 0, "welcome_package_info": null, "tax_code": null, "invoice_option": null, "complaint_policy": null, "images": ["b5123b4e356a1269044f3c547b48ad39", "0804081cb982c2bc9cab43eb0bcb9224", "9e0854a97b4ea84dbd7e77a77efb6c8a"], "image": "b5123b4e356a1269044f3c547b48ad39", "video_info_list": null, "item_type": 0, "is_official_shop": true, "show_official_shop_label_in_title": true, "shop_location": "TP. H\u1ed3 Ch\u00ed Minh", "coin_earn_label": null, "cb_option": 0, "is_pre_order": false, "estimated_days": 2, "badge_icon_type": 0, "show_free_shipping": true, "shipping_icon_type": 0, "cod_flag": 0, "is_service_by_shopee": false, "show_original_guarantee": false, "categories": [{"catid": 100010, "display_name": "Thi\u1ebft B\u1ecb \u0110i\u1ec7n Gia D\u1ee5ng", "no_sub": false, "is_default_subcat": false}, {"catid": 100038, "display_name": "Thi\u1ebft b\u1ecb \u0111i\u1ec7n gia d\u1ee5ng nh\u1ecf", "no_sub": false, "is_default_subcat": false}, {"catid": 100176, "display_name": "Thi\u1ebft b\u1ecb x\u1eed l\u00ed kh\u00f4ng kh\u00ed", "no_sub": false, "is_default_subcat": false}, {"catid": 100458, "display_name": "M\u00e1y l\u1ecdc kh\u00f4ng kh\u00ed", "no_sub": true, "is_default_subcat": false}], "other_stock": 109, "item_has_post": false, "discount_stock": 0, "current_promotion_has_reserve_stock": false, "current_promotion_reserved_stock": 0, "normal_stock": 109, "brand_id": 1071775, "is_alcohol_product": false, "show_recycling_info": false, "coin_info": {"spend_cash_unit": 100000, "coin_earn_items": [{"coin_earn": 0}]}, "models": [{"itemid": 7948553453, "status": 1, "current_promotion_reserved_stock": 0, "name": "ap3008fh", "promotionid": 0, "price": 2700000000000, "price_stocks": [{"allocated_stock": null, "stock_breakdown_by_location": null}], "current_promotion_has_reserve_stock": false, "normal_stock": 109, "extinfo": {"tier_index": [0], "group_buy_info": null, "is_pre_order": null, "estimated_days": 2}, "price_before_discount": 0, "modelid": 40741050945, "stock": 109, "has_gimmick_tag": false}], "spl_info": {"installment_info": null, "user_credit_info": null, "channel_id": null, "show_spl": false, "show_spl_lite": false}, "preview_info": null, "fe_categories": [{"catid": 11036971, "display_name": "Home Appliances", "no_sub": false, "is_default_subcat": false}, {"catid": 11037007, "display_name": "Air Conditioners & Fans", "no_sub": false, "is_default_subcat": false}, {"catid": 11037011, "display_name": "Air Purifiers, Dehumidifiers", "no_sub": true, "is_default_subcat": false}], "presale_info": null, "is_cc_installment_payment_eligible": true, "is_non_cc_installment_payment_eligible": false, "flash_sale": null, "upcoming_flash_sale": null, "deep_discount": null, "has_low_fulfillment_rate": false, "is_partial_fulfilled": false, "makeups": null, "shop_vouchers": null, "global_sold": null, "is_infant_milk_formula_product": false, "should_show_amp_tag": false}