{"itemid": 11415252246, "shopid": 152179638, "userid": 0, "price_max_before_discount": -1, "has_lowest_price_guarantee": false, "price_before_discount": 0, "price_min_before_discount": -1, "exclusive_price_info": null, "hidden_price_display": null, "price_min": 1250000000000, "price_max": 1250000000000, "price": 1250000000000, "stock": 5, "discount": null, "historical_sold": 0, "sold": 0, "show_discount": 0, "raw_discount": 0, "min_purchase_limit": 0, "overall_purchase_limit": {"order_max_purchase_limit": 0, "overall_purchase_limit": null, "item_overall_quota": null, "start_date": null, "end_date": null}, "pack_size": null, "is_live_streaming_price": null, "name": "M\u00e1y L\u1ecdc Kh\u00f4ng Kh\u00ed Chungho Nais H\u00fat \u1ea8m - Lily (H\u00e0ng Ch\u00ednh H\u00e3ng)", "ctime": 1625106897, "item_status": "normal", "status": 1, "condition": 1, "catid": 100010, "description": "M\u00e1y l\u1ecdc kh\u00f4ng kh\u00ed 4 c\u00e2\u0301p, ti\u0301ch h\u01a1\u0323p ch\u01b0\u0301c n\u0103ng h\u00fat \u1ea9m, s\u00e2\u0301y kh\u00f4\nHi\u1ec7u qu\u1ea3 l\u1ecdc si\u00eau s\u1ea1ch v\u1edbi b\u1ed9 l\u1ecdc HEPA\n\u0110\u00e8n b\u00e1o m\u1ee9c \u0111\u1ed9 \u00f4 ni\u1ec5m kh\u00f4ng kh\u00ed v\u1edbi 4 m\u00e0u hi\u1ec3n th\u1ecb: xanh d\u01b0\u01a1ng, xanh l\u00e1 c\u00e2y, t\u00edm, \u0111\u1ecf t\u01b0\u01a1ng \u1ee9ng v\u1edbi kh\u00f4ng kh\u00ed s\u1ea1ch, \u00f4 nhi\u1ec5m th\u1ea5p, \u00f4 nhi\u1ec5m trung b\u00ecnh, \u00f4 nhi\u1ec5m n\u1eb7ng\nH\u1ec7 th\u1ed1ng l\u00e0m s\u1ea1ch kh\u00f4ng kh\u00ed qua 4 giai \u0111o\u1ea1n: b\u1ed9 l\u1ecdc tr\u01b0\u1edbc, b\u1ed9 l\u1ecdc trung gian, b\u1ed9 l\u1ecdc Ultra, b\u1ed9 l\u1ecdc kh\u1eed m\u00f9i\nDi chuy\u1ec3n d\u1ec5 d\u00e0ng v\u1edbi b\u00e1nh xe\nB\u1ed9 l\u1ecdc 4 b\u01b0\u1edbc gi\u00fap l\u1ecdc s\u1ea1ch h\u01a1n: B\u1ed9 l\u1ecdc th\u00f4, b\u1ed9 l\u1ecdc trung gian, b\u1ed9 l\u1ecdc Ulpa, b\u1ed9 l\u1ecdc kh\u1eed m\u00f9i\nH\u1ec7 th\u1ed1ng b\u1ea3ng \u0111i\u1ec1u khi\u1ec3n kh\u00f4ng minh, d\u1ec5 s\u1eed d\u1ee5ng\nB\u00e1nh xe di chuy\u1ec3n d\u1ec5 d\u00e0ng\nT\u00ednh n\u0103ng h\u00fat \u1ea9m c\u1ef1c m\u1ea1nh gi\u00fap \u0111\u1ed9 \u1ea9m lu\u00f4n \u1edf m\u1ee9c t\u1ed1t cho s\u1ee9c kh\u1ecfe con ng\u01b0\u1eddi\n\u01afu \u0111i\u1ec3m v\u01b0\u1ee3t tr\u1ed9i c\u1ee7a m\u00e1y l\u1ecdc kh\u00f4ng kh\u00ed v\u00e0 h\u00fat \u1ea9m Chungho Lily l\u00e0 g\u00ec?\nHi\u1ec7u qu\u1ea3 l\u1ecdc si\u00eau s\u1ea1ch v\u1edbi b\u1ed9 l\u1ecdc Hepa\n\nM\u00e1y l\u1ecdc kh\u00f4ng kh\u00ed h\u00fat \u1ea9m Lily \u0111\u01b0\u1ee3c trang b\u1ecb b\u1ed9 l\u1ecdc HEPA gi\u00fap l\u1ecdc s\u1ea1ch c\u00e1c b\u1ee5i m\u1ecbn c\u00f3 k\u00edch th\u01b0\u1edbc si\u00eau nh\u1ecf ch\u1ec9 0,3 micron, lo\u1ea1i b\u1ecf vi khu\u1ea9n, b\u1ee5i m\u1ecbn v\u00e0 c\u00e1c t\u00e1c nh\u00e2n g\u00e2y ra c\u00e1c c\u00e1c b\u1ec7nh v\u1ec1 \u0111\u01b0\u1eddng h\u00f4 h\u1ea5p, do v\u1eady lu\u00f4n gi\u00fap cho kh\u00f4ng kh\u00ed \u0111\u01b0\u1ee3c trong s\u1ea1ch trong gia \u0111\u00ecnh b\u1ea1n.\nB\u1ed9 l\u1ecdc 4 b\u01b0\u1edbc gi\u00fap l\u1ecdc s\u1ea1ch h\u01a1n\n\nChungho Lily \u0111\u01b0\u1ee3c trang b\u1ecb v\u1edbi 4 b\u01b0\u1edbc l\u1ecdc cho hi\u1ec7u qu\u1ea3 l\u1ecdc s\u1ea1ch h\u01a1n\n\nB\u01b0\u1edbc 1: B\u1ed9 l\u1ecdc th\u00f4 (Prefilter): Loa\u0323i bo\u0309 ca\u0301c h\u1ea1t \u00f4 nhi\u00ea\u0303m c\u00f3 th\u1ec3 nh\u00ecn th\u1ea5y b\u1eb1ng m\u1eaft th\u01b0\u1eddng  nh\u01b0 b\u1ee5i, s\u01a1 v\u1ea3i v\u00e0 v\u00e0 l\u00f4ng th\u00fa nu\u00f4i.\n\nB\u01b0\u1edbc 2: B\u1ed9 l\u1ecdc trung gian (Medium filter): M\u00e0ng l\u1ecdc gi\u1eefa kh\u00e1ng khu\u1ea9n ch\u1ed1ng l\u1ea1i s\u1ef1 ph\u00e1t tri\u1ec3n c\u1ee7a vi khu\u1ea9n n\u1ea5m m\u1ed1c, r\u1eadn r\u1ec7t v\u00e0 lo\u1ea1i b\u1ecf c\u00e1c b\u1ee5i c\u00e1t v\u00e0ng\n\nB\u01b0\u1edbc 3: B\u1ed9 l\u1ecdc Ulpa (ULPA filter): lo\u1ea1i b\u1ecf c\u00e1c h\u1ea1t \u00f4 nhi\u00ea\u0303m nh\u1ecf k\u00edch th\u01b0\u1edbc t\u1eeb 0.1\u03bcm nh\u01b0 vi khu\u1ea9n v\u00e0 b\u1ee5i si\u00eau mi\u0323n, ph\u00e2\u0301n hoa, kho\u0301i thu\u00f4\u0301c l\u00e0 nguy\u00ean nh\u00e2n ch\u00ednh g\u00e2y ra c\u00e1c v\u1ea5n \u0111\u1ec1 v\u1ec1 \u0111\u01b0\u1eddng h\u00f4 h\u1ea5p\n\nB\u01b0\u1edbc 4: B\u1ed9 l\u1ecdc kh\u1eed m\u00f9i (Deodorizing): B\u1ed9 l\u1ecdc kh\u1eed m\u00f9i \u0111\u01b0\u1ee3c l\u00e0m t\u1eeb than ho\u1ea1t t\u00ednh ch\u1ea5t l\u01b0\u1ee3ng cao lo\u1ea1i b\u1ecf m\u1ea1nh m\u1ebd ESTE, VOCs, amoniac v\u00e0 c\u00e1c kh\u00ed g\u00e2y m\u00f9i kh\u00e1c\n\n\u0110\u00e8n Led c\u1ea3nh b\u00e1o v\u1ec1 ch\u1ea5t l\u01b0\u1ee3ng kh\u00f4ng kh\u00ed \n\nChungho Lily \u0111\u01b0\u1ee3c thi\u1ebft k\u1ebf th\u00f4ng minh c\u1ea3m bi\u1ebfn v\u1ec1 kh\u00f4ng kh\u00ed t\u1eeb \u0111\u00f3 c\u1ea3nh b\u00e1o v\u1ec1 ch\u1ea5t l\u01b0\u1ee3ng kh\u00f4ng kh\u00ed th\u00f4ng qua m\u00e0u s\u1eafc: xanh d\u01b0\u01a1ng- xanh l\u00e1 c\u00e2y- t\u00edm - \u0111\u1ecf t\u01b0\u01a1ng \u1ee9ng v\u1edbi kh\u00f4ng kh\u00ed s\u1ea1ch- \u00f4 nhi\u1ec5m th\u1ea5p - \u00f4 nhi\u1ec5m trung b\u00ecnh - \u00f4 nhi\u1ec5m nhi\u1ec1u. \u0110\u00e8n c\u1ea3nh b\u00e1o gi\u00fap ng\u01b0\u1eddi s\u1eed d\u1ee5ng c\u00f3 th\u1ec3 bi\u1ebft v\u00e0 ki\u1ec3m so\u00e1t \u0111\u01b0\u1ee3c ch\u1ea5t l\u01b0\u1ee3ng kh\u00f4ng kh\u00ed hi\u1ec7n t\u1ea1i trong ph\u00f2ng.\nThi\u1ebft k\u1ebf nh\u1ecf g\u1ecdn, d\u1ec5 d\u00e0ng s\u1eed d\u1ee5ng v\u00e0 di chuy\u1ec3n\n\nLily c\u1ee7a Chungho \u0111\u01b0\u1ee3c thi\u1ebft k\u1ebf nh\u1ecf g\u1ecdn, m\u00e0u tr\u1eafng trang nh\u00e3 sang tr\u1ecdng mang \u0111\u1ebfn kh\u00f4ng gian hi\u1ec7n \u0111\u1ea1i ti\u1ec7n nghi. Th\u00eam v\u00e0o \u0111\u00f3, m\u00e1y \u0111\u01b0\u1ee3c thi\u1ebft k\u1ebf th\u00eam b\u00e1nh di chuy\u1ec3n gi\u00fap vi\u1ec7c di chuy\u1ec3n tr\u1edf n\u00ean d\u1ec5 d\u00e0ng.\nM\u00e1y l\u1ecdc kh\u00f4ng kh\u00ed v\u00e0 h\u00fat \u1ea9m Chungho Lily \u0111\u1ef1c thi\u1ebft k\u1ebf b\u1ea3ng \u0111i\u1ec1u khi\u1ec3n v\u1edbi nhi\u1ec1u ch\u1ee9c n\u0103ng, d\u1ec5 d\u00e0ng d\u1eed d\u1ee5ng.\n #ecomvietnam #chungho #maylockhongkhi #hutam #chinhhang", "is_mart": false, "show_shopee_verified_label": false, "size_chart": null, "reference_item_id": "", "brand": "Chungho", "item_rating": {"rating_star": 0, "rating_count": [0, 0, 0, 0, 0, 0]}, "label_ids": [1000959, 1000258, 1000260, 1000262, 1000259, 1000256, 1000255, 1000263, 1000254, 1000257, 1000266, 1000267, 1000270, 1000269, 1000268, 1000271, 1000272, 1000273, 1000278, 1000277, 1000276, 1000275, 1000274, 1000696, 1000747, 1000758, 1000279, 1000815, 1000137, 1000146, 1000151, 1000153, 1000161, 1000164, 1000264, 1000265, 1001412, 1002373, 1002480, 1002639, 1002768, 1002770, 1002898, 1002997, 1002998, 1002498, 1003258, 1003259, 1003777, 1000121, 1003322, 1004341, 1004344, 1004672, 1004879, 1005829, 1006306, 1006331, 1007155, 1007190, 1007328, 1007394, 1007516, 1007546, 1007589, 1007627, 1007765, 1007768, 1006856, 1007908, 1008283, 1008290, 1008313, 1008515, 1008793, 1009058, 1009063, 1009391, 1009427, 1009763, 1010033, 1010111, 1010449, 1010668, 1010797, 1011155, 1011654, 1012191, 1006641, 1006660], "attributes": [{"name": "H\u1ea1n b\u1ea3o h\u00e0nh", "value": "12 th\u00e1ng", "id": 100121, "is_timestamp": false, "brand_option": null, "val_id": null}], "liked": false, "liked_count": 0, "cmt_count": 0, "flag": 524288, "shopee_verified": false, "is_adult": false, "is_preferred_plus_seller": false, "tier_variations": [{"name": "", "options": [""], "images": null, "properties": null, "type": 0}], "bundle_deal_id": 0, "can_use_bundle_deal": false, "add_on_deal_info": null, "bundle_deal_info": null, "can_use_wholesale": false, "wholesale_tier_list": [], "is_group_buy_item": null, "group_buy_info": null, "welcome_package_type": 0, "welcome_package_info": null, "tax_code": null, "invoice_option": null, "complaint_policy": null, "images": ["0f7b2164638224cfd0b72d7e839a3922", "a658fe3073a1a2a1104db79b092b9812", "7e17ca928de3a5d8117481c16783562d", "9f5ad52ead326f59371185ae9b63600d"], "image": "0f7b2164638224cfd0b72d7e839a3922", "video_info_list": null, "item_type": 0, "is_official_shop": true, "show_official_shop_label_in_title": true, "shop_location": "TP. H\u1ed3 Ch\u00ed Minh", "coin_earn_label": null, "cb_option": 0, "is_pre_order": false, "estimated_days": 2, "badge_icon_type": 0, "show_free_shipping": false, "shipping_icon_type": 0, "cod_flag": 0, "is_service_by_shopee": false, "show_original_guarantee": false, "categories": [{"catid": 100010, "display_name": "Thi\u1ebft B\u1ecb \u0110i\u1ec7n Gia D\u1ee5ng", "no_sub": false, "is_default_subcat": false}, {"catid": 100038, "display_name": "Thi\u1ebft b\u1ecb \u0111i\u1ec7n gia d\u1ee5ng nh\u1ecf", "no_sub": false, "is_default_subcat": false}, {"catid": 100176, "display_name": "Thi\u1ebft b\u1ecb x\u1eed l\u00ed kh\u00f4ng kh\u00ed", "no_sub": false, "is_default_subcat": false}, {"catid": 100458, "display_name": "M\u00e1y l\u1ecdc kh\u00f4ng kh\u00ed", "no_sub": true, "is_default_subcat": false}], "other_stock": 5, "item_has_post": false, "discount_stock": 0, "current_promotion_has_reserve_stock": false, "current_promotion_reserved_stock": 0, "normal_stock": 5, "brand_id": 1070671, "is_alcohol_product": false, "show_recycling_info": false, "coin_info": {"spend_cash_unit": 100000, "coin_earn_items": [{"coin_earn": 0}]}, "models": [{"itemid": 11415252246, "status": 1, "current_promotion_reserved_stock": 0, "name": "", "promotionid": 0, "price": 1250000000000, "price_stocks": [{"allocated_stock": null, "stock_breakdown_by_location": null}], "current_promotion_has_reserve_stock": false, "normal_stock": 5, "extinfo": {"tier_index": [0], "group_buy_info": null, "is_pre_order": null, "estimated_days": 2}, "price_before_discount": 0, "modelid": 100835387060, "stock": 5, "has_gimmick_tag": false}], "spl_info": {"installment_info": null, "user_credit_info": null, "channel_id": null, "show_spl": false, "show_spl_lite": false}, "preview_info": null, "fe_categories": [{"catid": 11036971, "display_name": "Home Appliances", "no_sub": false, "is_default_subcat": false}, {"catid": 11037007, "display_name": "Air Conditioners & Fans", "no_sub": false, "is_default_subcat": false}, {"catid": 11037011, "display_name": "Air Purifiers, Dehumidifiers", "no_sub": true, "is_default_subcat": false}], "presale_info": null, "is_cc_installment_payment_eligible": true, "is_non_cc_installment_payment_eligible": false, "flash_sale": null, "upcoming_flash_sale": null, "deep_discount": null, "has_low_fulfillment_rate": false, "is_partial_fulfilled": false, "makeups": null, "shop_vouchers": null, "global_sold": null, "is_infant_milk_formula_product": false, "should_show_amp_tag": false}