{"itemid": 13133084040, "shopid": 152179638, "userid": 0, "price_max_before_discount": -1, "has_lowest_price_guarantee": false, "price_before_discount": 0, "price_min_before_discount": -1, "exclusive_price_info": null, "hidden_price_display": null, "price_min": 12000000000, "price_max": 12000000000, "price": 12000000000, "stock": 29, "discount": null, "historical_sold": 1, "sold": 0, "show_discount": 0, "raw_discount": 0, "min_purchase_limit": 0, "overall_purchase_limit": {"order_max_purchase_limit": 0, "overall_purchase_limit": null, "item_overall_quota": null, "start_date": null, "end_date": null}, "pack_size": null, "is_live_streaming_price": null, "name": "K\u1ec7 tr\u01b0\u1ee3t Tokyo Inochi - H\u00e0ng ch\u00ednh h\u00e3ng", "ctime": 1634791861, "item_status": "normal", "status": 1, "condition": 1, "catid": 100636, "description": "Th\u00f4ng s\u1ed1 k\u1ef9 thu\u1eadt\n\nK\u00edch th\u01b0\u1edbc: 455x260x447 mm\nKh\u1ed1i l\u01b0\u1ee3ng: 1160 g\nCh\u1ea5t li\u1ec7u: Nh\u1ef1a PP (Polypropylen), PS nguy\u00ean sinh, h\u1ea1t m\u00e0u, inox cao c\u1ea5p\nM\u00e0u s\u1eafc: Tr\u1eafng ng\u1ecdc\nTh\u00f4ng tin chung v\u1ec1 s\u1ea3n ph\u1ea9m\n\nK\u1ec7 tr\u01b0\u1ee3t Tokyo phong c\u00e1ch t\u1ed1i gi\u1ea3n s\u1ebd mang t\u1edbi cho kh\u00f4ng gian s\u1ed1ng c\u1ee7a nh\u00e0 b\u1ea1n v\u1ebb \u0111\u1eb9p tinh t\u1ebf, g\u1ecdn g\u00e0ng h\u01a1n. Tokyo \u2013 Th\u1ee7 \u0111\u00f4 c\u1ee7a Nh\u1eadt B\u1ea3n, n\u01a1i c\u00f3 nhi\u1ec1u to\u00e0 nh\u00e0 cao t\u1ea7ng nh\u01b0ng lu\u00f4n l\u00e0 th\u00e0nh ph\u1ed1 bi\u1ec3u t\u01b0\u1ee3ng c\u1ee7a v\u0103n minh, s\u1ea1ch \u0111\u1eb9p. \u0110\u00f3 c\u0169ng l\u00e0 c\u1ea3m h\u1ee9ng \u0111\u1ec3 Inochi \u0111\u1eb7t t\u00ean cho s\u1ea3n ph\u1ea9m k\u1ec7 tr\u01b0\u1ee3t.\n\n\u01afu \u0111i\u1ec3m s\u1ea3n ph\u1ea9m\n\nKi\u1ec3u d\u00e1ng sang tr\u1ecdng v\u00e0 d\u1ec5 d\u00e0ng th\u00e1o l\u1eafp.\nKhay tr\u01b0\u1ee3t linh ho\u1ea1t ti\u1ec7n d\u1ee5ng, ti\u1ebft ki\u1ec7m di\u1ec7n t\u00edch\nThanh ch\u1ed1ng inox 304 ch\u1ecbu l\u1ef1c t\u1ed1t.\nM\u00e0u s\u1eafc sang tr\u1ecdng.\nTh\u00edch h\u1ee3p v\u1edbi c\u00e1c kh\u00f4ng gian s\u1ed1ng.\nH\u01b0\u1edbng d\u1eabn s\u1eed d\u1ee5ng\n\nD\u00f9ng trong nh\u00e0 b\u1ebfp.\nD\u00f9ng \u0111\u1ec3 v\u1eadt d\u1ee5ng v\u00e0 ch\u1ecbu l\u1ef1c t\u1ed1t.\nB\u1ea3o qu\u1ea3n\n\nB\u1ea3o qu\u1ea3n n\u01a1i kh\u00f4 r\u00e1o, tho\u00e1ng m\u00e1t\nTh\u00f4ng tin c\u1ea3nh b\u00e1o: Tr\u00e1nh xa ngu\u1ed3n nhi\u1ec7t", "is_mart": false, "show_shopee_verified_label": false, "size_chart": null, "reference_item_id": "", "brand": "inochi", "item_rating": {"rating_star": 0, "rating_count": [0, 0, 0, 0, 0, 0]}, "label_ids": [1000959, 1000258, 1000260, 1000262, 1000259, 1000256, 1000255, 1000263, 1000254, 1000257, 1000266, 1000267, 1000270, 1000269, 1000268, 1000271, 1000272, 1000273, 1000278, 1000277, 1000276, 1000275, 1000274, 1000696, 1000747, 1000758, 1000279, 1000815, 1000137, 1000146, 1000151, 1000153, 1000161, 1000164, 1000264, 1000265, 1001412, 1002373, 1002480, 1002639, 1002768, 1002770, 1002898, 1002997, 1002998, 1002498, 1003258, 1003259, 1003777, 1000121, 1003322, 1004341, 1004344, 1004672, 1004879, 1005829, 1006306, 1006331, 1007155, 1007190, 1007328, 1007394, 1007516, 1007546, 1007589, 1007627, 1007765, 1007768, 1006856, 1007908, 1008283, 1008290, 1008313, 1008515, 1008793, 1009058, 1009063, 1009391, 1009427, 1009763, 1010033, 1010111, 1010449, 1010668, 1010797, 1011155, 1011654, 1012191], "attributes": [{"name": "Xu\u1ea5t x\u1ee9", "value": "Vi\u1ec7t Nam", "id": 100037, "is_timestamp": false, "brand_option": null, "val_id": null}, {"name": "Tr\u1ecdng l\u01b0\u1ee3ng \u0111\u01b0\u1ee3c h\u1ed7 tr\u1ee3", "value": "1.2kg", "id": 100828, "is_timestamp": false, "brand_option": null, "val_id": null}, {"name": "K\u00edch th\u01b0\u1edbc (d\u00e0i x r\u1ed9ng x cao)", "value": "455x260x447 mm", "id": 100942, "is_timestamp": false, "brand_option": null, "val_id": null}], "liked": false, "liked_count": 0, "cmt_count": 0, "flag": 0, "shopee_verified": false, "is_adult": false, "is_preferred_plus_seller": false, "tier_variations": [{"name": "", "options": [""], "images": null, "properties": null, "type": 0}], "bundle_deal_id": 0, "can_use_bundle_deal": false, "add_on_deal_info": null, "bundle_deal_info": null, "can_use_wholesale": false, "wholesale_tier_list": [], "is_group_buy_item": null, "group_buy_info": null, "welcome_package_type": 0, "welcome_package_info": null, "tax_code": null, "invoice_option": null, "complaint_policy": null, "images": ["9c85bbddd8ee5917c6baef556e9db5fe", "702b9c125c942bded2f5e859d5ff5e7f", "d0f53cd881c00d25dcb74de0ba697634", "ec83a918c855272d0218600926abde6f", "3a223fed1fbebf799b14bcc5267fb5d5"], "image": "9c85bbddd8ee5917c6baef556e9db5fe", "video_info_list": null, "item_type": 0, "is_official_shop": true, "show_official_shop_label_in_title": true, "shop_location": "TP. H\u1ed3 Ch\u00ed Minh", "coin_earn_label": null, "cb_option": 0, "is_pre_order": false, "estimated_days": 2, "badge_icon_type": 0, "show_free_shipping": false, "shipping_icon_type": 0, "cod_flag": 0, "is_service_by_shopee": false, "show_original_guarantee": false, "categories": [{"catid": 100636, "display_name": "Nh\u00e0 c\u1eeda & \u0110\u1eddi s\u1ed1ng", "no_sub": false, "is_default_subcat": false}, {"catid": 100717, "display_name": "D\u1ee5ng c\u1ee5 nh\u00e0 b\u1ebfp", "no_sub": false, "is_default_subcat": false}, {"catid": 101224, "display_name": "K\u1ec7 \u0111\u1ec3 \u0111\u1ed3 nh\u00e0 b\u1ebfp", "no_sub": true, "is_default_subcat": false}], "other_stock": 29, "item_has_post": false, "discount_stock": 0, "current_promotion_has_reserve_stock": false, "current_promotion_reserved_stock": 0, "normal_stock": 29, "brand_id": 1122889, "is_alcohol_product": false, "show_recycling_info": false, "coin_info": {"spend_cash_unit": 100000, "coin_earn_items": [{"coin_earn": 0}]}, "models": [{"itemid": 13133084040, "status": 1, "current_promotion_reserved_stock": 0, "name": "", "promotionid": 0, "price": 12000000000, "price_stocks": [{"allocated_stock": null, "stock_breakdown_by_location": null}], "current_promotion_has_reserve_stock": false, "normal_stock": 29, "extinfo": {"tier_index": [0], "group_buy_info": null, "is_pre_order": false, "estimated_days": 2}, "price_before_discount": 0, "modelid": 77589657698, "stock": 29, "has_gimmick_tag": false}], "spl_info": {"installment_info": null, "user_credit_info": null, "channel_id": null, "show_spl": false, "show_spl_lite": false}, "preview_info": null, "fe_categories": [{"catid": 11036670, "display_name": "Home & Living", "no_sub": false, "is_default_subcat": false}, {"catid": 11036748, "display_name": "Kitchenware and food storage", "no_sub": false, "is_default_subcat": false}, {"catid": 11111709, "display_name": "Kitchen storage", "no_sub": true, "is_default_subcat": false}], "presale_info": null, "is_cc_installment_payment_eligible": false, "is_non_cc_installment_payment_eligible": false, "flash_sale": null, "upcoming_flash_sale": null, "deep_discount": null, "has_low_fulfillment_rate": false, "is_partial_fulfilled": false, "makeups": null, "shop_vouchers": null, "global_sold": null, "is_infant_milk_formula_product": false, "should_show_amp_tag": false}