{"itemid": 7433705613, "shopid": 153476815, "userid": 0, "price_max_before_discount": -1, "has_lowest_price_guarantee": true, "price_before_discount": 0, "price_min_before_discount": -1, "exclusive_price_info": null, "hidden_price_display": null, "price_min": 943750000000, "price_max": 1775000000000, "price": 943750000000, "stock": 2582, "discount": null, "historical_sold": 16, "sold": 0, "show_discount": 0, "raw_discount": 0, "min_purchase_limit": 0, "overall_purchase_limit": {"order_max_purchase_limit": 0, "overall_purchase_limit": null, "item_overall_quota": null, "start_date": null, "end_date": null}, "pack_size": null, "is_live_streaming_price": null, "name": "Mi\u1ec5n ph\u00ed c\u00f4ng l\u1eafp \u0111\u1eb7t_ \u0110i\u1ec1u h\u00f2a kh\u00f4ng kh\u00ed m\u1ed9t chi\u1ec1u INVERTER SUNHOUSE SHR-AW09IC610", "ctime": 1589385698, "item_status": "normal", "status": 1, "condition": 1, "catid": 100010, "description": "L\u01b0u \u00fd: \n         - C\u00f4ng l\u1eafp \u0111\u1eb7t: Mi\u1ec5n ph\u00ed cho khu v\u1ef1c HN (12 qu\u1eadn: Qu\u1eadn Ba \u0110\u00ecnh, Qu\u1eadn B\u1eafc T\u1eeb Li\u00eam, Qu\u1eadn C\u1ea7u Gi\u1ea5y, Qu\u1eadn H\u00e0 \u0110\u00f4ng, Qu\u1eadn Hai B\u00e0 Tr\u01b0ng, Qu\u1eadn Ho\u00e0n Ki\u1ebfm, Qu\u1eadn Ho\u00e0ng Mai, Qu\u1eadn Long Bi\u00ean, Qu\u1eadn Nam T\u1eeb Li\u00eam, Qu\u1eadn T\u00e2y H\u1ed3, Qu\u1eadn Thanh Xu\u00e2n, Qu\u1eadn \u0110\u1ed1ng \u0110a). \n         - Chi ph\u00ed v\u1eadt t\u01b0: Nh\u00e2n vi\u00ean s\u1ebd th\u00f4ng b\u00e1o ph\u00ed v\u1eadt t\u01b0 (\u1ed1ng \u0111\u1ed3ng, d\u00e2y \u0111i\u1ec7n v.v...) khi kh\u1ea3o s\u00e1t l\u1eafp \u0111\u1eb7t (B\u1ea3ng k\u00ea xem t\u1ea1i \u1ea3nh 2). Kh\u00e1ch h\u00e0ng s\u1ebd thanh to\u00e1n tr\u1ef1c ti\u1ebfp cho nh\u00e2n vi\u00ean k\u1ef9 thu\u1eadt sau khi vi\u1ec7c l\u1eafp \u0111\u1eb7t ho\u00e0n th\u00e0nh - chi ph\u00ed n\u00e0y s\u1ebd kh\u00f4ng ho\u00e0n l\u1ea1i trong b\u1ea5t c\u1ee9 tr\u01b0\u1eddng h\u1ee3p n\u00e0o.\n         - Th\u1eddi gian li\u00ean h\u1ec7 l\u1eafp \u0111\u1eb7t: 24h k\u1ec3 t\u1eeb khi nh\u1eadn h\u00e0ng (Tr\u1eeb Ch\u1ee7 nh\u1eadt/ Ng\u00e0y L\u1ec5).\n         - Quy \u0111\u1ecbnh \u0111\u1ed5i tr\u1ea3: Ch\u1ec9 \u0111\u1ed5i/tr\u1ea3 s\u1ea3n ph\u1ea9m, t\u1eeb ch\u1ed1i nh\u1eadn h\u00e0ng t\u1ea1i th\u1eddi \u0111i\u1ec3m nh\u1eadn h\u00e0ng trong tr\u01b0\u1eddng h\u1ee3p s\u1ea3n ph\u1ea9m giao \u0111\u1ebfn kh\u00f4ng c\u00f2n nguy\u00ean v\u1eb9n, thi\u1ebfu ph\u1ee5 ki\u1ec7n ho\u1eb7c nh\u1eadn \u0111\u01b0\u1ee3c sai h\u00e0ng. Khi s\u1ea3n ph\u1ea9m \u0111\u00e3 \u0111\u01b0\u1ee3c c\u1eafm \u0111i\u1ec7n s\u1eed d\u1ee5ng v\u00e0/ho\u1eb7c l\u1eafp \u0111\u1eb7t, v\u00e0 g\u1eb7p l\u1ed7i k\u0129 thu\u1eadt, s\u1ea3n ph\u1ea9m s\u1ebd \u0111\u01b0\u1ee3c h\u01b0\u1edfng ch\u1ebf \u0111\u1ed9 b\u1ea3o h\u00e0nh theo \u0111\u00fang ch\u00ednh s\u00e1ch c\u1ee7a nh\u00e0 s\u1ea3n xu\u1ea5t\n         - Qu\u00fd kh\u00e1ch h\u00e0ng c\u00f3 th\u1ec3 tr\u00ec ho\u00e3n vi\u1ec7c l\u1eafp \u0111\u1eb7t t\u1ed1i \u0111a l\u00e0 7 ng\u00e0y l\u1ecbch k\u1ec3 t\u1eeb ng\u00e0y giao h\u00e0ng th\u00e0nh c\u00f4ng (kh\u00f4ng t\u00ednh ng\u00e0y L\u1ec5). N\u1ebfu nh\u00e2n vi\u00ean h\u1ed7 tr\u1ee3 kh\u00f4ng th\u1ec3 li\u00ean h\u1ec7 \u0111\u01b0\u1ee3c v\u1edbi Kh\u00e1ch h\u00e0ng qu\u00e1 3 l\u1ea7n, ho\u1eb7c Kh\u00e1ch h\u00e0ng tr\u00ec ho\u00e3n vi\u1ec7c l\u1eafp \u0111\u1eb7t qu\u00e1 th\u1eddi h\u1ea1n tr\u00ean, D\u1ecbch v\u1ee5 l\u1eafp \u0111\u1eb7t s\u1ebd \u0111\u01b0\u1ee3c h\u1ee7y b\u1ecf.\n         - \u0110\u01a1n v\u1ecb v\u1eadn chuy\u1ec3n giao h\u00e0ng cho b\u1ea1n KH\u00d4NG c\u00f3 nghi\u1ec7p v\u1ee5 l\u1eafp \u0111\u1eb7t s\u1ea3n ph\u1ea9m. \u0110\u01a1n v\u1ecb l\u1eafp \u0111\u1eb7t s\u1ebd li\u00ean h\u1ec7 b\u1ea1n trong v\u00f2ng 24h khi b\u1ea1n nh\u1eadn h\u00e0ng!\n         - Khi s\u1ea3n ph\u1ea9m \u0111\u00e3 \u0111\u01b0\u1ee3c c\u1eafm \u0111i\u1ec7n s\u1eed d\u1ee5ng v\u00e0/ho\u1eb7c l\u1eafp \u0111\u1eb7t, v\u00e0 g\u1eb7p l\u1ed7i k\u0129 thu\u1eadt, s\u1ea3n ph\u1ea9m s\u1ebd \u0111\u01b0\u1ee3c h\u01b0\u1edfng ch\u1ebf \u0111\u1ed9 b\u1ea3o h\u00e0nh theo \u0111\u00fang ch\u00ednh s\u00e1ch c\u1ee7a nh\u00e0 s\u1ea3n xu\u1ea5t.\n\nTh\u00f4ng s\u1ed1 k\u1ef9 thu\u1eadt\nT\u00ean s\u1ea3n ph\u1ea9m/Model: SHR-AW09IC610/AW12IC610/AW18IC610\nLo\u1ea1i m\u00e1y: 1 chi\u1ec1u l\u1ea1nh\nC\u00f4ng su\u1ea5t \u0111\u1ecbnh m\u1ee9c: 9000/12000/18000 BTU\nDi\u1ec7n t\u00edch l\u00e0m m\u00e1t: 15m2/16-22m2/22-30m2\nM\u00e0u s\u1eafc: Tr\u1eafng tr\u01a1n \u2013 M\u1eb7t hi\u1ec3n th\u1ecb s\u1ed1\nTh\u1eddi gian b\u1ea3o h\u00e0nh: \n- 24 th\u00e1ng cho linh ki\u1ec7n \u0111i\u1ec7n t\u1eed\n- 60 th\u00e1ng cho m\u00e1y n\u00e9n (block)\nC\u00f4ng su\u1ea5t ti\u00eau th\u1ee5 \u0111\u1ecbnh m\u1ee9c (l\u00e0m l\u1ea1nh): 1170W\nD\u00f2ng \u0111i\u1ec7n \u0111\u1ecbnh m\u1ee9c (l\u00e0m l\u1ea1nh): 5.1A\nNgu\u1ed3n \u0111i\u1ec7n: 220V~/50Hz\nLo\u1ea1i gas s\u1eed d\u1ee5ng: R32\nT\u00ednh n\u0103ng n\u1ed5i b\u1eadt :\n- M\u00e0ng l\u1ecdc k\u00e9p, kh\u1eed s\u1ea1ch b\u1ee5i m\u1ecbn PM 2.5\n- B\u1ed9 \u0111\u00f4i b\u1ea3o v\u1ec7 S-PRO 3 t\u00e1c \u0111\u1ed9ng, si\u00eau b\u1ec1n b\u1ec9\n- C\u00f4ng ngh\u1ec7 Inverter ti\u1ebft ki\u1ec7m \u0111i\u1ec7n\nK\u00edch th\u01b0\u1edbc m\u00e1y D\u00e0n l\u1ea1nh: 805x194x285 mm\nK\u00edch th\u01b0\u1edbc bao b\u00ec D\u00e0n l\u1ea1nh: 870x270x360 mm\nKh\u1ed1i l\u01b0\u1ee3ng t\u1ecbnh D\u00e0n l\u1ea1nh: 8.2 kg\nK\u00edch th\u01b0\u1edbc m\u00e1y D\u00e0n n\u00f3ng: 720x495x270 mm\nK\u00edch th\u01b0\u1edbc bao b\u00ec D\u00e0n n\u00f3ng: 825x535x295 mm\nKh\u1ed1i l\u01b0\u1ee3ng t\u1ecbnh D\u00e0n n\u00f3ng: 21.5 kg\n\u1ed0ng l\u1ecfng: \u03c66 mm\n\u1ed0ng gas: \u03a69.52 mm\nXu\u1ea5t x\u1ee9: Th\u00e1i Lan\n-----------\nCh\u00ednh s\u00e1ch ho\u00e0n h\u00e0ng: Trong v\u00f2ng 7 ng\u00e0y t\u1eeb khi nh\u1eadn \u0111\u01b0\u1ee3c h\u00e0ng, n\u1ebfu nh\u01b0 s\u1ea3n ph\u1ea9m b\u1ecb l\u1ed7i ho\u1eb7c v\u1ee1 m\u00f3p trong qu\u00e1 tr\u00ecnh v\u1eadn chuy\u1ec3n\n-----------\nTH\u00d4NG TIN B\u1ea2O H\u00c0NH\n1 \u0111\u1ed5i 1 trong v\u00f2ng 2 n\u0103m\nHotline 1800-6680\nTrung t\u00e2m b\u1ea3o h\u00e0nh tham kh\u1ea3o t\u1ea1i: https://sunhouse.com.vn/bao-hanh\n", "is_mart": false, "show_shopee_verified_label": false, "size_chart": null, "reference_item_id": "", "brand": "SUNHOUSE", "item_rating": {"rating_star": 4.75, "rating_count": [8, 0, 0, 1, 0, 7]}, "label_ids": [44, 1000753, 1001051, 1001054, 1001077, 1001078, 1001079, 1001084, 1001086, 1001089, 1000959, 1000969, 1000975, 1000988, 1001015, 1001033, 1001037, 1001039, 1001040, 1000262, 1000260, 1000259, 1000258, 1000256, 1000254, 1000255, 1000257, 1000498, 1000266, 1000269, 1000268, 1000270, 1000267, 1000274, 1000271, 1000273, 1000272, 1000275, 1000278, 1000276, 1000277, 1000630, 1000660, 1000710, 1000713, 1000766, 1000768, 1000769, 1000771, 1000772, 1000788, 1000279, 1000294, 1000335, 1000339, 1000349, 1000333, 1000359, 1000363, 1000378, 1000379, 1000390, 1000391, 1000431, 1000432, 1000445, 1000451, 1000453, 1000462, 1000856, 1000866, 1000902, 1000904, 1000907, 1000911, 1000924, 1000937, 1000938, 1000946, 1000070, 1000071, 1000075, 1000085, 1000088, 1000100, 1000103, 1000125, 1000145, 1000146, 1000151, 1000153, 1000161, 1000164, 1000230, 1000263, 1000265, 1000264, 1001321, 1001324, 1001352, 1000086, 1000334, 1000558, 1000878, 1000956, 1000957, 1000983, 1000984, 1001396, 1001399, 1001390, 1001409, 1001549, 1001597, 1001711, 1001728, 1001740, 1001748, 1001791, 1001827, 1001947, 1001948, 1001959, 1001961, 1002113, 1002120, 1002130, 1002132, 1002163, 1002172, 1002232, 1002283, 1002296, 1002408, 1002409, 1002410, 1002422, 1002433, 1002501, 1002597, 1002644, 1002646, 1002695, 1002756, 1002763, 1002785, 1002789, 1002790, 1002998, 1003258, 1003259, 1000121, 1000300, 1004171, 1004213, 1004293, 1004341, 1004360, 1004879, 1004894, 1004897, 1004921, 1004929, 1005061, 1005083, 1005261, 1005951, 1006016, 1006117, 1006199, 1006306, 1006435, 1006483, 1006624, 1006642, 1006669, 1006805, 1007155, 1007190, 1007328, 1007394, 1007516, 1007546, 1007525, 1007695, 1007765, 1007768, 1007773, 1006856, 1008093, 1008283, 1008290, 1008313, 1008515, 1008529, 1008793, 1009058, 1009063, 1009202, 1009427, 1009525, 1009774, 1009763, 1009931, 1010033, 1010111, 1010210, 1010310, 1010449, 1010452, 1010666, 1010668, 1010797, 1010881, 1011155, 1011293, 1011470, 1011654, 1011685, 1011776, 1011909, 1011937, 1012134, 1012191, 1012192, 1012514, 1000466, 1000586, 1000675, 1000779, 1000817, 1000819, 1000821, 1000825, 1000836, 1000850, 1000919, 1000960, 1000971, 1000597, 1000620, 1003744, 1004542, 1004709, 1004870, 1004997, 1005114, 1005158, 1005269, 1005329, 1005780, 1001044, 1006476, 1006569, 1006641, 1006660, 1006825, 1007414, 1007861, 1008842, 1010348, 1011387, 1009370, 1012405, 1000990], "attributes": null, "liked": false, "liked_count": 71, "cmt_count": 8, "flag": 524290, "shopee_verified": false, "is_adult": false, "is_preferred_plus_seller": false, "tier_variations": [{"name": "K\u1ef9 thu\u1eadt", "options": ["L\u1eafp \u0111\u1eb7t k\u00e8m theo", "Kh\u00f4ng l\u1eafp \u0111\u1eb7t"], "images": null, "properties": null, "type": 0}, {"name": "C\u00f4ng su\u1ea5t", "options": ["9000BTU", "12000BTU", "18000BTU"], "images": null, "properties": null, "type": 0}], "bundle_deal_id": 0, "can_use_bundle_deal": false, "add_on_deal_info": null, "bundle_deal_info": null, "can_use_wholesale": false, "wholesale_tier_list": [], "is_group_buy_item": null, "group_buy_info": null, "welcome_package_type": 0, "welcome_package_info": null, "tax_code": null, "invoice_option": null, "complaint_policy": null, "images": ["1117cb3f40ba756976467da9490abb59", "f6a78552b6599c957ef335156f091c7b", "97435ea94cdb772690858b1327462164", "7df03729d284e3f27daf17edff470eb0", "99c7ecb1ef2c872218db3b17ada7d131", "eded25b3c526617e641156a3aea89fe7", "d688d7124cdeb787e5204be9442a4e5a"], "image": "1117cb3f40ba756976467da9490abb59", "video_info_list": null, "item_type": 0, "is_official_shop": true, "show_official_shop_label_in_title": true, "shop_location": "H\u00e0 N\u1ed9i", "coin_earn_label": null, "cb_option": 0, "is_pre_order": false, "estimated_days": 2, "badge_icon_type": 0, "show_free_shipping": true, "shipping_icon_type": 0, "cod_flag": 0, "is_service_by_shopee": false, "show_original_guarantee": false, "categories": [{"catid": 100010, "display_name": "Thi\u1ebft B\u1ecb \u0110i\u1ec7n Gia D\u1ee5ng", "no_sub": false, "is_default_subcat": false}, {"catid": 100039, "display_name": "Thi\u1ebft b\u1ecb \u0111i\u1ec7n gia d\u1ee5ng l\u1edbn", "no_sub": false, "is_default_subcat": false}, {"catid": 100181, "display_name": "Thi\u1ebft b\u1ecb l\u00e0m m\u00e1t", "no_sub": false, "is_default_subcat": false}, {"catid": 100464, "display_name": "\u0110i\u1ec1u h\u00f2a", "no_sub": true, "is_default_subcat": false}], "other_stock": 2582, "item_has_post": true, "discount_stock": 0, "current_promotion_has_reserve_stock": false, "current_promotion_reserved_stock": 0, "normal_stock": 2582, "brand_id": 1134377, "is_alcohol_product": false, "show_recycling_info": false, "coin_info": {"spend_cash_unit": 100000, "coin_earn_items": [{"coin_earn": 0}, {"coin_earn": 0}, {"coin_earn": 0}, {"coin_earn": 0}, {"coin_earn": 0}, {"coin_earn": 0}]}, "models": [{"itemid": 7433705613, "status": 1, "current_promotion_reserved_stock": 0, "name": "L\u1eafp \u0111\u1eb7t k\u00e8m theo,9000BTU", "promotionid": 0, "price": 943750000000, "price_stocks": [{"allocated_stock": null, "stock_breakdown_by_location": null}], "current_promotion_has_reserve_stock": false, "normal_stock": 189, "extinfo": {"tier_index": [0, 0], "group_buy_info": null, "is_pre_order": null, "estimated_days": 2}, "price_before_discount": 0, "modelid": 18952544557, "stock": 189, "has_gimmick_tag": false}, {"itemid": 7433705613, "status": 1, "current_promotion_reserved_stock": 0, "name": "L\u1eafp \u0111\u1eb7t k\u00e8m theo,12000BTU", "promotionid": 0, "price": 1118750000000, "price_stocks": [{"allocated_stock": null, "stock_breakdown_by_location": null}], "current_promotion_has_reserve_stock": false, "normal_stock": 1000, "extinfo": {"tier_index": [0, 1], "group_buy_info": null, "is_pre_order": null, "estimated_days": 2}, "price_before_discount": 0, "modelid": 18952544558, "stock": 1000, "has_gimmick_tag": false}, {"itemid": 7433705613, "status": 1, "current_promotion_reserved_stock": 0, "name": "L\u1eafp \u0111\u1eb7t k\u00e8m theo,18000BTU", "promotionid": 0, "price": 1775000000000, "price_stocks": [{"allocated_stock": null, "stock_breakdown_by_location": null}], "current_promotion_has_reserve_stock": false, "normal_stock": 99, "extinfo": {"tier_index": [0, 2], "group_buy_info": null, "is_pre_order": null, "estimated_days": 2}, "price_before_discount": 0, "modelid": 18952544559, "stock": 99, "has_gimmick_tag": false}, {"itemid": 7433705613, "status": 1, "current_promotion_reserved_stock": 0, "name": "Kh\u00f4ng l\u1eafp \u0111\u1eb7t,9000BTU", "promotionid": 0, "price": 943750000000, "price_stocks": [{"allocated_stock": null, "stock_breakdown_by_location": null}], "current_promotion_has_reserve_stock": false, "normal_stock": 196, "extinfo": {"tier_index": [1, 0], "group_buy_info": null, "is_pre_order": null, "estimated_days": 2}, "price_before_discount": 0, "modelid": 18952544560, "stock": 196, "has_gimmick_tag": false}, {"itemid": 7433705613, "status": 1, "current_promotion_reserved_stock": 0, "name": "Kh\u00f4ng l\u1eafp \u0111\u1eb7t,12000BTU", "promotionid": 0, "price": 1118750000000, "price_stocks": [{"allocated_stock": null, "stock_breakdown_by_location": null}], "current_promotion_has_reserve_stock": false, "normal_stock": 999, "extinfo": {"tier_index": [1, 1], "group_buy_info": null, "is_pre_order": null, "estimated_days": 2}, "price_before_discount": 0, "modelid": 18952544561, "stock": 999, "has_gimmick_tag": false}, {"itemid": 7433705613, "status": 1, "current_promotion_reserved_stock": 0, "name": "Kh\u00f4ng l\u1eafp \u0111\u1eb7t,18000BTU", "promotionid": 0, "price": 1775000000000, "price_stocks": [{"allocated_stock": null, "stock_breakdown_by_location": null}], "current_promotion_has_reserve_stock": false, "normal_stock": 99, "extinfo": {"tier_index": [1, 2], "group_buy_info": null, "is_pre_order": null, "estimated_days": 2}, "price_before_discount": 0, "modelid": 18952544562, "stock": 99, "has_gimmick_tag": false}], "spl_info": {"installment_info": null, "user_credit_info": null, "channel_id": null, "show_spl": false, "show_spl_lite": false}, "preview_info": null, "fe_categories": [{"catid": 11036971, "display_name": "Home Appliances", "no_sub": false, "is_default_subcat": false}, {"catid": 11037007, "display_name": "Air Conditioners & Fans", "no_sub": false, "is_default_subcat": false}, {"catid": 11037010, "display_name": "Air Conditioners", "no_sub": true, "is_default_subcat": false}], "presale_info": null, "is_cc_installment_payment_eligible": true, "is_non_cc_installment_payment_eligible": false, "flash_sale": null, "upcoming_flash_sale": null, "deep_discount": null, "has_low_fulfillment_rate": false, "is_partial_fulfilled": false, "makeups": null, "shop_vouchers": null, "global_sold": null, "is_infant_milk_formula_product": false, "should_show_amp_tag": false}