{"itemid": 2546015648, "shopid": 165017863, "userid": 0, "price_max_before_discount": -1, "has_lowest_price_guarantee": false, "price_before_discount": 0, "price_min_before_discount": -1, "exclusive_price_info": null, "hidden_price_display": null, "price_min": 95000000000, "price_max": 95000000000, "price": 95000000000, "stock": 4, "discount": null, "historical_sold": 1, "sold": 0, "show_discount": 0, "raw_discount": 0, "min_purchase_limit": 0, "overall_purchase_limit": {"order_max_purchase_limit": 0, "overall_purchase_limit": null, "item_overall_quota": null, "start_date": null, "end_date": null}, "pack_size": null, "is_live_streaming_price": null, "name": "N\u1ed3i \u00e1p su\u1ea5t \u0111i\u1ec7n 5 l\u00edt Midea MY-12LS508A", "ctime": 1564199975, "item_status": "normal", "status": 1, "condition": 1, "catid": 100010, "description": "N\u1ed3i \u00e1p su\u1ea5t Midea MY-12LS508A d\u00f9ng \u0111\u1ec3 ch\u1ebf bi\u1ebfn c\u00e1c m\u00f3n \u0103n ph\u1ed5 bi\u1ebfn cho m\u1ecdi gia \u0111\u00ecnh ng\u01b0\u1eddi Vi\u1ec7t hi\u1ec7n nay. S\u1ea3n ph\u1ea9m ch\u1ec9 m\u1ed9t nh\u01b0ng l\u1ea1i t\u00edch h\u1ee3p to\u00e0n b\u1ed9 c\u00e1c ch\u1ee9c n\u0103ng c\u1ee7a nhi\u1ec1u thi\u1ebft b\u1ecb kh\u00e1c nh\u01b0 n\u1ea5u c\u01a1m, n\u1ea5u ch\u00e1o, h\u1ea7m s\u00fap, ninh x\u01b0\u01a1ng, l\u00e0m b\u00e1nh, lu\u1ed9c g\u00e0... B\u1ea1n s\u1ebd kh\u00f4ng ph\u1ea3i s\u1eed d\u1ee5ng nhi\u1ec1u n\u1ed3i n\u1ea5u kh\u00e1c nhau n\u1eefa, \u0111i\u1ec1u n\u00e0y gi\u00fap cho kh\u00f4ng gian b\u1ebfp c\u1ee7a gia \u0111\u00ecnh tr\u1edf n\u00ean g\u1ecdn g\u00e0ng h\u01a1n.\n\nThi\u1ebft k\u1ebf th\u00f4ng minh hi\u1ec7n \u0111\u1ea1i\nN\u1ed3i \u00e1p su\u1ea5t Midea MY-12LS508A c\u00f3 thi\u1ebft k\u1ebf v\u00f4 c\u00f9ng th\u00f4ng minh v\u00e0 ki\u1ec3u d\u00e1ng nh\u1ecf g\u1ecdn, m\u00e0u s\u1eafc trang nh\u00e3 v\u1edbi v\u1ecf n\u1ed3i \u0111\u01b0\u1ee3c l\u00e0m b\u1eb1ng inox cao c\u1ea5p t\u1ea1o \u0111\u01b0\u1eddng n\u00e9t hi\u1ec7n \u0111\u1ea1i, sang tr\u1ecdng. B\u1ea3ng \u0111i\u1ec1u khi\u1ec3n v\u1edbi n\u00fam xoay \u0111\u01a1n gi\u1ea3n ch\u1ec9 c\u1ea7n thao t\u00e1c nh\u1ecf c\u0169ng c\u00f3 th\u1ec3 ch\u1ec9nh nhi\u1ec7t \u0111\u1ed9 ph\u00f9 h\u1ee3p v\u1edbi t\u1eebng m\u00f3n \u0103n.\n\nL\u00f2ng n\u1ed3i ch\u1ed1ng d\u00ednh cao c\u1ea5p\nN\u1ed3i \u00e1p su\u1ea5t Midea MY-12LS508A \u0111\u1ea3m b\u1ea3o ch\u1ea5t l\u01b0\u1ee3ng ch\u1ed1ng d\u00ednh t\u1ed1t v\u1edbi l\u00f2ng n\u1ed3i d\u00e0y 1.8mm si\u00eau b\u1ec1n, gi\u1eef nhi\u1ec7t l\u00e2u v\u00e0 d\u1ec5 d\u00e0ng lau ch\u00f9i, v\u1ec7 sinh sau khi s\u1eed d\u1ee5ng.\n\nVan an to\u00e0n cho ng\u01b0\u1eddi s\u1eed d\u1ee5ng\nN\u1ed3i \u00e1p su\u1ea5t Midea MY-12LS508A c\u00f3 van an to\u00e0n t\u1ef1 \u0111\u1ed9ng kh\u00f3a l\u1ea1i khi b\u1eaft \u0111\u1ea7u n\u1ea5u n\u01b0\u1edbng, van ch\u1ec9 xoay \u0111\u01b0\u1ee3c khi kh\u00ed b\u00ean trong n\u1ed3i \u0111\u01b0\u1ee3c tho\u00e1t h\u1ebft ra ngo\u00e0i, h\u1ea1n ch\u1ebf kh\u1ea3 n\u0103ng g\u00e2y b\u1ecfng cho ng\u01b0\u1eddi s\u1eed d\u1ee5ng.\n\nGi\u1eef h\u01b0\u01a1ng v\u1ecb v\u00e0 d\u01b0\u1ee1ng ch\u1ea5t b\u00ean trong\nN\u1ed3i \u00e1p su\u1ea5t Midea MY-12LS508A c\u00f3 n\u1eafp \u0111\u1eady k\u00edn khi n\u1ea5u, h\u01a1i v\u00e0 kh\u00ed b\u00ean trong n\u1ed3i kh\u00f4ng tho\u00e1t ra \u0111\u01b0\u1ee3c gi\u00fap th\u1ee9c \u0103n nhanh ch\u00ednh nh\u01b0ng v\u1eabn gi\u1eef nguy\u00ean h\u01b0\u01a1ng v\u1ecb, d\u01b0\u1ee1ng ch\u1ea5t b\u00ean trong.\n\nDung t\u00edch 5 l\u00edt\nN\u1ed3i \u00e1p su\u1ea5t Midea MY-12LS508A c\u00f3 dung t\u00edch l\u00e0 5 l\u00edt, ph\u00f9 h\u1ee3p cho nhi\u1ec1u ng\u01b0\u1eddi d\u00f9ng s\u1eed d\u1ee5ng, ph\u1ee5c v\u1ee5 nhu c\u1ea7u v\u1edbi gia \u0111\u00ecnh c\u00f3 t\u1eeb 5 \u0111\u1ebfn 6 th\u00e0nh vi\u00ean.\n\nCh\u1ebf \u0111\u1ed9 h\u1eb9n gi\u1edd 24 ti\u1ebfng\nN\u1ed3i \u00e1p su\u1ea5t Midea MY-12LS508A t\u00edch h\u1ee3p ch\u1ebf \u0111\u1ed9 h\u1eb9n gi\u1edd l\u00ean t\u1edbi 24 ti\u1ebfng, gi\u00fap ng\u01b0\u1eddi d\u00f9ng ho\u00e0n to\u00e0n y\u00ean t\u00e2m khi s\u1eed d\u1ee5ng m\u00e0 kh\u00f4ng c\u00f2n lo \u0111\u1ebfn v\u1ea5n \u0111\u1ec1 canh gi\u1edd hay s\u1ee3 ch\u00e1y n\u1ed5.\n\n\u0110a ch\u1ee9c n\u0103ng s\u1eed d\u1ee5ng\nN\u1ed3i \u00e1p su\u1ea5t Midea MY-12LS508A c\u00f3 th\u1ec3 s\u1eed d\u1ee5ng trong nhi\u1ec1u tr\u01b0\u1eddng h\u1ee3p kh\u00e1c nhau t\u01b0\u01a1ng \u1ee9ng v\u1edbi t\u1eebng ch\u1ebf \u0111\u1ed9 khi b\u1ea1n n\u1ea5u c\u01a1m, h\u1ea7m ch\u00e1o, ninh x\u01b0\u01a1ng, lu\u1ed9c g\u00e0, l\u00e0m b\u00e1nh...\n\n\nB\u1ea3o h\u00e0nh to\u00e0n qu\u1ed1c 12 th\u00e1ng \n\n#NoiApSuat #NoiComDien #Midea", "is_mart": false, "show_shopee_verified_label": false, "size_chart": null, "reference_item_id": "", "brand": "Midea", "item_rating": {"rating_star": 5, "rating_count": [1, 0, 0, 0, 0, 1]}, "label_ids": [1003985, 1001051, 1001057, 1001061, 1001067, 1001077, 1001078, 1001079, 1001084, 1000947, 1000950, 1000959, 1000969, 1000976, 1000975, 1000979, 1000982, 1000988, 1001005, 1001015, 1001033, 1001040, 1000482, 1000260, 1000262, 1000258, 1000256, 1000255, 1000257, 1000518, 1000520, 1000266, 1000268, 1000267, 1000269, 1000272, 1000274, 1000277, 1000276, 1000278, 1000275, 1000533, 1000488, 1000549, 1000594, 1000596, 1000604, 1000611, 1000619, 1000634, 1000661, 1000662, 1000670, 1000672, 1000696, 1000700, 1000705, 1000713, 1000728, 1000729, 1000738, 1000740, 1000741, 1000744, 1000746, 1000749, 1000752, 1000764, 1000768, 1000772, 1000773, 1000776, 1000766, 1000767, 1000786, 1000790, 1000805, 1000294, 1000247, 1000320, 1000335, 1000333, 1000339, 1000356, 1000359, 1000362, 1000363, 1000365, 1000379, 1000383, 1000388, 1000390, 1000391, 1000415, 1000419, 1000445, 1000451, 1000458, 1000827, 1000832, 1000838, 1000843, 1000855, 1000847, 1000866, 1000867, 1000477, 1000870, 1000871, 1000874, 1000891, 1000892, 1000902, 1000904, 1000907, 1000911, 1000912, 1000917, 1000924, 1000931, 1000602, 1000940, 1000941, 1000938, 1000946, 1000070, 1000071, 1000075, 1000085, 1000088, 1000122, 1000125, 1000126, 1000127, 1000128, 1000129, 1000130, 1000137, 1000145, 1000154, 1000163, 1000243, 1000254, 1000259, 1000263, 1000264, 1000265, 1000270, 1000271, 1000273, 1000279, 1001353, 1000086, 1000098, 1000329, 1000334, 1000355, 1000412, 1000455, 1000560, 1000600, 1000643, 1000732, 1000743, 1000878, 1000956, 1000957, 1000966, 1000983, 1000984, 1001060, 1001391, 1001388, 1001399, 1001390, 1001379, 1001419, 1001420, 1001440, 1001583, 1001597, 1001728, 1001733, 1001734, 1001739, 1001738, 1001791, 1001790, 1000967, 1001836, 1001827, 1001857, 1001903, 1001925, 1001959, 1002071, 1002105, 1002117, 1002130, 1002132, 1002159, 1002163, 1002182, 1002189, 1002232, 1002255, 1002261, 1002263, 1002288, 1002296, 1002298, 1002343, 1002407, 1002409, 1002418, 1002501, 1002597, 1002644, 1002683, 1002695, 1002716, 1002762, 1002789, 1002792, 1002835, 1002847, 1002895, 1002899, 1002900, 1002908, 1002909, 1002934, 1002962, 1002990, 1003133, 1003169, 1003258, 1003259, 1003275, 1002498, 1003323, 1003324, 1003362, 1003464, 1003516, 1003519, 1003769, 1003777, 1000121, 1003867, 1003928, 1004078, 1004069, 1004111, 1004211, 1004293, 1004341, 1004360, 1004420, 1004423, 1004590, 1004670, 1004764, 1004774, 1004879, 1004894, 1004897, 1004927, 1004929, 1004963, 1004983, 1005026, 1005061, 1005147, 1005261, 1005951, 1006016, 1006306, 1007155, 1007190, 1007328, 1007394, 1007516, 1007546, 1007765, 1007768, 1006856, 1007908, 1008283, 1008290, 1008313, 1008515, 1008793, 1009058, 1009063, 1009190, 1009202, 1009391, 1009427, 1009489, 1009763, 1010033, 1010111, 1010449, 1010668, 1010797, 1011155, 1011654, 1012191, 1000248, 1000352, 1008842], "attributes": null, "liked": false, "liked_count": 4, "cmt_count": 1, "flag": 0, "shopee_verified": false, "is_adult": false, "is_preferred_plus_seller": false, "tier_variations": [{"name": "", "options": [""], "images": null, "properties": null, "type": 0}], "bundle_deal_id": 0, "can_use_bundle_deal": false, "add_on_deal_info": null, "bundle_deal_info": null, "can_use_wholesale": false, "wholesale_tier_list": [], "is_group_buy_item": null, "group_buy_info": null, "welcome_package_type": 0, "welcome_package_info": null, "tax_code": null, "invoice_option": null, "complaint_policy": null, "images": ["c75f2ffe8c7cdf9f71dd4a4ed71d5006", "f0284b58c4d118fa550779848c002303", "a71155a160f41730762a55810c3bc440", "536b9554b9a0388886a62f0d142a3ad9", "186b2a25f9add00254189056df617bea", "7ea4cecc398e66246d52a46cf07cfb5d", "49cd6c63901c51b6c130df83e3adbe49"], "image": "c75f2ffe8c7cdf9f71dd4a4ed71d5006", "video_info_list": null, "item_type": 0, "is_official_shop": true, "show_official_shop_label_in_title": true, "shop_location": "Th\u00e1i B\u00ecnh", "coin_earn_label": null, "cb_option": 0, "is_pre_order": false, "estimated_days": 2, "badge_icon_type": 0, "show_free_shipping": false, "shipping_icon_type": 0, "cod_flag": 0, "is_service_by_shopee": false, "show_original_guarantee": false, "categories": [{"catid": 100010, "display_name": "Thi\u1ebft B\u1ecb \u0110i\u1ec7n Gia D\u1ee5ng", "no_sub": false, "is_default_subcat": false}, {"catid": 100041, "display_name": "\u0110\u1ed3 gia d\u1ee5ng nh\u00e0 b\u1ebfp", "no_sub": false, "is_default_subcat": false}, {"catid": 100205, "display_name": "N\u1ed3i \u00e1p su\u1ea5t", "no_sub": true, "is_default_subcat": false}], "other_stock": 4, "item_has_post": false, "discount_stock": 0, "current_promotion_has_reserve_stock": false, "current_promotion_reserved_stock": 0, "normal_stock": 4, "brand_id": 1801914, "is_alcohol_product": false, "show_recycling_info": false, "coin_info": {"spend_cash_unit": 100000, "coin_earn_items": [{"coin_earn": 0}]}, "models": [{"itemid": 2546015648, "status": 1, "current_promotion_reserved_stock": 0, "name": "", "promotionid": 0, "price": 95000000000, "price_stocks": [{"allocated_stock": null, "stock_breakdown_by_location": null}], "current_promotion_has_reserve_stock": false, "normal_stock": 4, "extinfo": {"tier_index": [0], "group_buy_info": null, "is_pre_order": null, "estimated_days": 2}, "price_before_discount": 0, "modelid": 80055754637, "stock": 4, "has_gimmick_tag": false}], "spl_info": {"installment_info": null, "user_credit_info": null, "channel_id": null, "show_spl": false, "show_spl_lite": false}, "preview_info": null, "fe_categories": [{"catid": 11036971, "display_name": "Home Appliances", "no_sub": false, "is_default_subcat": false}, {"catid": 11111620, "display_name": "Electric Cookers", "no_sub": false, "is_default_subcat": false}, {"catid": 11111627, "display_name": "Electric Pressure Cookers", "no_sub": true, "is_default_subcat": false}], "presale_info": null, "is_cc_installment_payment_eligible": false, "is_non_cc_installment_payment_eligible": false, "flash_sale": null, "upcoming_flash_sale": null, "deep_discount": null, "has_low_fulfillment_rate": false, "is_partial_fulfilled": false, "makeups": null, "shop_vouchers": null, "global_sold": null, "is_infant_milk_formula_product": false, "should_show_amp_tag": false}