{"itemid": 6906611891, "shopid": 165017863, "userid": 0, "price_max_before_discount": 899000000000, "has_lowest_price_guarantee": false, "price_before_discount": 899000000000, "price_min_before_discount": 899000000000, "exclusive_price_info": null, "hidden_price_display": null, "price_min": 599000000000, "price_max": 599000000000, "price": 599000000000, "stock": 4, "discount": "33%", "historical_sold": 4, "sold": 0, "show_discount": 33, "raw_discount": 33, "min_purchase_limit": 0, "overall_purchase_limit": {"order_max_purchase_limit": 0, "overall_purchase_limit": null, "item_overall_quota": null, "start_date": null, "end_date": null}, "pack_size": null, "is_live_streaming_price": null, "name": "Loa thanh soundbar 2.1 Sony HT-X8500 ch\u00ednh h\u00e3ng b\u1ea3o h\u00e0nh to\u00e0n qu\u1ed1c", "ctime": 1573631057, "item_status": "normal", "status": 1, "condition": 1, "catid": 100535, "description": "Thi\u1ebft k\u1ebf thanh m\u1ea3nh v\u00e0 tinh t\u1ebf\nV\u1edbi k\u00edch th\u01b0\u1edbc nh\u1ecf g\u1ecdn, Sony HT-X8500  thanh m\u1ea3nh, nh\u1ecf g\u1ecdn n\u00e0y l\u00e0 s\u1ef1 b\u1ed5 sung ho\u00e0n h\u1ea3o cho TV BRAVIA. Nh\u1eefng chi ti\u1ebft thi\u1ebft k\u1ebf \u0111\u1eb7c s\u1eafc bao g\u1ed3m l\u1edbp l\u01b0\u1edbi loa kim lo\u1ea1i d\u1eadp l\u1ed7 v\u00e0 \u1ed1ng sub-woofer \u1edf hai b\u00ean.\n\nCh\u1ea5t l\u01b0\u1ee3ng \u00e2m thanh \u0111\u01b0\u1ee3c n\u00e2ng c\u1ea5p l\u00ean g\u1ea7n 7.1.2ch\nGi\u1edd \u0111\u00e2y, v\u1edbi Loa thanh soundbar Sony HT-X8500, b\u1ea1n c\u00f3 th\u1ec3 th\u01b0\u1edfng th\u1ee9c m\u1ecdi n\u1ed9i dung v\u1edbi \u00e2m thanh t\u1ed1i \u0111a 7.1.2 k\u00eanh. Ch\u1ec9 c\u1ea7n b\u1ea5m m\u1ed9t n\u00fat tr\u00ean \u0111i\u1ec1u khi\u1ec3n, b\u1ed9 x\u1eed l\u00fd t\u00edn hi\u1ec7u k\u1ef9 thu\u1eadt s\u1ed1 ti\u00ean ti\u1ebfn c\u1ee7a Sony chuy\u1ec3n \u0111\u1ed5i ngay c\u1ea3 \u00e2m thanh n\u1ed5i th\u00e0nh \u00e2m thanh v\u00f2m nh\u01b0 \u1edf r\u1ea1p chi\u1ebfu phim.\n\nC\u00f4ng ngh\u1ec7 \u00e2m thanh v\u00f2m s\u1ed1ng \u0111\u1ed9ng\nSony HT-X8500 s\u1eed d\u1ee5ng c\u00f4ng ngh\u1ec7 \u00e2m thanh v\u00f2m m\u1edbi nh\u1ea5t c\u1ee7a Sony, Vertical Surround Engine, mang \u0111\u1ebfn \u00e2m thanh s\u1ed1ng \u0111\u1ed9ng c\u1ee7a Dolby Atmos v\u00e0 DTS:X ch\u1ec9 b\u1eb1ng m\u1ed9t loa \u0111\u01a1n m\u1ea3nh mai. Cho d\u00f9 b\u1ea1n \u0111ang \u1edf ph\u00f2ng n\u00e0o \u0111i n\u1eefa, c\u00f4ng ngh\u1ec7 DSP ch\u1ec9 c\u1ea7n hai loa tr\u01b0\u1edbc \u0111\u1ec3 t\u00e1i hi\u1ec7n \u00e2m thanh xung quanh b\u1ea1n tr\u1ecdn v\u1eb9n nh\u01b0 \u1edf r\u1ea1p chi\u1ebfu phim, bao g\u1ed3m c\u1ea3 nh\u1eefng \u00e2m thanh ph\u00eda tr\u00ean.\nLoa thanh soundbar Sony HT-X8500\n \nT\u00f9y ch\u1ec9nh c\u00e0i \u0111\u1eb7t l\u00fd t\u01b0\u1edfng\nM\u1ed9t n\u00fat b\u1ea5m, m\u1ecdi \u00e2m thanh \u2013 ch\u1ecdn ch\u1ebf \u0111\u1ed9 \u00e2m thanh ph\u00f9 h\u1ee3p v\u1edbi n\u1ed9i dung b\u1ea1n th\u01b0\u1edfng th\u1ee9c.\nCh\u1ebf \u0111\u1ed9 r\u1ea1p chi\u1ebfu phim\nC\u1ea3m nh\u1eadn v\u00e0 l\u1eafng nghe h\u00e0nh \u0111\u1ed9ng di\u1ec5n ra kh\u1eafp xung quanh, khi \u00e2m thanh \u0111i v\u00f2ng ra sau l\u01b0ng v\u00e0 cu\u1ed1n h\u00fat b\u1ea1n v\u00e0o b\u1ed9 phim.\n\nLoa subwoofer k\u00e9p m\u1ea1nh m\u1ebd\nSony HT-X8500 t\u00edch h\u1ee3p s\u1eb5n loa subwoofer k\u00e9p m\u1ea1nh m\u1ebd \u2013 \u0111\u1ec3 b\u1ea1n c\u00f3 th\u1ec3 th\u01b0\u1edfng th\u1ee9c \u00e2m tr\u1ea7m s\u00e2u l\u1eafng ch\u1ec9 v\u1edbi v\u00e0i thi\u1ebft b\u1ecb \u0111i\u1ec3m xuy\u1ebft trong kh\u00f4ng gian sinh ho\u1ea1t.\n\nTh\u01b0\u1edfng th\u1ee9c phim v\u1edbi ch\u1ea5t l\u01b0\u1ee3ng 4K HDR\nHT-X8500 h\u1ed7 tr\u1ee3 m\u1ecdi \u0111\u1ecbnh d\u1ea1ng home cinema v\u1edbi kh\u1ea3 n\u0103ng \u0111\u1ecdc, x\u1eed l\u00fd nhi\u1ec1u \u0111\u1ecbnh d\u1ea1ng 4K HDR 18 Gb/gi\u00e2y v\u00e0 HDCP 2.2/HDCP 2.3.\nD\u1ec5 d\u00e0ng th\u00eam v\u00e0o h\u1ec7 th\u1ed1ng nghe nh\u00ecn c\u1ee7a b\u1ea1n\nK\u1ebft n\u1ed1i m\u00e1y ch\u01a1i game, \u0111\u1ea7u \u0111\u0129a UHD Blu-ray ho\u1eb7c b\u1ed9 chuy\u1ec3n t\u00edn hi\u1ec7u, c\u0169ng nh\u01b0 TV v\u1edbi HDMI v\u00e0 ng\u00f5 v\u00e0o k\u1ef9 thu\u1eadt s\u1ed1 quang h\u1ecdc.\n\nK\u1ebft n\u1ed1i kh\u00f4ng d\u00e2y t\u1edbi TV c\u1ee7a b\u1ea1n\nV\u1edbi TV Sony BRAVIA h\u1ed7 tr\u1ee3 B\u1ed9 chuy\u1ec3n ti\u1ebfp Bluetooth, b\u1ea1n c\u00f3 th\u1ec3 truy\u1ec1n \u00e2m thanh \u0111\u1ebfn loa soundbar qua k\u1ebft n\u1ed1i kh\u00f4ng d\u00e2y.\n\nBi\u1ec3u t\u01b0\u1ee3ng k\u1ebft n\u1ed1i kh\u00f4ng d\u00e2y\nK\u1ebft n\u1ed1i m\u1ed9t c\u00e1p v\u1edbi HDMI eARC\nV\u1edbi HDMI eARC, b\u1ea1n c\u00f3 th\u1ec3 th\u01b0\u1edfng th\u1ee9c c\u00e1c \u0111\u1ecbnh d\u1ea1ng \u00e2m thanh v\u00f2m c\u00f3 t\u1ed1c \u0111\u1ed9 bit cao m\u1edbi nh\u1ea5t, nh\u01b0 Dolby Atmos v\u00e0 DTS:X, t\u1eeb TV t\u01b0\u01a1ng th\u00edch.\n\nPh\u00e1t tr\u1ef1c ti\u1ebfp \u00e2m nh\u1ea1c b\u1ea1n y\u00eau th\u00edch\nGh\u00e9p n\u1ed1i HT-X8500 v\u1edbi smartphone ho\u1eb7c tablet b\u1eb1ng c\u00f4ng ngh\u1ec7 Bluetooth \u0111\u1ec3 ph\u00e1t tr\u1ef1c ti\u1ebfp kh\u00f4ng d\u00e2y m\u1ecdi album v\u00e0 danh s\u00e1ch b\u00e0i h\u00e1t y\u00eau th\u00edch.\n\n\n\n#LoaThanh #SoundBar #HT-X8500 #Sony", "is_mart": false, "show_shopee_verified_label": false, "size_chart": null, "reference_item_id": "", "brand": "sony", "item_rating": {"rating_star": 4.5, "rating_count": [2, 0, 0, 0, 1, 1]}, "label_ids": [1003985, 1001051, 1001057, 1001061, 1001067, 1001077, 1001078, 1001079, 1001084, 1000947, 1000950, 1000959, 1000969, 1000976, 1000975, 1000979, 1000982, 1000988, 1001005, 1001015, 1001033, 1001040, 1000482, 1000260, 1000262, 1000258, 1000256, 1000255, 1000257, 1000518, 1000520, 1000266, 1000268, 1000267, 1000269, 1000272, 1000274, 1000277, 1000276, 1000278, 1000275, 1000533, 1000488, 1000549, 1000594, 1000596, 1000604, 1000611, 1000619, 1000634, 1000661, 1000662, 1000670, 1000672, 1000696, 1000700, 1000705, 1000713, 1000728, 1000729, 1000738, 1000740, 1000741, 1000744, 1000746, 1000749, 1000752, 1000764, 1000768, 1000772, 1000773, 1000776, 1000766, 1000767, 1000786, 1000790, 1000805, 1000294, 1000247, 1000320, 1000335, 1000333, 1000339, 1000356, 1000359, 1000362, 1000363, 1000365, 1000379, 1000383, 1000388, 1000390, 1000391, 1000415, 1000419, 1000445, 1000451, 1000458, 1000827, 1000832, 1000838, 1000843, 1000855, 1000847, 1000866, 1000867, 1000477, 1000870, 1000871, 1000874, 1000891, 1000892, 1000902, 1000904, 1000907, 1000911, 1000912, 1000917, 1000924, 1000931, 1000602, 1000940, 1000941, 1000938, 1000946, 1000070, 1000071, 1000075, 1000085, 1000088, 1000122, 1000125, 1000126, 1000127, 1000128, 1000129, 1000130, 1000137, 1000145, 1000154, 1000163, 1000243, 1000254, 1000259, 1000263, 1000264, 1000265, 1000270, 1000271, 1000273, 1000279, 1001353, 1000086, 1000098, 1000329, 1000334, 1000355, 1000412, 1000455, 1000560, 1000600, 1000643, 1000732, 1000743, 1000878, 1000956, 1000957, 1000966, 1000983, 1000984, 1001060, 1001391, 1001388, 1001399, 1001390, 1001379, 1001419, 1001420, 1001440, 1001583, 1001597, 1001728, 1001733, 1001734, 1001739, 1001738, 1001791, 1001790, 1000967, 1001836, 1001827, 1001857, 1001903, 1001925, 1001959, 1002071, 1002105, 1002117, 1002130, 1002132, 1002159, 1002163, 1002182, 1002189, 1002232, 1002255, 1002261, 1002263, 1002288, 1002296, 1002298, 1002343, 1002407, 1002409, 1002418, 1002501, 1002597, 1002644, 1002683, 1002695, 1002716, 1002762, 1002789, 1002792, 1002835, 1002847, 1002895, 1002899, 1002900, 1002908, 1002909, 1002934, 1002962, 1002990, 1003133, 1003169, 1003258, 1003259, 1003275, 1002498, 1003323, 1003324, 1003362, 1003464, 1003516, 1003519, 1003769, 1003777, 1000121, 1003867, 1003928, 1004078, 1004069, 1004111, 1004211, 1004293, 1004341, 1004360, 1004420, 1004423, 1004590, 1004670, 1004764, 1004774, 1004879, 1004894, 1004897, 1004927, 1004929, 1004963, 1004983, 1005026, 1005061, 1005147, 1005261, 1005951, 1006016, 1006306, 1007155, 1007190, 1007328, 1007394, 1007516, 1007546, 1007765, 1007768, 1006856, 1007908, 1008283, 1008290, 1008313, 1008515, 1008793, 1009058, 1009063, 1009190, 1009202, 1009391, 1009427, 1009489, 1009763, 1010033, 1010111, 1010449, 1010668, 1010797, 1011155, 1011654, 1012191, 1000248, 1000352, 1000836, 1001943, 1001950, 1002087, 1002256, 1002262, 1002698, 1002932, 1006641, 1006660, 1008842, 1009167], "attributes": null, "liked": false, "liked_count": 4, "cmt_count": 2, "flag": 524288, "shopee_verified": false, "is_adult": false, "is_preferred_plus_seller": false, "tier_variations": [{"name": "", "options": [""], "images": null, "properties": null, "type": 0}], "bundle_deal_id": 0, "can_use_bundle_deal": false, "add_on_deal_info": null, "bundle_deal_info": null, "can_use_wholesale": false, "wholesale_tier_list": [], "is_group_buy_item": null, "group_buy_info": null, "welcome_package_type": 0, "welcome_package_info": null, "tax_code": null, "invoice_option": null, "complaint_policy": null, "images": ["006246dba4022c0ccb6583b60bb3b24b", "83e0635e3351e417032e62fd5a9126a7", "ee6964c6cf0422c1bd4f321ed200d32b", "4422f6fb42cd53d0e2cda312c2fc60cc", "3ce3657f7283f75235b9af7f8d97533e", "81d78ca000e031698cd6572986711a71", "02bdf121e2dc941a799b62fb413658ad"], "image": "006246dba4022c0ccb6583b60bb3b24b", "video_info_list": null, "item_type": 0, "is_official_shop": true, "show_official_shop_label_in_title": true, "shop_location": "Th\u00e1i B\u00ecnh", "coin_earn_label": null, "cb_option": 0, "is_pre_order": false, "estimated_days": 2, "badge_icon_type": 0, "show_free_shipping": false, "shipping_icon_type": 0, "cod_flag": 0, "is_service_by_shopee": false, "show_original_guarantee": false, "categories": [{"catid": 100535, "display_name": "Thi\u1ebft B\u1ecb \u00c2m Thanh", "no_sub": false, "is_default_subcat": false}, {"catid": 100582, "display_name": "D\u00e0n \u00e2m thanh", "no_sub": false, "is_default_subcat": false}, {"catid": 100626, "display_name": "H\u1ec7 th\u1ed1ng \u00e2m thanh gi\u1ea3i tr\u00ed t\u1ea1i gia", "no_sub": true, "is_default_subcat": false}], "other_stock": 0, "item_has_post": false, "discount_stock": 4, "current_promotion_has_reserve_stock": false, "current_promotion_reserved_stock": 0, "normal_stock": 4, "brand_id": 1695297, "is_alcohol_product": false, "show_recycling_info": false, "coin_info": {"spend_cash_unit": 100000, "coin_earn_items": [{"coin_earn": 0}]}, "models": [{"itemid": 6906611891, "status": 1, "current_promotion_reserved_stock": 0, "name": "", "promotionid": 1310865011, "price": 599000000000, "price_stocks": [{"allocated_stock": 0, "stock_breakdown_by_location": null}, {"allocated_stock": null, "stock_breakdown_by_location": null}], "current_promotion_has_reserve_stock": false, "normal_stock": 4, "extinfo": {"tier_index": [0], "group_buy_info": null, "is_pre_order": null, "estimated_days": 2}, "price_before_discount": 899000000000, "modelid": 22896431275, "stock": 4, "has_gimmick_tag": false}], "spl_info": {"installment_info": null, "user_credit_info": null, "channel_id": null, "show_spl": false, "show_spl_lite": false}, "preview_info": null, "fe_categories": [{"catid": 11036132, "display_name": "Consumer Electronics", "no_sub": false, "is_default_subcat": false}, {"catid": 11036135, "display_name": "Audio", "no_sub": false, "is_default_subcat": false}, {"catid": 11036142, "display_name": "Home Theater Systems", "no_sub": true, "is_default_subcat": false}], "presale_info": null, "is_cc_installment_payment_eligible": true, "is_non_cc_installment_payment_eligible": false, "flash_sale": null, "upcoming_flash_sale": null, "deep_discount": null, "has_low_fulfillment_rate": false, "is_partial_fulfilled": false, "makeups": null, "shop_vouchers": null, "global_sold": null, "is_infant_milk_formula_product": false, "should_show_amp_tag": false}