{"itemid": 7257193704, "shopid": 165017863, "userid": 0, "price_max_before_discount": -1, "has_lowest_price_guarantee": false, "price_before_discount": 0, "price_min_before_discount": -1, "exclusive_price_info": null, "hidden_price_display": null, "price_min": 499000000000, "price_max": 499000000000, "price": 499000000000, "stock": 89, "discount": null, "historical_sold": 0, "sold": 0, "show_discount": 0, "raw_discount": 0, "min_purchase_limit": 0, "overall_purchase_limit": {"order_max_purchase_limit": 0, "overall_purchase_limit": null, "item_overall_quota": null, "start_date": null, "end_date": null}, "pack_size": null, "is_live_streaming_price": null, "name": "T\u1ee7 l\u1ea1nh Samsung Inverter 208 l\u00edt RT19M300BGS/SV", "ctime": 1602675972, "item_status": "normal", "status": 1, "condition": 1, "catid": 100010, "description": "\u0110\u1eb7c \u0111i\u1ec3m n\u1ed5i b\u1eadt T\u1ee7 l\u1ea1nh Samsung Inverter 208 l\u00edt RT19M300BGS/SV:\n\nLu\u1ed3ng kh\u00ed l\u1ea1nh \u0111a chi\u1ec1u cho h\u01a1i m\u00e1t lan t\u1ecfa \u0111\u1ec1u \u0111\u1ebfn m\u1ecdi ng\u00f3c ng\u00e1ch trong t\u1ee7.\nKh\u00e1ng khu\u1ea9n v\u00e0 kh\u1eed s\u1ea1ch m\u00f9i h\u00f4i v\u1edbi b\u1ed9 l\u1ecdc Cacbon ho\u1ea1t t\u00ednh.\nC\u00f4ng ngh\u1ec7 Digital Inverter ti\u1ebft ki\u1ec7m \u0111i\u1ec7n t\u1ed1i \u01b0u, v\u1eadn h\u00e0nh \u00eam \u00e1i v\u00e0 b\u1ec1n b\u1ec9.\nNg\u0103n rau c\u1ee7 gi\u1eef \u1ea9m \u0111\u1ea3m b\u1ea3o th\u1ef1c ph\u1ea9m lu\u00f4n \u0111\u01b0\u1ee3c b\u1ea3o qu\u1ea3n t\u01b0\u01a1i ngon.\n\nThi\u1ebft k\u1ebf sang tr\u1ecdng, hi\u1ec7n \u0111\u1ea1i\nBao qu\u00e1t b\u1edfi t\u00f4ng m\u00e0u x\u00e1m b\u1ea1c c\u1ef1c k\u1ef3 sang tr\u1ecdng, t\u1ee7 l\u1ea1nh Samsung RT19M300BGS/SV s\u1ebd g\u00f3p ph\u1ea7n mang \u0111\u1ebfn v\u1ebb \u0111\u1eb9p hi\u1ec7n \u0111\u1ea1i cho b\u1ea5t k\u1ef3 kh\u00f4ng gian n\u1ed9i th\u1ea5t n\u00e0o.\n\nT\u1ee7 l\u1ea1nh Samsung RT19M300BGS/SV\n\nC\u00f4ng ngh\u1ec7 Digital Inverter si\u00eau ti\u1ebft ki\u1ec7m \u0111i\u1ec7n n\u0103ng\nC\u00f3 kh\u1ea3 n\u0103ng \u0111i\u1ec1u khi\u1ec3n ho\u1ea1t \u0111\u1ed9ng c\u1ee7a m\u00e1y n\u00e9n \u0111\u1ec3 tr\u00e1nh nh\u1eefng l\u00e3ng ph\u00ed kh\u00f4ng c\u1ea7n thi\u1ebft, c\u00f4ng ngh\u1ec7 Digital Inverter gi\u00fap ng\u01b0\u1eddi d\u00f9ng ti\u1ebft ki\u1ec7m \u0111\u01b0\u1ee3c \u0111\u1ebfn 50% \u0111i\u1ec7n n\u0103ng ti\u00eau th\u1ee5 h\u1eb1ng th\u00e1ng. H\u01a1n n\u1eefa, c\u00f4ng ngh\u1ec7 n\u00e0y c\u00f2n c\u00f3 kh\u1ea3 n\u0103ng v\u1eadn h\u00e0nh \u00eam \u00e1i v\u00e0 v\u00f4 c\u00f9ng b\u1ec1n b\u1ec9.\n\nL\u00e0m l\u1ea1nh hi\u1ec7u qu\u1ea3 v\u1edbi lu\u1ed3ng kh\u00ed l\u1ea1nh \u0111a chi\u1ec1u\nC\u00f4ng ngh\u1ec7 l\u00e0m l\u1ea1nh s\u1eed d\u1ee5ng lu\u1ed3ng kh\u00ed l\u1ea1nh \u0111a chi\u1ec1u \u0111\u01b0\u1ee3c \u1ee9ng d\u1ee5ng tr\u00ean m\u1ed9t s\u1ed1 t\u1ee7 l\u1ea1nh 2 c\u1eeda c\u1ee7a Samsung. C\u00f4ng ngh\u1ec7 n\u00e0y cho ph\u00e9p h\u01a1i m\u00e1t \u0111\u01b0\u1ee3c tho\u00e1t ra t\u1eeb nhi\u1ec1u v\u1ecb tr\u00ed kh\u00e1c nhau, ph\u00e2n ph\u1ed1i \u0111\u1ec1u kh\u1eafp c\u00e1c ng\u0103n, duy tr\u00ec nhi\u1ec7t \u0111\u1ed9 lu\u00f4n \u1edf m\u1ee9c \u1ed5n \u0111\u1ecbnh \u1edf m\u1ecdi v\u1ecb tr\u00ed trong t\u1ee7. Nh\u1edd \u0111\u00f3, th\u1ef1c ph\u1ea9m s\u1ebd lu\u00f4n \u0111\u01b0\u1ee3c b\u1ea3o qu\u1ea3n t\u01b0\u01a1i ngon d\u00f9 b\u1ea1n \u0111\u1eb7t \u1edf b\u1ea5t c\u1ee9 ng\u00f3c ng\u00e1ch n\u00e0o.\n\nL\u00e0m l\u1ea1nh hi\u1ec7u qu\u1ea3 v\u1edbi lu\u1ed3ng kh\u00ed l\u1ea1nh \u0111a chi\u1ec1u\n\nKh\u00e1ng khu\u1ea9n kh\u1eed m\u00f9i t\u1ed1i \u01b0u v\u1edbi b\u1ed9 l\u1ecdc Carbon ho\u1ea1t t\u00ednh\nT\u1ee7 l\u1ea1nh Samsung n\u00e0y \u0111\u01b0\u1ee3c t\u00edch h\u1ee3p b\u1ed9 l\u1ecdc kh\u1eed m\u00f9i Cacbon ho\u1ea1t t\u00ednh c\u00f3 kh\u1ea3 n\u0103ng kh\u1eed m\u00f9i t\u1ed1i \u01b0u, l\u1ecdc s\u1ea1ch nh\u1eefng m\u00f9i h\u00f4i kh\u00f3 ch\u1ecbu b\u00ean trong t\u1ee7 l\u1ea1nh. \u0110\u1ed3ng th\u1eddi, b\u1ed9 l\u1ecdc c\u00f2n gi\u00fap h\u1ea1n ch\u1ebf t\u1ed1i \u0111a s\u1ef1 ph\u00e1t tri\u1ec3n c\u1ee7a vi khu\u1ea9n \u0111\u1ea3m b\u1ea3o th\u1ef1c ph\u1ea9m kh\u00f4ng b\u1ecb l\u1eabn m\u00f9i v\u00e0 gi\u1eef tr\u1ecdn \u0111\u01b0\u1ee3c v\u1ecb ngon.\n\nKh\u00e1ng khu\u1ea9n kh\u1eed m\u00f9i t\u1ed1i \u01b0u v\u1edbi b\u1ed9 l\u1ecdc Cacbon ho\u1ea1t t\u00ednh\n\nB\u1ea3o qu\u1ea3n t\u1ed1t h\u01a1n v\u1edbi h\u1ed9c rau qu\u1ea3 gi\u1eef \u1ea9m\nT\u1ee7 l\u1ea1nh Samsung inverter trang b\u1ecb h\u1ed9c rau c\u1ee7 gi\u1eef \u1ea9m c\u00f3 t\u00e1c d\u1ee5ng duy tr\u00ec h\u01a1i m\u00e1t v\u00e0 \u0111\u1ed9 \u1ea9m t\u1ed1i \u01b0u, h\u1ea1n ch\u1ebf s\u1ef1 m\u1ea5t n\u01b0\u1edbc c\u1ee7a th\u1ef1c ph\u1ea9m. Nh\u1edd v\u1eady, rau c\u1ee7 s\u1ebd lu\u00f4n gi\u1eef \u0111\u01b0\u1ee3c \u0111\u1ed9 t\u01b0\u01a1i ngon v\u00e0 ch\u1ea5t dinh d\u01b0\u1ee1ng nh\u01b0 v\u1eeba m\u1edbi mua v\u1ec1.\n\nB\u1ea3o qu\u1ea3n t\u1ed1t h\u01a1n v\u1edbi h\u1ed9c rau qu\u1ea3 gi\u1eef \u1ea9m\n\nKhay k\u00ednh ch\u1ecbu l\u1ef1c an to\u00e0n, ti\u1ec7n d\u1ee5ng\nT\u1ee7 l\u1ea1nh Samsung 208 l\u00edt RT19M300BGS/SV trang b\u1ecb khay k\u00ednh v\u1edbi s\u1ee9c ch\u1ecbu n\u1eb7ng l\u00ean \u0111\u1ebfn 150 kg, b\u1ea1n c\u00f3 th\u1ec3 tho\u1ea3i m\u00e1i \u0111\u1ec3 \u0111\u1eb7t th\u1ef1c ph\u1ea9m m\u00e0 kh\u00f4ng lo v\u1ee1 k\u00ednh. B\u00ean c\u1ea1nh \u0111\u00f3, khay k\u00ednh ch\u1ecbu l\u1ef1c c\u00f2n \u0111\u01b0\u1ee3c thi\u1ebft k\u1ebf trong su\u1ed1t, c\u1ef1c k\u1ef3 sang tr\u1ecdng v\u00e0 ti\u1ec7n cho vi\u1ec7c v\u1ec7 sinh. B\u1ea1n c\u00f3 th\u1ec3 d\u1ec5 d\u00e0ng lau ch\u00f9i khay k\u1ec7 m\u00e0 kh\u00f4ng s\u1ee3 \u0111\u1ec3 l\u1ea1i v\u1ebft tr\u1ea7y hay k\u00ednh v\u1ee1.\n\nKhay k\u00ednh ch\u1ecbu l\u1ef1c an to\u00e0n, ti\u1ec7n d\u1ee5ng\n\nL\u01b0u \u00fd khi l\u1eafp \u0111\u1eb7t v\u00e0 s\u1eed d\u1ee5ng t\u1ee7 l\u1ea1nh m\u1edbi\n- Ch\u1ecdn v\u1ecb tr\u00ed \u0111\u1eb7t t\u1ee7 l\u1ea1nh n\u01a1i kh\u00f4 r\u00e1o, tho\u00e1ng m\u00e1t, b\u1eb1ng ph\u1eb3ng g\u1ea7n v\u1ecb tr\u00ed \u1ed5 \u0111i\u1ec7n. Tr\u00e1nh n\u01a1i c\u00f3 \u00e1nh n\u1eafng tr\u1ef1c ti\u1ebfp, n\u01a1i c\u00f3 nhi\u1ec7t \u0111\u1ed9 cao nh\u01b0 b\u1ebfp n\u1ea5u, l\u00f2 n\u01b0\u1edbng, l\u00f3 vi s\u00f3ng, n\u01a1i \u1ea9m th\u1ea5p, b\u1ee5i b\u1eb7m.\n\n- \u0110\u1ec3 \u0111\u1ea3m b\u1ea3o an to\u00e0n v\u1ec1 \u0111i\u1ec7n ph\u1ea3i n\u1ed1i \u0111\u1ea5t cho t\u1ee7 l\u1ea1nh.\n\n- Sau khi mang t\u1ee7 v\u1ec1 2 - 4 ti\u1ebfng m\u1edbi c\u1eafm ngu\u1ed3n \u0111i\u1ec7n v\u00e0o, \u0111\u1ec3 t\u1ee7 ho\u1ea1t \u0111\u1ed9ng \u1edf c\u00f4ng su\u1ea5t nh\u1ecf nh\u1ea5t trong kho\u1ea3ng 8 ti\u1ebfng v\u00e0 kh\u00f4ng cho b\u1ea5t k\u00ec th\u1ef1c ph\u1ea9m n\u00e0o v\u00e0o t\u1ee7.\n\n- C\u1ee9 m\u1ed7i 2 ti\u1ebfng b\u1ea1n n\u00ean m\u1edf c\u1eeda t\u1ee7 kho\u1ea3ng 5 ph\u00fat \u0111\u1ec3 m\u00f9i nh\u1ef1a theo h\u01a1i l\u1ea1nh tho\u00e1t ra ngo\u00e0i. Sau 8 ti\u1ebfng, b\u1ea1n c\u00f3 th\u1ec3 v\u1ec7 sinh s\u1ea1ch s\u1ebd b\u00ean trong t\u1ee7 v\u00e0 cho th\u1ef1c ph\u1ea9m v\u00e0o b\u1ea3o qu\u1ea3n b\u00ecnh th\u01b0\u1eddng.\n\n- Khi t\u1ee7 m\u1edbi ho\u1ea1t \u0111\u1ed9ng ph\u00e1t ra \u00e2m thanh nh\u01b0 ti\u1ebfng n\u01b0\u1edbc ch\u1ea3y, ti\u1ebfng s\u00f4i, ti\u1ebfng c\u1ecdt k\u1eb9t l\u00e0 b\u00ecnh th\u01b0\u1eddng v\u00ec \u0111\u00e2y l\u00e0 \u00e2m thanh c\u1ee7a dung m\u00f4i ch\u1ea5t l\u1ea1nh (gas) trong h\u1ec7 th\u1ed1ng l\u00e0m l\u1ea1nh.\n\n- Khi m\u1edbi c\u1eafm \u0111i\u1ec7n t\u1ee7 s\u1ebd n\u00f3ng 2 b\u00ean kh\u00e1 nhi\u1ec1u, \u0111\u00e2y l\u00e0 hi\u1ec7n t\u01b0\u1ee3ng t\u1ecfa nhi\u1ec7t b\u00ecnh th\u01b0\u1eddng c\u1ee7a t\u1ee7.\n\n#tulanh #samsung #RT19M300BGS/SV\n", "is_mart": false, "show_shopee_verified_label": false, "size_chart": null, "reference_item_id": "", "brand": "SAMSUNG", "item_rating": {"rating_star": 0, "rating_count": [0, 0, 0, 0, 0, 0]}, "label_ids": [1003985, 1001051, 1001057, 1001061, 1001067, 1001077, 1001078, 1001079, 1001084, 1000947, 1000950, 1000959, 1000969, 1000976, 1000975, 1000979, 1000982, 1000988, 1001005, 1001015, 1001033, 1001040, 1000482, 1000260, 1000262, 1000258, 1000256, 1000255, 1000257, 1000518, 1000520, 1000266, 1000268, 1000267, 1000269, 1000272, 1000274, 1000277, 1000276, 1000278, 1000275, 1000533, 1000488, 1000549, 1000594, 1000596, 1000604, 1000611, 1000619, 1000634, 1000661, 1000662, 1000670, 1000672, 1000696, 1000700, 1000705, 1000713, 1000728, 1000729, 1000738, 1000740, 1000741, 1000744, 1000746, 1000749, 1000752, 1000764, 1000768, 1000772, 1000773, 1000776, 1000766, 1000767, 1000786, 1000790, 1000805, 1000294, 1000247, 1000320, 1000335, 1000333, 1000339, 1000356, 1000359, 1000362, 1000363, 1000365, 1000379, 1000383, 1000388, 1000390, 1000391, 1000415, 1000419, 1000445, 1000451, 1000458, 1000827, 1000832, 1000838, 1000843, 1000855, 1000847, 1000866, 1000867, 1000477, 1000870, 1000871, 1000874, 1000891, 1000892, 1000902, 1000904, 1000907, 1000911, 1000912, 1000917, 1000924, 1000931, 1000602, 1000940, 1000941, 1000938, 1000946, 1000070, 1000071, 1000075, 1000085, 1000088, 1000122, 1000125, 1000126, 1000127, 1000128, 1000129, 1000130, 1000137, 1000145, 1000154, 1000163, 1000243, 1000254, 1000259, 1000263, 1000264, 1000265, 1000270, 1000271, 1000273, 1000279, 1001353, 1000086, 1000098, 1000329, 1000334, 1000355, 1000412, 1000455, 1000560, 1000600, 1000643, 1000732, 1000743, 1000878, 1000956, 1000957, 1000966, 1000983, 1000984, 1001060, 1001391, 1001388, 1001399, 1001390, 1001379, 1001419, 1001420, 1001440, 1001583, 1001597, 1001728, 1001733, 1001734, 1001739, 1001738, 1001791, 1001790, 1000967, 1001836, 1001827, 1001857, 1001903, 1001925, 1001959, 1002071, 1002105, 1002117, 1002130, 1002132, 1002159, 1002163, 1002182, 1002189, 1002232, 1002255, 1002261, 1002263, 1002288, 1002296, 1002298, 1002343, 1002407, 1002409, 1002418, 1002501, 1002597, 1002644, 1002683, 1002695, 1002716, 1002762, 1002789, 1002792, 1002835, 1002847, 1002895, 1002899, 1002900, 1002908, 1002909, 1002934, 1002962, 1002990, 1003133, 1003169, 1003258, 1003259, 1003275, 1002498, 1003323, 1003324, 1003362, 1003464, 1003516, 1003519, 1003769, 1003777, 1000121, 1003867, 1003928, 1004078, 1004069, 1004111, 1004211, 1004293, 1004341, 1004360, 1004420, 1004423, 1004590, 1004670, 1004764, 1004774, 1004879, 1004894, 1004897, 1004927, 1004929, 1004963, 1004983, 1005026, 1005061, 1005147, 1005261, 1005951, 1006016, 1006306, 1007155, 1007190, 1007328, 1007394, 1007516, 1007546, 1007765, 1007768, 1006856, 1007908, 1008283, 1008290, 1008313, 1008515, 1008793, 1009058, 1009063, 1009190, 1009202, 1009391, 1009427, 1009489, 1009763, 1010033, 1010111, 1010449, 1010668, 1010797, 1011155, 1011654, 1012191], "attributes": null, "liked": false, "liked_count": 12, "cmt_count": 0, "flag": 524288, "shopee_verified": false, "is_adult": false, "is_preferred_plus_seller": false, "tier_variations": [{"name": "", "options": [""], "images": null, "properties": null, "type": 0}], "bundle_deal_id": 0, "can_use_bundle_deal": false, "add_on_deal_info": null, "bundle_deal_info": null, "can_use_wholesale": false, "wholesale_tier_list": [], "is_group_buy_item": null, "group_buy_info": null, "welcome_package_type": 0, "welcome_package_info": null, "tax_code": null, "invoice_option": null, "complaint_policy": null, "images": ["136bded50a815d0167802967c4e8f6ca", "7f467454a48bfab5ae614c7a68135839", "6879828a841f6c702e41f3ca1f2d197c", "d443966e2a0e0dc01924039362d7b99f"], "image": "136bded50a815d0167802967c4e8f6ca", "video_info_list": null, "item_type": 0, "is_official_shop": true, "show_official_shop_label_in_title": true, "shop_location": "Th\u00e1i B\u00ecnh", "coin_earn_label": null, "cb_option": 0, "is_pre_order": false, "estimated_days": 2, "badge_icon_type": 0, "show_free_shipping": false, "shipping_icon_type": 0, "cod_flag": 0, "is_service_by_shopee": false, "show_original_guarantee": false, "categories": [{"catid": 100010, "display_name": "Thi\u1ebft B\u1ecb \u0110i\u1ec7n Gia D\u1ee5ng", "no_sub": false, "is_default_subcat": false}, {"catid": 100041, "display_name": "\u0110\u1ed3 gia d\u1ee5ng nh\u00e0 b\u1ebfp", "no_sub": false, "is_default_subcat": false}, {"catid": 100209, "display_name": "T\u1ee7 l\u1ea1nh", "no_sub": true, "is_default_subcat": false}], "other_stock": 89, "item_has_post": false, "discount_stock": 0, "current_promotion_has_reserve_stock": false, "current_promotion_reserved_stock": 0, "normal_stock": 89, "brand_id": 1695294, "is_alcohol_product": false, "show_recycling_info": false, "coin_info": {"spend_cash_unit": 100000, "coin_earn_items": [{"coin_earn": 0}]}, "models": [{"itemid": 7257193704, "status": 1, "current_promotion_reserved_stock": 0, "name": "", "promotionid": 0, "price": 499000000000, "price_stocks": [{"allocated_stock": null, "stock_breakdown_by_location": null}], "current_promotion_has_reserve_stock": false, "normal_stock": 89, "extinfo": {"tier_index": [0], "group_buy_info": null, "is_pre_order": false, "estimated_days": 2}, "price_before_discount": 0, "modelid": 71375980801, "stock": 89, "has_gimmick_tag": false}], "spl_info": {"installment_info": null, "user_credit_info": null, "channel_id": null, "show_spl": false, "show_spl_lite": false}, "preview_info": null, "fe_categories": [{"catid": 11036971, "display_name": "Home Appliances", "no_sub": false, "is_default_subcat": false}, {"catid": 11036990, "display_name": "Large Appliance", "no_sub": false, "is_default_subcat": false}, {"catid": 11036993, "display_name": "Refrigerators", "no_sub": true, "is_default_subcat": false}], "presale_info": null, "is_cc_installment_payment_eligible": true, "is_non_cc_installment_payment_eligible": false, "flash_sale": null, "upcoming_flash_sale": null, "deep_discount": null, "has_low_fulfillment_rate": false, "is_partial_fulfilled": false, "makeups": null, "shop_vouchers": null, "global_sold": null, "is_infant_milk_formula_product": false, "should_show_amp_tag": false}