{"itemid": 5688081909, "shopid": 17699858, "userid": 0, "price_max_before_discount": 129000000000, "has_lowest_price_guarantee": false, "price_before_discount": 129000000000, "price_min_before_discount": 129000000000, "exclusive_price_info": null, "hidden_price_display": null, "price_min": 102600000000, "price_max": 102600000000, "price": 102600000000, "stock": 791, "discount": "20%", "historical_sold": 19, "sold": 0, "show_discount": 20, "raw_discount": 20, "min_purchase_limit": 0, "overall_purchase_limit": {"order_max_purchase_limit": 0, "overall_purchase_limit": null, "item_overall_quota": null, "start_date": null, "end_date": null}, "pack_size": null, "is_live_streaming_price": null, "name": "M\u00e1y L\u00e0m B\u00e1nh Sandwich Joyoung Line SK-T1 C\u1ef1c Cute - H\u00e0ng Ch\u00ednh H\u00e3ng - V\u00e0ng", "ctime": 1620187020, "item_status": "normal", "status": 1, "condition": 1, "catid": 100010, "description": "C\u00f4ng vi\u1ec7c n\u1ed9i tr\u1ee3 l\u00e0 c\u00f3 l\u1ebd s\u1edf th\u00edch c\u1ee7a h\u1ea7u h\u1ebft c\u1ee7a c\u00e1c ch\u1ecb em. Tr\u1ed5 tay l\u00e0m m\u1ed9t m\u00f3n \u0103n n\u00e0o \u0111\u00f3 trong nh\u1eefng ng\u00e0y r\u1ea3nh r\u1ed7i gi\u00fap ch\u1ecb em t\u0103ng th\u00eam ni\u1ec1m vui c\u0169ng nh\u01b0 l\u00e0 \u201cnguy\u00ean li\u1ec7u: \u0111\u1ec3 gi\u1eef l\u1eeda cho gia \u0111\u00ecnh m\u00ecnh. \u0110\u1eb7c bi\u1ec7t l\u00e0 vi\u1ec7c l\u00e0m b\u00e1nh, l\u00e0m b\u00e1nh kh\u00f4ng ph\u1ea3i m\u1ed9t vi\u1ec7c kh\u00f3 nh\u01b0ng n\u00f3 \u0111\u00f2i h\u1ecfi c\u00e1c b\u00e0 n\u1ed9i tr\u1ee3 ph\u1ea3i c\u00f3 trong tay \u0111\u1ea7y \u0111\u1ee7 d\u1ee5ng c\u1ee5 v\u00e0 m\u1ed9t d\u1ee5ng c\u1ee5 kh\u00f4ng th\u1ec3 thi\u1ebfu l\u00e0 chi\u1ebfc m\u00e1y n\u01b0\u1edbng b\u00e1nh Sandwich Joyoung Line SK-T1. Tuy nhi\u00ean, \u0111\u1ec3 ch\u1ecdn m\u1ed9t chi\u1ebfc m\u00e1y n\u01b0\u1edbng b\u00e1nh khi\u1ebfn ch\u1ecb em h\u00e0i l\u00f2ng l\u1ea1i l\u00e0 \u0111i\u1ec1u kh\u00f4ng h\u1ec1 d\u1ec5 d\u00e0ng.\nNh\u1eefng chi\u1ebfc b\u00e1nh n\u01b0\u1edbng th\u01a1m ph\u1ee9c, v\u00e0ng ru\u1ed9m s\u1ebd l\u00e0 m\u1ed9t m\u00f3n \u0103n s\u00e1ng l\u00fd t\u01b0\u1edfng cho gia \u0111\u00ecnh c\u1ee7a b\u1ea1n. H\u00e3y \u0111\u1ec3 m\u00e1y n\u01b0\u1edbng b\u00e1nh hot d\u00f2ng Joyoung Line SK-T1 c\u00f9ng b\u1ea1n \u0111em \u0111\u1ebfn nh\u1eefng chi\u1ebfc b\u00e1nh \u0111\u1ea7y \u1eafp y\u00eau th\u01b0\u01a1ng \u0111\u1ebfn cho nh\u1eefng ng\u01b0\u1eddi th\u00e2n c\u1ee7a b\u1ea1n. V\u1edbi c\u00f4ng ngh\u1ec7 ti\u00ean ti\u1ebfn, b\u1ea1n s\u1ebd c\u00f3 nh\u1eefng chi\u1ebfc b\u00e1nh h\u1ea5p d\u1eabn v\u1edbi nh\u1eefng h\u1ecda ti\u1ebft xinh x\u1eafn ch\u1ec9 sau 5 ph\u00fat n\u01b0\u1edbng b\u00e1nh v\u1edbi M\u00e1y n\u01b0\u1edbng b\u00e1nh NiKai.\n* TH\u00d4NG TIN CHI TI\u1ebeT S\u1ea2N PH\u1ea8M : \nH\u00e3ng s\u1ea3n xu\u1ea5t: Joyoung\nC\u00f4ng su\u1ea5t : 600W\nM\u00e0u s\u1eafc\tG\u1ea5u Line N\u00e2u v\u00e0 V\u1ecbt Sally V\u00e0ng\nCh\u1ea5t li\u1ec7u \u2013 Khung n\u01b0\u1edbng b\u00e1nh tr\u00e1ng men ch\u1ed1ng d\u00ednh\nThi\u1ebft k\u1ebf : c\u1ef1c cute v\u1edbi t\u1ea1o h\u00ecnh G\u1ea5u Line N\u00e2u v\u00e0 V\u1ecbt Sally V\u00e0ng\nT\u00ednh n\u0103ng n\u1ed5i b\u1eadt :\n \u2013 C\u00f4ng su\u1ea5t 600W\n\u2013 N\u01b0\u1edbng b\u00e1nh nhanh\n\u2013 C\u00f3 kh\u00f3a an to\u00e0n- Ch\u1ea5t li\u1ec7u cao c\u1ea5p ch\u1ecbu nhi\u1ec7t\nB\u1ed9 s\u1ea3n ph\u1ea9m bao g\u1ed3m: 01 x M\u00e1y n\u01b0\u1edbng b\u00e1nh 01 x Phi\u1ebfu b\u1ea3o h\u00e0nh 01 x H\u1ed9p \u0111\u1ef1ng s\u1ea3n ph\u1ea9m\nXu\u1ea5t x\u1ee9:\t Ch\u00ednh h\u00e3ng\nTh\u00f4ng tin b\u1ea3o h\u00e0nh ch\u00ednh h\u00e3ng:\t\nB\u1ea3o h\u00e0nh 24 th\u00e1ng\n* T\u00cdNH N\u0102NG N\u1ed4I B\u1eacT C\u1ee6A M\u00c1Y N\u01af\u1edaNG B\u00c1NH NIKAI:\n- N\u01b0\u1edbng b\u00e1nh nhanh ch\u00f3ng\n- B\u1ea1n ch\u1ec9 c\u1ea7n m\u1ed9t kho\u1ea3ng th\u1eddi gian t\u1eeb 5 \u2013 7 ph\u00fat \u0111\u1ec3 c\u00f3 th\u1ec3 ho\u00e0n th\u00e0nh chi\u1ebfc b\u00e1nh n\u01b0\u1edbng xinh x\u1eafn, th\u01a1m l\u1eebng.\n- B\u00e1nh ch\u00ednh v\u00e0ng \u0111\u1ec1u\n- B\u00e1nh c\u00f3 m\u00e0u v\u00e0ng ch\u00edn \u0111\u1ec1u, b\u1eaft m\u1eaft v\u00e0 kh\u00f4ng c\u00f3 hi\u1ec7n t\u01b0\u1ee3ng d\u00ednh khu\u00f4n. Tr\u00ean khu\u00f4n b\u00e1nh c\u00f2n c\u00f3 nh\u1eefng h\u1ecda ti\u1ebft t\u1ea1o h\u00ecnh c\u00e0ng l\u00e0m cho m\u00f3n \u0103n ngon m\u1eaft h\u01a1n.\n- Thi\u1ebft k\u1ebf an to\u00e0n\n- Tr\u00ean tay c\u1ea7m, nh\u00e0 s\u1ea3n xu\u1ea5t b\u1ed1 tr\u00ed kh\u00f3a ch\u1ed1t, gi\u00fap gi\u1eef hai n\u1eafp c\u1ee7a khu\u00f4n b\u00e1nh \u00e9p ch\u1eb7t v\u00e0o nhau khi n\u01b0\u1edbng.\nL\u01b0u \u00fd khi s\u1eed d\u1ee5ng m\u00e1y n\u01b0\u1edbng b\u00e1nh Joyoung Line SK-T1:\n\u2013 Th\u1ef1c hi\u1ec7n \u0111\u00fang h\u01b0\u1edbng d\u1eabn s\u1eed d\u1ee5ng.\n\u2013 N\u00ean pha b\u1ed9t v\u00e0 n\u01b0\u1edbc v\u1edbi t\u1ec9 l\u1ec7 v\u1eeba ph\u1ea3i, kh\u00f4ng lo\u00e3ng qu\u00e1 c\u0169ng kh\u00f4ng \u0111\u1eb7c qu\u00e1, \u0111\u00e1nh b\u1ed9t th\u1eadt nhuy\u1ec5n tr\u01b0\u1edbc khi cho v\u00e0o khu\u00f4n.\n\u2013 Cho b\u1ed9t nhuy\u1ec5n v\u00e0o khu\u00f4n r\u1ed3i m\u1edbi c\u1eafm \u0111i\u1ec7n.\n\u2013 N\u00ean v\u1ec7 sinh khu\u00f4n b\u00e1nh b\u1eb1ng kh\u0103n s\u1ea1ch.\n\u2013 Kh\u00f4ng \u0111\u1ed5 qu\u00e1 nhi\u1ec1u b\u1ed9t v\u00e0o khu\u00f4n\nCh\u1ebf \u0110\u1ed9 B\u1ea3o H\u00e0nh Khi Mua M\u00e1y N\u01b0\u1edbng B\u00e1nh Sandwich Joyoung Line SK-T1:\n\u2013 Cam k\u1ebft b\u1ea3o h\u00e0nh 24 th\u00e1ng (Ch\u1ec9 ch\u00fang t\u00f4i m\u1edbi b\u1ea3o h\u00e0nh l\u00e2u \u0111\u1ebfn v\u1eady)", "is_mart": false, "show_shopee_verified_label": false, "size_chart": null, "reference_item_id": "", "brand": "Joyoung", "item_rating": {"rating_star": 5, "rating_count": [6, 0, 0, 0, 0, 6]}, "label_ids": [1000476, 1000182, 1001051, 1001057, 1001054, 1001075, 1001079, 1001086, 1001087, 1001089, 1000963, 1000976, 1000975, 1000981, 1000987, 1000988, 1001001, 1001002, 1001012, 1001013, 1001018, 1001033, 1001037, 1001038, 1001040, 1000518, 1000520, 1000604, 1000605, 1000621, 1000649, 1000660, 1000685, 1000687, 1000697, 1000710, 1000716, 1000734, 1000748, 1000749, 1000768, 1000772, 1000775, 1000786, 1000788, 1000790, 1000807, 1000279, 44, 1000320, 1000335, 1000365, 1000379, 1000391, 1000415, 1000425, 1000430, 1000432, 1000451, 1000453, 1000458, 1000469, 1000832, 1000844, 1000255, 1000256, 1000260, 1000262, 1000257, 1000259, 1000254, 1000258, 1000264, 1000266, 1000269, 1000268, 1000267, 1000271, 1000274, 1000272, 1000275, 1000278, 1000276, 1000277, 1000273, 1000854, 1000855, 1000270, 1000937, 1000946, 1000070, 1000071, 1000075, 1000085, 1000088, 1000125, 1000129, 1000130, 1000160, 1000163, 1000230, 1000263, 1000265, 1001321, 1001324, 1001352, 1000086, 1000098, 1000334, 1000412, 1000558, 1000878, 1000951, 1000956, 1000983, 1001396, 1001398, 1001043, 1001409, 1001418, 1001549, 1001583, 1001693, 1001711, 1001728, 1001733, 1001748, 1001836, 1001827, 1001946, 1001947, 1001948, 1001959, 1001961, 1002113, 1002117, 1002120, 1002130, 1002132, 1002163, 1002172, 1002181, 1002229, 1002232, 1002278, 1002283, 1002288, 1002343, 1002408, 1002410, 1002422, 1002433, 1002580, 1002587, 1002683, 1002756, 1002899, 1002970, 1002990, 1003002, 1003133, 1003159, 1003167, 1003169, 1003235, 1003258, 1003259, 1003261, 1003283, 1003323, 1003362, 1003464, 1003467, 1003751, 1000121, 1004155, 1004168, 1004211, 1004213, 1004265, 1004293, 1004341, 1004359, 1004360, 1004420, 1004423, 1004670, 1004764, 1004774, 1004894, 1004921, 1004963, 1004983, 1005061, 1005120, 1005490, 1005829, 1005868, 1006199, 1006306, 1006331, 1006435, 1006483, 1006624, 1006805, 1007155, 1007286, 1007328, 1007394, 1007516, 1007546, 1007525, 1007695, 1007765, 1007768, 1007773, 1006856, 1008093, 1008283, 1008290, 1008313, 1008515, 1008529, 1008755, 1008793, 1008875, 1009058, 1009063, 1009391, 1009427, 1009525, 1009763, 1010033, 1010111, 1010210, 1010310, 1010449, 1010452, 1010666, 1010668, 1010797, 1010881, 1011155, 1011293, 1011470, 1011654, 1011685, 1011843, 1011909, 1012191, 1012192, 1012514, 1006454, 1006641, 1006660, 1006825, 1007182, 1007414, 1007861, 1008542, 1008562, 1008842, 1009167, 1009687, 1008201, 1010213, 1010242, 1010348, 1011193, 1011378], "attributes": null, "liked": false, "liked_count": 227, "cmt_count": 6, "flag": 2, "shopee_verified": false, "is_adult": false, "is_preferred_plus_seller": false, "tier_variations": [{"name": "M\u00e1y N\u01b0\u1edbng B\u00e1nh", "options": ["V\u1ecbt Sally V\u00e0ng", "G\u1ea5u Line N\u00e2u"], "images": ["4792cbadc7764eba9e631b723ceb9142", "2889df57ada9ec54193c156f1acbc831"], "properties": null, "type": 0}], "bundle_deal_id": 0, "can_use_bundle_deal": false, "add_on_deal_info": null, "bundle_deal_info": null, "can_use_wholesale": false, "wholesale_tier_list": [], "is_group_buy_item": null, "group_buy_info": null, "welcome_package_type": 0, "welcome_package_info": null, "tax_code": null, "invoice_option": null, "complaint_policy": null, "images": ["4792cbadc7764eba9e631b723ceb9142", "de8bdc561e0baec966f5c51ac5ef48c1", "022a59d8f5beb2c817c2a243203e74de", "2889df57ada9ec54193c156f1acbc831", "2027d1091d6bea127c55da40b29a9ddd", "ed9cbc771d84fc4878f3aa9ab61462d2", "2c1aabf4d5c600587378f34457554a49"], "image": "4792cbadc7764eba9e631b723ceb9142", "video_info_list": [{"video_id": "acf4c9e2a4bef2aa0a7e437956605ed2", "thumb_url": "23bd8c9c41f06b32340dd03f993ed937", "duration": 50, "version": 2, "vid": "sg_4bf78d5d-4b18-4185-a3ff-e42375325792_000055", "formats": [], "default_format": {"format": 600001, "defn": "ORI", "profile": "MP4", "path": "", "url": "http://play-ws.vod.shopee.com/c3/98934353/107/YzQsMTM0LTQ0MDEwLDE0MjI4Njg3OTQ5MDgzMTk3NDQsMg.mp4", "width": 960, "height": 1280}}], "item_type": 0, "is_official_shop": true, "show_official_shop_label_in_title": true, "shop_location": "TP. H\u1ed3 Ch\u00ed Minh", "coin_earn_label": null, "cb_option": 0, "is_pre_order": false, "estimated_days": 2, "badge_icon_type": 0, "show_free_shipping": true, "shipping_icon_type": 0, "cod_flag": 0, "is_service_by_shopee": false, "show_original_guarantee": false, "categories": [{"catid": 100010, "display_name": "Thi\u1ebft B\u1ecb \u0110i\u1ec7n Gia D\u1ee5ng", "no_sub": false, "is_default_subcat": false}, {"catid": 100041, "display_name": "\u0110\u1ed3 gia d\u1ee5ng nh\u00e0 b\u1ebfp", "no_sub": false, "is_default_subcat": false}, {"catid": 100208, "display_name": "D\u1ee5ng c\u1ee5 n\u1ea5u \u0111\u1eb7c bi\u1ec7t", "no_sub": false, "is_default_subcat": false}, {"catid": 100468, "display_name": "M\u00e1y l\u00e0m b\u00e1nh Waffle & Crepe", "no_sub": true, "is_default_subcat": false}], "other_stock": 0, "item_has_post": false, "discount_stock": 791, "current_promotion_has_reserve_stock": false, "current_promotion_reserved_stock": 0, "normal_stock": 791, "brand_id": 1801555, "is_alcohol_product": false, "show_recycling_info": false, "coin_info": {"spend_cash_unit": 100000, "coin_earn_items": [{"coin_earn": 0}, {"coin_earn": 0}]}, "models": [{"itemid": 5688081909, "status": 1, "current_promotion_reserved_stock": 0, "name": "V\u1ecbt Sally V\u00e0ng", "promotionid": 1310934437, "price": 102600000000, "price_stocks": [{"allocated_stock": 0, "stock_breakdown_by_location": null}, {"allocated_stock": null, "stock_breakdown_by_location": [{"location_id": "VNW", "available_stock": 0, "fulfilment_type": 1, "address_id": 38200026}, {"location_id": "VNZ", "available_stock": 791, "fulfilment_type": 2, "address_id": null}]}], "current_promotion_has_reserve_stock": false, "normal_stock": 791, "extinfo": {"tier_index": [0], "group_buy_info": null, "is_pre_order": false, "estimated_days": 2}, "price_before_discount": 129000000000, "modelid": 110101841284, "stock": 791, "has_gimmick_tag": false}, {"itemid": 5688081909, "status": 1, "current_promotion_reserved_stock": 0, "name": "G\u1ea5u Line N\u00e2u", "promotionid": 0, "price": 129000000000, "price_stocks": [{"allocated_stock": null, "stock_breakdown_by_location": [{"location_id": "VNW", "available_stock": 0, "fulfilment_type": 1, "address_id": 38200026}, {"location_id": "VNZ", "available_stock": 0, "fulfilment_type": 2, "address_id": null}]}], "current_promotion_has_reserve_stock": false, "normal_stock": 0, "extinfo": {"tier_index": [1], "group_buy_info": null, "is_pre_order": false, "estimated_days": 2}, "price_before_discount": 0, "modelid": 110101841285, "stock": 0, "has_gimmick_tag": false}], "spl_info": {"installment_info": null, "user_credit_info": null, "channel_id": null, "show_spl": false, "show_spl_lite": false}, "preview_info": null, "fe_categories": [{"catid": 11036971, "display_name": "Home Appliances", "no_sub": false, "is_default_subcat": false}, {"catid": 11036972, "display_name": "Kitchen Appliances", "no_sub": false, "is_default_subcat": false}, {"catid": 11036986, "display_name": "Food Processors", "no_sub": true, "is_default_subcat": false}], "presale_info": null, "is_cc_installment_payment_eligible": false, "is_non_cc_installment_payment_eligible": false, "flash_sale": null, "upcoming_flash_sale": null, "deep_discount": null, "has_low_fulfillment_rate": false, "is_partial_fulfilled": true, "makeups": null, "shop_vouchers": null, "global_sold": null, "is_infant_milk_formula_product": false, "should_show_amp_tag": false}