{"itemid": 14215003761, "shopid": 181858886, "userid": 0, "price_max_before_discount": 75900000000, "has_lowest_price_guarantee": false, "price_before_discount": 75900000000, "price_min_before_discount": 75900000000, "exclusive_price_info": null, "hidden_price_display": null, "price_min": 37950000000, "price_max": 37950000000, "price": 37950000000, "stock": 100, "discount": "50%", "historical_sold": 0, "sold": 0, "show_discount": 50, "raw_discount": 50, "min_purchase_limit": 0, "overall_purchase_limit": {"order_max_purchase_limit": 0, "overall_purchase_limit": null, "item_overall_quota": null, "start_date": null, "end_date": null}, "pack_size": null, "is_live_streaming_price": null, "name": "N\u1ed3i c\u01a1m \u0111i\u1ec7n n\u1eafp r\u1eddi Nagakawa NAG0128 (2,2 l\u00edt)", "ctime": 1639034464, "item_status": "normal", "status": 1, "condition": 1, "catid": 100010, "description": "Thi\u1ebft k\u1ebf ti\u1ec7n d\u1ee5ng, n\u1eafp r\u1eddi d\u1ec5 v\u1ec7 sinh\n\nN\u1ed3i c\u01a1m \u0111i\u1ec7n 2.2L Nagakawa NAG0128 s\u1edf h\u1eefu ki\u1ec3u d\u00e1ng hi\u1ec7n \u0111\u1ea1i, k\u00edch th\u01b0\u1edbc g\u1ecdn g\u00e0ng, ti\u1ec7n l\u1ee3i v\u1edbi m\u1ecdi kh\u00f4ng gian nh\u00e0 b\u1ebfp. N\u1ed3i c\u01a1m \u0111i\u1ec7n 2.2L Nagakawa NAG0128 n\u00f4\u0309i b\u00e2\u0323t thi\u1ebft k\u1ebf n\u1eafp r\u1eddi d\u1ec5 d\u00e0ng v\u1ec7 sinh, thu\u1eadn ti\u1ec7n cho cu\u1ed9c s\u1ed1ng ng\u00e0y m\u1ed9t b\u1eadn r\u1ed9n. Dung t\u00edch 2.2L th\u00edch h\u1ee3p cho gia \u0111\u00ecnh 5 - 6 ng\u01b0\u1eddi \u0103n.\n\nCh\u1ed1ng d\u00ednh \u0111a l\u1edbp, an to\u00e0n v\u1ec7 sinh th\u1ef1c ph\u1ea9m\n\nN\u1ed3i c\u01a1m \u0111i\u1ec7n 2.2L Nagakawa NAG0128 \u0111\u01b0\u1ee3c thi\u1ebft k\u1ebf ch\u1ed1ng d\u00ednh \u0111a l\u1edbp, gi\u00fap v\u1ec7 sinh n\u1ed3i d\u1ec5 d\u00e0ng, \u0111\u1ea3m b\u1ea3o v\u1ec7 sinh th\u1ef1c ph\u1ea9m, an to\u00e0n cho s\u1ee9c kh\u1ecfe ng\u01b0\u1eddi ti\u00eau d\u00f9ng.\n\nM\u00e2m nhi\u1ec7t l\u1edbn, gia nhi\u1ec7t \u0111\u1ec1u gi\u00fap c\u01a1m ch\u00edn ngon h\u01a1n\n\nM\u00e2m nhi\u1ec7t thi\u1ebft k\u1ebf theo c\u00f4ng ngh\u1ec7 m\u1edbi v\u01a1\u0301i m\u00e2m nhi\u00ea\u0323t l\u01a1\u0301n, gi\u00fap nhi\u1ec7t lan t\u1ecfa \u0111\u1ec1u h\u01a1n cho ha\u0323t c\u01a1m chi\u0301n \u0111\u00ea\u0300u, th\u01a1m ngon h\u01a1n va\u0300 th\u1eddi gian n\u1ea5u c\u01a1m s\u1ebd r\u00fat ng\u1eafn, ti\u1ebft ki\u1ec7m kh\u00e1 nhi\u1ec1u chi ph\u00ed \u0111i\u1ec7n n\u0103ng ti\u00eau th\u1ee5.", "is_mart": false, "show_shopee_verified_label": false, "size_chart": null, "reference_item_id": "", "brand": "Nagakawa", "item_rating": {"rating_star": 0, "rating_count": [0, 0, 0, 0, 0, 0]}, "label_ids": [1000476, 1000182, 1001051, 1001057, 1001054, 1001078, 1001087, 1001089, 1000949, 1000959, 1000975, 1000987, 1000988, 1001002, 1001012, 1001013, 1001018, 1001031, 1001033, 1001040, 1000258, 1000260, 1000262, 1000259, 1000256, 1000255, 1000254, 1000257, 1000497, 1000498, 1000266, 1000267, 1000270, 1000269, 1000268, 1000271, 1000272, 1000273, 1000278, 1000277, 1000276, 1000275, 1000274, 1000604, 1000652, 1000660, 1000672, 1000685, 1000696, 1000697, 1000701, 1000713, 1000716, 1000759, 1000772, 1000766, 1000790, 1000805, 1000279, 1000339, 1000333, 1000356, 1000359, 1000362, 1000378, 1000379, 1000383, 1000388, 1000390, 1000429, 1000431, 1000451, 1000462, 1000843, 1000844, 1000911, 1000924, 1000931, 1000937, 1000939, 1000946, 1000230, 1000263, 1000264, 1000265, 1001320, 1001352, 1000355, 1000878, 1000956, 1000983, 1001284, 1001388, 1001396, 1001409, 1001732, 1001734, 1001739, 1001946, 1002130, 1002132, 1002163, 1002644, 1002646, 1003239, 1003258, 1003259, 1000121, 1004111, 1004471, 1005829, 1006306, 1006435, 1006483, 1006624, 1006625, 1007155, 1007286, 1007328, 1007394, 1007516, 1007546, 1007627, 1007765, 1007768, 1006856, 1007908, 1008283, 1008290, 1008313, 1008515, 1008793, 1009058, 1009063, 1009202, 1009391, 1009427, 1009489, 1009763, 1010033, 1010111, 1010449, 1010668, 1010797, 1011155, 1011654, 1011843, 1012191, 1012107, 1012539], "attributes": [{"name": "Tr\u1ecdng l\u01b0\u1ee3ng", "value": "5kg", "id": 100095, "is_timestamp": false, "brand_option": null, "val_id": null}, {"name": "Xu\u1ea5t x\u1ee9", "value": "Vi\u1ec7t Nam", "id": 100037, "is_timestamp": false, "brand_option": null, "val_id": null}, {"name": "H\u1ea1n b\u1ea3o h\u00e0nh", "value": "12 th\u00e1ng", "id": 100121, "is_timestamp": false, "brand_option": null, "val_id": null}, {"name": "Lo\u1ea1i b\u1ea3o h\u00e0nh", "value": "B\u1ea3o h\u00e0nh nh\u00e0 s\u1ea3n xu\u1ea5t", "id": 100370, "is_timestamp": false, "brand_option": null, "val_id": null}, {"name": "Ch\u1ea5t li\u1ec7u", "value": "Nh\u00f4m t\u0129nh \u0111i\u1ec7n, Nhi\u1ec1u l\u1edbp", "id": 100134, "is_timestamp": false, "brand_option": null, "val_id": null}, {"name": "Lo\u1ea1i n\u1ed3i c\u01a1m \u0111i\u1ec7n", "value": "Kh\u00e1c", "id": 100341, "is_timestamp": false, "brand_option": null, "val_id": null}, {"name": "T\u00ednh n\u0103ng n\u1ed3i c\u01a1m \u0111i\u1ec7n", "value": "Thi\u1ebft k\u1ebf v\u1ec7 sinh d\u1ec5 d\u00e0ng, N\u1ea5u nhanh, Kh\u00f4ng d\u00ednh", "id": 100317, "is_timestamp": false, "brand_option": null, "val_id": null}, {"name": "\u0110i\u1ec7n \u00e1p \u0111\u1ea7u v\u00e0o", "value": "220V", "id": 100323, "is_timestamp": false, "brand_option": null, "val_id": null}, {"name": "Ti\u00eau th\u1ee5 \u0111i\u1ec7n n\u0103ng", "value": "900W", "id": 100355, "is_timestamp": false, "brand_option": null, "val_id": null}, {"name": "Dung t\u00edch", "value": "2.2L", "id": 100278, "is_timestamp": false, "brand_option": null, "val_id": null}, {"name": "K\u00edch th\u01b0\u1edbc (d\u00e0i x r\u1ed9ng x cao)", "value": "30x30x28", "id": 100942, "is_timestamp": false, "brand_option": null, "val_id": null}], "liked": false, "liked_count": 1, "cmt_count": 0, "flag": 0, "shopee_verified": false, "is_adult": false, "is_preferred_plus_seller": false, "tier_variations": [{"name": "", "options": [""], "images": null, "properties": null, "type": 0}], "bundle_deal_id": 0, "can_use_bundle_deal": false, "add_on_deal_info": null, "bundle_deal_info": null, "can_use_wholesale": false, "wholesale_tier_list": [], "is_group_buy_item": null, "group_buy_info": null, "welcome_package_type": 0, "welcome_package_info": null, "tax_code": null, "invoice_option": null, "complaint_policy": null, "images": ["b23f3b1aad29557af6066376179dde30", "84253c2473706233bfcfc4871b267b00", "bba87e2597d10544a2c9077950359b4f"], "image": "b23f3b1aad29557af6066376179dde30", "video_info_list": null, "item_type": 0, "is_official_shop": true, "show_official_shop_label_in_title": true, "shop_location": "H\u00e0 N\u1ed9i", "coin_earn_label": null, "cb_option": 0, "is_pre_order": false, "estimated_days": 2, "badge_icon_type": 0, "show_free_shipping": false, "shipping_icon_type": 0, "cod_flag": 0, "is_service_by_shopee": false, "show_original_guarantee": false, "categories": [{"catid": 100010, "display_name": "Thi\u1ebft B\u1ecb \u0110i\u1ec7n Gia D\u1ee5ng", "no_sub": false, "is_default_subcat": false}, {"catid": 100041, "display_name": "\u0110\u1ed3 gia d\u1ee5ng nh\u00e0 b\u1ebfp", "no_sub": false, "is_default_subcat": false}, {"catid": 100207, "display_name": "N\u1ed3i c\u01a1m \u0111i\u1ec7n", "no_sub": true, "is_default_subcat": false}], "other_stock": 0, "item_has_post": false, "discount_stock": 100, "current_promotion_has_reserve_stock": false, "current_promotion_reserved_stock": 0, "normal_stock": 100, "brand_id": 1133322, "is_alcohol_product": false, "show_recycling_info": false, "coin_info": {"spend_cash_unit": 100000, "coin_earn_items": [{"coin_earn": 0}]}, "models": [{"itemid": 14215003761, "status": 1, "current_promotion_reserved_stock": 0, "name": "", "promotionid": 1315844839, "price": 37950000000, "price_stocks": [{"allocated_stock": 0, "stock_breakdown_by_location": null}, {"allocated_stock": null, "stock_breakdown_by_location": [{"location_id": "VNZ", "available_stock": 100, "fulfilment_type": 2, "address_id": null}]}], "current_promotion_has_reserve_stock": false, "normal_stock": 100, "extinfo": {"tier_index": [0], "group_buy_info": null, "is_pre_order": null, "estimated_days": 2}, "price_before_discount": 75900000000, "modelid": 37977412325, "stock": 100, "has_gimmick_tag": false}], "spl_info": {"installment_info": null, "user_credit_info": null, "channel_id": null, "show_spl": false, "show_spl_lite": false}, "preview_info": null, "fe_categories": [{"catid": 11036971, "display_name": "Home Appliances", "no_sub": false, "is_default_subcat": false}, {"catid": 11111620, "display_name": "Electric Cookers", "no_sub": false, "is_default_subcat": false}, {"catid": 11111625, "display_name": "Rice Cookers & Steamers", "no_sub": true, "is_default_subcat": false}], "presale_info": null, "is_cc_installment_payment_eligible": false, "is_non_cc_installment_payment_eligible": false, "flash_sale": null, "upcoming_flash_sale": null, "deep_discount": null, "has_low_fulfillment_rate": false, "is_partial_fulfilled": true, "makeups": null, "shop_vouchers": null, "global_sold": null, "is_infant_milk_formula_product": false, "should_show_amp_tag": false}