{"itemid": 12609322141, "shopid": 181858886, "userid": 0, "price_max_before_discount": -1, "has_lowest_price_guarantee": false, "price_before_discount": 0, "price_min_before_discount": -1, "exclusive_price_info": null, "hidden_price_display": null, "price_min": 99500000000, "price_max": 158800000000, "price": 99500000000, "stock": 197, "discount": null, "historical_sold": 2, "sold": 2, "show_discount": 0, "raw_discount": 0, "min_purchase_limit": 0, "overall_purchase_limit": {"order_max_purchase_limit": 0, "overall_purchase_limit": null, "item_overall_quota": null, "start_date": null, "end_date": null}, "pack_size": null, "is_live_streaming_price": null, "name": "Ch\u1ea3o inox ch\u1ed1ng d\u00ednh Nagakawa Aki NAG2804/ Ch\u1ea3o kim c\u01b0\u01a1ng s\u00e2u l\u00f2ng NAG2853", "ctime": 1631593602, "item_status": "normal", "status": 1, "condition": 1, "catid": 100636, "description": "Ch\u1ea3o ch\u1ed1ng d\u00ednh l\u00e0 c\u00f4ng c\u1ee5 nh\u00e0 b\u1ebfp kh\u00f4ng th\u1ec3 thi\u1ebfu trong m\u1ed7i gia \u0111\u00ecnh b\u1edfi t\u00ednh d\u1ee5ng cao gi\u00fap ng\u01b0\u1eddi n\u1ed9i tr\u1ee3 c\u00f3 th\u1ec3 nhanh ch\u00f3ng ch\u1ebf bi\u1ebfn nhi\u1ec1u m\u00f3n \u0103n ngon. V\u1edbi nh\u1eefng c\u1ea3i ti\u1ebfn t\u1eeb c\u00f4ng ngh\u1ec7 cao c\u1ea5p t\u1edbi thi\u1ebft k\u1ebf t\u1ec9 m\u1ec9, ch\u1ea3o inox \u0111a l\u1edbp ch\u1ed1ng d\u00ednh NAG2804 gi\u00fap ng\u01b0\u1eddi \u0111\u1ea7u b\u1ebfp c\u00f3 th\u1ec3 ch\u1ebf bi\u1ebfn nh\u1eefng m\u00f3n chi\u00ean, x\u00e0o, \u00e1p ch\u1ea3o ngon h\u01a1n, an to\u00e0n cho s\u1ee9c kh\u1ecfe h\u01a1n c\u0169ng nh\u01b0 ti\u1ebft ki\u1ec7m th\u1eddi gian, c\u00f4ng s\u1ee9c n\u1ea5u n\u01b0\u1edbng h\u01a1n.\n\n\u0110i\u1ec3m nh\u1ea5n c\u1ee7a ch\u1ea3o ch\u1ed1ng d\u00ednh inox \u0111a l\u1edbp NAG2804 n\u1eb1m \u1edf c\u1ea5u t\u1ea1o 5 l\u1edbp \u0111\u00e1y d\u00e0y d\u1eb7n v\u1edbi s\u1ef1 s\u1eafp x\u1ebfp c\u1ee7a 5 l\u1edbp kim lo\u1ea1i gi\u00fap t\u1ed1i \u01b0u h\u00f3a hi\u1ec7u qu\u1ea3 c\u1ee7a t\u1eebng ch\u1ea5t li\u1ec7u:\n\n- L\u1edbp trong c\u00f9ng l\u00e0 inox 304, l\u00e0 lo\u1ea1i inox t\u1ed1t nh\u1ea5t, b\u1ec1n nh\u1ea5t, kh\u00f4ng th\u00f4i nhi\u1ec5m ch\u1ea5t \u0111\u1ed9c h\u1ea1i k\u1ec3 c\u1ea3 khi \u0111un n\u1ea5u tr\u00ean nhi\u1ec7t \u0111\u1ed9 cao hay d\u00f9ng l\u00e2u n\u0103m, \u0111\u1ea3m b\u1ea3o an to\u00e0n s\u1ee9c kh\u1ecfe cho ng\u01b0\u1eddi s\u1eed d\u1ee5ng. Inox 304 c\u0169ng \u0111\u01b0\u1ee3c ca ng\u1ee3i b\u1edfi kh\u1ea3 n\u0103ng ch\u1ed1ng oxi h\u00f3a cao, kh\u00f4ng b\u1ecb han r\u1ec9 n\u00ean lu\u00f4n gi\u1eef \u0111\u01b0\u1ee3c v\u1ebb s\u00e1ng b\u00f3ng b\u1ec1n \u0111\u1eb9p sau th\u1eddi gian d\u00e0i s\u1eed d\u1ee5ng\n\n- L\u1edbp ngo\u00e0i c\u00f9ng l\u00e0 inox 430 \u0111\u01b0\u1ee3c bi\u1ebft \u0111\u1ebfn v\u1edbi kh\u1ea3 n\u0103ng b\u1eaft t\u1eeb hi\u1ec7u qu\u1ea3 l\u00ean t\u1edbi 98%. S\u1ea3n ph\u1ea9m c\u00f3 th\u1ec3 ph\u00f9 h\u1ee3p v\u1edbi m\u1ecdi lo\u1ea1i b\u1ebfp trong gia \u0111\u00ecnh: b\u1ebfp t\u1eeb, b\u1ebfp ga, b\u1ebfp h\u1ed3ng ngo\u1ea1i,\u2026 tr\u00e1nh l\u00e3ng ph\u00ed khi c\u00f3 s\u1ef1 thay \u0111\u1ed5i c\u00e1c lo\u1ea1i b\u1ebfp trong gia \u0111\u00ecnh.\n\n- 3 l\u1edbp gi\u1eefa s\u1ef1 \u0111an xen gi\u1eefa nh\u00f4m nguy\u00ean ch\u1ea5t v\u00e0 s\u1eaft \u2013 c\u00e1c v\u1eadt li\u1ec7u c\u00f3 kh\u1ea3 n\u0103ng truy\u1ec1n v\u00e0 gi\u1eef nhi\u1ec7t tuy\u1ec7t v\u1eddi, \u0111\u01b0\u1ee3c t\u00ednh to\u00e1n \u0111\u1ec3 gi\u00fap t\u0103ng kh\u1ea3 n\u0103ng truy\u1ec1n nhi\u1ec7t c\u1ee7a s\u1ea3n ph\u1ea9m, gi\u00fap truy\u1ec1n nhi\u1ec7t nhanh, t\u1ecfa nhi\u1ec7t \u0111\u1ec1u,\n\nC\u1ea5u t\u1ea1o 5 l\u1edbp \u0111\u00e1y c\u0169ng gi\u00fap tr\u00e1nh t\u00ecnh tr\u1ea1ng truy\u1ec1n nhi\u1ec7t c\u1ee5c b\u1ed9. Nhi\u1ec7t \u0111\u1ed9 \u0111\u01b0\u1ee3c ph\u00e2n b\u1ed5 \u0111\u1ec1u c\u1ea3 \u1edf th\u00e0nh v\u00e0 \u0111\u00e1y ch\u1ea3o , th\u1ee9c \u0103n s\u1ebd ch\u00edn \u0111\u1ec1u v\u00e0 l\u01b0u gi\u1eef \u0111\u01b0\u1ee3c h\u01b0\u01a1ng v\u1ecb.\n\nC\u00f4ng ngh\u1ec7 ch\u1ed1ng d\u00ednh Whitford kh\u00f4ng ch\u1ee9a PFOA an to\u00e0n cho s\u1ee9c kh\u1ecfe kh\u00f4ng th\u00f4i nhi\u1ec5m ch\u1ea5t \u0111\u1ed9c h\u1ea1i v\u00e0o th\u1ee9c \u0103n, \u0111\u1ea3m b\u1ea3o an to\u00e0n v\u1ec7 sinh th\u1ef1c ph\u1ea9m v\u00e0 an to\u00e0n cho s\u1ee9c kh\u1ecfe ng\u01b0\u1eddi s\u1eed d\u1ee5ng.\n\nL\u1edbp ch\u1ed1ng d\u00ednh Whitford USA gi\u00fap h\u1ea1n ch\u1ebf tr\u1ea7y x\u01b0\u1edbc, kh\u00f3 bong tr\u00f3c, b\u1ec1 m\u1eb7t tr\u01a1n nh\u1eb5n h\u1ea1n ch\u1ebf b\u00e1m d\u1ea7u m\u1ee1 v\u00e0 b\u00e1m b\u1ee5i, d\u1ec5 d\u00e0ng ch\u00f9i r\u1eeda sau khi s\u1eed d\u1ee5ng, khi\u1ebfn cho ch\u1ea3o lu\u00f4n gi\u1eef \u0111\u01b0\u1ee3c v\u1ebb ngo\u00e0i s\u1ea1ch s\u1ebd sau th\u1eddi gian d\u00e0i\n\nVung k\u00ednh trong su\u1ed1t c\u01b0\u1eddng l\u1ef1c ch\u1ecbu nhi\u1ec7t t\u1ed1t, gi\u00fap b\u1ea1n c\u00f3 th\u1ec3 d\u1ec5 d\u00e0ng quan s\u00e1t th\u1ef1c ph\u1ea9m khi \u0111ang \u0111un n\u1ea5u, ho\u1eb7c d\u00f9ng vung k\u00ednh nh\u01b0 m\u1ed9t c\u00f4ng c\u1ee5 gi\u00fap ch\u1eafn d\u1ea7u m\u1ee1 b\u1eafn trong qu\u00e1 tr\u00ecnh s\u1eed d\u1ee5ng ch\u1ea3o.\n\nTay c\u1ea7m b\u1eb1ng inox ch\u1eafc ch\u1eafn, b\u1ec1n b\u1ec9, c\u00f3 \u0111\u1ed9 d\u00e0i ph\u00f9 h\u1ee3p, thi\u1ebft k\u1ebf tay c\u1ea7m thu\u1eadn ti\u1ec7n cho ng\u01b0\u1eddi s\u1eed d\u1ee5ng khi ch\u1ebf bi\u1ebfn c\u00e1c m\u00f3n c\u1ea7n n\u00e2ng nh\u1ea5c ch\u1ea3o nhi\u1ec1u. Tay c\u1ea7m c\u00e1ch nhi\u1ec7t \u0111\u1ea3m b\u1ea3o an to\u00e0n khi s\u1eed d\u1ee5ng m\u00e0 kh\u00f4ng g\u00e2y b\u1ecfng cho ng\u01b0\u1eddi d\u00f9ng, gi\u00fap b\u1ea1n c\u00f3 th\u1ec3 th\u1ecfa s\u1ee9c ch\u1ebf bi\u1ebfn c\u00e1c m\u00f3n \u0103n theo \u00fd mu\u1ed1n.\n\n", "is_mart": false, "show_shopee_verified_label": false, "size_chart": null, "reference_item_id": "", "brand": "Nagakawa", "item_rating": {"rating_star": 2, "rating_count": [1, 0, 1, 0, 0, 0]}, "label_ids": [1000476, 1000182, 1001051, 1001057, 1001054, 1001078, 1001087, 1001089, 1000949, 1000959, 1000975, 1000987, 1000988, 1001002, 1001012, 1001013, 1001018, 1001031, 1001033, 1001040, 1000258, 1000260, 1000262, 1000259, 1000256, 1000255, 1000254, 1000257, 1000497, 1000498, 1000266, 1000267, 1000270, 1000269, 1000268, 1000271, 1000272, 1000273, 1000278, 1000277, 1000276, 1000275, 1000274, 1000604, 1000652, 1000660, 1000672, 1000685, 1000696, 1000697, 1000701, 1000713, 1000716, 1000759, 1000772, 1000766, 1000790, 1000805, 1000279, 1000339, 1000333, 1000356, 1000359, 1000362, 1000378, 1000379, 1000383, 1000388, 1000390, 1000429, 1000431, 1000451, 1000462, 1000843, 1000844, 1000911, 1000924, 1000931, 1000937, 1000939, 1000946, 1000230, 1000263, 1000264, 1000265, 1001320, 1001352, 1000355, 1000878, 1000956, 1000983, 1001284, 1001388, 1001396, 1001409, 1001732, 1001734, 1001739, 1001946, 1002130, 1002132, 1002163, 1002644, 1002646, 1003239, 1003258, 1003259, 1000121, 1004111, 1004471, 1005829, 1006306, 1006435, 1006483, 1006624, 1006625, 1007155, 1007286, 1007328, 1007394, 1007516, 1007546, 1007627, 1007765, 1007768, 1006856, 1007908, 1008283, 1008290, 1008313, 1008515, 1008793, 1009058, 1009063, 1009202, 1009391, 1009427, 1009489, 1009763, 1010033, 1010111, 1010449, 1010668, 1010797, 1011155, 1011654, 1011843, 1012191], "attributes": [{"name": "H\u1ea1n b\u1ea3o h\u00e0nh", "value": "No Warranty", "id": 100121, "is_timestamp": false, "brand_option": null, "val_id": null}, {"name": "Lo\u1ea1i b\u1ea3o h\u00e0nh", "value": "Kh\u00f4ng b\u1ea3o h\u00e0nh", "id": 100370, "is_timestamp": false, "brand_option": null, "val_id": null}, {"name": "Ch\u1ea5t li\u1ec7u", "value": "INOX", "id": 100134, "is_timestamp": false, "brand_option": null, "val_id": null}, {"name": "\u0110\u01b0\u1eddng k\u00ednh", "value": "28cm", "id": 100666, "is_timestamp": false, "brand_option": null, "val_id": null}, {"name": "Lo\u1ea1i ch\u1ea3o", "value": "Ch\u1ed1ng d\u00ednh", "id": 100802, "is_timestamp": false, "brand_option": null, "val_id": null}], "liked": false, "liked_count": 0, "cmt_count": 1, "flag": 0, "shopee_verified": false, "is_adult": false, "is_preferred_plus_seller": false, "tier_variations": [{"name": "SKU", "options": ["NAG2804", "NAG2853"], "images": ["0e15905ac843c8955d345faf2278e79d", "b8bc6aa761c846dced0e61ceac42590f"], "properties": null, "type": 0}], "bundle_deal_id": 0, "can_use_bundle_deal": false, "add_on_deal_info": null, "bundle_deal_info": null, "can_use_wholesale": false, "wholesale_tier_list": [], "is_group_buy_item": null, "group_buy_info": null, "welcome_package_type": 0, "welcome_package_info": null, "tax_code": null, "invoice_option": null, "complaint_policy": null, "images": ["ebd7bfd21595c0f9d36a023e4d0655cf", "68d5679be6fd3e57ddefedbfa1e5738b", "f37bceb4a19a42703246e5579dbd0faf", "cb8f2e9e53ad76a954f2bb1c960dcdcb", "5d4a5cec5b3e064e7a58e570bd79c1e5", "3212532d1e587db496128bddcaa299d4", "54d8d6d16bdf0034ad0e86bf1f4350cb", "dd61d1b1512bc86fa35dab87e32b3752"], "image": "ebd7bfd21595c0f9d36a023e4d0655cf", "video_info_list": null, "item_type": 0, "is_official_shop": true, "show_official_shop_label_in_title": true, "shop_location": "H\u00e0 N\u1ed9i", "coin_earn_label": null, "cb_option": 0, "is_pre_order": false, "estimated_days": 2, "badge_icon_type": 0, "show_free_shipping": false, "shipping_icon_type": 0, "cod_flag": 0, "is_service_by_shopee": false, "show_original_guarantee": false, "categories": [{"catid": 100636, "display_name": "Nh\u00e0 c\u1eeda & \u0110\u1eddi s\u1ed1ng", "no_sub": false, "is_default_subcat": false}, {"catid": 100717, "display_name": "D\u1ee5ng c\u1ee5 nh\u00e0 b\u1ebfp", "no_sub": false, "is_default_subcat": false}, {"catid": 101218, "display_name": "Ch\u1ea3o", "no_sub": true, "is_default_subcat": false}], "other_stock": 197, "item_has_post": false, "discount_stock": 0, "current_promotion_has_reserve_stock": false, "current_promotion_reserved_stock": 0, "normal_stock": 197, "brand_id": 1133322, "is_alcohol_product": false, "show_recycling_info": false, "coin_info": {"spend_cash_unit": 100000, "coin_earn_items": [{"coin_earn": 0}, {"coin_earn": 0}]}, "models": [{"itemid": 12609322141, "status": 1, "current_promotion_reserved_stock": 0, "name": "NAG2804", "promotionid": 0, "price": 158800000000, "price_stocks": [{"allocated_stock": null, "stock_breakdown_by_location": [{"location_id": "VNZ", "available_stock": 98, "fulfilment_type": 2, "address_id": null}]}], "current_promotion_has_reserve_stock": false, "normal_stock": 98, "extinfo": {"tier_index": [0], "group_buy_info": null, "is_pre_order": null, "estimated_days": 2}, "price_before_discount": 0, "modelid": 57970051272, "stock": 98, "has_gimmick_tag": false}, {"itemid": 12609322141, "status": 1, "current_promotion_reserved_stock": 0, "name": "NAG2853", "promotionid": 0, "price": 99500000000, "price_stocks": [{"allocated_stock": null, "stock_breakdown_by_location": [{"location_id": "VNZ", "available_stock": 99, "fulfilment_type": 2, "address_id": null}]}], "current_promotion_has_reserve_stock": false, "normal_stock": 99, "extinfo": {"tier_index": [1], "group_buy_info": null, "is_pre_order": null, "estimated_days": 2}, "price_before_discount": 0, "modelid": 57970051273, "stock": 99, "has_gimmick_tag": false}], "spl_info": {"installment_info": null, "user_credit_info": null, "channel_id": null, "show_spl": false, "show_spl_lite": false}, "preview_info": null, "fe_categories": [], "presale_info": null, "is_cc_installment_payment_eligible": false, "is_non_cc_installment_payment_eligible": false, "flash_sale": null, "upcoming_flash_sale": null, "deep_discount": null, "has_low_fulfillment_rate": false, "is_partial_fulfilled": true, "makeups": null, "shop_vouchers": null, "global_sold": null, "is_infant_milk_formula_product": false, "should_show_amp_tag": false}