{"itemid": 4737575530, "shopid": 181858886, "userid": 0, "price_max_before_discount": 156000000000, "has_lowest_price_guarantee": false, "price_before_discount": 156000000000, "price_min_before_discount": 156000000000, "exclusive_price_info": null, "hidden_price_display": null, "price_min": 139900000000, "price_max": 139900000000, "price": 139900000000, "stock": 2, "discount": "10%", "historical_sold": 1, "sold": 0, "show_discount": 10, "raw_discount": 10, "min_purchase_limit": 0, "overall_purchase_limit": {"order_max_purchase_limit": 0, "overall_purchase_limit": null, "item_overall_quota": null, "start_date": null, "end_date": null}, "pack_size": null, "is_live_streaming_price": null, "name": "N\u1ed3i \u00e1p su\u1ea5t inox cao c\u1ea5p Nagakawa NAG1452 (5L) - D\u00f9ng tr\u00ean m\u1ecdi lo\u1ea1i b\u1ebfp", "ctime": 1591874316, "item_status": "normal", "status": 1, "condition": 1, "catid": 100010, "description": "Thi\u1ebft k\u1ebf b\u1eaft m\u1eaft sang tr\u1ecdng\n\nN\u1ed3i \u00e1p su\u1ea5t Nagakawa NAG1452 c\u00f3 ki\u1ec3u d\u00e1ng n\u1ed5i b\u1eadt v\u1edbi m\u00e0u inox s\u00e1ng b\u00f3ng, sang tr\u1ecdng ph\u00f9 h\u1ee3p v\u1edbi m\u1ecdi c\u0103n b\u1ebfp.\n\nDung t\u00edch l\u1edbn 5L\n\nN\u1ed3i \u00e1p su\u1ea5t Nagakawa NAG1452 c\u00f3 dung t\u00edch 5L, ti\u1ec7n s\u1eed d\u1ee5ng cho gia \u0111\u00ecnh t\u1eeb 3-5 ng\u01b0\u1eddi. V\u1edbi dung t\u00edch l\u1edbn d\u1ec5 d\u00e0ng ch\u1ebf bi\u1ebfn nhi\u1ec1u m\u00f3n nh\u01b0: lu\u1ed9c g\u00e0, ninh x\u01b0\u01a1ng, n\u1ea5u ch\u00e1o, canh, s\u00fap,...\n\nCh\u1ea5t li\u1ec7u inox cao c\u1ea5p an to\u00e0n\n\nTh\u00e2n v\u00e0 n\u1eafp n\u1ed3i d\u00e0y d\u1eb7n \u0111\u01b0\u1ee3c l\u00e0m b\u1eb1ng inox si\u00eau b\u1ec1n, kh\u00f4ng han g\u1ec9, ch\u1ed1ng b\u00e1m b\u1ea9n t\u1ed1i \u01b0u. L\u00f2ng n\u1ed3i b\u1eb1ng inox cao c\u1ea5p 304 kh\u00f4ng sinh ra ch\u1ea5t \u0111\u1ed9c h\u1ea1i, an to\u00e0n cho s\u1ee9c kh\u1ecfe v\u00e0 d\u1ec5 d\u00e0ng v\u1ec7 sinh.\n\nThu\u1eadn ti\u1ec7n, an to\u00e0n v\u1edbi van th\u00f4ng minh\n\nN\u1eafp \u0111\u1eady \u0111\u01b0\u1ee3c trang b\u1ecb gio\u0103ng cao su k\u00edn kh\u00edt k\u1ebft h\u1ee3p v\u1edbi C\u1ea5u t\u1ea1o 2 van x\u1ea3 gi\u00fap n\u1ea5u ch\u00edn th\u1ef1c ph\u1ea9m nhanh nh\u1eeb m\u00e0 v\u1eabn gi\u1eef tr\u1ecdn h\u01b0\u01a1ng v\u1ecb v\u00e0 dinh d\u01b0\u1ee1ng c\u1ee7a th\u1ef1c ph\u1ea9m, b\u1ed3i b\u1ed5 t\u1ed1t cho s\u1ee9c kh\u1ecfe.\n\nH\u1ec7 th\u1ed1ng kh\u00f3a k\u00e9p th\u00f4ng minh, ch\u1ec9 m\u1edf n\u1eafp khi \u00e1p su\u1ea5t gi\u1ea3m v\u1ec1 ng\u01b0\u1ee1ng cho ph\u00e9p gi\u00fap \u0111\u1ea3m b\u1ea3o an to\u00e0n tuy\u1ec7t \u0111\u1ed1i khi s\u1eed d\u1ee5ng\n\nGio\u0103ng l\u00e0m b\u1eb1ng cao su ch\u1ecbu nhi\u1ec7t t\u1ed1t, \u0111\u1ed9 b\u1ec1n cao, thi\u1ebft k\u1ebf si\u00eau d\u00e0y gi\u00fap n\u1eafp n\u1ed3i \u0111\u01b0\u1ee3c \u0111\u1eady k\u00edn, \u0111\u1ea3m m\u1ee9c \u00e1p su\u1ea5t trong n\u1ed3i lu\u00f4n \u0111\u01b0\u1ee3c duy tr\u00ec \u1ed5n \u0111\u1ecbnh.\n\nTrong qu\u00e1 tr\u00ecnh s\u1eed d\u1ee5ng n\u1ed3i \u00e1p su\u1ea5t kh\u00f4ng b\u1ecb han g\u1ec9, kh\u00f4ng b\u1ecb oxy h\u00f3a, r\u1ea5t an to\u00e0n v\u1edbi s\u1ee9c kh\u1ecfe. \u0110\u1ed3ng th\u1eddi c\u00f4ng ngh\u1ec7 \u0111\u00fac nguy\u00ean kh\u1ed1i gi\u00fap n\u1ed3i \u00e1p su\u1ea5t c\u00f3 \u0111\u1ed9 c\u1ee9ng v\u01b0\u1ee3t tr\u1ed9i, ch\u1ed1ng va \u0111\u1eadp c\u1ef1c t\u1ed1t, h\u1ea1n ch\u1ebf t\u1ed1i \u0111a vi\u1ec7c m\u00f3p m\u00e9o, bi\u1ebfn d\u1ea1ng qua th\u1eddi gian s\u1eed d\u1ee5ng.\n\n\u0110\u00e1y t\u1eeb 3 l\u1edbp b\u1eaft nhi\u1ec7t nhanh, n\u1ea5u ch\u00edn \u0111\u1ec1u\n\n\u0110i\u1ec1u \u0111\u1eb7c bi\u1ec7t \u1edf n\u1ed3i \u00e1p su\u1ea5t n\u00e0y c\u00f3 c\u1ea5u t\u1ea1o \u0111\u00e1y t\u1eeb 3 l\u1edbp gi\u00fap t\u1ea3n nhi\u1ec7t t\u1ed1t, gi\u1eef nhi\u1ec7t l\u00e2u cho th\u1ee9c \u0103n \u0111\u01b0\u1ee3c n\u1ea5u ch\u00edn \u0111\u1ec1u cho m\u00f3n ngon gia \u0111\u00ecnh \u0111\u1eadm \u0111\u00e0, ch\u1ea5t l\u01b0\u1ee3ng.\n\nN\u1ed3i \u00e1p su\u1ea5t Nagakawa NAG1452 b\u1eaft nhi\u1ec7t nhanh v\u1edbi hi\u1ec7u su\u1ea5t b\u1eaft t\u1eeb l\u00ean t\u1edbi 99% gi\u00fap ti\u1ebft ki\u1ec7m n\u0103ng l\u01b0\u1ee3ng v\u00e0 th\u1eddi gian n\u1ea5u n\u01b0\u1edbng.\n\nS\u1eed d\u1ee5ng \u0111\u01b0\u1ee3c tr\u00ean c\u1ea3 b\u1ebfp \u0111i\u1ec7n t\u1eeb\n\n\u0110\u00e1y N\u1ed3i \u00e1p su\u1ea5t Nagakawa NAG1452 \u0111\u01b0\u1ee3c b\u1ecdc inox 403 cao c\u1ea5p kh\u00f4ng bong tr\u00f3c gi\u00fap truy\u1ec1n nhi\u1ec7t \u0111\u1ec1u kh\u1eafp n\u1ed3i, v\u00e0 c\u00f3 th\u1ec3 s\u1eed d\u1ee5ng \u0111\u01b0\u1ee3c tr\u00ean c\u1ea3 b\u1ebfp \u0111i\u1ec7n t\u1eeb, mang \u0111\u1ebfn ti\u1ec7n l\u1ee3i cho ng\u01b0\u1eddi d\u00f9ng.\n\nQuai v\u00e0 n\u00fam ch\u1ecbu nhi\u1ec7t t\u1ed1t\n\n2 b\u00ean tay c\u1ea7m \u0111\u1ec1u \u0111\u01b0\u1ee3c l\u00e0m b\u1eb1ng nh\u1ef1a ch\u1ecbu nhi\u1ec7t, c\u00e1ch nhi\u1ec7t t\u1ed1t, thi\u1ebft k\u1ebf to b\u1ea3n r\u1ea5t d\u1ec5 nh\u1ea5c n\u1ed3i. N\u1ed3i c\u00f3 thi\u1ebft k\u1ebf van an to\u00e0n ch\u1ed1ng ch\u00e1y n\u1ed5 v\u00e0 kh\u00f3a n\u1eafp hai b\u00ean d\u1ec5 d\u00e0ng thao t\u00e1c.", "is_mart": false, "show_shopee_verified_label": false, "size_chart": null, "reference_item_id": "", "brand": "Nagakawa", "item_rating": {"rating_star": 0, "rating_count": [0, 0, 0, 0, 0, 0]}, "label_ids": [1000476, 1000182, 1001051, 1001057, 1001054, 1001078, 1001087, 1001089, 1000949, 1000959, 1000975, 1000987, 1000988, 1001002, 1001012, 1001013, 1001018, 1001031, 1001033, 1001040, 1000258, 1000260, 1000262, 1000259, 1000256, 1000255, 1000254, 1000257, 1000497, 1000498, 1000266, 1000267, 1000270, 1000269, 1000268, 1000271, 1000272, 1000273, 1000278, 1000277, 1000276, 1000275, 1000274, 1000604, 1000652, 1000660, 1000672, 1000685, 1000696, 1000697, 1000701, 1000713, 1000716, 1000759, 1000772, 1000766, 1000790, 1000805, 1000279, 1000339, 1000333, 1000356, 1000359, 1000362, 1000378, 1000379, 1000383, 1000388, 1000390, 1000429, 1000431, 1000451, 1000462, 1000843, 1000844, 1000911, 1000924, 1000931, 1000937, 1000939, 1000946, 1000230, 1000263, 1000264, 1000265, 1001320, 1001352, 1000355, 1000878, 1000956, 1000983, 1001284, 1001388, 1001396, 1001409, 1001732, 1001734, 1001739, 1001946, 1002130, 1002132, 1002163, 1002644, 1002646, 1003239, 1003258, 1003259, 1000121, 1004111, 1004471, 1005829, 1006306, 1006435, 1006483, 1006624, 1006625, 1007155, 1007286, 1007328, 1007394, 1007516, 1007546, 1007627, 1007765, 1007768, 1006856, 1007908, 1008283, 1008290, 1008313, 1008515, 1008793, 1009058, 1009063, 1009202, 1009391, 1009427, 1009489, 1009763, 1010033, 1010111, 1010449, 1010668, 1010797, 1011155, 1011654, 1011843, 1012191, 1009687, 1010348], "attributes": null, "liked": false, "liked_count": 2, "cmt_count": 0, "flag": 2, "shopee_verified": false, "is_adult": false, "is_preferred_plus_seller": false, "tier_variations": [{"name": "", "options": [""], "images": null, "properties": null, "type": 0}], "bundle_deal_id": 0, "can_use_bundle_deal": false, "add_on_deal_info": null, "bundle_deal_info": null, "can_use_wholesale": false, "wholesale_tier_list": [], "is_group_buy_item": null, "group_buy_info": null, "welcome_package_type": 0, "welcome_package_info": null, "tax_code": null, "invoice_option": null, "complaint_policy": null, "images": ["c956ea636fe05eaab07b31b1278c87a1", "3ee29eb04fcc69f2093284b7a240bb16", "3d600e56487654b03ed7c18c2d9c81d6", "f8c1a4ab4904a8043315f0a6afa2322a", "0ce31346875c1ae47241fbcc0a1ac861", "140a14ab51ec90cfc5b9878817c100c9", "3a7b8c27bdd8e17a7f855360548f5df0", "ce29077512bfd4e2be367bcbbf2c39b1", "f17537c01126f737c1ea07546af0032f"], "image": "c956ea636fe05eaab07b31b1278c87a1", "video_info_list": null, "item_type": 0, "is_official_shop": true, "show_official_shop_label_in_title": true, "shop_location": "H\u00e0 N\u1ed9i", "coin_earn_label": null, "cb_option": 0, "is_pre_order": false, "estimated_days": 2, "badge_icon_type": 0, "show_free_shipping": true, "shipping_icon_type": 0, "cod_flag": 0, "is_service_by_shopee": false, "show_original_guarantee": false, "categories": [{"catid": 100010, "display_name": "Thi\u1ebft B\u1ecb \u0110i\u1ec7n Gia D\u1ee5ng", "no_sub": false, "is_default_subcat": false}, {"catid": 100041, "display_name": "\u0110\u1ed3 gia d\u1ee5ng nh\u00e0 b\u1ebfp", "no_sub": false, "is_default_subcat": false}, {"catid": 100205, "display_name": "N\u1ed3i \u00e1p su\u1ea5t", "no_sub": true, "is_default_subcat": false}], "other_stock": 0, "item_has_post": false, "discount_stock": 2, "current_promotion_has_reserve_stock": false, "current_promotion_reserved_stock": 0, "normal_stock": 2, "brand_id": 1133322, "is_alcohol_product": false, "show_recycling_info": false, "coin_info": {"spend_cash_unit": 100000, "coin_earn_items": [{"coin_earn": 0}]}, "models": [{"itemid": 4737575530, "status": 1, "current_promotion_reserved_stock": 0, "name": "", "promotionid": 1315844380, "price": 139900000000, "price_stocks": [{"allocated_stock": 0, "stock_breakdown_by_location": null}, {"allocated_stock": null, "stock_breakdown_by_location": [{"location_id": "VNW", "available_stock": 0, "fulfilment_type": 1, "address_id": 38200026}, {"location_id": "VNZ", "available_stock": 2, "fulfilment_type": 2, "address_id": null}]}], "current_promotion_has_reserve_stock": false, "normal_stock": 2, "extinfo": {"tier_index": [0], "group_buy_info": null, "is_pre_order": false, "estimated_days": 2}, "price_before_discount": 156000000000, "modelid": 71253812201, "stock": 2, "has_gimmick_tag": false}], "spl_info": {"installment_info": null, "user_credit_info": null, "channel_id": null, "show_spl": false, "show_spl_lite": false}, "preview_info": null, "fe_categories": [{"catid": 11036971, "display_name": "Home Appliances", "no_sub": false, "is_default_subcat": false}, {"catid": 11111620, "display_name": "Electric Cookers", "no_sub": false, "is_default_subcat": false}, {"catid": 11111627, "display_name": "Electric Pressure Cookers", "no_sub": true, "is_default_subcat": false}], "presale_info": null, "is_cc_installment_payment_eligible": false, "is_non_cc_installment_payment_eligible": false, "flash_sale": null, "upcoming_flash_sale": null, "deep_discount": null, "has_low_fulfillment_rate": false, "is_partial_fulfilled": true, "makeups": null, "shop_vouchers": null, "global_sold": null, "is_infant_milk_formula_product": false, "should_show_amp_tag": false}