{"itemid": 10748558840, "shopid": 181858886, "userid": 0, "price_max_before_discount": -1, "has_lowest_price_guarantee": false, "price_before_discount": 0, "price_min_before_discount": -1, "exclusive_price_info": null, "hidden_price_display": null, "price_min": 69900000000, "price_max": 99900000000, "price": 69900000000, "stock": 200, "discount": null, "historical_sold": 0, "sold": 0, "show_discount": 0, "raw_discount": 0, "min_purchase_limit": 0, "overall_purchase_limit": {"order_max_purchase_limit": 0, "overall_purchase_limit": null, "item_overall_quota": null, "start_date": null, "end_date": null}, "pack_size": null, "is_live_streaming_price": null, "name": "Ch\u1ea3o ch\u1ed1ng d\u00ednh Nagakawa Fuyu NAG2405/ ch\u1ea3o ch\u1ed1ng d\u00ednh \u0111\u00e1y t\u1eeb NAG2401", "ctime": 1631594286, "item_status": "normal", "status": 1, "condition": 1, "catid": 100636, "description": "Ch\u1ea3o ch\u1ed1ng d\u00ednh nguy\u00ean kh\u1ed1i NAG2405 \u0111\u01b0\u1ee3c l\u00e0m t\u1eeb ch\u1ea5t li\u1ec7u nh\u00f4m cao c\u1ea5p \u2013 ch\u1ea5t li\u1ec7u l\u00ed t\u01b0\u1edfng cho c\u00e1c m\u00f3n chi\u00ean, x\u00e0o, \u00e1p ch\u1ea3o b\u1edfi kh\u1ea3 n\u0103ng truy\u1ec1n nhi\u1ec7t nhanh, t\u1ecfa nhi\u1ec7t \u0111\u1ec1u, kh\u00f4ng g\u00e2y ch\u00e1y kh\u00e9t, gi\u1ea3m t\u00ecnh tr\u1ea1ng m\u00f3n \u0103n ch\u00edn kh\u00f4ng \u0111\u1ec1u, ti\u1ebft ki\u1ec7m th\u1eddi gian n\u1ea5u n\u01b0\u1edbng.\n\n\u0110i\u1ec3m nh\u1ea5n c\u1ee7a ch\u1ea3o n\u1eb1m \u1edf c\u1ea5u t\u1ea1o \u0111a l\u1edbp \u0111\u00e1y d\u00e0y d\u1eb7n gi\u00fap t\u1ed1i \u01b0u h\u00f3a hi\u1ec7u qu\u1ea3 n\u1ea5u n\u01b0\u1edbng, ti\u1ebft ki\u1ec7m nhi\u00ean li\u1ec7u v\u00e0 gi\u00fap m\u00f3n \u0103n ngon h\u01a1n.\n\nL\u00f2ng ch\u1ea3o \u0111\u01b0\u1ee3c ph\u1ee7 l\u1edbp ch\u1ed1ng d\u00ednh Whitford kh\u00f4ng ch\u1ee9a PFOA, kh\u00f4ng th\u00f4i nhi\u1ec5m ch\u1ea5t \u0111\u1ed9c h\u1ea1i v\u00e0o th\u1ee9c \u0103n, \u0111\u1ea3m b\u1ea3o an to\u00e0n v\u1ec7 sinh th\u1ef1c ph\u1ea9m v\u00e0 an to\u00e0n cho s\u1ee9c kh\u1ecfe ng\u01b0\u1eddi s\u1eed d\u1ee5ng.\n\nL\u1edbp ch\u1ed1ng d\u00ednh Whitford USA c\u0169ng \u0111\u01b0\u1ee3c bi\u1ebft \u0111\u1ebfn v\u1edbi kh\u1ea3 n\u0103ng h\u1ea1n ch\u1ebf tr\u1ea7y x\u01b0\u1edbc, kh\u00f3 bong tr\u00f3c, d\u1ec5 d\u00e0ng ch\u00f9i r\u1eeda sau khi s\u1eed d\u1ee5ng, khi\u1ebfn cho ch\u1ea3o lu\u00f4n gi\u1eef \u0111\u01b0\u1ee3c v\u1ebb ngo\u00e0i s\u1ea1ch s\u1ebd sau th\u1eddi gian d\u00e0i s\u1eed d\u1ee5ng.\n\nL\u00f2ng ch\u1ea3o \u0111\u01b0\u1ee3c gia c\u00f4ng t\u1ec9 m\u1ec9 \u0111\u1ec3 c\u00f3 m\u1ed9t b\u1ec1 m\u1eb7t tr\u01a1n nh\u1eb5n, gi\u00fap h\u1ea1n ch\u1ebf b\u00e1m d\u1ea7u m\u1ee1, ch\u1ed1ng b\u00e1m b\u1ee5i, d\u1ec5 d\u00e0ng v\u1ec7 sinh.\n\nK\u1ebft c\u1ea5u th\u00e2n ch\u1ea3o d\u1eadp nguy\u00ean kh\u1ed1i khi\u1ebfn ch\u1ea3o c\u00f3 \u0111\u1ed9 b\u1ec1n cao ngay c\u1ea3 khi s\u1eed d\u1ee5ng tr\u00ean nhi\u1ec7t \u0111\u1ed9 cao v\u00e0 v\u1edbi c\u00e1c thao t\u00e1c chi\u00ean x\u00e0o ph\u1ee9c t\u1ea1p.\n\nTh\u00e0nh ch\u1ea3o \u0111\u1ee9ng, \u0111\u00e1y ch\u1ea3o r\u1ed9ng t\u0103ng kh\u1ea3 n\u0103ng h\u1ea5p th\u1ee5 nhi\u1ec7t, gi\u00fap m\u00f3n chi\u00ean x\u00e0o t\u0103ng th\u00eam h\u01b0\u01a1ng v\u1ecb v\u00e0 ti\u1ebft ki\u1ec7m t\u1ed1i \u0111a nhi\u00ean li\u1ec7u ti\u00eau hao.\n\nCh\u1ea3o ch\u1ed1ng d\u00ednh NAG2405 s\u1eed d\u1ee5ng \u0111\u01b0\u1ee3c tr\u00ean m\u1ecdi lo\u1ea1i b\u1ebfp n\u00ean ng\u01b0\u1eddi d\u00f9ng c\u00f3 th\u1ec3 linh ho\u1ea1t s\u1eed d\u1ee5ng v\u1edbi m\u1ecdi lo\u1ea1i b\u1ebfp trong gia \u0111\u00ecnh, gi\u00fap ti\u1ebft ki\u1ec7m chi ph\u00ed m\u1ed7i khi c\u00f3 s\u1ef1 thay \u0111\u1ed5i lo\u1ea1i b\u1ebfp d\u00f9ng.\n\nTay c\u1ea7m b\u1eb1ng nh\u1ef1a Bakelite ch\u1eafc ch\u1eafn, b\u1ec1n b\u1ec9, c\u00f3 \u0111\u1ed9 d\u00e0i ph\u00f9 h\u1ee3p, thi\u1ebft k\u1ebf tay c\u1ea7m thu\u1eadn ti\u1ec7n cho ng\u01b0\u1eddi s\u1eed d\u1ee5ng khi ch\u1ebf bi\u1ebfn c\u00e1c m\u00f3n c\u1ea7n n\u00e2ng nh\u1ea5c ch\u1ea3o nhi\u1ec1u. Tay c\u1ea7m c\u00e1ch nhi\u1ec7t \u0111\u1ea3m b\u1ea3o an to\u00e0n khi s\u1eed d\u1ee5ng m\u00e0 kh\u00f4ng g\u00e2y b\u1ecfng cho ng\u01b0\u1eddi d\u00f9ng, gi\u00fap b\u1ea1n c\u00f3 th\u1ec3 th\u1ecfa s\u1ee9c ch\u1ebf bi\u1ebfn c\u00e1c m\u00f3n \u0103n theo \u00fd mu\u1ed1n.\n\nCh\u1ea3o c\u00f3 c\u1ea5u t\u1ea1o ch\u1eafc ch\u1eafn v\u1edbi \u0111\u1ed9 b\u1ec1n cao b\u00ean ph\u00f9 h\u1ee3p v\u1edbi c\u1ea3 r\u1eeda tay v\u00e0 m\u00e1y r\u1eeda b\u00e1t.\n", "is_mart": false, "show_shopee_verified_label": false, "size_chart": null, "reference_item_id": "", "brand": "Nagakawa", "item_rating": {"rating_star": 0, "rating_count": [0, 0, 0, 0, 0, 0]}, "label_ids": [1000476, 1000182, 1001051, 1001057, 1001054, 1001078, 1001087, 1001089, 1000949, 1000959, 1000975, 1000987, 1000988, 1001002, 1001012, 1001013, 1001018, 1001031, 1001033, 1001040, 1000258, 1000260, 1000262, 1000259, 1000256, 1000255, 1000254, 1000257, 1000497, 1000498, 1000266, 1000267, 1000270, 1000269, 1000268, 1000271, 1000272, 1000273, 1000278, 1000277, 1000276, 1000275, 1000274, 1000604, 1000652, 1000660, 1000672, 1000685, 1000696, 1000697, 1000701, 1000713, 1000716, 1000759, 1000772, 1000766, 1000790, 1000805, 1000279, 1000339, 1000333, 1000356, 1000359, 1000362, 1000378, 1000379, 1000383, 1000388, 1000390, 1000429, 1000431, 1000451, 1000462, 1000843, 1000844, 1000911, 1000924, 1000931, 1000937, 1000939, 1000946, 1000230, 1000263, 1000264, 1000265, 1001320, 1001352, 1000355, 1000878, 1000956, 1000983, 1001284, 1001388, 1001396, 1001409, 1001732, 1001734, 1001739, 1001946, 1002130, 1002132, 1002163, 1002644, 1002646, 1003239, 1003258, 1003259, 1000121, 1004111, 1004471, 1005829, 1006306, 1006435, 1006483, 1006624, 1006625, 1007155, 1007286, 1007328, 1007394, 1007516, 1007546, 1007627, 1007765, 1007768, 1006856, 1007908, 1008283, 1008290, 1008313, 1008515, 1008793, 1009058, 1009063, 1009202, 1009391, 1009427, 1009489, 1009763, 1010033, 1010111, 1010449, 1010668, 1010797, 1011155, 1011654, 1011843, 1012191], "attributes": [{"name": "H\u1ea1n b\u1ea3o h\u00e0nh", "value": "No Warranty", "id": 100121, "is_timestamp": false, "brand_option": null, "val_id": null}, {"name": "Lo\u1ea1i b\u1ea3o h\u00e0nh", "value": "Kh\u00f4ng b\u1ea3o h\u00e0nh", "id": 100370, "is_timestamp": false, "brand_option": null, "val_id": null}, {"name": "Xu\u1ea5t x\u1ee9", "value": "Trung Qu\u1ed1c", "id": 100037, "is_timestamp": false, "brand_option": null, "val_id": null}, {"name": "Ch\u1ea5t li\u1ec7u", "value": "INOX", "id": 100134, "is_timestamp": false, "brand_option": null, "val_id": null}, {"name": "\u0110\u01b0\u1eddng k\u00ednh", "value": "24cm", "id": 100666, "is_timestamp": false, "brand_option": null, "val_id": null}, {"name": "Lo\u1ea1i ch\u1ea3o", "value": "Ch\u1ed1ng d\u00ednh", "id": 100802, "is_timestamp": false, "brand_option": null, "val_id": null}], "liked": false, "liked_count": 0, "cmt_count": 0, "flag": 0, "shopee_verified": false, "is_adult": false, "is_preferred_plus_seller": false, "tier_variations": [{"name": "SKU", "options": ["NAG2401", "NAG2405"], "images": ["1d8beb3bdca19ff404d37758030f5ea7", "f8e7a389550c94cf096c28c615a203d4"], "properties": null, "type": 0}], "bundle_deal_id": 0, "can_use_bundle_deal": false, "add_on_deal_info": null, "bundle_deal_info": null, "can_use_wholesale": false, "wholesale_tier_list": [], "is_group_buy_item": null, "group_buy_info": null, "welcome_package_type": 0, "welcome_package_info": null, "tax_code": null, "invoice_option": null, "complaint_policy": null, "images": ["f8e7a389550c94cf096c28c615a203d4", "1d8beb3bdca19ff404d37758030f5ea7", "c0cb56a48f87cf8273add49ef640ec4d", "7b75cb8a04bf95c2eece8d36908e2b37", "62129286f6f8e7890a373fac4f30374d", "86574c98c7154f103dd7ac827ac6997a", "33257b58b8496ac109e009ba8c54d78f", "b9f9eca70855272153e14f76ef914e8d", "a6000bd9d568eb61b9000c32ec23b014"], "image": "f8e7a389550c94cf096c28c615a203d4", "video_info_list": null, "item_type": 0, "is_official_shop": true, "show_official_shop_label_in_title": true, "shop_location": "H\u00e0 N\u1ed9i", "coin_earn_label": null, "cb_option": 0, "is_pre_order": false, "estimated_days": 2, "badge_icon_type": 0, "show_free_shipping": false, "shipping_icon_type": 0, "cod_flag": 0, "is_service_by_shopee": false, "show_original_guarantee": false, "categories": [{"catid": 100636, "display_name": "Nh\u00e0 c\u1eeda & \u0110\u1eddi s\u1ed1ng", "no_sub": false, "is_default_subcat": false}, {"catid": 100717, "display_name": "D\u1ee5ng c\u1ee5 nh\u00e0 b\u1ebfp", "no_sub": false, "is_default_subcat": false}, {"catid": 101218, "display_name": "Ch\u1ea3o", "no_sub": true, "is_default_subcat": false}], "other_stock": 200, "item_has_post": false, "discount_stock": 0, "current_promotion_has_reserve_stock": false, "current_promotion_reserved_stock": 0, "normal_stock": 200, "brand_id": 1133322, "is_alcohol_product": false, "show_recycling_info": false, "coin_info": {"spend_cash_unit": 100000, "coin_earn_items": [{"coin_earn": 0}, {"coin_earn": 0}]}, "models": [{"itemid": 10748558840, "status": 1, "current_promotion_reserved_stock": 0, "name": "NAG2401", "promotionid": 0, "price": 69900000000, "price_stocks": [{"allocated_stock": null, "stock_breakdown_by_location": [{"location_id": "VNZ", "available_stock": 100, "fulfilment_type": 2, "address_id": null}]}], "current_promotion_has_reserve_stock": false, "normal_stock": 100, "extinfo": {"tier_index": [0], "group_buy_info": null, "is_pre_order": null, "estimated_days": 2}, "price_before_discount": 0, "modelid": 150666446604, "stock": 100, "has_gimmick_tag": false}, {"itemid": 10748558840, "status": 1, "current_promotion_reserved_stock": 0, "name": "NAG2405", "promotionid": 0, "price": 99900000000, "price_stocks": [{"allocated_stock": null, "stock_breakdown_by_location": [{"location_id": "VNZ", "available_stock": 100, "fulfilment_type": 2, "address_id": null}]}], "current_promotion_has_reserve_stock": false, "normal_stock": 100, "extinfo": {"tier_index": [1], "group_buy_info": null, "is_pre_order": null, "estimated_days": 2}, "price_before_discount": 0, "modelid": 150666446605, "stock": 100, "has_gimmick_tag": false}], "spl_info": {"installment_info": null, "user_credit_info": null, "channel_id": null, "show_spl": false, "show_spl_lite": false}, "preview_info": null, "fe_categories": [], "presale_info": null, "is_cc_installment_payment_eligible": false, "is_non_cc_installment_payment_eligible": false, "flash_sale": null, "upcoming_flash_sale": null, "deep_discount": null, "has_low_fulfillment_rate": false, "is_partial_fulfilled": true, "makeups": null, "shop_vouchers": null, "global_sold": null, "is_infant_milk_formula_product": false, "should_show_amp_tag": false}