{"itemid": 3103565143, "shopid": 181858886, "userid": 0, "price_max_before_discount": 134000000000, "has_lowest_price_guarantee": false, "price_before_discount": 134000000000, "price_min_before_discount": 134000000000, "exclusive_price_info": null, "hidden_price_display": null, "price_min": 122900000000, "price_max": 122900000000, "price": 122900000000, "stock": 13, "discount": "8%", "historical_sold": 2, "sold": 0, "show_discount": 8, "raw_discount": 8, "min_purchase_limit": 0, "overall_purchase_limit": {"order_max_purchase_limit": 0, "overall_purchase_limit": null, "item_overall_quota": null, "start_date": null, "end_date": null}, "pack_size": null, "is_live_streaming_price": null, "name": "B\u1ebfp \u0111i\u1ec7n t\u1eeb Nagakawa NAG0702 (2200W) - T\u1eb7ng k\u00e8m n\u1ed3i l\u1ea9u - H\u00e0ng ch\u00ednh h\u00e3ng", "ctime": 1569905459, "item_status": "normal", "status": 1, "condition": 1, "catid": 100010, "description": "\u2714\ufe0f \u0110\u1eb6C \u0110I\u1ec2M N\u1ed4I B\u1eacT\r\n- M\u00e2m t\u1eeb \u0111\u01b0\u1ee3c l\u00e0m b\u1eb1ng \u0111\u1ed3ng t\u0103ng tu\u1ed5i th\u1ecd s\u1ea3n ph\u1ea9m \r\n- M\u1eb7t k\u00ednh ch\u1ecbu nhi\u1ec7t si\u00eau b\u1ec1n\r\n- Ph\u00edm b\u1ea5m \u0111i\u1ec7n t\u1eed d\u1ec5 d\u00e0ng \u0111i\u1ec1u khi\u1ec3n \r\n- \u0110a ch\u1ee9c n\u0103ng: L\u1ea9u, x\u00e0o, chi\u00ean, h\u1ea7m, s\u00fap, h\u1ea5p, gi\u1eef \u1ea5m \r\n- M\u1eb7t b\u1ebfp t\u1eeb l\u1edbn, n\u1ea5u \u0103n hi\u1ec7u qu\u1ea3 \r\n\r\n\u2714\ufe0f An to\u00e0n khi s\u1eed d\u1ee5ng\r\n- B\u1ebfp NAG0702 l\u00e0 m\u1ed9t trong nh\u1eefng lo\u1ea1i b\u1ebfp an to\u00e0n nh\u1ea5t hi\u1ec7n nay, \u0111\u1ec3 c\u00e1c b\u00e0 n\u1ed9i tr\u1ee3 ho\u00e0n to\u00e0n y\u00ean t\u00e2m s\u1eed d\u1ee5ng s\u1ea3n ph\u1ea9m. S\u1ea3n ph\u1ea9m \u0111\u01b0\u1ee3c trang b\u1ecb c\u00e1c t\u00ednh n\u0103ng an to\u00e0n cho ng\u01b0\u1eddi d\u00f9ng nh\u01b0 kh\u00f3a b\u1ea3ng \u0111i\u1ec1u khi\u1ec3n, c\u1ea3nh b\u00e1o kh\u00f4ng c\u00f3 n\u1ed3i tr\u00ean b\u1ebfp, t\u1ef1 ng\u1eaft khi qu\u00e1 t\u1ea3i. V\u1ecf b\u1ebfp t\u1eeb thi\u1ebft k\u1ebf b\u1eb1ng nh\u1ef1a cao c\u1ea5p n\u00ean c\u00f3 \u0111\u1ed9 b\u1ec1n cao, c\u00e1ch \u0111i\u1ec7n c\u00e1ch nhi\u1ec7t t\u1ed1t khi s\u1eed d\u1ee5ng. Ngo\u00e0i ra, b\u1ebfp t\u1eeb Nagakawa NAG0702 c\u00f2n trang b\u1ecb h\u1ec7 th\u1ed1ng h\u1eb9n gi\u1edd, v\u1edbi t\u00ednh n\u0103ng n\u00e0y gi\u00fap cho ng\u01b0\u1eddi d\u00f9ng c\u00f3 ch\u1ebf \u0111\u1ed9 r\u1ea3nh tay, trong l\u00fac n\u1ea5u n\u01b0\u1edbng v\u1eabn c\u00f3 th\u1eddi gian l\u00e0m vi\u1ec7c kh\u00e1c m\u00e0 kh\u00f4ng ph\u1ea3i lo v\u1ec1 th\u1ee9c \u0103n khi \u0111ang n\u1ea5u.\r\n\r\n\u2714\ufe0f D\u1ec5 d\u00e0ng khi s\u1eed d\u1ee5ng\r\n-  B\u1ebfp t\u1eeb  NAG0702 d\u1ec5 d\u00e0ng trong qu\u00e1 tr\u00ecnh s\u1eed d\u1ee5ng. B\u1ebfp \u0111\u01b0\u1ee3c t\u00edch h\u1ee3p b\u1ea3ng \u0111i\u1ec1u khi\u1ec3n b\u1eb1ng ph\u00edm b\u1ea5m si\u00eau nh\u1ea1y, m\u1ecdi thao t\u00e1c b\u1ea1n ch\u1ec9 c\u1ea7n ch\u1ea1m tay v\u00e0o c\u00e1c n\u00fat \u0111i\u1ec1u khi\u1ec3n l\u00e0 c\u00f3 th\u1ec3 s\u1eed d\u1ee5ng. B\u1ebfp c\u00f3 thi\u1ebft k\u1ebf nh\u1ecf g\u1ecdn, thu\u1eadn ti\u1ec7n cho b\u1ea1n di chuy\u1ec3n nhi\u1ec1u n\u01a1i. M\u1eb7t b\u1ebfp t\u1eeb Nagakawa NAG0702 l\u00e0m b\u1eb1ng k\u00ednh c\u01b0\u1eddng l\u1ef1c cao c\u1ea5p ch\u1ecbu l\u1ef1c, ch\u1ecbu nhi\u1ec7t cao v\u00e0 d\u1ec5 ch\u00f9i r\u1eeda v\u1ec7 sinh sau khi s\u1eed d\u1ee5ng. V\u1edbi b\u1ebfp t\u1eeb \u0111\u01a1n Nagakawa NAG0702 vi\u1ec7c v\u1ec7 sinh r\u1ea5t \u0111\u01a1n gi\u1ea3n ch\u1ec9 c\u1ea7n th\u1ea5m \u1ea9m kh\u0103n l\u00e0 b\u1ea1n c\u00f3 th\u1ec3 l\u00e0m s\u1ea1ch nh\u1eefng v\u1ebft b\u1ea9n do d\u1ea7u m\u1ee1 hay th\u1ee9c \u0103n b\u1ecb r\u01a1i ra m\u1eb7t b\u1ebfp khi n\u1ea5u n\u01b0\u1edbng.\r\n\r\n\u2714\ufe0f C\u00f4ng su\u1ea5t l\u1edbn\r\n- B\u1ebfp c\u00f3 c\u00f4ng su\u1ea5t m\u1ea1nh m\u1ebd 2200W cho kh\u1ea3 n\u0103ng \u0111\u1ea1t \u0111\u1ebfn m\u1ee9c nhi\u1ec7t y\u00eau c\u1ea7u m\u1ed9t c\u00e1ch nhanh ch\u00f3ng, truy\u1ec1n nhi\u1ec7t nhanh, gi\u00fap n\u1ea5u nhanh c\u00e1c m\u00f3n \u0103n trong th\u1eddi gian ng\u1eafn, ti\u1ebft ki\u1ec7m \u0111i\u1ec7n n\u0103ng v\u00e0 th\u1eddi gian n\u1ea5u n\u01b0\u1edbng. V\u00e0 \u0111\u00e1p \u1ee9ng \u0111a d\u1ea1ng nhu c\u1ea7u s\u1eed d\u1ee5ng v\u1edbi \u0111a ch\u1ee9c n\u0103ng v\u00e0 nhi\u1ec1u ch\u1ebf \u0111\u1ed9 n\u1ea5u \u0111\u01b0\u1ee3c c\u00e0i \u0111\u1eb7t s\u1eb5n: n\u01b0\u1edbng, n\u1ea5u l\u1ea9u, chi\u00ean, x\u00e0o, s\u1eefa, s\u00fap/canh, lu\u1ed9c, h\u1ea5p.\r\n\r\n\u2714\ufe0fTh\u00f4ng s\u1ed1 k\u0129 thu\u1eadt : \r\n- M\u00e3 h\u00e0ng: \tNAG0702\r\n- T\u00ean h\u00e0ng:\tB\u1ebfp t\u1eeb Nagakawa NAG0702\r\n- Th\u01b0\u01a1ng hi\u1ec7u: \tNagakawa\r\n- Ngu\u1ed3n g\u1ed1c: \tCh\u00ednh h\u00e3ng\r\n- C\u00f4ng su\u1ea5t: \t2200 W\r\n- \u0110i\u1ec7n \u00e1p: \t~ 220 V/ 50 Hz\r\n- M\u00e0u s\u1eafc: \t \u0110en\r\n- C\u00f4ng ngh\u1ec7: \tPh\u00edm b\u1ea5m c\u1ea3m \u1ee9ng, h\u1eb9n gi\u1edd th\u00f4ng minh, kh\u00f3a an to\u00e0n \r\n- S\u1ea3n ph\u1ea9m \u0111i k\u00e8m: \tG\u1ed3m 01 n\u1ed3i inox \u0111\u01b0\u1eddng k\u00ednh 30 cm + vung k\u00ednh chuy\u00ean d\u1ee5ng cho b\u1ebfp t\u1eeb\r\n- Ch\u1ea5t li\u1ec7u: \tM\u1eb7t k\u00ednh ch\u1ecbu nhi\u1ec7t si\u00eau b\u1ec1n\r\n- C\u00f4ng n\u0103ng: \t\u0110a ch\u1ee9c n\u0103ng v\u00e0 nhi\u1ec1u ch\u1ebf \u0111\u1ed9 n\u1ea5u \u0111\u01b0\u1ee3c c\u00e0i \u0111\u1eb7t s\u1eb5n: n\u01b0\u1edbng, n\u1ea5u l\u1ea9u, chi\u00ean, x\u00e0o, h\u00e2m s\u1eefa, s\u00fap/canh, lu\u1ed9c, h\u1ea5p\r\n- K\u00edch th\u01b0\u1edbc s\u1ea3n ph\u1ea9m: \t320 x 390 x 43 mm\r\n- K\u00edch th\u01b0\u1edbc \u0111\u00f3ng g\u00f3i: \t360 x 165 x 455 mm\r\n- Kh\u1ed1i l\u01b0\u1ee3ng\t4.18 kg\r\n- B\u1ea3o h\u00e0nh: \t12 th\u00e1ng\r\n", "is_mart": false, "show_shopee_verified_label": false, "size_chart": null, "reference_item_id": "", "brand": "Nagakawa", "item_rating": {"rating_star": 5, "rating_count": [1, 0, 0, 0, 0, 1]}, "label_ids": [1000476, 1000182, 1001051, 1001057, 1001054, 1001078, 1001087, 1001089, 1000949, 1000959, 1000975, 1000987, 1000988, 1001002, 1001012, 1001013, 1001018, 1001031, 1001033, 1001040, 1000258, 1000260, 1000262, 1000259, 1000256, 1000255, 1000254, 1000257, 1000497, 1000498, 1000266, 1000267, 1000270, 1000269, 1000268, 1000271, 1000272, 1000273, 1000278, 1000277, 1000276, 1000275, 1000274, 1000604, 1000652, 1000660, 1000672, 1000685, 1000696, 1000697, 1000701, 1000713, 1000716, 1000759, 1000772, 1000766, 1000790, 1000805, 1000279, 1000339, 1000333, 1000356, 1000359, 1000362, 1000378, 1000379, 1000383, 1000388, 1000390, 1000429, 1000431, 1000451, 1000462, 1000843, 1000844, 1000911, 1000924, 1000931, 1000937, 1000939, 1000946, 1000230, 1000263, 1000264, 1000265, 1001320, 1001352, 1000355, 1000878, 1000956, 1000983, 1001284, 1001388, 1001396, 1001409, 1001732, 1001734, 1001739, 1001946, 1002130, 1002132, 1002163, 1002644, 1002646, 1003239, 1003258, 1003259, 1000121, 1004111, 1004471, 1005829, 1006306, 1006435, 1006483, 1006624, 1006625, 1007155, 1007286, 1007328, 1007394, 1007516, 1007546, 1007627, 1007765, 1007768, 1006856, 1007908, 1008283, 1008290, 1008313, 1008515, 1008793, 1009058, 1009063, 1009202, 1009391, 1009427, 1009489, 1009763, 1010033, 1010111, 1010449, 1010668, 1010797, 1011155, 1011654, 1011843, 1012191, 1000352, 1002773, 1006454, 1007182, 1008562, 1012107, 1012539, 1011387], "attributes": null, "liked": false, "liked_count": 2, "cmt_count": 1, "flag": 268435458, "shopee_verified": false, "is_adult": false, "is_preferred_plus_seller": false, "tier_variations": [{"name": "", "options": [""], "images": null, "properties": null, "type": 0}], "bundle_deal_id": 0, "can_use_bundle_deal": false, "add_on_deal_info": null, "bundle_deal_info": null, "can_use_wholesale": false, "wholesale_tier_list": [], "is_group_buy_item": null, "group_buy_info": null, "welcome_package_type": 0, "welcome_package_info": null, "tax_code": null, "invoice_option": null, "complaint_policy": null, "images": ["42ea744e22275b1c9118d31bb5b11eac", "71336dd97c0105093ac8d0f776106aaf", "ecc80afd273704249dae21e8151efb4c", "a0a923a9f5bc9ed6e3ac852061c598f8", "a0cb3085b97249f1843aec2efb3c5b6a"], "image": "42ea744e22275b1c9118d31bb5b11eac", "video_info_list": null, "item_type": 0, "is_official_shop": true, "show_official_shop_label_in_title": true, "shop_location": "H\u00e0 N\u1ed9i", "coin_earn_label": null, "cb_option": 0, "is_pre_order": false, "estimated_days": 2, "badge_icon_type": 6, "show_free_shipping": true, "shipping_icon_type": 0, "cod_flag": 0, "is_service_by_shopee": true, "show_original_guarantee": false, "categories": [{"catid": 100010, "display_name": "Thi\u1ebft B\u1ecb \u0110i\u1ec7n Gia D\u1ee5ng", "no_sub": false, "is_default_subcat": false}, {"catid": 100041, "display_name": "\u0110\u1ed3 gia d\u1ee5ng nh\u00e0 b\u1ebfp", "no_sub": false, "is_default_subcat": false}, {"catid": 100197, "display_name": "L\u00f2 s\u01b0\u1edfi, B\u1ebfp t\u1eeb & B\u1ed9 \u0111i\u1ec1u ch\u1ec9nh gas", "no_sub": true, "is_default_subcat": false}], "other_stock": 0, "item_has_post": false, "discount_stock": 13, "current_promotion_has_reserve_stock": false, "current_promotion_reserved_stock": 0, "normal_stock": 13, "brand_id": 1133322, "is_alcohol_product": false, "show_recycling_info": false, "coin_info": {"spend_cash_unit": 100000, "coin_earn_items": [{"coin_earn": 0}]}, "models": [{"itemid": 3103565143, "status": 1, "current_promotion_reserved_stock": 0, "name": "", "promotionid": 1315843467, "price": 122900000000, "price_stocks": [{"allocated_stock": 0, "stock_breakdown_by_location": null}, {"allocated_stock": null, "stock_breakdown_by_location": [{"location_id": "VNW", "available_stock": 0, "fulfilment_type": 1, "address_id": 38200026}, {"location_id": "VNN", "available_stock": 3, "fulfilment_type": 1, "address_id": 38200025}, {"location_id": "VNZ", "available_stock": 20, "fulfilment_type": 2, "address_id": null}]}], "current_promotion_has_reserve_stock": false, "normal_stock": 13, "extinfo": {"tier_index": [0], "group_buy_info": null, "is_pre_order": false, "estimated_days": 2}, "price_before_discount": 134000000000, "modelid": 51253827988, "stock": 13, "has_gimmick_tag": false}], "spl_info": {"installment_info": null, "user_credit_info": null, "channel_id": null, "show_spl": false, "show_spl_lite": false}, "preview_info": null, "fe_categories": [{"catid": 11036971, "display_name": "Home Appliances", "no_sub": false, "is_default_subcat": false}, {"catid": 11111620, "display_name": "Electric Cookers", "no_sub": false, "is_default_subcat": false}, {"catid": 11111624, "display_name": "Cooker", "no_sub": true, "is_default_subcat": false}], "presale_info": null, "is_cc_installment_payment_eligible": false, "is_non_cc_installment_payment_eligible": false, "flash_sale": null, "upcoming_flash_sale": {"flash_sale_type": 2, "extra_discount_info": null, "promotionid": 2037471868, "start_time": 1643810400, "end_time": 1643821200, "promo_images": ["a4f68cda55ba511e4316a19536541249"], "price": null, "flash_sale_stock": null, "stock": null, "hidden_price_display": null, "promo_overlay_image": null, "price_before_discount": 134000000000}, "deep_discount": null, "has_low_fulfillment_rate": false, "is_partial_fulfilled": true, "makeups": null, "shop_vouchers": null, "global_sold": null, "is_infant_milk_formula_product": false, "should_show_amp_tag": false}