{"itemid": 5811143385, "shopid": 189615586, "userid": 0, "price_max_before_discount": 1599900000000, "has_lowest_price_guarantee": true, "price_before_discount": 1599900000000, "price_min_before_discount": 1599900000000, "exclusive_price_info": null, "hidden_price_display": null, "price_min": 949900000000, "price_max": 949900000000, "price": 949900000000, "stock": 5, "discount": "41%", "historical_sold": 194, "sold": 9, "show_discount": 41, "raw_discount": 41, "min_purchase_limit": 0, "overall_purchase_limit": {"order_max_purchase_limit": 0, "overall_purchase_limit": null, "item_overall_quota": null, "start_date": null, "end_date": null}, "pack_size": null, "is_live_streaming_price": null, "name": "[Mi\u1ec5n ph\u00ed l\u1eafp \u0111\u1eb7t HCM HN] B\u1ebfp \u00c2m T\u1eeb \u0110a V\u00f9ng N\u1ea5u BlueStone ICB-6845 (7100W)", "ctime": 1576212227, "item_status": "normal", "status": 1, "condition": 1, "catid": 100010, "description": "MI\u1ec4N PH\u00cd  L\u1eaeP \u0110\u1eb6T HN & HCM\nSau khi nh\u1eadn h\u00e0ng, Qu\u00fd kh\u00e1ch vui l\u00f2ng g\u1ecdi T\u1ed5ng \u0111\u00e0i h\u1ed7 tr\u1ee3 kh\u00e1ch h\u00e0ng: 1800.54.54.94\n\u0110\u1ec3 \u0111\u01b0\u1ee3c h\u1ed7 tr\u1ee3 \u0111\u1eb7t l\u1ecbch l\u1eafp \u0111\u1eb7t mi\u1ec5n ph\u00ed nh\u00e9.\n\n--------------------\nThi\u1ebft k\u1ebf sang tr\u1ecdng\nB\u1ebfp T\u1eeb \u00c2m \u0110a V\u00f9ng N\u1ea5u ICB-6845 s\u1ebd gi\u00fap c\u00f4ng vi\u1ec7c n\u1ed9i tr\u1ee3 c\u1ee7a b\u1ea1n tr\u1edf n\u00ean \u0111\u01a1n gi\u1ea3n h\u01a1n v\u00e0 gi\u00fap c\u0103n b\u1ebfp th\u00eam sang tr\u1ecdng b\u1edfi thi\u1ebft k\u1ebf v\u1edbi ki\u1ec3u d\u00e1ng vu\u00f4ng 3 b\u1ebfp nh\u01b0ng \u0111\u1eb7c bi\u1ec7t v\u00f9ng Flexible Area b\u1ea1n c\u00f3 th\u1ec3 \u0111\u1eb7t \u0111\u01b0\u1ee3c 2 n\u1ed3i t\u1ed5ng b\u1ebfp c\u00f3 th\u1ec3 n\u1ea5u \u0111\u01b0\u1ee3c 4 n\u1ed3i c\u00f9ng l\u00fac si\u00eau nhanh. H\u01a1n n\u1eefa b\u1ebfp \u0111\u01b0\u1ee3c ch\u1ebf t\u1ea1o v\u00f4 c\u00f9ng thon g\u1ecdn ch\u1ec9 60mm, b\u1ea1n c\u00f3 th\u1ec3 d\u1ec5 d\u00e0ng mang theo m\u00e1y m\u1ecdi n\u01a1i.\n\nM\u1eb7t k\u00ednh Schott Ceran ch\u1ecbu nhi\u1ec7t\nM\u1eb7t k\u00ednh l\u00e0m t\u1eeb k\u00ednh g\u1ed1m SchottCeran r\u1ea5t b\u1ec1n, r\u1ea5t \u0111\u1eb9p c\u00f3 \u0111\u1eb7c \u0111i\u1ec3m ch\u1ed1ng s\u1ed1c nhi\u1ec7t t\u1ed1t kh\u00f4ng ch\u1ee9a c\u00e1c kim lo\u1ea1i \u0111\u1ed9c h\u1ea1i, kh\u00f4ng nguy hi\u1ec3m \u0111\u1ebfn s\u1ee9c kh\u1ecfe con ng\u01b0\u1eddi. M\u1eb7t b\u1ebfp c\u00f3 nhi\u1ec1u \u0111\u1eb7c t\u00ednh \u01b0u vi\u1ec7t nh\u01b0 ch\u1ecbu nhi\u1ec7t l\u00ean \u0111\u1ebfn 800 \u2013 1000 \u0111\u1ed9 C, ch\u1ecbu \u0111\u01b0\u1ee3c \u0111\u1ea1t \u0111\u1ebfn 30kg , mang nhi\u1ec7t \u0111i t\u1ed1t v\u00e0 t\u00e1n nhi\u1ec7t c\u1ef1c nhanh. \n\nM\u00e0n h\u00ecnh LED hi\u1ec3n th\u1ecb\nV\u1edbi ch\u1ebf \u0111\u1ed9 ninh \u0111a d\u1ea1ng \u0111\u1ed3 \u0103n v\u1edbi vi\u1ec7c t\u0103ng gi\u1ea3m n\u0103ng l\u01b0\u1ee3ng tr\u00ean b\u1ed9 \u0111i\u1ec1u khi\u1ec3n c\u1ee7a b\u1ebfp, m\u1ecdi th\u00f4ng s\u1ed1 \u0111\u1ec1u \u0111\u01b0\u1ee3c bi\u1ec3u hi\u1ec7n r\u00f5 n\u00e9t \u1edf m\u00e0n h\u00ecnh LED. N\u00fat c\u1ea3m \u1ee9ng \u1edf ngang b\u00ean d\u01b0\u1edbi n\u01a1i \u0111\u1ec3 n\u1ed3i c\u1ee7a b\u1ebfp \u0111i\u1ec7n t\u1eeb ba, c\u00f9ng v\u1edbi h\u00ecnh \u1ea3nh r\u00f5 n\u00e9t v\u1edbi quy\u1ec3n ch\u1ec9 d\u1eabn ti\u1ebfng Vi\u1ec7t. Kh\u00e1ch h\u00e0ng ch\u1ec9 vi\u1ec7c nh\u1ea5n nh\u1eb9 l\u00e0 \u0111i\u1ec1u ch\u1ec9nh nhi\u1ec1u kh\u1ea3 n\u0103ng kh\u00e1c l\u1ea1 c\u1ee7a b\u1ebfp t\u1eeb r\u1ed3i.\n\nC\u00f4ng ngh\u1ec7 Booster t\u0103ng c\u01b0\u1eddng nhi\u1ec7t l\u01b0\u1ee3ng\nB\u1ebfp c\u00f3 ch\u1ebf \u0111\u1ed9 Booster si\u00eau nhanh r\u00fat ng\u1eafn th\u1eddi gian n\u1ea5u t\u1eeb 15 ph\u00fat xu\u1ed1ng c\u00f2n 5 ph\u00fat, v\u1edbi 4 v\u00f9ng n\u1ea5u \u0103n c\u1ea3m \u1ee9ng t\u1eeb tr\u01b0\u1eddng c\u00f3 ti\u1ebft di\u1ec7n kh\u00e1c bi\u1ec7t nh\u1eb1m ch\u1ebf bi\u1ebfn \u0111\u01b0\u1ee3c v\u00f4 s\u1ed1 m\u00f3n \u0103n trong 1 th\u1eddi gian \u0111un. K\u00edch c\u1ee1 m\u1ed7i b\u1ebfp kh\u00e1c nhau ph\u00f9 h\u1ee3p v\u1edbi nh\u1eefng d\u1ea1ng n\u1ed3i t\u1eeb nh\u1ecf \u0111\u1ebfn l\u1edbn gi\u00fap hao ph\u00ed \u00edt \u0111i\u1ec7n n\u0103ng m\u1ed9t c\u00e1ch cao nh\u1ea5t. B\u1ec1 m\u1eb7t t\u1ea1o nhi\u1ec7t l\u1edbn nh\u1ea5t \u0111\u1ea1t \u0111\u1ebfn 30cm \u0111\u1ec3 c\u00e1c b\u1ea1n n\u1ea5u \u0111\u01b0\u1ee3c nhi\u1ec1u th\u1ef1c ph\u1ea9m th\u1ef1c s\u1ef1 mau l\u1eb9.\n\nC\u00f4ng su\u1ea5t l\u1edbn 7100W\nC\u1eb7p v\u00f2ng t\u1eeb \u0111\u1eb7t li\u1ec1n k\u1ec1 khi\u1ebfn t\u0103ng hi\u1ec7u qu\u1ea3 b\u1ebfp t\u1eeb (90-95%) v\u00e0 \u00edt ti\u00eau t\u1ed1n \u0111i\u1ec7n, h\u01a1n n\u1eefa hai v\u00f2ng t\u1eeb mang th\u00eam \u0111\u1eb7c t\u00ednh nh\u1eadn d\u1ea1ng k\u00edch c\u1ee1 \u1ea5m \u0111\u1ec3 gi\u1ea3m ti\u00eau hao nhi\u1ec7t n\u0103ng ti\u00eau th\u1ee5. C\u00f4ng su\u1ea5t cao nh\u1ea5t \u0111\u1ea1t \u0111\u1ebfn 7100W l\u00e0m cho n\u1ea5u ch\u00edn th\u1ee9c \u0103n r\u1ea5t mau ch\u00f3ng, t\u00e1c \u0111\u1ed9ng t\u1eeb tr\u1ef1c ti\u1ebfp l\u00ean \u1edf \u0111\u00e1y n\u1ed3i kh\u00f4ng khi\u1ebfn tho\u00e1t nhi\u1ec7t ra b\u00ean ngo\u00e0i gi\u00fap cho n\u1ea5u \u0103n mau l\u1eb9 h\u01a1n n\u1eefa v\u00f4 c\u00f9ng hao ph\u00ed \u00edt \u0111i\u1ec7n. \n\nCh\u1ee9c n\u0103ng h\u1eb9n gi\u1edd\nCh\u1ee9c n\u0103ng h\u1eb9n gi\u1edd n\u1ea5u, \u0111i v\u1edbi cho b\u1ed9 c\u00e0i gi\u1edd t\u1eebng b\u1ebfp, kh\u00f4ng ph\u00ed c\u00f4ng tr\u00f4ng ch\u1eebng b\u1ebfp, \u0111\u1eb7c t\u00ednh nhi\u1ec7t \u0111\u1ed1i l\u01b0u linh ho\u1ea1t, khi\u1ebfn th\u1ef1c ph\u1ea9m mau ch\u00edn, gi\u1eef l\u1ea1i dinh d\u01b0\u1ee1ng khi \u0111ang n\u1ea5u \u0103n.\n\n\nTh\u01b0\u01a1ng hi\u1ec7u: BlueStone\nModel: ICB-6845\nCh\u1ea5t li\u1ec7u\t\nM\u1eb7t k\u00ednh: g\u1ed1m SchottCeran\n\u0110i\u1ec7n \u00e1p: 220V - 50Hz\nC\u00f4ng su\u1ea5t: 7100W\nB\u1ea3ng \u0111i\u1ec1u khi\u1ec3n: C\u1ea3m \u1ee9ng\nK\u00edch th\u01b0\u1edbc\t\nK\u00edch c\u1ee1 b\u1ec1 m\u1eb7t b\u1ebfp: 59 x 52 x 6 cm\nK\u00edch th\u01b0\u1edbc l\u1eafp \u0111\u1eb7t: 49 x 56 x 5 cm\n\nTh\u01b0\u01a1ng hi\u1ec7u BlueStone thu\u1ed9c quy\u1ec1n s\u1edf h\u1eefu c\u1ee7a c\u00f4ng ty LASSEN INNOVATION PTE.LTD t\u1ea1i Singapore.\nC\u00e1c s\u1ea3n ph\u1ea9m v\u00e0 linh ki\u1ec7n BlueStone \u0111\u01b0\u1ee3c s\u1ea3n xu\u1ea5t d\u1ef1a tr\u00ean quy \u0111\u1ecbnh chuy\u00ean nghi\u1ec7p theo ti\u00eau chu\u1ea9n Ch\u00e2u \u00c2u CE (The European Conformity), ti\u00eau chu\u1ea9n RoHS (Restriction of Hazardous Substances), ti\u00eau chu\u1ea9n c\u1ee7a \u0110\u1ee9c GS (Geprufte Sicherhit), ti\u00eau chu\u1ea9n CB v\u1ec1 ch\u1ea5t l\u01b0\u1ee3ng v\u00e0 an to\u00e0n s\u1ea3n ph\u1ea9m.\nBluestone mang \u0111\u1ebfn gi\u1ea3i ph\u00e1p ch\u0103m s\u00f3c gia \u0111\u00ecnh ho\u00e0n h\u1ea3o th\u00f4ng qua vi\u1ec7c cung c\u1ea5p s\u1ea3n ph\u1ea9m \u0111a d\u1ea1ng v\u1edbi ch\u1ea5t l\u01b0\u1ee3ng cao, c\u00f4ng ngh\u1ec7 hi\u1ec7n \u0111\u1ea1i c\u00f9ng d\u1ecbch v\u1ee5 t\u1ed1t.\nB\u00ean c\u1ea1nh t\u1eadp trung v\u00e0o ch\u1ea5t l\u01b0\u1ee3ng s\u1ea3n ph\u1ea9m, BlueStone \u0111\u00e3 \u0111\u1ea7u t\u01b0 nghi\u00ean c\u1ee9u v\u00e0 cho ra m\u1eaft nh\u1eefng s\u1ea3n ph\u1ea9m mang phong c\u00e1ch thi\u1ebft k\u1ebf trang nh\u00e3 v\u00e0 tinh t\u1ebf. V\u1edbi \u00fd t\u01b0\u1edfng thi\u1ebft k\u1ebf hoa v\u0103n l\u00ean b\u1ec1 m\u1eb7t c\u00e1c s\u1ea3n ph\u1ea9m nh\u01b0 b\u1ebfp t\u1eeb, \u1ea5m \u0111un si\u00eau t\u1ed1c, m\u00e1y xay sinh t\u1ed1 hay m\u00e1y l\u00e0m s\u1eefa \u0111\u1eadu n\u00e0nh,... BlueStone \u0111\u00e3 khi\u1ebfn c\u00e1c v\u1eadt d\u1ee5ng v\u00f4 tri v\u00f4 gi\u00e1c tr\u1edf n\u00ean m\u1ec1m m\u1ea1i, tinh t\u1ebf v\u00e0 n\u1eef t\u00ednh h\u01a1n, ph\u00f9 h\u1ee3p v\u1edbi gu th\u1ea9m m\u1ef9 c\u1ee7a nh\u1eefng kh\u00e1ch h\u00e0ng hi\u1ec7n \u0111\u1ea1i, c\u0169ng \u0111\u1ed3ng th\u1eddi t\u1ea1o n\u00ean s\u1ef1 kh\u00e1c bi\u1ec7t v\u00e0 \u0111\u1eb3ng c\u1ea5p cho th\u01b0\u01a1ng hi\u1ec7u.\n\nH\u01b0\u1edbng d\u1eabn k\u00edch ho\u1ea1t B\u1ea3o H\u00e0nh \u0110i\u1ec7n T\u1eed:\n- C\u00e1ch 1: So\u1ea1n tin: TARA<kho\u1ea3ng c\u00e1ch>S\u1ed1 Seri m\u00e1y<kho\u1ea3ng c\u00e1ch>H\u1ecd v\u00e0 t\u00ean kh\u00e1ch h\u00e0ng vi\u1ebft kh\u00f4ng d\u1ea5u g\u1eedi v\u1ec1 T\u1ed5ng \u0111\u00e0i 6089\n- C\u00e1ch 2: T\u1ea3i \u1ee9ng d\u1ee5ng BlueStone Care tr\u00ean AppStore/Google Play  \u0111\u1ec3 \u0111\u0103ng k\u00fd v\u00e0 ki\u1ec3m tra b\u1ea3o h\u00e0nh tr\u00ean \u1ee9ng d\u1ee5ng.\nTi\u1ebfp nh\u1eadn b\u1ea3o h\u00e0nh s\u1ea3n ph\u1ea9m: t\u1ea1i c\u00e1c Tr\u1ea1m b\u1ea3o h\u00e0nh \u1ee7y quy\u1ec1n BlueStone tr\u00ean to\u00e0n qu\u1ed1c, danh s\u00e1ch ni\u00eam y\u1ebft tr\u00ean Website\nT\u1ed5ng \u0111\u00e0i h\u1ed7 tr\u1ee3 kh\u00e1ch h\u00e0ng: 1800.54.54.94\nTi\u1ebfp nh\u1eadn th\u00f4ng tin qua Email: 1800545494@tara.com.vn\n\nTi\u1ebfp nh\u1eadn th\u00f4ng tin qua Email: 1800545494@tara.com.vn", "is_mart": false, "show_shopee_verified_label": false, "size_chart": null, "reference_item_id": "", "brand": "BlueStone", "item_rating": {"rating_star": 4.779661016949152, "rating_count": [60, 1, 2, 2, 2, 53]}, "label_ids": [1003974, 1000476, 1000182, 1000753, 1001051, 1001070, 1001086, 1000959, 1000975, 1001011, 1001018, 1001022, 1001033, 1001040, 1000260, 1000258, 1000262, 1000259, 1000256, 1000255, 1000254, 1000257, 1000264, 1000266, 1000267, 1000270, 1000268, 1000269, 1000274, 1000272, 1000271, 1000273, 1000275, 1000278, 1000276, 1000277, 44, 1000660, 1000696, 1000710, 1000716, 1000746, 1000747, 1000748, 1000749, 1000758, 1000775, 1000779, 1000790, 1000797, 1000805, 1000279, 1000339, 1000333, 1000356, 1000353, 1000378, 1000383, 1000815, 1000844, 1000867, 1000477, 1000911, 1000931, 1000937, 1000938, 1000946, 1000948, 1000141, 1000263, 1000265, 1001352, 1000355, 1000643, 1000743, 1000956, 1000957, 1000984, 1001035, 1001396, 1001398, 1001399, 1001412, 1001418, 1001509, 1001549, 1001597, 1001613, 1001711, 1001748, 1001791, 1001827, 1001946, 1001948, 1001975, 1001978, 1002113, 1002120, 1002172, 1002190, 1002263, 1002283, 1002289, 1002291, 1002373, 1002409, 1002422, 1002424, 1002480, 1002501, 1002556, 1002579, 1002587, 1002639, 1002695, 1002696, 1002697, 1002727, 1002756, 1002768, 1002770, 1002772, 1002789, 1002822, 1002898, 1002945, 1002962, 1002965, 1002966, 1002990, 1002993, 1002997, 1002998, 1003118, 1003117, 1003133, 1003209, 1003258, 1003259, 1003280, 1003322, 1003323, 1003362, 1003443, 1003448, 1003449, 1003464, 1003467, 1003532, 1003709, 1003750, 1003751, 1003777, 1000121, 1003834, 1003866, 1003868, 1003928, 1004130, 1004149, 1004168, 1004169, 1004211, 1004213, 1004220, 1004265, 1004292, 1004341, 1004358, 1004360, 1004412, 1004413, 1004420, 1004423, 1004471, 1004530, 1004488, 1004672, 1004687, 1004689, 1004764, 1004774, 1004865, 1004870, 1004879, 1004894, 1004927, 1005000, 1005033, 1005061, 1005113, 1005144, 1005147, 1005163, 1005263, 1005330, 1005521, 1005544, 1005759, 1005844, 1006159, 1006168, 1006199, 1006306, 1006352, 1006435, 1006448, 1006480, 1006624, 1006625, 1006805, 1007082, 1007113, 1007155, 1007286, 1007328, 1007394, 1007516, 1007521, 1007546, 1007525, 1007589, 1007631, 1007765, 1007768, 1007773, 1006856, 1007908, 1007975, 1008223, 1008283, 1008290, 1008313, 1008358, 1008515, 1008529, 1008632, 1008837, 1008862, 1008793, 1008941, 1009039, 1009058, 1009063, 1009064, 1009113, 1009190, 1009198, 1009202, 1009226, 1009374, 1009377, 1009427, 1009456, 1009522, 1009525, 1009763, 1009931, 1010033, 1010111, 1010210, 1010310, 1010449, 1010452, 1010666, 1010668, 1010797, 1010881, 1011155, 1011293, 1011470, 1011654, 1011685, 1011843, 1011909, 1012191, 1012192, 1012514, 1000205, 1000208, 1000248, 1000352, 1000765, 1000785, 1000836, 1000881, 1000905, 1000944, 1000973, 1001021, 1001068, 1001250, 1001545, 1001670, 1001044, 1001833, 1001943, 1001950, 1001965, 1001966, 1002087, 1002088, 1002246, 1002248, 1002256, 1002262, 1002698, 58, 1002932, 1003125, 1003165, 1003170, 1003181, 1003204, 1003233, 1003307, 1003321, 1003428, 1003695, 1003698, 1003744, 1004146, 1004349, 1004542, 1004709, 1003794, 1004997, 1004487, 1005114, 1005158, 1005269, 1005329, 1005342, 1005460, 1005496, 1006037, 1006129, 1006310, 1006454, 1006476, 1006569, 1006619, 1006641, 1006660, 1006825, 1007182, 1007414, 1007696, 1007861, 1008562, 1008842, 1009757, 1010348, 1010425, 1010484, 1010506, 1010507, 1010550, 1011193, 1011317, 1011387, 1011440, 1011627, 1011629, 1012011, 1009370, 1012405, 1012458, 1012551, 1012624, 1012627, 1000990], "attributes": null, "liked": false, "liked_count": 400, "cmt_count": 60, "flag": 268959746, "shopee_verified": false, "is_adult": false, "is_preferred_plus_seller": false, "tier_variations": [{"name": "", "options": [""], "images": null, "properties": null, "type": 0}], "bundle_deal_id": 0, "can_use_bundle_deal": false, "add_on_deal_info": null, "bundle_deal_info": null, "can_use_wholesale": false, "wholesale_tier_list": [], "is_group_buy_item": null, "group_buy_info": null, "welcome_package_type": 0, "welcome_package_info": null, "tax_code": null, "invoice_option": null, "complaint_policy": null, "images": ["a4350632542625ddc6b2ae6382425759", "b7260fb3015869799b81be9c7e7c2da3", "4fd6975e437e4dd75ecff5151c5d1ac2", "350c9bb98938fd95597e4af04e0b9d41", "11fc49ba8e5ad402b202ac5d0ee62972", "e36b2869a6e0e54ffc6390b369d60e20", "50f10d35b6ac96e4c9d9f18a9d0cab42", "19320ccd4834077f2d1ceb574090a09d"], "image": "a4350632542625ddc6b2ae6382425759", "video_info_list": null, "item_type": 0, "is_official_shop": true, "show_official_shop_label_in_title": true, "shop_location": "TP. H\u1ed3 Ch\u00ed Minh", "coin_earn_label": null, "cb_option": 0, "is_pre_order": false, "estimated_days": 2, "badge_icon_type": 6, "show_free_shipping": true, "shipping_icon_type": 0, "cod_flag": 0, "is_service_by_shopee": true, "show_original_guarantee": false, "categories": [{"catid": 100010, "display_name": "Thi\u1ebft B\u1ecb \u0110i\u1ec7n Gia D\u1ee5ng", "no_sub": false, "is_default_subcat": false}, {"catid": 100041, "display_name": "\u0110\u1ed3 gia d\u1ee5ng nh\u00e0 b\u1ebfp", "no_sub": false, "is_default_subcat": false}, {"catid": 100197, "display_name": "L\u00f2 s\u01b0\u1edfi, B\u1ebfp t\u1eeb & B\u1ed9 \u0111i\u1ec1u ch\u1ec9nh gas", "no_sub": true, "is_default_subcat": false}], "other_stock": 34, "item_has_post": true, "discount_stock": 5, "current_promotion_has_reserve_stock": true, "current_promotion_reserved_stock": 5, "normal_stock": 23, "brand_id": 1071126, "is_alcohol_product": false, "show_recycling_info": false, "coin_info": {"spend_cash_unit": 100000, "coin_earn_items": [{"coin_earn": 0}]}, "models": [{"itemid": 5811143385, "status": 1, "current_promotion_reserved_stock": 5, "name": "", "promotionid": 2037568509, "price": 949900000000, "price_stocks": [{"allocated_stock": 5, "stock_breakdown_by_location": [{"location_id": "VNW", "available_stock": 1, "fulfilment_type": 1, "address_id": 38200026}, {"location_id": "VNN", "available_stock": 5, "fulfilment_type": 1, "address_id": 38200025}, {"location_id": "VNS", "available_stock": 5, "fulfilment_type": 1, "address_id": 38200027}, {"location_id": "VNZ", "available_stock": 0, "fulfilment_type": 2, "address_id": null}]}, {"allocated_stock": null, "stock_breakdown_by_location": [{"location_id": "VNW", "available_stock": 1, "fulfilment_type": 1, "address_id": null}, {"location_id": "VNN", "available_stock": 14, "fulfilment_type": 1, "address_id": null}, {"location_id": "VNS", "available_stock": 24, "fulfilment_type": 1, "address_id": null}, {"location_id": "VNZ", "available_stock": 0, "fulfilment_type": 2, "address_id": null}]}], "current_promotion_has_reserve_stock": true, "normal_stock": 23, "extinfo": {"tier_index": [0], "group_buy_info": null, "is_pre_order": false, "estimated_days": 2}, "price_before_discount": 1599900000000, "modelid": 50443105068, "stock": 5, "has_gimmick_tag": false}], "spl_info": {"installment_info": null, "user_credit_info": null, "channel_id": null, "show_spl": false, "show_spl_lite": false}, "preview_info": null, "fe_categories": [{"catid": 11036971, "display_name": "Home Appliances", "no_sub": false, "is_default_subcat": false}, {"catid": 11111620, "display_name": "Electric Cookers", "no_sub": false, "is_default_subcat": false}, {"catid": 11111624, "display_name": "Cooker", "no_sub": true, "is_default_subcat": false}], "presale_info": null, "is_cc_installment_payment_eligible": true, "is_non_cc_installment_payment_eligible": false, "flash_sale": {"flash_sale_type": 2, "extra_discount_info": null, "promotionid": 2037568509, "start_time": 1643778000, "end_time": 1643810400, "promo_images": ["12e19287ed43db01255f3155f4cc64c3"], "price": 949900000000, "flash_sale_stock": 5, "stock": 5, "hidden_price_display": null, "promo_overlay_image": null, "price_before_discount": 1599900000000}, "upcoming_flash_sale": null, "deep_discount": null, "has_low_fulfillment_rate": false, "is_partial_fulfilled": true, "makeups": null, "shop_vouchers": null, "global_sold": null, "is_infant_milk_formula_product": false, "should_show_amp_tag": false}