{"itemid": 7845612447, "shopid": 189615586, "userid": 0, "price_max_before_discount": 1299900000000, "has_lowest_price_guarantee": true, "price_before_discount": 1299900000000, "price_min_before_discount": 1299900000000, "exclusive_price_info": null, "hidden_price_display": null, "price_min": 899900000000, "price_max": 899900000000, "price": 899900000000, "stock": 27, "discount": "31%", "historical_sold": 164, "sold": 4, "show_discount": 31, "raw_discount": 31, "min_purchase_limit": 0, "overall_purchase_limit": {"order_max_purchase_limit": 0, "overall_purchase_limit": null, "item_overall_quota": null, "start_date": null, "end_date": null}, "pack_size": null, "is_live_streaming_price": null, "name": "[Mi\u1ec5n ph\u00ed l\u1eafp \u0111\u1eb7t HCM HN] B\u1ebfp \u00c2m T\u1eeb \u0110\u00f4i Bluestone ICB-6835 (5200W)", "ctime": 1596872833, "item_status": "normal", "status": 1, "condition": 1, "catid": 100010, "description": "MI\u1ec4N PH\u00cd  L\u1eaeP \u0110\u1eb6T HN & HCM\nSau khi nh\u1eadn h\u00e0ng, Qu\u00fd kh\u00e1ch vui l\u00f2ng g\u1ecdi T\u1ed5ng \u0111\u00e0i h\u1ed7 tr\u1ee3 kh\u00e1ch h\u00e0ng: 1800.54.54.94\n\u0110\u1ec3 \u0111\u01b0\u1ee3c h\u1ed7 tr\u1ee3 \u0111\u1eb7t l\u1ecbch l\u1eafp \u0111\u1eb7t mi\u1ec5n ph\u00ed nh\u00e9.\n--------------------\n\n\u0110\u1eb6C \u0110I\u1ec2M N\u1ed4I B\u1eacT\n- C\u00f4ng su\u1ea5t m\u1ea1nh l\u00ean \u0111\u1ebfn 5200W\n- 9 m\u1ee9c \u0111i\u1ec1u ch\u1ec9nh c\u00f4ng su\u1ea5t\n- M\u1eb7t k\u00ednh Schott Ceran ch\u1ecbu nhi\u1ec7t v\u00e0 ch\u1ecbu l\u1ef1c cao\n- C\u00f4ng ngh\u1ec7 Booster t\u0103ng c\u01b0\u1eddng nhi\u1ec7t l\u01b0\u1ee3ng\n- Ch\u1ee9c n\u0103ng kh\u00f3a tr\u1ebb em v\u00e0 t\u1ef1 \u0111\u1ed9ng ng\u1eaft \u0111i\u1ec7n khi qu\u00e1 nhi\u1ec7t\nCHI TI\u1ebeT T\u00cdNH N\u0102NG\n+Thi\u1ebft k\u1ebf sang tr\u1ecdng\nB\u1ebfp \u00c2m T\u1eeb \u0110\u00f4i Bluestone ICB-6835 c\u00f3 thi\u1ebft k\u1ebf nh\u1ecf g\u1ecdn, m\u00e0u s\u1eafc thanh l\u1ecbch mang l\u1ea1i c\u1ea3m gi\u00e1c sang tr\u1ecdng cho c\u0103n b\u1ebfp nah2 b\u1ea1n. B\u1ebfp \u0111\u01b0\u1ee3c trang b\u1ecb 2 v\u00f9ng n\u1ea5u t\u1eeb gi\u00fap gia nhi\u1ec7t nhanh cho m\u00f3n \u0103n \u0111\u1ec3 m\u00f3n \u0103n l\u01b0u gi\u1eef \u0111\u01b0\u1ee3c h\u01b0\u01a1ng v\u1ecb \u0111\u1ed9c \u0111\u00e1o, kh\u00f4ng ch\u1ec9 gi\u00fap n\u1ea5u \u0103n nhanh h\u01a1n m\u00e0 c\u00f2n ti\u1ebft ki\u1ec7m th\u1eddi gian trong b\u1ebfp nhi\u1ec1u h\u01a1n.\n\n+M\u1eb7t k\u00ednh Schott Ceran ch\u1ecbu nhi\u1ec7t\nM\u1eb7t b\u1ebfp \u0111\u01b0\u1ee3c l\u00e0m t\u1eeb k\u00ednh Schott Ceran v\u00f4 c\u00f9ng b\u1ec1n, v\u00f4 c\u00f9ng \u0111\u1eb9p c\u00f3 kh\u1ea3 n\u0103ng ch\u1ed1ng s\u1ed1c nhi\u1ec7t t\u1ed1t. B\u1ec1 m\u1eb7t b\u1ebfp k\u00ednh Schott Ceran c\u00f3 kh\u1ea3 n\u0103ng ch\u1ecbu nhi\u1ec7t \u0111\u1ea1t \u0111\u1ebfn 800 \u2013 1000 \u0111\u1ed9 C, ch\u1ecbu n\u1eb7ng \u0111\u1ea1t t\u1edbi 20kg, d\u1eabn nhi\u1ec7t v\u00e0 t\u00e1n nhi\u1ec7t t\u1ed1t. Kh\u00f4ng nh\u1eefng th\u1ebf m\u1eb7t k\u00ednh n\u00e0y c\u00f3 c\u1ea5u t\u1ea1o \u0111\u1eb7c bi\u1ec7t, kh\u00f4ng ch\u1ee9a c\u00e1c kim lo\u1ea1i n\u1eb7ng, th\u00e2n thi\u1ec7n v\u1edbi m\u00f4i tr\u01b0\u1eddng, b\u1ec1n \u0111\u1eb9p.\n\n+C\u00f4ng su\u1ea5t 5200W v\u1edbi 9 m\u1ee9c \u0111i\u1ec1u ch\u1ec9nh\nB\u1ebfp \u00c2m T\u1eeb \u0110\u00f4i Bluestone ICB-6835 s\u1edf h\u1eefu c\u00f4ng su\u1ea5t l\u00ean \u0111\u1ebfn 5200W m\u1ea1nh m\u1ebd gi\u00fap cho c\u00e1c m\u00f3n \u0103n c\u00f3 th\u1ec3 \u0111\u01b0\u1ee3c n\u1ea5u ch\u00edn m\u1ed9t c\u00e1ch nhanh ch\u00f3ng. V\u1edbi nhi\u1ec1u m\u1ee9c \u0111\u1ed9 nhi\u1ec7t kh\u00e1c nhau gi\u00fap cho vi\u1ec7c chi\u00ean, x\u00e0o, n\u1ea5u l\u1ea9u, h\u1ea7m th\u1ee9c \u0103n,\u2026 tr\u1edf n\u00ean d\u1ec5 d\u00e0ng h\u01a1n bao gi\u1edd h\u1ebft.\n\n+C\u00f4ng ngh\u1ec7 Booster t\u0103ng c\u01b0\u1eddng nhi\u1ec7t l\u01b0\u1ee3ng\n\u0110i\u1ec3m \u0111\u1ed9c \u0111\u00e1o c\u1ee7a chi\u1ebfc b\u1ebfp Bluestone ICB-6835 l\u00e0 \u0111i k\u00e8m kh\u1ea3 n\u0103ng Booster \u01b0u vi\u1ec7t, gi\u00fap t\u0103ng nhanh c\u00f4ng su\u1ea5t, t\u0103ng c\u01b0\u1eddng nhi\u1ec7t l\u01b0\u1ee3ng v\u00e0 ti\u1ebft ki\u1ec7m th\u1eddi gian n\u1ea5u. B\u1ebfp c\u00f3 kh\u1ea3 n\u0103ng n\u1ea5u s\u00f4i 2L n\u01b0\u1edbc t\u1eeb 20\u00baC \u2013 95\u00baC ch\u01b0a m\u1ea5t 5 ph\u00fat.\n\n+B\u1ea3ng \u0111i\u1ec1u khi\u1ec3n c\u1ea3m \u1ee9ng\nB\u1ea3ng \u0111i\u1ec1u khi\u1ec3n c\u1ea3m \u1ee9ng nh\u1ea1y b\u00e9n, thi\u1ebft k\u1ebf ti\u1ec7n d\u1ee5ng ri\u00eang bi\u1ec7t cho t\u1eebng v\u00f9ng n\u1ea5u, hi\u1ec3n th\u1ecb \u0111\u1ea7y \u0111\u1ee7 th\u00f4ng tin. B\u00ean c\u1ea1nh \u0111\u00f3, b\u1ebfp v\u1edbi \u0111a d\u1ea1ng c\u00e1c ki\u1ec3u n\u1ea5u n\u01b0\u1edbng nh\u01b0 n\u1ea5u, r\u00e1n, \u0111un, h\u1ea7m, kho\u2026 gi\u00fap ch\u1ecb em ph\u1ee5 n\u1eef m\u1eb7c s\u1ee9c l\u1ef1a ch\u1ecdn \u0111\u1ec3 ph\u00f9 h\u1ee3p m\u1ecdi th\u1ef1c ph\u1ea9m ri\u00eang l\u1ebb.\n\n+Kh\u00f3a an to\u00e0n tr\u1ebb em\nB\u1ebfp \u0111\u00f4i \u0111i\u1ec7n t\u1eeb BlueStone ICB-6835 \u0111\u1ea1t m\u1ecdi ti\u00eau chu\u1ea9n \u0111i v\u1edbi ki\u1ec3m \u0111\u1ecbnh v\u00e0 mang th\u1eeba nh\u1eadn QC, CE, CB an to\u00e0n c\u1ee7a Ch\u00e2u \u00c2u. B\u1ebfp c\u00f3 ch\u1ebf \u0111\u1ed9 kh\u00f3a \u0111\u1ea3m b\u1ea3o an to\u00e0n Child Lock ng\u0103n c\u00e1c b\u00e9 ngh\u1ecbch b\u1ebfp khi ng\u01b0\u1eddi l\u1edbn kh\u00f4ng \u0111\u1ec3 \u00fd v\u00e0 ch\u1ee9c n\u0103ng t\u1ef1 \u0111\u1ed9ng ng\u1eaft b\u1ebfp khi kh\u00f4ng s\u1eed d\u1ee5ng.\n\n+Ch\u1ebf \u0111\u1ed9 h\u1eb9n gi\u1edd\nBlueStone ICB-6835 \u0111\u01b0\u1ee3c trang b\u1ecb ch\u1ebf \u0111\u1ed9 c\u00e0i \u0111\u1eb7t th\u1eddi gian, c\u00f9ng v\u1edbi b\u1ed9 \u0111\u1ecbnh gi\u1edd m\u1ecdi b\u1ebfp, kh\u00f4ng m\u1ea5t c\u00f4ng tr\u00f4ng ch\u1eebng b\u1ebfp gi\u00fap b\u1ea1n c\u00f3 th\u1ec3 l\u00e0m nhi\u1ec1u c\u00f4ng vi\u1ec7c kh\u00e1c trong khi n\u1ea5u \u0103n.\n\nTH\u00d4NG TIN TH\u01af\u01a0NG HI\u1ec6U\n\nTh\u01b0\u01a1ng hi\u1ec7u BlueStone thu\u1ed9c quy\u1ec1n s\u1edf h\u1eefu c\u1ee7a c\u00f4ng ty LASSEN INNOVATION PTE.LTD t\u1ea1i Singapore.\nC\u00e1c s\u1ea3n ph\u1ea9m v\u00e0 linh ki\u1ec7n BlueStone \u0111\u01b0\u1ee3c s\u1ea3n xu\u1ea5t d\u1ef1a tr\u00ean quy \u0111\u1ecbnh chuy\u00ean nghi\u1ec7p theo ti\u00eau chu\u1ea9n Ch\u00e2u \u00c2u CE (The European Conformity), ti\u00eau chu\u1ea9n RoHS (Restriction of Hazardous Substances), ti\u00eau chu\u1ea9n c\u1ee7a \u0110\u1ee9c GS (Geprufte Sicherhit), ti\u00eau chu\u1ea9n CB v\u1ec1 ch\u1ea5t l\u01b0\u1ee3ng v\u00e0 an to\u00e0n s\u1ea3n ph\u1ea9m.\nBluestone mang \u0111\u1ebfn gi\u1ea3i ph\u00e1p ch\u0103m s\u00f3c gia \u0111\u00ecnh ho\u00e0n h\u1ea3o th\u00f4ng qua vi\u1ec7c cung c\u1ea5p s\u1ea3n ph\u1ea9m \u0111a d\u1ea1ng v\u1edbi ch\u1ea5t l\u01b0\u1ee3ng cao, c\u00f4ng ngh\u1ec7 hi\u1ec7n \u0111\u1ea1i c\u00f9ng d\u1ecbch v\u1ee5 t\u1ed1t.\nB\u00ean c\u1ea1nh t\u1eadp trung v\u00e0o ch\u1ea5t l\u01b0\u1ee3ng s\u1ea3n ph\u1ea9m, BlueStone \u0111\u00e3 \u0111\u1ea7u t\u01b0 nghi\u00ean c\u1ee9u v\u00e0 cho ra m\u1eaft nh\u1eefng s\u1ea3n ph\u1ea9m mang phong c\u00e1ch thi\u1ebft k\u1ebf trang nh\u00e3 v\u00e0 tinh t\u1ebf. V\u1edbi \u00fd t\u01b0\u1edfng thi\u1ebft k\u1ebf hoa v\u0103n l\u00ean b\u1ec1 m\u1eb7t c\u00e1c s\u1ea3n ph\u1ea9m nh\u01b0 b\u1ebfp t\u1eeb, \u1ea5m \u0111un si\u00eau t\u1ed1c, m\u00e1y xay sinh t\u1ed1 hay m\u00e1y l\u00e0m s\u1eefa \u0111\u1eadu n\u00e0nh,... BlueStone \u0111\u00e3 khi\u1ebfn c\u00e1c v\u1eadt d\u1ee5ng v\u00f4 tri v\u00f4 gi\u00e1c tr\u1edf n\u00ean m\u1ec1m m\u1ea1i, tinh t\u1ebf v\u00e0 n\u1eef t\u00ednh h\u01a1n, ph\u00f9 h\u1ee3p v\u1edbi gu th\u1ea9m m\u1ef9 c\u1ee7a nh\u1eefng kh\u00e1ch h\u00e0ng hi\u1ec7n \u0111\u1ea1i, c\u0169ng \u0111\u1ed3ng th\u1eddi t\u1ea1o n\u00ean s\u1ef1 kh\u00e1c bi\u1ec7t v\u00e0 \u0111\u1eb3ng c\u1ea5p cho th\u01b0\u01a1ng hi\u1ec7u.\n\nH\u01b0\u1edbng d\u1eabn k\u00edch ho\u1ea1t B\u1ea3o H\u00e0nh \u0110i\u1ec7n T\u1eed:\n- C\u00e1ch 1: So\u1ea1n tin: TARA<kho\u1ea3ng c\u00e1ch>S\u1ed1 Seri m\u00e1y<kho\u1ea3ng c\u00e1ch>H\u1ecd v\u00e0 t\u00ean kh\u00e1ch h\u00e0ng vi\u1ebft kh\u00f4ng d\u1ea5u g\u1eedi v\u1ec1 T\u1ed5ng \u0111\u00e0i 6089\n- C\u00e1ch 2: T\u1ea3i \u1ee9ng d\u1ee5ng BlueStone Care tr\u00ean AppStore/Google Play  \u0111\u1ec3 \u0111\u0103ng k\u00fd v\u00e0 ki\u1ec3m tra b\u1ea3o h\u00e0nh tr\u00ean \u1ee9ng d\u1ee5ng.\nTi\u1ebfp nh\u1eadn b\u1ea3o h\u00e0nh s\u1ea3n ph\u1ea9m: t\u1ea1i c\u00e1c Tr\u1ea1m b\u1ea3o h\u00e0nh \u1ee7y quy\u1ec1n BlueStone tr\u00ean to\u00e0n qu\u1ed1c, danh s\u00e1ch ni\u00eam y\u1ebft tr\u00ean Website\nT\u1ed5ng \u0111\u00e0i h\u1ed7 tr\u1ee3 kh\u00e1ch h\u00e0ng: 1800.54.54.94\nTi\u1ebfp nh\u1eadn th\u00f4ng tin qua Email: 1800545494@tara.com.vn\n", "is_mart": false, "show_shopee_verified_label": false, "size_chart": null, "reference_item_id": "", "brand": "BlueStone", "item_rating": {"rating_star": 4.797101449275362, "rating_count": [69, 1, 0, 4, 2, 62]}, "label_ids": [1003974, 1000476, 1000182, 1000753, 1001051, 1001070, 1001086, 1000959, 1000975, 1001011, 1001018, 1001022, 1001033, 1001040, 1000260, 1000258, 1000262, 1000259, 1000256, 1000255, 1000254, 1000257, 1000264, 1000266, 1000267, 1000270, 1000268, 1000269, 1000274, 1000272, 1000271, 1000273, 1000275, 1000278, 1000276, 1000277, 44, 1000660, 1000696, 1000710, 1000716, 1000746, 1000747, 1000748, 1000749, 1000758, 1000775, 1000779, 1000790, 1000797, 1000805, 1000279, 1000339, 1000333, 1000356, 1000353, 1000378, 1000383, 1000815, 1000844, 1000867, 1000477, 1000911, 1000931, 1000937, 1000938, 1000946, 1000948, 1000141, 1000263, 1000265, 1001352, 1000355, 1000643, 1000743, 1000956, 1000957, 1000984, 1001035, 1001396, 1001398, 1001399, 1001412, 1001418, 1001509, 1001549, 1001597, 1001613, 1001711, 1001748, 1001791, 1001827, 1001946, 1001948, 1001975, 1001978, 1002113, 1002120, 1002172, 1002190, 1002263, 1002283, 1002289, 1002291, 1002373, 1002409, 1002422, 1002424, 1002480, 1002501, 1002556, 1002579, 1002587, 1002639, 1002695, 1002696, 1002697, 1002727, 1002756, 1002768, 1002770, 1002772, 1002789, 1002822, 1002898, 1002945, 1002962, 1002965, 1002966, 1002990, 1002993, 1002997, 1002998, 1003118, 1003117, 1003133, 1003209, 1003258, 1003259, 1003280, 1003322, 1003323, 1003362, 1003443, 1003448, 1003449, 1003464, 1003467, 1003532, 1003709, 1003750, 1003751, 1003777, 1000121, 1003834, 1003866, 1003868, 1003928, 1004130, 1004149, 1004168, 1004169, 1004211, 1004213, 1004220, 1004265, 1004292, 1004341, 1004358, 1004360, 1004412, 1004413, 1004420, 1004423, 1004471, 1004530, 1004488, 1004672, 1004687, 1004689, 1004764, 1004774, 1004865, 1004870, 1004879, 1004894, 1004927, 1005000, 1005033, 1005061, 1005113, 1005144, 1005147, 1005163, 1005263, 1005330, 1005521, 1005544, 1005759, 1005844, 1006159, 1006168, 1006199, 1006306, 1006352, 1006435, 1006448, 1006480, 1006624, 1006625, 1006805, 1007082, 1007113, 1007155, 1007286, 1007328, 1007394, 1007516, 1007521, 1007546, 1007525, 1007589, 1007631, 1007765, 1007768, 1007773, 1006856, 1007908, 1007975, 1008223, 1008283, 1008290, 1008313, 1008358, 1008515, 1008529, 1008632, 1008837, 1008862, 1008793, 1008941, 1009039, 1009058, 1009063, 1009064, 1009113, 1009190, 1009198, 1009202, 1009226, 1009374, 1009377, 1009427, 1009456, 1009522, 1009525, 1009763, 1009931, 1010033, 1010111, 1010210, 1010310, 1010449, 1010452, 1010666, 1010668, 1010797, 1010881, 1011155, 1011293, 1011470, 1011654, 1011685, 1011843, 1011909, 1012191, 1012192, 1012514, 1000836, 1000881, 1000905, 1000973, 1001545, 1001044, 58, 1001943, 1001950, 1001965, 1002087, 1002088, 1002104, 1002223, 1002246, 1002248, 1002256, 1002262, 1002698, 1002932, 1003125, 1003165, 1003170, 1003233, 1003307, 1003321, 1003428, 1003695, 1003698, 1003744, 1004146, 1004349, 1004432, 1004542, 1004709, 1004487, 1005114, 1005269, 1005342, 1005460, 1005496, 1005816, 1006037, 1006129, 1006454, 1006569, 1006641, 1006660, 1006825, 1007182, 1007414, 1007696, 1007861, 1008562, 1008842, 1009757, 1010348, 1010425, 1010506, 1010507, 1010550, 1011193, 1011317, 1011387, 1011440, 1011627, 1011629, 1012011, 1009370, 1012405, 1012458, 1012627, 1000990], "attributes": [{"name": "H\u1ea1n b\u1ea3o h\u00e0nh", "value": "24 th\u00e1ng", "id": 100121, "is_timestamp": false, "brand_option": null, "val_id": null}, {"name": "Lo\u1ea1i b\u1ebfp", "value": "\u0111i\u1ec7n/c\u1ea3m \u1ee9ng t\u1eeb/h\u1ed3ng ngo\u1ea1i", "id": 100300, "is_timestamp": false, "brand_option": null, "val_id": null}, {"name": "T\u00ednh n\u0103ng b\u1ebfp c\u1ea3m \u1ee9ng t\u1eeb", "value": "Kh\u00f3a an to\u00e0n, \u0111i\u1ec1u ch\u1ec9nh k\u1ef9 thu\u1eadt s\u1ed1, D\u1ec5 d\u00e0ng v\u1ec7 sinh, T\u00ednh n\u0103ng b\u1ebfp c\u1ea3m \u1ee9ng t\u1eeb, \u0111i\u1ec1u ch\u1ec9nh th\u00f4ng minh", "id": 100333, "is_timestamp": false, "brand_option": null, "val_id": null}, {"name": "Ti\u00eau th\u1ee5 \u0111i\u1ec7n n\u0103ng", "value": "5200W", "id": 100355, "is_timestamp": false, "brand_option": null, "val_id": null}], "liked": false, "liked_count": 151, "cmt_count": 69, "flag": 268959746, "shopee_verified": false, "is_adult": false, "is_preferred_plus_seller": false, "tier_variations": [{"name": "", "options": [""], "images": null, "properties": null, "type": 0}], "bundle_deal_id": 0, "can_use_bundle_deal": false, "add_on_deal_info": null, "bundle_deal_info": null, "can_use_wholesale": false, "wholesale_tier_list": [], "is_group_buy_item": null, "group_buy_info": null, "welcome_package_type": 0, "welcome_package_info": null, "tax_code": null, "invoice_option": null, "complaint_policy": null, "images": ["706b395f57f5388e301a1c0a6b971032", "b9d51f695b3183d4f9637d6735615067", "0f21314c6ed10e3fa3e77dc2e7e7d5df", "a58045eaf016cd76444f1b6d617be46b", "6a83edd483e20407cdf1b37d48fda942", "3b1e43bee65d346f67a53d41de48a2a7", "1ba25b1425057e64a00179fbc3cc92ee", "82d3ae074caeafce6c49020c3c0f53e7"], "image": "706b395f57f5388e301a1c0a6b971032", "video_info_list": null, "item_type": 0, "is_official_shop": true, "show_official_shop_label_in_title": true, "shop_location": "TP. H\u1ed3 Ch\u00ed Minh", "coin_earn_label": null, "cb_option": 0, "is_pre_order": false, "estimated_days": 2, "badge_icon_type": 6, "show_free_shipping": true, "shipping_icon_type": 0, "cod_flag": 0, "is_service_by_shopee": true, "show_original_guarantee": false, "categories": [{"catid": 100010, "display_name": "Thi\u1ebft B\u1ecb \u0110i\u1ec7n Gia D\u1ee5ng", "no_sub": false, "is_default_subcat": false}, {"catid": 100041, "display_name": "\u0110\u1ed3 gia d\u1ee5ng nh\u00e0 b\u1ebfp", "no_sub": false, "is_default_subcat": false}, {"catid": 100197, "display_name": "L\u00f2 s\u01b0\u1edfi, B\u1ebfp t\u1eeb & B\u1ed9 \u0111i\u1ec1u ch\u1ec9nh gas", "no_sub": true, "is_default_subcat": false}], "other_stock": 0, "item_has_post": true, "discount_stock": 27, "current_promotion_has_reserve_stock": false, "current_promotion_reserved_stock": 0, "normal_stock": 27, "brand_id": 1071126, "is_alcohol_product": false, "show_recycling_info": false, "coin_info": {"spend_cash_unit": 100000, "coin_earn_items": [{"coin_earn": 0}]}, "models": [{"itemid": 7845612447, "status": 1, "current_promotion_reserved_stock": 0, "name": "", "promotionid": 1315555369, "price": 899900000000, "price_stocks": [{"allocated_stock": 0, "stock_breakdown_by_location": null}, {"allocated_stock": null, "stock_breakdown_by_location": [{"location_id": "VNN", "available_stock": 0, "fulfilment_type": 1, "address_id": 38200025}, {"location_id": "VNS", "available_stock": 27, "fulfilment_type": 1, "address_id": 38200027}, {"location_id": "VNZ", "available_stock": 0, "fulfilment_type": 2, "address_id": null}]}], "current_promotion_has_reserve_stock": false, "normal_stock": 27, "extinfo": {"tier_index": [0], "group_buy_info": null, "is_pre_order": false, "estimated_days": 2}, "price_before_discount": 1299900000000, "modelid": 40543306365, "stock": 27, "has_gimmick_tag": false}], "spl_info": {"installment_info": null, "user_credit_info": null, "channel_id": null, "show_spl": false, "show_spl_lite": false}, "preview_info": null, "fe_categories": [{"catid": 11036971, "display_name": "Home Appliances", "no_sub": false, "is_default_subcat": false}, {"catid": 11111620, "display_name": "Electric Cookers", "no_sub": false, "is_default_subcat": false}, {"catid": 11111624, "display_name": "Cooker", "no_sub": true, "is_default_subcat": false}], "presale_info": null, "is_cc_installment_payment_eligible": true, "is_non_cc_installment_payment_eligible": false, "flash_sale": null, "upcoming_flash_sale": null, "deep_discount": null, "has_low_fulfillment_rate": false, "is_partial_fulfilled": true, "makeups": null, "shop_vouchers": null, "global_sold": null, "is_infant_milk_formula_product": false, "should_show_amp_tag": false}