{"itemid": 8410806691, "shopid": 189615586, "userid": 0, "price_max_before_discount": 12900000000, "has_lowest_price_guarantee": false, "price_before_discount": 12900000000, "price_min_before_discount": 12900000000, "exclusive_price_info": null, "hidden_price_display": null, "price_min": 9900000000, "price_max": 9900000000, "price": 9900000000, "stock": 2, "discount": "23%", "historical_sold": 222, "sold": 48, "show_discount": 23, "raw_discount": 23, "min_purchase_limit": 0, "overall_purchase_limit": {"order_max_purchase_limit": 0, "overall_purchase_limit": null, "item_overall_quota": null, "start_date": null, "end_date": null}, "pack_size": null, "is_live_streaming_price": null, "name": "T\u00fai H\u00fat Ch\u00e2n Kh\u00f4ng Bluestone VBB-2121", "ctime": 1611052935, "item_status": "normal", "status": 1, "condition": 1, "catid": 100636, "description": "Lo\u1ea1i s\u1ea3n ph\u1ea9m: T\u00fai h\u00fat ch\u00e2n kh\u00f4ng\r\nCh\u1ea5t li\u1ec7u: Nh\u1ef1a PA/PE\r\nK\u00edch th\u01b0\u1edbc: D\u00e0i 500 cm - r\u1ed9ng 25 cm\r\nTr\u1ecdng l\u01b0\u1ee3ng: 0.2 kg\r\nT\u00fai H\u00fat Ch\u00e2n Kh\u00f4ng Bluestone VBB-2121 c\u00f3 m\u00e0u tr\u1eafng trong, r\u1ed9ng 25 cm, d\u00e0i 500 cm, bao b\u1ecdc th\u1ef1c ph\u1ea9m b\u1ea3o qu\u1ea3n ti\u1ec7n l\u1ee3i.\r\nCh\u1ea5t li\u1ec7u nh\u1ef1a PA/PE c\u00f3 \u0111\u1ed9 m\u1ec1m d\u1ebbo cao, dai, d\u1ec5 s\u1eed d\u1ee5ng.\r\nS\u1eed d\u1ee5ng b\u1ea3o qu\u1ea3n th\u1ef1c ph\u1ea9m \u1ea9m v\u00e0 kh\u00f4 \u0111\u1ec1u th\u00edch h\u1ee3p.\r\nS\u1ed1 l\u01b0\u1ee3ng: 1 cu\u1ed9n\r\n\r\nTh\u01b0\u01a1ng hi\u1ec7u BlueStone thu\u1ed9c quy\u1ec1n s\u1edf h\u1eefu c\u1ee7a c\u00f4ng ty LASSEN INNOVATION PTE.LTD t\u1ea1i Singapore.\r\nC\u00e1c s\u1ea3n ph\u1ea9m v\u00e0 linh ki\u1ec7n BlueStone \u0111\u01b0\u1ee3c s\u1ea3n xu\u1ea5t d\u1ef1a tr\u00ean quy \u0111\u1ecbnh chuy\u00ean nghi\u1ec7p theo ti\u00eau chu\u1ea9n Ch\u00e2u \u00c2u CE (The European Conformity), ti\u00eau chu\u1ea9n RoHS (Restriction of Hazardous Substances), ti\u00eau chu\u1ea9n c\u1ee7a \u0110\u1ee9c GS (Geprufte Sicherhit), ti\u00eau chu\u1ea9n CB v\u1ec1 ch\u1ea5t l\u01b0\u1ee3ng v\u00e0 an to\u00e0n s\u1ea3n ph\u1ea9m.\r\nBluestone mang \u0111\u1ebfn gi\u1ea3i ph\u00e1p ch\u0103m s\u00f3c gia \u0111\u00ecnh ho\u00e0n h\u1ea3o th\u00f4ng qua vi\u1ec7c cung c\u1ea5p s\u1ea3n ph\u1ea9m \u0111a d\u1ea1ng v\u1edbi ch\u1ea5t l\u01b0\u1ee3ng cao, c\u00f4ng ngh\u1ec7 hi\u1ec7n \u0111\u1ea1i c\u00f9ng d\u1ecbch v\u1ee5 t\u1ed1t.\r\nB\u00ean c\u1ea1nh t\u1eadp trung v\u00e0o ch\u1ea5t l\u01b0\u1ee3ng s\u1ea3n ph\u1ea9m, BlueStone \u0111\u00e3 \u0111\u1ea7u t\u01b0 nghi\u00ean c\u1ee9u v\u00e0 cho ra m\u1eaft nh\u1eefng s\u1ea3n ph\u1ea9m mang phong c\u00e1ch thi\u1ebft k\u1ebf trang nh\u00e3 v\u00e0 tinh t\u1ebf. V\u1edbi \u00fd t\u01b0\u1edfng thi\u1ebft k\u1ebf hoa v\u0103n l\u00ean b\u1ec1 m\u1eb7t c\u00e1c s\u1ea3n ph\u1ea9m nh\u01b0 b\u1ebfp t\u1eeb, \u1ea5m \u0111un si\u00eau t\u1ed1c, m\u00e1y xay sinh t\u1ed1 hay m\u00e1y l\u00e0m s\u1eefa \u0111\u1eadu n\u00e0nh,... BlueStone \u0111\u00e3 khi\u1ebfn c\u00e1c v\u1eadt d\u1ee5ng v\u00f4 tri v\u00f4 gi\u00e1c tr\u1edf n\u00ean m\u1ec1m m\u1ea1i, tinh t\u1ebf v\u00e0 n\u1eef t\u00ednh h\u01a1n, ph\u00f9 h\u1ee3p v\u1edbi gu th\u1ea9m m\u1ef9 c\u1ee7a nh\u1eefng kh\u00e1ch h\u00e0ng hi\u1ec7n \u0111\u1ea1i, c\u0169ng \u0111\u1ed3ng th\u1eddi t\u1ea1o n\u00ean s\u1ef1 kh\u00e1c bi\u1ec7t v\u00e0 \u0111\u1eb3ng c\u1ea5p cho th\u01b0\u01a1ng hi\u1ec7u.\r\n\r\nH\u01b0\u1edbng d\u1eabn k\u00edch ho\u1ea1t B\u1ea3o H\u00e0nh \u0110i\u1ec7n T\u1eed:\r\n- C\u00e1ch 1: So\u1ea1n tin: TARA<kho\u1ea3ng c\u00e1ch>S\u1ed1 Seri m\u00e1y<kho\u1ea3ng c\u00e1ch>H\u1ecd v\u00e0 t\u00ean kh\u00e1ch h\u00e0ng vi\u1ebft kh\u00f4ng d\u1ea5u g\u1eedi v\u1ec1 T\u1ed5ng \u0111\u00e0i 6089\r\n- C\u00e1ch 2: T\u1ea3i \u1ee9ng d\u1ee5ng BlueStone Care tr\u00ean AppStore/Google Play  \u0111\u1ec3 \u0111\u0103ng k\u00fd v\u00e0 ki\u1ec3m tra b\u1ea3o h\u00e0nh tr\u00ean \u1ee9ng d\u1ee5ng.\r\nTi\u1ebfp nh\u1eadn b\u1ea3o h\u00e0nh s\u1ea3n ph\u1ea9m: t\u1ea1i c\u00e1c Tr\u1ea1m b\u1ea3o h\u00e0nh \u1ee7y quy\u1ec1n BlueStone tr\u00ean to\u00e0n qu\u1ed1c, danh s\u00e1ch ni\u00eam y\u1ebft tr\u00ean Website\r\nT\u1ed5ng \u0111\u00e0i h\u1ed7 tr\u1ee3 kh\u00e1ch h\u00e0ng: 1800.54.54.94\r\nTi\u1ebfp nh\u1eadn th\u00f4ng tin qua Email: 1800545494@tara.com.vn", "is_mart": false, "show_shopee_verified_label": false, "size_chart": null, "reference_item_id": "", "brand": "BlueStone", "item_rating": {"rating_star": 4.8, "rating_count": [45, 1, 0, 1, 3, 40]}, "label_ids": [1003974, 1000476, 1000182, 1000753, 1001051, 1001070, 1001086, 1000959, 1000975, 1001011, 1001018, 1001022, 1001033, 1001040, 1000260, 1000258, 1000262, 1000259, 1000256, 1000255, 1000254, 1000257, 1000264, 1000266, 1000267, 1000270, 1000268, 1000269, 1000274, 1000272, 1000271, 1000273, 1000275, 1000278, 1000276, 1000277, 44, 1000660, 1000696, 1000710, 1000716, 1000746, 1000747, 1000748, 1000749, 1000758, 1000775, 1000779, 1000790, 1000797, 1000805, 1000279, 1000339, 1000333, 1000356, 1000353, 1000378, 1000383, 1000815, 1000844, 1000867, 1000477, 1000911, 1000931, 1000937, 1000938, 1000946, 1000948, 1000141, 1000263, 1000265, 1001352, 1000355, 1000643, 1000743, 1000956, 1000957, 1000984, 1001035, 1001396, 1001398, 1001399, 1001412, 1001418, 1001509, 1001549, 1001597, 1001613, 1001711, 1001748, 1001791, 1001827, 1001946, 1001948, 1001975, 1001978, 1002113, 1002120, 1002172, 1002190, 1002263, 1002283, 1002289, 1002291, 1002373, 1002409, 1002422, 1002424, 1002480, 1002501, 1002556, 1002579, 1002587, 1002639, 1002695, 1002696, 1002697, 1002727, 1002756, 1002768, 1002770, 1002772, 1002789, 1002822, 1002898, 1002945, 1002962, 1002965, 1002966, 1002990, 1002993, 1002997, 1002998, 1003118, 1003117, 1003133, 1003209, 1003258, 1003259, 1003280, 1003322, 1003323, 1003362, 1003443, 1003448, 1003449, 1003464, 1003467, 1003532, 1003709, 1003750, 1003751, 1003777, 1000121, 1003834, 1003866, 1003868, 1003928, 1004130, 1004149, 1004168, 1004169, 1004211, 1004213, 1004220, 1004265, 1004292, 1004341, 1004358, 1004360, 1004412, 1004413, 1004420, 1004423, 1004471, 1004530, 1004488, 1004672, 1004687, 1004689, 1004764, 1004774, 1004865, 1004870, 1004879, 1004894, 1004927, 1005000, 1005033, 1005061, 1005113, 1005144, 1005147, 1005163, 1005263, 1005330, 1005521, 1005544, 1005759, 1005844, 1006159, 1006168, 1006199, 1006306, 1006352, 1006435, 1006448, 1006480, 1006624, 1006625, 1006805, 1007082, 1007113, 1007155, 1007286, 1007328, 1007394, 1007516, 1007521, 1007546, 1007525, 1007589, 1007631, 1007765, 1007768, 1007773, 1006856, 1007908, 1007975, 1008223, 1008283, 1008290, 1008313, 1008358, 1008515, 1008529, 1008632, 1008837, 1008862, 1008793, 1008941, 1009039, 1009058, 1009063, 1009064, 1009113, 1009190, 1009198, 1009202, 1009226, 1009374, 1009377, 1009427, 1009456, 1009522, 1009525, 1009763, 1009931, 1010033, 1010111, 1010210, 1010310, 1010449, 1010452, 1010666, 1010668, 1010797, 1010881, 1011155, 1011293, 1011470, 1011654, 1011685, 1011843, 1011909, 1012191, 1012192, 1012514, 1003744, 1004432, 1000531, 1004709, 1003794, 1005269, 1006641, 1006660, 1001044, 1007414, 1008542, 1008842, 1009167, 1009687, 1009757, 1010319, 1010348, 1010425, 1010550, 1011193, 1011294, 1011317, 1011378, 1011387, 1011440, 1011627, 1011629, 1012011, 1012458, 1012107, 1012539, 1012627, 1000990], "attributes": null, "liked": false, "liked_count": 52, "cmt_count": 45, "flag": 268435458, "shopee_verified": false, "is_adult": false, "is_preferred_plus_seller": false, "tier_variations": [{"name": "", "options": [""], "images": null, "properties": null, "type": 0}], "bundle_deal_id": 0, "can_use_bundle_deal": false, "add_on_deal_info": null, "bundle_deal_info": null, "can_use_wholesale": false, "wholesale_tier_list": [], "is_group_buy_item": null, "group_buy_info": null, "welcome_package_type": 0, "welcome_package_info": null, "tax_code": null, "invoice_option": null, "complaint_policy": null, "images": ["640500f50e90ca7c64e4228d960df96f", "6e37a95793bbcf82527230513f324e56", "6ad2d12ac3ff1809ad121985b5b404b4", "0af1838ed0b95f378ff4e23d0d4dea33", "78b685c0fdfa2e0f0ff1ac0eb5ff00e2"], "image": "640500f50e90ca7c64e4228d960df96f", "video_info_list": null, "item_type": 0, "is_official_shop": true, "show_official_shop_label_in_title": true, "shop_location": "H\u00e0 N\u1ed9i", "coin_earn_label": null, "cb_option": 0, "is_pre_order": false, "estimated_days": 2, "badge_icon_type": 6, "show_free_shipping": true, "shipping_icon_type": 0, "cod_flag": 0, "is_service_by_shopee": true, "show_original_guarantee": false, "categories": [{"catid": 100636, "display_name": "Nh\u00e0 c\u1eeda & \u0110\u1eddi s\u1ed1ng", "no_sub": false, "is_default_subcat": false}, {"catid": 100717, "display_name": "D\u1ee5ng c\u1ee5 nh\u00e0 b\u1ebfp", "no_sub": false, "is_default_subcat": false}, {"catid": 101235, "display_name": "D\u1ee5ng c\u1ee5 h\u00fat ch\u00e2n kh\u00f4ng", "no_sub": true, "is_default_subcat": false}], "other_stock": 0, "item_has_post": true, "discount_stock": 2, "current_promotion_has_reserve_stock": false, "current_promotion_reserved_stock": 0, "normal_stock": 2, "brand_id": 1071126, "is_alcohol_product": false, "show_recycling_info": false, "coin_info": {"spend_cash_unit": 100000, "coin_earn_items": [{"coin_earn": 0}]}, "models": [{"itemid": 8410806691, "status": 1, "current_promotion_reserved_stock": 0, "name": "", "promotionid": 1315555369, "price": 9900000000, "price_stocks": [{"allocated_stock": 0, "stock_breakdown_by_location": null}, {"allocated_stock": null, "stock_breakdown_by_location": [{"location_id": "VNW", "available_stock": 0, "fulfilment_type": 1, "address_id": 38200026}, {"location_id": "VNN", "available_stock": 2, "fulfilment_type": 1, "address_id": 38200025}, {"location_id": "VNS", "available_stock": 0, "fulfilment_type": 1, "address_id": 38200027}, {"location_id": "VNZ", "available_stock": 0, "fulfilment_type": 2, "address_id": null}]}], "current_promotion_has_reserve_stock": false, "normal_stock": 2, "extinfo": {"tier_index": [0], "group_buy_info": null, "is_pre_order": false, "estimated_days": 2}, "price_before_discount": 12900000000, "modelid": 90760199095, "stock": 2, "has_gimmick_tag": false}], "spl_info": {"installment_info": null, "user_credit_info": null, "channel_id": null, "show_spl": false, "show_spl_lite": false}, "preview_info": null, "fe_categories": [{"catid": 11036670, "display_name": "Home & Living", "no_sub": false, "is_default_subcat": false}, {"catid": 11036748, "display_name": "Kitchenware and food storage", "no_sub": false, "is_default_subcat": false}, {"catid": 11111708, "display_name": "Kitchen accessories and utensils", "no_sub": true, "is_default_subcat": false}], "presale_info": null, "is_cc_installment_payment_eligible": false, "is_non_cc_installment_payment_eligible": false, "flash_sale": null, "upcoming_flash_sale": null, "deep_discount": null, "has_low_fulfillment_rate": false, "is_partial_fulfilled": true, "makeups": null, "shop_vouchers": null, "global_sold": null, "is_infant_milk_formula_product": false, "should_show_amp_tag": false}