{"itemid": 3409997959, "shopid": 199647190, "userid": 0, "price_max_before_discount": -1, "has_lowest_price_guarantee": false, "price_before_discount": 0, "price_min_before_discount": -1, "exclusive_price_info": null, "hidden_price_display": null, "price_min": 830000000000, "price_max": 830000000000, "price": 830000000000, "stock": 100, "discount": null, "historical_sold": 0, "sold": 0, "show_discount": 0, "raw_discount": 0, "min_purchase_limit": 0, "overall_purchase_limit": {"order_max_purchase_limit": 0, "overall_purchase_limit": null, "item_overall_quota": null, "start_date": null, "end_date": null}, "pack_size": null, "is_live_streaming_price": null, "name": "M\u00e1y L\u1ecdc N\u01b0\u1edbc A. O. Smith M2", "ctime": 1575447517, "item_status": "normal", "status": 1, "condition": 1, "catid": 100010, "description": "C\u00f4ng ngh\u1ec7 m\u00e0ng l\u1ecdc RO \u2013 Side Stream, gi\u00fap t\u0103ng th\u00eam 66% l\u01b0\u1ee3ng n\u01b0\u1edbc tinh khi\u1ebft, gi\u1ea3m 56% l\u01b0\u1ee3ng n\u01b0\u1edbc th\u1ea3i, k\u00e9o d\u00e0i tu\u1ed5i th\u1ecd m\u00e0ng l\u1ecdc trung b\u00ecnh h\u01a1n 1,5 l\u1ea7n\r\n\r\nL\u00f5i l\u1ecdc RO \u2013 Side Stream b\u1ea3n quy\u1ec1n M\u1ef9 c\u00f3 tu\u1ed5i th\u1ecd l\u00ean t\u1edbi 3 n\u0103m\r\n\r\nB\u01a1m n\u01b0\u1edbc m\u1ea1nh m\u1ebd v\u1edbi l\u01b0u l\u01b0\u1ee3ng n\u01b0\u1edbc g\u1ea5p 5 l\u1ea7n so v\u1edbi c\u00e1c b\u01a1m n\u01b0\u1edbc th\u00f4ng th\u01b0\u1eddng mang l\u1ea1i kh\u1ea3 n\u0103ng v\u1eadn h\u00e0nh b\u1ec1n b\u1ec9 v\u00e0 \u1ed5n \u0111\u1ecbnh h\u01a1n\r\n\r\nV\u00f2i n\u01b0\u1edbc sang tr\u1ecdng ch\u1ea5t li\u1ec7u cao c\u1ea5p \u0111\u1ea1t chu\u1ea9n ti\u00eau d\u00f9ng th\u1ef1c ph\u1ea9m c\u1ea5p \u0111\u1ed9 1\r\n\r\nVan bi\u1ebfn thi\u00ean: T\u00f9y bi\u1ebfn van x\u1ea3 th\u1ea3i t\u00f9y theo \u0111i\u1ec1u ki\u1ec7n n\u01b0\u1edbc \u0111\u1ea7u v\u00e0o, gi\u00fap k\u00e9o d\u00e0i tu\u1ed5i th\u1ecd l\u00f5i l\u1ecdc\r\n\r\nTh\u00f4ng s\u1ed1 k\u1ef9 thu\u1eadt\r\nCh\u1ee9c n\u0103ng: N\u01b0\u1edbc th\u01b0\u1eddng\r\n\u0110i\u1ec7n \u00e1p \u0111\u1ea7u v\u00e0o: AC 220V/ 50HZ\r\nC\u00f4ng su\u1ea5t (t\u1ed5ng): 25 W\r\nDung t\u00edch b\u00ecnh ch\u1ee9a n\u01b0\u1edbc th\u01b0\u1eddng: ~6 L\r\n\u00c1p su\u1ea5t n\u01b0\u1edbc c\u1ea5p ph\u00f9 h\u1ee3p: 0.1MPa ~ 0.35MPa\r\nNhi\u1ec7t \u0111\u1ed9 n\u01b0\u1edbc c\u1ea5p: 5\uff5e38\u2103\r\nCh\u1ea5t l\u01b0\u1ee3ng n\u01b0\u1edbc c\u1ea5p: N\u01b0\u1edbc m\u00e1y sinh ho\u1ea1t\r\nC\u00f4ng su\u1ea5t l\u1ecdc: 75 GPD (11.8L/h)\r\nXu\u1ea5t x\u1ee9: S\u1ea3n xu\u1ea5t t\u1ea1i nh\u00e0 m\u00e1y A. O. Smith Environmental Products Co., Ltd., Trung Qu\u1ed1c\r\n", "is_mart": false, "show_shopee_verified_label": false, "size_chart": null, "reference_item_id": "", "brand": "AOSmith", "item_rating": {"rating_star": 0, "rating_count": [0, 0, 0, 0, 0, 0]}, "label_ids": [1000959, 1000259, 1000260, 1000262, 1000258, 1000255, 1000263, 1000256, 1000254, 1000257, 1000264, 1000266, 1000268, 1000267, 1000270, 1000269, 1000271, 1000272, 1000273, 1000277, 1000278, 1000276, 1000275, 1000274, 1000696, 1000279, 1000265, 1002772, 1000742, 1002498, 1002603, 1003777, 1000121, 1000300, 1004068, 1004078, 1004212, 1004213, 1004879, 1004921, 1006306, 1006331, 1006625, 1007155, 1007190, 1007328, 1007394, 1007516, 1007546, 1007627, 1007765, 1007768, 1006856, 1007908, 1008283, 1008290, 1008313, 1008515, 1008793, 1009063, 1009427, 1009763, 1010033, 1010111, 1010449, 1010668, 1010797, 1011155, 1011654, 1012191, 1007861, 1012624], "attributes": null, "liked": false, "liked_count": 7, "cmt_count": 0, "flag": 524288, "shopee_verified": false, "is_adult": false, "is_preferred_plus_seller": false, "tier_variations": [{"name": "", "options": [""], "images": null, "properties": null, "type": 0}], "bundle_deal_id": 0, "can_use_bundle_deal": false, "add_on_deal_info": null, "bundle_deal_info": null, "can_use_wholesale": false, "wholesale_tier_list": [], "is_group_buy_item": null, "group_buy_info": null, "welcome_package_type": 0, "welcome_package_info": null, "tax_code": null, "invoice_option": null, "complaint_policy": null, "images": ["8799f424643d1c6422705825fbf52d29", "84adc1bc17bbfb4700ce088d2a4f8f72", "1f3fe5edbf34fa5b8dc501140b646966", "d7cf08bff0588a57355fe4c18a789737", "e0ba7ae7757a998148436978e0653056", "991e4e384d96fbe766b5054098ccead9"], "image": "8799f424643d1c6422705825fbf52d29", "video_info_list": null, "item_type": 0, "is_official_shop": true, "show_official_shop_label_in_title": true, "shop_location": "H\u00e0 N\u1ed9i", "coin_earn_label": null, "cb_option": 0, "is_pre_order": false, "estimated_days": 2, "badge_icon_type": 0, "show_free_shipping": false, "shipping_icon_type": 0, "cod_flag": 0, "is_service_by_shopee": false, "show_original_guarantee": false, "categories": [{"catid": 100010, "display_name": "Thi\u1ebft B\u1ecb \u0110i\u1ec7n Gia D\u1ee5ng", "no_sub": false, "is_default_subcat": false}, {"catid": 100041, "display_name": "\u0110\u1ed3 gia d\u1ee5ng nh\u00e0 b\u1ebfp", "no_sub": false, "is_default_subcat": false}, {"catid": 100190, "display_name": "M\u00e1y l\u1ecdc n\u01b0\u1edbc", "no_sub": true, "is_default_subcat": false}], "other_stock": 100, "item_has_post": false, "discount_stock": 0, "current_promotion_has_reserve_stock": false, "current_promotion_reserved_stock": 0, "normal_stock": 100, "brand_id": 1063654, "is_alcohol_product": false, "show_recycling_info": false, "coin_info": {"spend_cash_unit": 100000, "coin_earn_items": [{"coin_earn": 0}]}, "models": [{"itemid": 3409997959, "status": 1, "current_promotion_reserved_stock": 0, "name": "", "promotionid": 0, "price": 830000000000, "price_stocks": [{"allocated_stock": null, "stock_breakdown_by_location": null}], "current_promotion_has_reserve_stock": false, "normal_stock": 100, "extinfo": {"tier_index": [0], "group_buy_info": null, "is_pre_order": null, "estimated_days": 2}, "price_before_discount": 0, "modelid": 32101989726, "stock": 100, "has_gimmick_tag": false}], "spl_info": {"installment_info": null, "user_credit_info": null, "channel_id": null, "show_spl": false, "show_spl_lite": false}, "preview_info": null, "fe_categories": [{"catid": 11036971, "display_name": "Home Appliances", "no_sub": false, "is_default_subcat": false}, {"catid": 11036990, "display_name": "Large Appliance", "no_sub": false, "is_default_subcat": false}, {"catid": 11036995, "display_name": "Water Filters", "no_sub": true, "is_default_subcat": false}], "presale_info": null, "is_cc_installment_payment_eligible": true, "is_non_cc_installment_payment_eligible": false, "flash_sale": null, "upcoming_flash_sale": null, "deep_discount": null, "has_low_fulfillment_rate": false, "is_partial_fulfilled": false, "makeups": null, "shop_vouchers": null, "global_sold": null, "is_infant_milk_formula_product": false, "should_show_amp_tag": false}