{"itemid": 6791836529, "shopid": 20009052, "userid": 0, "price_max_before_discount": 385000000000, "has_lowest_price_guarantee": false, "price_before_discount": 385000000000, "price_min_before_discount": 385000000000, "exclusive_price_info": null, "hidden_price_display": null, "price_min": 238700000000, "price_max": 238700000000, "price": 238700000000, "stock": 20, "discount": "38%", "historical_sold": 0, "sold": 0, "show_discount": 38, "raw_discount": 38, "min_purchase_limit": 0, "overall_purchase_limit": {"order_max_purchase_limit": 0, "overall_purchase_limit": null, "item_overall_quota": null, "start_date": null, "end_date": null}, "pack_size": null, "is_live_streaming_price": null, "name": "[M\u00e3 BMBAU200 gi\u1ea3m 200K \u0111\u01a1n 699K] L\u00f2 Vi S\u00f3ng \u0110i\u1ec7n T\u1eed C\u00f3 N\u01b0\u1edbng Sharp R-G572VN-S", "ctime": 1623742859, "item_status": "normal", "status": 1, "condition": 1, "catid": 100010, "description": "Khoang l\u00f2 dung t\u00edch l\u1edbn, tr\u00e1ng men s\u00e1ng b\u00f3ng, d\u1ec5 ch\u00f9i r\u1eeda\nB\u00ean trong c\u00f3 \u0111\u0129a th\u1ee7y tinh xoay tr\u00f2n gi\u00fap m\u00f3n \u0103n ch\u00edn \u0111\u1ec1u, ngon. \u0110\u00e8n chi\u1ebfu s\u00e1ng gi\u00fap b\u1ea1n theo d\u00f5i m\u00f3n \u0103n thu\u1eadn ti\u1ec7n m\u00e0 kh\u00f4ng c\u1ea7n m\u1edf c\u1eeda l\u00f2 ra. \nCh\u1ee9c n\u0103ng kh\u00f3a b\u1ea3ng \u0111i\u1ec1u khi\u1ec3n\nN\u1ebfu ng\u01b0\u1eddi d\u00f9ng k\u00edch ho\u1ea1t ch\u1ee9c n\u0103ng kh\u00f3a b\u1ea3ng \u0111i\u1ec1u khi\u1ec3n, tr\u1ebb c\u00f3 t\u00e1y m\u00e1y b\u1ea5m v\u00e0o b\u00e0n ph\u00edm th\u00ec c\u0169ng kh\u00f4ng b\u1ecb th\u01b0\u01a1ng hay l\u00e0m gi\u00e1n \u0111o\u1ea1n qu\u00e1 tr\u00ecnh n\u1ea5u c\u1ee7a l\u00f2. \nTh\u00f4ng Tin Chung\nLo\u1ea1i s\u1ea3n ph\u1ea9m\tL\u00f2 Vi S\u00f3ng - N\u01b0\u1edbng K\u1ebft H\u1ee3p\nModel\tR-G572VN-S\nDung T\u00edch\tD\u01b0\u1edbi 30 L\u00edt\nDung T\u00edch Th\u1ef1c\t25 L\u00edt\nCh\u1ee9c N\u0103ng Ch\u00ednh\tN\u1ea5u / N\u01b0\u1edbng / H\u00e2m / R\u00e3 \u0111\u00f4ng.\nM\u1ee9c C\u00f4ng Su\u1ea5t\tN\u1ea5u \u0103n d\u1ec5 d\u00e0ng v\u1edbi 11 m\u1ee9c c\u00f4ng su\u1ea5t.\nCh\u1ee9c N\u0103ng H\u00e2m N\u00f3ng\tC\u00f3\nC\u00f4ng Ngh\u1ec7 Inverter (Bi\u1ebfn T\u1ea7n)\tKh\u00f4ng\nCh\u1ee9c N\u0103ng N\u01b0\u1edbng\tN\u01b0\u1edbng b\u1eb1ng \u0111\u00e8n.\nN\u1ea5u N\u01b0\u1edbng K\u1ebft H\u1ee3p\tC\u00f3\nCh\u1ee9c N\u0103ng R\u00e3 \u0110\u00f4ng\tR\u00e3 \u0111\u00f4ng theo Tr\u1ecdng l\u01b0\u1ee3ng / Th\u1eddi gian\nTh\u1ef1c \u0110\u01a1n T\u1ef1 \u0110\u1ed9ng\t8 ch\u01b0\u01a1ng tr\u00ecnh n\u1ea5u t\u1ef1 \u0111\u1ed9ng\nH\u1eb9n Gi\u1edd\tC\u00f3", "is_mart": false, "show_shopee_verified_label": false, "size_chart": null, "reference_item_id": "", "brand": "Sharp", "item_rating": {"rating_star": 0, "rating_count": [0, 0, 0, 0, 0, 0]}, "label_ids": [1003958, 1000959, 1000258, 1000262, 1000259, 1000260, 1000263, 1000255, 1000256, 1000254, 1000257, 1000266, 1000264, 1000267, 1000268, 1000269, 1000271, 1000270, 1000272, 1000273, 1000276, 1000277, 1000278, 1000275, 1000274, 1000265, 1000279, 1002498, 1003322, 1003323, 1003324, 1003464, 1003467, 1003516, 1003519, 1003533, 1003567, 1003751, 1003769, 1000121, 1003867, 1000300, 1004168, 1004169, 1004171, 1004211, 1004265, 1004423, 1004670, 1004764, 1004774, 1004879, 1004963, 1005026, 1005061, 1005120, 1005147, 1005490, 1006117, 1006306, 1006642, 1006669, 1007155, 1007190, 1007328, 1007394, 1007516, 1007521, 1007546, 1007627, 1007765, 1007768, 1006856, 1008283, 1008290, 1008313, 1008358, 1008515, 1008793, 1009058, 1009063, 1009064, 1009190, 1009226, 1009427, 1009489, 1009763, 1010033, 1010111, 1010449, 1010668, 1010797, 1011072, 1011155, 1011654, 1011843, 1012191, 1006578, 1006641, 1006660, 1007100, 1007099, 1007262], "attributes": null, "liked": false, "liked_count": 2, "cmt_count": 0, "flag": 0, "shopee_verified": false, "is_adult": false, "is_preferred_plus_seller": false, "tier_variations": [{"name": "", "options": [""], "images": null, "properties": null, "type": 0}], "bundle_deal_id": 0, "can_use_bundle_deal": false, "add_on_deal_info": null, "bundle_deal_info": null, "can_use_wholesale": false, "wholesale_tier_list": [], "is_group_buy_item": null, "group_buy_info": null, "welcome_package_type": 0, "welcome_package_info": null, "tax_code": null, "invoice_option": null, "complaint_policy": null, "images": ["fbae2809e2c64c2d6e3d8f99450a083e", "c26c7816a7d1d3f72972e1cf8cbba1bb", "a3216be6d6c1d901e87942dd6c898640", "f7e8d5d410d53e086779b552d7c0b542", "05d9e85eaf32352ee081eaff8f7c3914"], "image": "fbae2809e2c64c2d6e3d8f99450a083e", "video_info_list": null, "item_type": 0, "is_official_shop": true, "show_official_shop_label_in_title": true, "shop_location": "TP. H\u1ed3 Ch\u00ed Minh", "coin_earn_label": null, "cb_option": 0, "is_pre_order": false, "estimated_days": 2, "badge_icon_type": 0, "show_free_shipping": false, "shipping_icon_type": 0, "cod_flag": 0, "is_service_by_shopee": false, "show_original_guarantee": false, "categories": [{"catid": 100010, "display_name": "Thi\u1ebft B\u1ecb \u0110i\u1ec7n Gia D\u1ee5ng", "no_sub": false, "is_default_subcat": false}, {"catid": 100041, "display_name": "\u0110\u1ed3 gia d\u1ee5ng nh\u00e0 b\u1ebfp", "no_sub": false, "is_default_subcat": false}, {"catid": 100200, "display_name": "L\u00f2 vi s\u00f3ng", "no_sub": true, "is_default_subcat": false}], "other_stock": 0, "item_has_post": false, "discount_stock": 20, "current_promotion_has_reserve_stock": false, "current_promotion_reserved_stock": 0, "normal_stock": 20, "brand_id": 1695295, "is_alcohol_product": false, "show_recycling_info": false, "coin_info": {"spend_cash_unit": 100000, "coin_earn_items": [{"coin_earn": 0}]}, "models": [{"itemid": 6791836529, "status": 1, "current_promotion_reserved_stock": 0, "name": "", "promotionid": 1309931496, "price": 238700000000, "price_stocks": [{"allocated_stock": 0, "stock_breakdown_by_location": null}, {"allocated_stock": null, "stock_breakdown_by_location": null}], "current_promotion_has_reserve_stock": false, "normal_stock": 20, "extinfo": {"tier_index": [0], "group_buy_info": null, "is_pre_order": false, "estimated_days": 2}, "price_before_discount": 385000000000, "modelid": 110631233616, "stock": 20, "has_gimmick_tag": false}], "spl_info": {"installment_info": null, "user_credit_info": null, "channel_id": null, "show_spl": false, "show_spl_lite": false}, "preview_info": null, "fe_categories": [{"catid": 11036971, "display_name": "Home Appliances", "no_sub": false, "is_default_subcat": false}, {"catid": 11036972, "display_name": "Kitchen Appliances", "no_sub": false, "is_default_subcat": false}, {"catid": 11036978, "display_name": "Microwaves & Ovens", "no_sub": true, "is_default_subcat": false}], "presale_info": null, "is_cc_installment_payment_eligible": false, "is_non_cc_installment_payment_eligible": false, "flash_sale": null, "upcoming_flash_sale": null, "deep_discount": null, "has_low_fulfillment_rate": false, "is_partial_fulfilled": false, "makeups": null, "shop_vouchers": null, "global_sold": null, "is_infant_milk_formula_product": false, "should_show_amp_tag": false}