{"itemid": 11511540427, "shopid": 20009052, "userid": 0, "price_max_before_discount": 232000000000, "has_lowest_price_guarantee": false, "price_before_discount": 232000000000, "price_min_before_discount": 232000000000, "exclusive_price_info": null, "hidden_price_display": null, "price_min": 143840000000, "price_max": 143840000000, "price": 143840000000, "stock": 20, "discount": "38%", "historical_sold": 0, "sold": 0, "show_discount": 38, "raw_discount": 38, "min_purchase_limit": 0, "overall_purchase_limit": {"order_max_purchase_limit": 0, "overall_purchase_limit": null, "item_overall_quota": null, "start_date": null, "end_date": null}, "pack_size": null, "is_live_streaming_price": null, "name": "[M\u00e3 BMBAU200 gi\u1ea3m 200K \u0111\u01a1n 699K] L\u00f2 Vi S\u00f3ng Sharp R-202VN-S (20L) - B\u1ea1c", "ctime": 1623750095, "item_status": "normal", "status": 1, "condition": 1, "catid": 100010, "description": "Ba ch\u1ee9c n\u0103ng n\u1ea5u, h\u00e2m v\u00e0 r\u00e3 \u0111\u00f4ng\nL\u00f2 vi s\u00f3ng Sharp R-202VN-S gi\u00fap b\u1ea1n n\u1ea5u ch\u00edn th\u1ef1c ph\u1ea9m m\u1ed9t c\u00e1ch d\u1ec5 d\u00e0ng v\u00e0 ti\u1ebft ki\u1ec7m th\u1eddi gian. Ch\u1ee9c n\u0103ng h\u00e2m n\u00f3ng v\u00e0 r\u00e3 \u0111\u00f4ng nhanh ch\u00f3ng nh\u01b0ng v\u1eabn gi\u1eef nguy\u00ean \u0111\u01b0\u1ee3c h\u01b0\u01a1ng v\u1ecb t\u1ef1 nhi\u00ean c\u1ee7a m\u00f3n \u0103n.\nL\u00d2 VI S\u00d3NG SHARP R-202VN-S\nNhi\u1ec1u m\u1ee9c \u0111i\u1ec1u ch\u1ec9nh c\u00f4ng su\u1ea5t v\u00e0 th\u1eddi gian\nM\u1ed7i m\u00f3n \u0103n c\u00f3 y\u00eau c\u1ea7u ri\u00eang v\u1ec1 c\u00e1ch ch\u1ebf bi\u1ebfn. L\u00f2 c\u00f3 5 m\u1ee9c c\u00f4ng su\u1ea5t v\u00e0 h\u1eb9n gi\u1edd t\u1ed1i \u0111a 35 ph\u00fat gi\u00fap b\u1ea1n ch\u1ebf bi\u1ebfn \u0111\u01b0\u1ee3c nhi\u1ec1u m\u00f3n \u0103n kh\u00e1c nhau. L\u00f2 c\u00f3 h\u1ec7 th\u1ed1ng k\u00fd hi\u1ec7u v\u00e0 h\u01b0\u1edbng d\u1eabn b\u1eb1ng ti\u1ebfng Vi\u1ec7t gi\u00fap b\u1ea1n d\u1ec5 d\u00e0ng l\u00e0m quen v\u00e0 s\u1eed d\u1ee5ng.\nL\u00d2 VI S\u00d3NG SHARP R-202VN-S\nCh\u1ee9c n\u0103ng r\u00e3 \u0111\u00f4ng theo tr\u1ecdng l\u01b0\u1ee3ng\nL\u00f2 vi s\u00f3ng Sharp R-202VN-S c\u00f3 ch\u1ee9c n\u0103ng t\u1ef1 \u0111\u1ed9ng c\u00e0i \u0111\u1eb7t r\u00e3 \u0111\u00f4ng theo tr\u1ecdng l\u01b0\u1ee3ng th\u1ef1c ph\u1ea9m, gi\u00fap r\u00e3 \u0111\u00f4ng nhanh m\u00e0 kh\u00f4ng l\u00e0m m\u1ea5t ch\u1ea5t dinh d\u01b0\u1ee1ng c\u00f3 trong th\u1ef1c ph\u1ea9m. Vi\u1ec7c r\u00e3 \u0111\u00f4ng theo tr\u1ecdng l\u01b0\u1ee3ng s\u1ebd gi\u00fap r\u00e3 \u0111\u00f4ng ch\u00ednh x\u00e1c, h\u1ee3p l\u00fd, gi\u00fap b\u1ea1n d\u1ec5 d\u00e0ng ch\u1ebf bi\u1ebfn m\u00f3n \u0103n gi\u1eef nguy\u00ean h\u01b0\u01a1ng v\u1ecb v\u00e0 th\u01a1m ngon h\u01a1n.\nL\u00d2 VI S\u00d3NG SHARP R-202VN-S\nThi\u1ebft k\u1ebf ti\u1ec7n l\u1ee3i\nL\u00f2 vi s\u00f3ng Sharp R-202VN-S c\u00f3 thi\u1ebft k\u1ebf nh\u1ecf g\u1ecdn, ti\u1ebft ki\u1ec7m kh\u00f4ng gian. C\u1eeda l\u00f2 thi\u1ebft k\u1ebf n\u00fat \u1ea5n m\u1edf d\u1ec5 thao t\u00e1c. V\u1ecf ngo\u00e0i \u0111\u01b0\u1ee3c l\u00e0m t\u1eeb th\u00e9p kh\u00f4ng g\u1ec9 ph\u1ee7 s\u01a1n t\u0129nh \u0111i\u1ec7n kh\u00f4ng nh\u1eefng cho \u0111\u1ed9 b\u1ec1n t\u1ed1i \u01b0u m\u00e0 c\u00f2n mang l\u1ea1i n\u00e9t th\u1ea9m m\u1ef9 cao cho kh\u00f4ng gian n\u1ed9i th\u1ea5t. L\u00f2 vi s\u00f3ng Sharp R-202VN-S thi\u1ebft k\u1ebf n\u00fat c\u01a1 d\u1ec5 d\u00e0ng s\u1eed d\u1ee5ng trong \u0111\u00f3 n\u00fat \u0111i\u1ec1u ch\u1ec9nh ch\u1ebf \u0111\u1ed9 c\u0169ng nh\u01b0 c\u00f4ng su\u1ea5t v\u00e0 n\u00fat ch\u1ecdn th\u1eddi gian ph\u00f9 h\u1ee3p v\u1edbi \u0111a d\u1ea1ng nhu c\u1ea7u s\u1eed d\u1ee5ng.", "is_mart": false, "show_shopee_verified_label": false, "size_chart": null, "reference_item_id": "", "brand": "Sharp", "item_rating": {"rating_star": 0, "rating_count": [0, 0, 0, 0, 0, 0]}, "label_ids": [1003958, 1000959, 1000258, 1000262, 1000259, 1000260, 1000263, 1000255, 1000256, 1000254, 1000257, 1000266, 1000264, 1000267, 1000268, 1000269, 1000271, 1000270, 1000272, 1000273, 1000276, 1000277, 1000278, 1000275, 1000274, 1000265, 1000279, 1002498, 1003322, 1003323, 1003324, 1003464, 1003467, 1003516, 1003519, 1003533, 1003567, 1003751, 1003769, 1000121, 1003867, 1000300, 1004168, 1004169, 1004171, 1004211, 1004265, 1004423, 1004670, 1004764, 1004774, 1004879, 1004963, 1005026, 1005061, 1005120, 1005147, 1005490, 1006117, 1006306, 1006642, 1006669, 1007155, 1007190, 1007328, 1007394, 1007516, 1007521, 1007546, 1007627, 1007765, 1007768, 1006856, 1008283, 1008290, 1008313, 1008358, 1008515, 1008793, 1009058, 1009063, 1009064, 1009190, 1009226, 1009427, 1009489, 1009763, 1010033, 1010111, 1010449, 1010668, 1010797, 1011072, 1011155, 1011654, 1011843, 1012191, 1006578, 1006641, 1006660, 1007100, 1007099, 1007262], "attributes": null, "liked": false, "liked_count": 0, "cmt_count": 0, "flag": 0, "shopee_verified": false, "is_adult": false, "is_preferred_plus_seller": false, "tier_variations": [{"name": "", "options": [""], "images": null, "properties": null, "type": 0}], "bundle_deal_id": 0, "can_use_bundle_deal": false, "add_on_deal_info": null, "bundle_deal_info": null, "can_use_wholesale": false, "wholesale_tier_list": [], "is_group_buy_item": null, "group_buy_info": null, "welcome_package_type": 0, "welcome_package_info": null, "tax_code": null, "invoice_option": null, "complaint_policy": null, "images": ["78516e5f7bbf0e795fae66908a7d7168", "04348497701b4a267eb94c547ebb058d"], "image": "78516e5f7bbf0e795fae66908a7d7168", "video_info_list": null, "item_type": 0, "is_official_shop": true, "show_official_shop_label_in_title": true, "shop_location": "TP. H\u1ed3 Ch\u00ed Minh", "coin_earn_label": null, "cb_option": 0, "is_pre_order": false, "estimated_days": 2, "badge_icon_type": 0, "show_free_shipping": false, "shipping_icon_type": 0, "cod_flag": 0, "is_service_by_shopee": false, "show_original_guarantee": false, "categories": [{"catid": 100010, "display_name": "Thi\u1ebft B\u1ecb \u0110i\u1ec7n Gia D\u1ee5ng", "no_sub": false, "is_default_subcat": false}, {"catid": 100041, "display_name": "\u0110\u1ed3 gia d\u1ee5ng nh\u00e0 b\u1ebfp", "no_sub": false, "is_default_subcat": false}, {"catid": 100200, "display_name": "L\u00f2 vi s\u00f3ng", "no_sub": true, "is_default_subcat": false}], "other_stock": 0, "item_has_post": false, "discount_stock": 20, "current_promotion_has_reserve_stock": false, "current_promotion_reserved_stock": 0, "normal_stock": 20, "brand_id": 1695295, "is_alcohol_product": false, "show_recycling_info": false, "coin_info": {"spend_cash_unit": 100000, "coin_earn_items": [{"coin_earn": 0}]}, "models": [{"itemid": 11511540427, "status": 1, "current_promotion_reserved_stock": 0, "name": "", "promotionid": 1309931496, "price": 143840000000, "price_stocks": [{"allocated_stock": 0, "stock_breakdown_by_location": null}, {"allocated_stock": null, "stock_breakdown_by_location": null}], "current_promotion_has_reserve_stock": false, "normal_stock": 20, "extinfo": {"tier_index": [0], "group_buy_info": null, "is_pre_order": false, "estimated_days": 2}, "price_before_discount": 232000000000, "modelid": 82772955871, "stock": 20, "has_gimmick_tag": false}], "spl_info": {"installment_info": null, "user_credit_info": null, "channel_id": null, "show_spl": false, "show_spl_lite": false}, "preview_info": null, "fe_categories": [{"catid": 11036971, "display_name": "Home Appliances", "no_sub": false, "is_default_subcat": false}, {"catid": 11036972, "display_name": "Kitchen Appliances", "no_sub": false, "is_default_subcat": false}, {"catid": 11036978, "display_name": "Microwaves & Ovens", "no_sub": true, "is_default_subcat": false}], "presale_info": null, "is_cc_installment_payment_eligible": false, "is_non_cc_installment_payment_eligible": false, "flash_sale": null, "upcoming_flash_sale": null, "deep_discount": null, "has_low_fulfillment_rate": false, "is_partial_fulfilled": false, "makeups": null, "shop_vouchers": null, "global_sold": null, "is_infant_milk_formula_product": false, "should_show_amp_tag": false}