{"itemid": 3144950623, "shopid": 20009052, "userid": 0, "price_max_before_discount": -1, "has_lowest_price_guarantee": false, "price_before_discount": 0, "price_min_before_discount": -1, "exclusive_price_info": null, "hidden_price_display": null, "price_min": 69000000000, "price_max": 69000000000, "price": 69000000000, "stock": 17, "discount": null, "historical_sold": 15, "sold": 0, "show_discount": 0, "raw_discount": 0, "min_purchase_limit": 0, "overall_purchase_limit": {"order_max_purchase_limit": 0, "overall_purchase_limit": null, "item_overall_quota": null, "start_date": null, "end_date": null}, "pack_size": null, "is_live_streaming_price": null, "name": "[M\u00e3 BMBAU50 gi\u1ea3m 50K \u0111\u01a1n 150K] Qu\u1ea1t Treo T\u01b0\u1eddng 2 D\u00e2y Senko TC1622 (65W) - H\u00e0ng Ch\u00ednh H\u00e3ng", "ctime": 1587442754, "item_status": "normal", "status": 1, "condition": 1, "catid": 100010, "description": "+   L\u1ed3ng qu\u1ea1t c\u00f3 khe h\u1edf nang qu\u1ea1t nh\u1ecf, ng\u00f3n tay ng\u01b0\u1eddi kh\u00f4ng th\u1ec3 ch\u1ea1m v\u00e0o c\u00e1nh qu\u1ea1t.\n+   Ng\u01b0\u1eddi s\u1eed d\u1ee5ng kh\u00f4ng ch\u1ea1m \u0111\u01b0\u1ee3c v\u00e0o b\u1ed9 ph\u1eadn mang \u0111i\u1ec7n b\u00ean trong qu\u1ea1t\n+   C\u00f3 c\u1ea7u ch\u00ec b\u1ea3o v\u1ec7 ch\u1ed1ng ch\u00e1y khi c\u00e1ch qu\u1ea1t b\u1ecb h\u00e3m, trong l\u00fac \u0111\u1ed9ng c\u01a1 ho\u1ea1t \u0111\u1ed9ng.\n+   Qu\u1ea1t \u0111\u1ee7 \u0111\u1ed9 \u1ed5n \u0111\u1ecbnh (nghi\u00eang 10 \u0111\u1ed9 kh\u00f4ng ng\u00e3 qu\u1ea1t)\n+   C\u00f4ng t\u1eafc, c\u00e1c ph\u1ea7n b\u1ea3o v\u1ec7 m\u1ed1i n\u1ed1i d\u00e2y l\u00e0m b\u1eb1ng ch\u1ea5t li\u1ec7u ch\u1ed1ng ch\u00e1y. \u0110\u1ee7 kh\u1ea3 n\u0103ng ch\u1ecbu nhi\u1ec7t, \u0111\u1ea3m b\u1ea3o an to\u00e0n khi s\u1eed d\u1ee5ng.\n+   K\u00edch th\u01b0\u1edbc ru\u1ed9t d\u00e2y d\u1eabn \u0111i\u1ec7n ngu\u1ed3n \u0111\u1ea1t ti\u00eau chu\u1ea9n \u1ee6y Ban K\u1ef9 Thu\u1eadt \u0110i\u1ec7n Qu\u1ed1c T\u1ebf IEC60227-53", "is_mart": false, "show_shopee_verified_label": false, "size_chart": null, "reference_item_id": "", "brand": "Senko", "item_rating": {"rating_star": 5, "rating_count": [7, 0, 0, 0, 0, 7]}, "label_ids": [1003958, 1000959, 1000258, 1000262, 1000259, 1000260, 1000263, 1000255, 1000256, 1000254, 1000257, 1000266, 1000264, 1000267, 1000268, 1000269, 1000271, 1000270, 1000272, 1000273, 1000276, 1000277, 1000278, 1000275, 1000274, 1000265, 1000279, 1002498, 1003322, 1003323, 1003324, 1003464, 1003467, 1003516, 1003519, 1003533, 1003567, 1003751, 1003769, 1000121, 1003867, 1000300, 1004168, 1004169, 1004171, 1004211, 1004265, 1004423, 1004670, 1004764, 1004774, 1004879, 1004963, 1005026, 1005061, 1005120, 1005147, 1005490, 1006117, 1006306, 1006642, 1006669, 1007155, 1007190, 1007328, 1007394, 1007516, 1007521, 1007546, 1007627, 1007765, 1007768, 1006856, 1008283, 1008290, 1008313, 1008358, 1008515, 1008793, 1009058, 1009063, 1009064, 1009190, 1009226, 1009427, 1009489, 1009763, 1010033, 1010111, 1010449, 1010668, 1010797, 1011072, 1011155, 1011654, 1011843, 1012191, 1003794, 1006578, 1006641, 1006660, 1006825, 1007100, 1007099, 1007262, 1008842, 1009687, 1010348, 1010999, 1011010, 1010738, 1011156], "attributes": null, "liked": false, "liked_count": 4, "cmt_count": 7, "flag": 2, "shopee_verified": false, "is_adult": false, "is_preferred_plus_seller": false, "tier_variations": [{"name": "", "options": [""], "images": null, "properties": null, "type": 0}], "bundle_deal_id": 0, "can_use_bundle_deal": false, "add_on_deal_info": {"add_on_deal_id": 6450235, "add_on_deal_label": "Mua \u0111\u1ec3 nh\u1eadn qu\u00e0", "sub_type": 1, "status": 1}, "bundle_deal_info": null, "can_use_wholesale": false, "wholesale_tier_list": [], "is_group_buy_item": null, "group_buy_info": null, "welcome_package_type": 0, "welcome_package_info": null, "tax_code": null, "invoice_option": null, "complaint_policy": null, "images": ["1dada8de1da5e6397196c02fbca2b377", "72b46742ec0c1c86706cdd145bc70d33", "4b0d5bbc0ae8f49a07dcf11c3dade63b"], "image": "1dada8de1da5e6397196c02fbca2b377", "video_info_list": null, "item_type": 0, "is_official_shop": true, "show_official_shop_label_in_title": true, "shop_location": "TP. H\u1ed3 Ch\u00ed Minh", "coin_earn_label": null, "cb_option": 0, "is_pre_order": false, "estimated_days": 2, "badge_icon_type": 0, "show_free_shipping": true, "shipping_icon_type": 0, "cod_flag": 0, "is_service_by_shopee": false, "show_original_guarantee": false, "categories": [{"catid": 100010, "display_name": "Thi\u1ebft B\u1ecb \u0110i\u1ec7n Gia D\u1ee5ng", "no_sub": false, "is_default_subcat": false}, {"catid": 100039, "display_name": "Thi\u1ebft b\u1ecb \u0111i\u1ec7n gia d\u1ee5ng l\u1edbn", "no_sub": false, "is_default_subcat": false}, {"catid": 100181, "display_name": "Thi\u1ebft b\u1ecb l\u00e0m m\u00e1t", "no_sub": false, "is_default_subcat": false}, {"catid": 100466, "display_name": "Qu\u1ea1t", "no_sub": true, "is_default_subcat": false}], "other_stock": 17, "item_has_post": false, "discount_stock": 0, "current_promotion_has_reserve_stock": false, "current_promotion_reserved_stock": 0, "normal_stock": 17, "brand_id": 1073820, "is_alcohol_product": false, "show_recycling_info": false, "coin_info": {"spend_cash_unit": 100000, "coin_earn_items": [{"coin_earn": 0}]}, "models": [{"itemid": 3144950623, "status": 1, "current_promotion_reserved_stock": 0, "name": "", "promotionid": 0, "price": 69000000000, "price_stocks": [{"allocated_stock": null, "stock_breakdown_by_location": null}], "current_promotion_has_reserve_stock": false, "normal_stock": 17, "extinfo": {"tier_index": [0], "group_buy_info": null, "is_pre_order": false, "estimated_days": 2}, "price_before_discount": 0, "modelid": 80060283645, "stock": 17, "has_gimmick_tag": false}], "spl_info": {"installment_info": null, "user_credit_info": null, "channel_id": null, "show_spl": false, "show_spl_lite": false}, "preview_info": null, "fe_categories": [{"catid": 11036971, "display_name": "Home Appliances", "no_sub": false, "is_default_subcat": false}, {"catid": 11037007, "display_name": "Air Conditioners & Fans", "no_sub": false, "is_default_subcat": false}, {"catid": 11037009, "display_name": "Fans", "no_sub": true, "is_default_subcat": false}], "presale_info": null, "is_cc_installment_payment_eligible": false, "is_non_cc_installment_payment_eligible": false, "flash_sale": null, "upcoming_flash_sale": null, "deep_discount": null, "has_low_fulfillment_rate": false, "is_partial_fulfilled": false, "makeups": null, "shop_vouchers": null, "global_sold": null, "is_infant_milk_formula_product": false, "should_show_amp_tag": false}