{"itemid": 13064519308, "shopid": 20009052, "userid": 0, "price_max_before_discount": 320000000000, "has_lowest_price_guarantee": false, "price_before_discount": 320000000000, "price_min_before_discount": 320000000000, "exclusive_price_info": null, "hidden_price_display": null, "price_min": 198400000000, "price_max": 198400000000, "price": 198400000000, "stock": 20, "discount": "38%", "historical_sold": 0, "sold": 0, "show_discount": 38, "raw_discount": 38, "min_purchase_limit": 0, "overall_purchase_limit": {"order_max_purchase_limit": 0, "overall_purchase_limit": null, "item_overall_quota": null, "start_date": null, "end_date": null}, "pack_size": null, "is_live_streaming_price": null, "name": "H\u1ed9p 2 B\u00f3ng \u0110\u00e8n Xe H\u01a1i Philips H11 LED 11362 U50 X2 15W 5800k (H\u00e0ng Ch\u00ednh H\u00e3ng)", "ctime": 1640679430, "item_status": "normal", "status": 1, "condition": 1, "catid": 100640, "description": "M\u00f4 T\u1ea3 S\u1ea3n Ph\u1ea9m\n\u0110\u01b0a \u00e1nh s\u00e1ng tr\u1eafng l\u00ean c\u1ea5p \u0111\u1ed9 ti\u1ebfp theo\nS\u1ef1 k\u1ebft h\u1ee3p ho\u00e0n h\u1ea3o gi\u1eefa hi\u1ec7u su\u1ea5t v\u00e0 \u0111\u1ed9 b\u1ec1n\nLED-HL [~H11]\n5800K\nS\u00e1ng h\u01a1n t\u1edbi 160%\nThi\u1ebft k\u1ebf nh\u1ecf g\u1ecdn \u0111\u1ec3 l\u1eafp r\u00e1p v\u1eeba kh\u1edbp\nS\u00e1ng h\u01a1n t\u1edbi 160%*\nL\u00e1i xe khi tr\u1eddi t\u1ed1i kh\u00e1 ph\u1ee9c t\u1ea1p, v\u00ec v\u1eady b\u1ea1n ph\u1ea3i d\u1ef1a v\u00e0o \u0111\u00e8n pha c\u1ee7a m\u00ecnh. H\u00e3y n\u00e2ng c\u1ea5p c\u00e1c \u0111\u00e8n pha \u0111\u1ec3 c\u00f3 di\u1ec7n m\u1ea1o \u0111\u00e8n LED xe h\u01a1i m\u1edbi. T\u0103ng c\u01b0\u1eddng t\u1ea7m nh\u00ecn chi\u1ebfu xa khi l\u00e1i xe ban \u0111\u00eam v\u00e0 \u0111\u1ed9 s\u00e1ng chi\u1ebfu g\u1ea7n \u0111\u1ec3 ph\u00e1t hi\u1ec7n nh\u1eefng ng\u01b0\u1eddi \u0111i \u0111\u01b0\u1eddng kh\u00e1c v\u00e0 c\u00e1c m\u1ed1i nguy hi\u1ec3m. B\u00f3ng \u0111\u00e8n pha xe h\u01a1i Philips Ultinon Pro5000 LED s\u1ebd c\u1ea3i thi\u1ec7n t\u1ea7m nh\u00ecn c\u1ee7a b\u1ea1n l\u00ean t\u1edbi 160%*. M\u1ed9t khi b\u1ea1n \u0111\u00e3 tr\u1ea3i nghi\u1ec7m hi\u1ec7u \u1ee9ng gi\u1ed1ng nh\u01b0 \u00e1nh s\u00e1ng ban ng\u00e0y n\u00e0y th\u00ec v\u1ec1 sau b\u1ea1n s\u1ebd th\u00edch s\u1eed d\u1ee5ng \u0111\u00e8n LED h\u01a1n. B\u1ea1n c\u00e0ng nh\u00ecn th\u1ea5y nhi\u1ec1u th\u00ec b\u1ea1n s\u1ebd c\u00e0ng l\u00e1i xe t\u1ed1t h\u01a1n, b\u1ea1n c\u00e0ng ph\u1ea3n \u1ee9ng nhanh h\u01a1n th\u00ec b\u1ea1n s\u1ebd c\u00e0ng an to\u00e0n h\u01a1n. V\u00ec v\u1eady, \u0111\u1eebng \u0111\u1ec3 b\u00f3ng t\u1ed1i chi\u1ebfn th\u1eafng, h\u00e3y ch\u1ecdn Philips v\u00e0 b\u1eaft \u0111\u1ea7u l\u00e1i xe ban \u0111\u00eam v\u1edbi s\u1ef1 t\u1ef1 tin v\u00e0 kh\u1ea3 n\u0103ng ki\u1ec3m so\u00e1t t\u1ed1t h\u01a1n.\n\nNhi\u1ec7t \u0111\u1ed9 m\u00e0u 5800 Kelvin \u0111em \u0111\u1ebfn \u00e1nh s\u00e1ng tr\u1eafng r\u00f5 n\u00e9t\nV\u1edbi nhi\u1ec7t \u0111\u1ed9 m\u00e0u cao l\u00ean t\u1edbi 5800 Kelvin, \u0111\u00e8n Philips Ultinon Pro5000 t\u1ea1o ra ch\u00f9m \u00e1nh s\u00e1ng tr\u1eafng r\u1ef1c r\u1ee1 g\u1ea7n v\u1edbi \u00e1nh s\u00e1ng ban ng\u00e0y. V\u1edbi t\u1ea7m nh\u00ecn r\u00f5 r\u00e0ng h\u01a1n, b\u1ea1n c\u00f3 th\u1ec3 ph\u00e1t hi\u1ec7n ra c\u00e1c ch\u01b0\u1edbng ng\u1ea1i v\u1eadt nhanh h\u01a1n v\u00e0 c\u00f3 \u0111\u01b0\u1ee3c cung \u0111\u01b0\u1eddng l\u00e1i xe ho\u00e0n h\u1ea3o. Nhi\u1ec7t \u0111\u1ed9 m\u00e0u t\u1ed1i \u01b0u gi\u00fap tr\u00e1nh l\u00e0m m\u1ecfi m\u1eaft ho\u1eb7c c\u0103ng m\u1eaft, gi\u00fap b\u1ea1n l\u00e1i xe v\u00e0o ban \u0111\u00eam tho\u1ea3i m\u00e1i v\u00e0 an to\u00e0n h\u01a1n.\n\nTu\u1ed5i th\u1ecd l\u00ean \u0111\u1ebfn 3.000 gi\u1edd\nB\u1ea1n mu\u1ed1n c\u00f3 \u0111\u00e8n pha s\u00e1ng v\u00e0 phong c\u00e1ch nh\u01b0ng b\u1ea1n kh\u00f4ng mu\u1ed1n ti\u1ebfp t\u1ee5c thay th\u1ebf c\u00e1c \u0111\u00e8n h\u1ecfng. \u0110\u00e8n LED t\u1ea1o ra nhi\u1ec7t v\u00e0 nhi\u1ec7t n\u00e0y ph\u1ea3i \u0111\u01b0\u1ee3c ki\u1ec3m so\u00e1t h\u1ee3p l\u00fd. C\u00f4ng ngh\u1ec7 AirBoost c\u1ee7a Philips l\u00e0 m\u1ed9t h\u1ec7 th\u1ed1ng l\u00e0m m\u00e1t th\u00f4ng minh gi\u00fap t\u1ea3n nhi\u1ec7t kh\u1ecfi c\u00e1c b\u1ed9 ph\u1eadn quan tr\u1ecdng c\u1ee7a \u0111\u00e8n. Kh\u1ea3 n\u0103ng ch\u1ecbu nhi\u1ec7t cao h\u01a1n gi\u00fap Philips Ultinon LED c\u00f3 tu\u1ed5i th\u1ecd cao h\u01a1n so v\u1edbi c\u00e1c s\u1ea3n ph\u1ea9m t\u01b0\u01a1ng \u0111\u01b0\u01a1ng hi\u1ec7n c\u00f3 tr\u00ean th\u1ecb tr\u01b0\u1eddng. Philips Ultinon Pro5000 cho th\u1eddi gian s\u1eed d\u1ee5ng l\u00ean \u0111\u1ebfn 3.000 gi\u1edd.\n\nThi\u1ebft k\u1ebf nh\u1ecf g\u1ecdn t\u1ea5t c\u1ea3 trong m\u1ed9t, c\u1eafm l\u00e0 ch\u1ea1y\nThi\u1ebft k\u1ebf ho\u00e0n to\u00e0n m\u1edbi c\u1ee7a b\u00f3ng \u0111\u00e8n Philips Ultinon Pro5000 LED chi\u1ebfm kh\u00f4ng gian t\u1ed1i thi\u1ec3u trong \u0111\u00e8n pha. Ngo\u00e0i ra, thi\u1ebft k\u1ebf li\u1ec1n kh\u1ed1i v\u00e0 c\u00e1c th\u00e0nh ph\u1ea7n \u0111i\u1ec7n t\u1eed t\u00edch h\u1ee3p c\u0169ng gi\u00fap vi\u1ec7c l\u1eafp b\u00f3ng \u0111\u00e8n tr\u1edf n\u00ean d\u1ec5 d\u00e0ng h\u01a1n. B\u00f3ng \u0111\u00e8n n\u00e0y t\u01b0\u01a1ng th\u00edch v\u1edbi nhi\u1ec1u m\u1eabu xe h\u01a1i kh\u00e1c nhau. B\u1ea1n ho\u1eb7c chuy\u00ean vi\u00ean c\u01a1 kh\u00ed c\u00f3 th\u1ec3 l\u1eafp \u0111\u1eb7t b\u00f3ng \u0111\u00e8n d\u1ec5 d\u00e0ng.\n\nTr\u1ea3i nghi\u1ec7m t\u1ea7m nh\u00ecn r\u00f5 h\u01a1n\nD\u1ea1ng ch\u00f9m tia c\u0169ng quan tr\u1ecdng nh\u01b0 \u0111\u1ed9 s\u00e1ng: d\u1ea1ng ch\u00f9m tia \u0111\u1ed3ng \u0111\u1ec1u, ch\u00ednh x\u00e1c cho ph\u00e9p b\u1ea1n v\u00e0 nh\u1eefng ng\u01b0\u1eddi l\u00e1i xe kh\u00e1c c\u00f3 th\u1ec3 nh\u00ecn th\u1ea5y nhau r\u00f5 r\u00e0ng h\u01a1n. Nh\u1edd vi\u1ec7c l\u1eafp chip LED \u0111\u00fang c\u00e1ch tr\u00ean b\u00f3ng \u0111\u00e8n Philips Ultinon Pro5000, ng\u01b0\u1eddi l\u00e1i xe s\u1ebd c\u00f3 \u00e1nh s\u00e1ng ch\u00ednh x\u00e1c \u1edf n\u01a1i h\u1ecd c\u1ea7n tr\u00ean \u0111\u01b0\u1eddng m\u00e0 kh\u00f4ng l\u00e0m ch\u00f3i m\u1eaft nh\u1eefng ng\u01b0\u1eddi l\u00e1i xe kh\u00e1c.\n\nKh\u1ea3 n\u0103ng t\u01b0\u01a1ng th\u00edch 12V v\u00e0 24V cho kh\u1ea3 n\u0103ng s\u1eed d\u1ee5ng r\u1ed9ng r\u00e3i h\u01a1n\nPhilips Ultinon Pro5000 t\u01b0\u01a1ng th\u00edch v\u1edbi c\u00e1c h\u1ec7 th\u1ed1ng \u0111i\u1ec7n 12V v\u00e0 24V n\u00ean ph\u00f9 h\u1ee3p v\u1edbi h\u1ea7u h\u1ebft c\u00e1c m\u1eabu xe.\n\n\u0110\u00e8n \u00f4 t\u00f4 Philips cho ch\u1ea5t l\u01b0\u1ee3ng cao nh\u1ea5t\nH\u1ec7 th\u1ed1ng chi\u1ebfu s\u00e1ng Philips v\u1edbi c\u00f4ng ngh\u1ec7 ti\u00ean ti\u1ebfn n\u1ed5i ti\u1ebfng trong ng\u00e0nh c\u00f4ng nghi\u1ec7p \u00f4 t\u00f4 \u0111\u00e3 c\u00f3 m\u1eb7t tr\u00ean 100 n\u0103m. C\u00e1c s\u1ea3n ph\u1ea9m Ch\u1ea5t l\u01b0\u1ee3ng d\u00e0nh cho \u00d4 t\u00f4 c\u1ee7a Philips \u0111\u01b0\u1ee3c thi\u1ebft k\u1ebf v\u00e0 ph\u00e1t tri\u1ec3n tu\u00e2n theo quy tr\u00ecnh ki\u1ec3m so\u00e1t ch\u1ea5t l\u01b0\u1ee3ng nghi\u00eam ng\u1eb7t, h\u00ecnh th\u00e0nh ti\u00eau chu\u1ea9n s\u1ea3n xu\u1ea5t cao \u0111\u1ed3ng nh\u1ea5t. C\u00e1c nh\u00e0 s\u1ea3n xu\u1ea5t \u00f4 t\u00f4 l\u1edbn \u0111\u1ec1u ch\u1ecdn \u0111\u00e8n Philips, v\u00ec khi b\u1ea1n mua Philips c\u00f3 ngh\u0129a l\u00e0 b\u1ea1n mua ch\u1ea5t l\u01b0\u1ee3ng. B\u1ea1n s\u1ebd c\u00f3 \u0111\u01b0\u1ee3c \u00e1nh s\u00e1ng m\u1ea1nh v\u00e0 \u0111\u1eb7c t\u00ednh ch\u00f9m tia ch\u00ednh x\u00e1c. B\u1ea1n t\u1ea1o n\u00ean phong c\u00e1ch cao c\u1ea5p. V\u00e0 b\u1ea1n s\u1ebd nh\u1eadn \u0111\u01b0\u1ee3c h\u1ec7 th\u1ed1ng chi\u1ebfu s\u00e1ng LED ti\u00ean ti\u1ebfn \u0111\u1ec3 l\u00e1i xe an to\u00e0n h\u01a1n, tr\u01a1n tru h\u01a1n v\u00e0 th\u00fa v\u1ecb h\u01a1n.\n\nM\u00f4 t\u1ea3 s\u1ea3n ph\u1ea9m\n\nC\u00f4ng ngh\u1ec7: LED\n\u1ee8ng d\u1ee5ng\n\u0110\u00e8n chi\u1ebfu xa\n\u0110\u00e8n chi\u1ebfu g\u1ea7n\nD\u00e3y s\u1ea3n ph\u1ea9m: Ultinon Pro5000\nLo\u1ea1i b\u00f3ng: LED-HL [~H11]\nX\u00e1c th\u1ef1c ECE: Kh\u00f4ng\nCh\u1ee7ng lo\u1ea1i v\u00e0 m\u00e0u s\u1eafc: LED H11 11362 U50CW X2\nCh\u00e2n c\u1eafm: PGJ19-2\n\u0110\u1eb7c t\u00ednh k\u1ef9 thu\u1eadt: C\u00f4ng ngh\u1ec7 AirBoost, SafeBeam\n\u0110\u1eb7c t\u00ednh \u0111i\u1ec7n t\u1eed\n\nC\u00f4ng su\u1ea5t: 15  W\n\u0110i\u1ec7n \u00e1p: 13,2  V\nTh\u00f4ng s\u1ed1 th\u1ecb tr\u01b0\u1eddng\n\n\u01afu \u0111i\u1ec3m: mong mu\u1ed1n s\u00e1ng h\u01a1n\n\u0110i\u1ec3m v\u01b0\u1ee3t tr\u1ed9i s\u1ea3n ph\u1ea9m: \u0110\u00e8n LED d\u00e0nh cho xe h\u01a1i\nTu\u1ed5i th\u1ecd: 3000 gi\u1edd", "is_mart": false, "show_shopee_verified_label": false, "size_chart": null, "reference_item_id": "", "brand": "PHILIPS", "item_rating": {"rating_star": 0, "rating_count": [0, 0, 0, 0, 0, 0]}, "label_ids": [1003958, 1000959, 1000258, 1000262, 1000259, 1000260, 1000263, 1000255, 1000256, 1000254, 1000257, 1000266, 1000264, 1000267, 1000268, 1000269, 1000271, 1000270, 1000272, 1000273, 1000276, 1000277, 1000278, 1000275, 1000274, 1000265, 1000279, 1002498, 1003322, 1003323, 1003324, 1003464, 1003467, 1003516, 1003519, 1003533, 1003567, 1003751, 1003769, 1000121, 1003867, 1000300, 1004168, 1004169, 1004171, 1004211, 1004265, 1004423, 1004670, 1004764, 1004774, 1004879, 1004963, 1005026, 1005061, 1005120, 1005147, 1005490, 1006117, 1006306, 1006642, 1006669, 1007155, 1007190, 1007328, 1007394, 1007516, 1007521, 1007546, 1007627, 1007765, 1007768, 1006856, 1008283, 1008290, 1008313, 1008358, 1008515, 1008793, 1009058, 1009063, 1009064, 1009190, 1009226, 1009427, 1009489, 1009763, 1010033, 1010111, 1010449, 1010668, 1010797, 1011072, 1011155, 1011654, 1011843, 1012191], "attributes": null, "liked": false, "liked_count": 0, "cmt_count": 0, "flag": 524288, "shopee_verified": false, "is_adult": false, "is_preferred_plus_seller": false, "tier_variations": [{"name": "", "options": [""], "images": null, "properties": null, "type": 0}], "bundle_deal_id": 0, "can_use_bundle_deal": false, "add_on_deal_info": null, "bundle_deal_info": null, "can_use_wholesale": false, "wholesale_tier_list": [], "is_group_buy_item": null, "group_buy_info": null, "welcome_package_type": 0, "welcome_package_info": null, "tax_code": null, "invoice_option": null, "complaint_policy": null, "images": ["9e64bc8557be38be5c0b75403807b96c", "9f8026622244ac5817bebc9423f12e68", "0eaab361129908a30a05e5245bac635e"], "image": "9e64bc8557be38be5c0b75403807b96c", "video_info_list": null, "item_type": 0, "is_official_shop": true, "show_official_shop_label_in_title": true, "shop_location": "TP. H\u1ed3 Ch\u00ed Minh", "coin_earn_label": null, "cb_option": 0, "is_pre_order": false, "estimated_days": 2, "badge_icon_type": 0, "show_free_shipping": false, "shipping_icon_type": 0, "cod_flag": 0, "is_service_by_shopee": false, "show_original_guarantee": false, "categories": [{"catid": 100640, "display_name": "\u00d4 t\u00f4", "no_sub": false, "is_default_subcat": false}, {"catid": 100749, "display_name": "Ph\u1ee5 t\u00f9ng \u00f4 t\u00f4", "no_sub": false, "is_default_subcat": false}, {"catid": 101455, "display_name": "Thi\u1ebft b\u1ecb \u0111i\u1ec7n t\u1eed", "no_sub": false, "is_default_subcat": false}, {"catid": 101908, "display_name": "\u0110\u00e8n", "no_sub": true, "is_default_subcat": false}], "other_stock": 0, "item_has_post": false, "discount_stock": 20, "current_promotion_has_reserve_stock": false, "current_promotion_reserved_stock": 0, "normal_stock": 20, "brand_id": 1146897, "is_alcohol_product": false, "show_recycling_info": false, "coin_info": {"spend_cash_unit": 100000, "coin_earn_items": [{"coin_earn": 0}]}, "models": [{"itemid": 13064519308, "status": 1, "current_promotion_reserved_stock": 0, "name": "", "promotionid": 1315533389, "price": 198400000000, "price_stocks": [{"allocated_stock": 0, "stock_breakdown_by_location": null}, {"allocated_stock": null, "stock_breakdown_by_location": null}], "current_promotion_has_reserve_stock": false, "normal_stock": 20, "extinfo": {"tier_index": [0], "group_buy_info": null, "is_pre_order": null, "estimated_days": 2}, "price_before_discount": 320000000000, "modelid": 151245875408, "stock": 20, "has_gimmick_tag": false}], "spl_info": {"installment_info": null, "user_credit_info": null, "channel_id": null, "show_spl": false, "show_spl_lite": false}, "preview_info": null, "fe_categories": [{"catid": 11036793, "display_name": "Automotive", "no_sub": false, "is_default_subcat": false}, {"catid": 11109015, "display_name": "Auto Parts & Spares", "no_sub": false, "is_default_subcat": false}, {"catid": 11109028, "display_name": "Electronics", "no_sub": true, "is_default_subcat": false}], "presale_info": null, "is_cc_installment_payment_eligible": false, "is_non_cc_installment_payment_eligible": false, "flash_sale": null, "upcoming_flash_sale": null, "deep_discount": null, "has_low_fulfillment_rate": false, "is_partial_fulfilled": false, "makeups": null, "shop_vouchers": null, "global_sold": null, "is_infant_milk_formula_product": false, "should_show_amp_tag": false}