{"itemid": 12438919624, "shopid": 20009052, "userid": 0, "price_max_before_discount": 62900000000, "has_lowest_price_guarantee": false, "price_before_discount": 62900000000, "price_min_before_discount": 62900000000, "exclusive_price_info": null, "hidden_price_display": null, "price_min": 38998000000, "price_max": 38998000000, "price": 38998000000, "stock": 19, "discount": "38%", "historical_sold": 1, "sold": 0, "show_discount": 38, "raw_discount": 38, "min_purchase_limit": 0, "overall_purchase_limit": {"order_max_purchase_limit": 0, "overall_purchase_limit": null, "item_overall_quota": null, "start_date": null, "end_date": null}, "pack_size": null, "is_live_streaming_price": null, "name": "[M\u00e3 BMBAU50 gi\u1ea3m 50K \u0111\u01a1n 150K] Qu\u1ea1t Treo T\u01b0\u1eddng 2 D\u00e2y Senko TC16 - H\u00e0ng Ch\u00ednh H\u00e3ng", "ctime": 1635483221, "item_status": "normal", "status": 1, "condition": 1, "catid": 100010, "description": "M\u00f4 T\u1ea3 S\u1ea3n Ph\u1ea9m\nC\u00f4ng su\u1ea5t 47W 3 t\u1ed1c \u0111\u1ed9 gi\u00f3 \u0111i\u1ec1u ch\u1ec9nh b\u1eb1ng d\u00e2y k\u00e9o \u0110\u01b0\u1eddng k\u00ednh c\u00e1nh: 40cm 5 c\u00e1nh qu\u1ea1t l\u00e0m m\u00e1t nhanh ch\u00f3ng T\u1ef1 \u0111\u1ed9ng ng\u1eaft \u0111i\u1ec7n khi qu\u00e1 t\u1ea3i\nQu\u1ea1t Treo T\u01b0\u1eddng 2 D\u00e2y Senko TC16 \u0111\u01b0\u1ee3c thi\u1ebft k\u1ebf g\u1ecdn, nh\u1eb9, ti\u1ebft ki\u1ec7m kh\u00f4ng gian, ch\u1ea5t li\u1ec7u nh\u1ef1a cao c\u1ea5p \u00edt b\u00e1m b\u1ee5i, c\u00f3 kh\u1ea3 n\u0103ng t\u1ecfa m\u00e1t cho 1 kh\u00f4ng v\u1eeba v\u00e0 r\u1ed9ng nh\u01b0 ph\u00f2ng kh\u00e1ch, ph\u00f2ng h\u1ecdc,\u2026\nQu\u1ea1t c\u00f3 s\u1ea3i c\u00e1nh kh\u00e1 r\u1ed9ng (40cm) l\u00e0m t\u0103ng l\u01b0u l\u01b0\u1ee3ng gi\u00f3, gi\u00fap t\u1ea1o \u0111\u01b0\u1ee3c nh\u1eefng lu\u1ed3ng gi\u00f3 \u1ed5n \u0111\u1ecbnh, m\u1ea1nh m\u1ebd, gi\u00f3 s\u1ebd \u0111\u01b0\u1ee3c ph\u00e2n t\u00e1n \u0111i\u1ec1u kh\u1eafp ph\u00f2ng.\nB\u00ean c\u1ea1nh \u0111\u00f3 v\u1edbi c\u00f4ng su\u1ea5t 47W, motor b\u1eb1ng b\u1ea1c thau gi\u00fap qu\u1ea1t ho\u1ea1t \u0111\u1ed9ng \u00eam \u00e1i, kh\u00f4ng t\u1ea1o ti\u1ebfng \u1ed3n, \u0111\u1ed9 b\u1ec1n cao, ti\u1ebft ki\u1ec7m \u0111i\u1ec7n n\u0103ng hi\u1ec7u qu\u1ea3.\nQu\u1ea1t c\u00f3 3 t\u1ed1c \u0111\u1ed9 gi\u00f3 l\u00e0 nh\u1eb9, trung b\u00ecnh v\u00e0 m\u1ea1nh gi\u00fap b\u1ea1n l\u1ef1a ch\u1ecdn m\u1ee9c \u0111\u1ed9 gi\u00f3 m\u1ea1nh hay y\u1ebfu, \u0111\u00e1p \u1ee9ng \u0111\u01b0\u1ee3c nhu c\u1ea7u l\u00e0m m\u00e1t trong nh\u1eefng \u0111i\u1ec1u ki\u1ec7n kh\u00e1c nhau.\n\u0110i\u1ec1u ch\u1ec9nh t\u1ed1c \u0111\u1ed9 gi\u00f3 c\u1ee7a qu\u1ea1t d\u1ec5 d\u00e0ng b\u1eb1ng d\u00e2y k\u00e9o, b\u1ea1n ch\u1ec9 c\u1ea7n k\u00e9o v\u1ec1 c\u00e1c m\u1ee9c tr\u00ean c\u00f4ng t\u1eafc c\u1ee7a qu\u1ea1t.\nQu\u1ea1t \u0111\u01b0\u1ee3c trang b\u1ecb r\u01a1 le t\u1ef1 \u0111\u1ed9ng ng\u1eaft \u0111i\u1ec7n khi qu\u00e1 t\u1ea3i, \u0111\u1ea3m b\u1ea3o an to\u00e0n cho ng\u01b0\u1eddi d\u00f9ng v\u00e0 k\u00e9o d\u00e0i tu\u1ed5i th\u1ecd s\u1ea3n ph\u1ea9m. Qu\u1ea1t cao n\u00ean an to\u00e0n cho tr\u1ebb nh\u1ecf, l\u1ed3ng qu\u1ea1t \u0111an kh\u00edt \u0111\u1ea3m b\u1ea3o an to\u00e0n cho ng\u00f3n tay ng\u01b0\u1eddi d\u00f9ng, c\u00f3 th\u1ec3 th\u00e1o r\u1eddi \u0111\u1ec3 v\u1ec7 sinh khi c\u1ea7n.", "is_mart": false, "show_shopee_verified_label": false, "size_chart": null, "reference_item_id": "", "brand": "Senko", "item_rating": {"rating_star": 0, "rating_count": [0, 0, 0, 0, 0, 0]}, "label_ids": [1003958, 1000959, 1000258, 1000262, 1000259, 1000260, 1000263, 1000255, 1000256, 1000254, 1000257, 1000266, 1000264, 1000267, 1000268, 1000269, 1000271, 1000270, 1000272, 1000273, 1000276, 1000277, 1000278, 1000275, 1000274, 1000265, 1000279, 1002498, 1003322, 1003323, 1003324, 1003464, 1003467, 1003516, 1003519, 1003533, 1003567, 1003751, 1003769, 1000121, 1003867, 1000300, 1004168, 1004169, 1004171, 1004211, 1004265, 1004423, 1004670, 1004764, 1004774, 1004879, 1004963, 1005026, 1005061, 1005120, 1005147, 1005490, 1006117, 1006306, 1006642, 1006669, 1007155, 1007190, 1007328, 1007394, 1007516, 1007521, 1007546, 1007627, 1007765, 1007768, 1006856, 1008283, 1008290, 1008313, 1008358, 1008515, 1008793, 1009058, 1009063, 1009064, 1009190, 1009226, 1009427, 1009489, 1009763, 1010033, 1010111, 1010449, 1010668, 1010797, 1011072, 1011155, 1011654, 1011843, 1012191], "attributes": null, "liked": false, "liked_count": 0, "cmt_count": 0, "flag": 0, "shopee_verified": false, "is_adult": false, "is_preferred_plus_seller": false, "tier_variations": [{"name": "", "options": [""], "images": null, "properties": null, "type": 0}], "bundle_deal_id": 0, "can_use_bundle_deal": false, "add_on_deal_info": {"add_on_deal_id": 6450235, "add_on_deal_label": "Mua \u0111\u1ec3 nh\u1eadn qu\u00e0", "sub_type": 1, "status": 1}, "bundle_deal_info": null, "can_use_wholesale": false, "wholesale_tier_list": [], "is_group_buy_item": null, "group_buy_info": null, "welcome_package_type": 0, "welcome_package_info": null, "tax_code": null, "invoice_option": null, "complaint_policy": null, "images": ["2a3d6334509f9ef7c062c661639c57f1", "75848a58a692c54215e3367e848f3783", "52cd46b2e0d026d8dc91a69ff5ea3d2c", "f7e86032e358a8757eba0da0296ca53a"], "image": "2a3d6334509f9ef7c062c661639c57f1", "video_info_list": null, "item_type": 0, "is_official_shop": true, "show_official_shop_label_in_title": true, "shop_location": "TP. H\u1ed3 Ch\u00ed Minh", "coin_earn_label": null, "cb_option": 0, "is_pre_order": false, "estimated_days": 2, "badge_icon_type": 0, "show_free_shipping": false, "shipping_icon_type": 0, "cod_flag": 0, "is_service_by_shopee": false, "show_original_guarantee": false, "categories": [{"catid": 100010, "display_name": "Thi\u1ebft B\u1ecb \u0110i\u1ec7n Gia D\u1ee5ng", "no_sub": false, "is_default_subcat": false}, {"catid": 100039, "display_name": "Thi\u1ebft b\u1ecb \u0111i\u1ec7n gia d\u1ee5ng l\u1edbn", "no_sub": false, "is_default_subcat": false}, {"catid": 100181, "display_name": "Thi\u1ebft b\u1ecb l\u00e0m m\u00e1t", "no_sub": false, "is_default_subcat": false}, {"catid": 100466, "display_name": "Qu\u1ea1t", "no_sub": true, "is_default_subcat": false}], "other_stock": 0, "item_has_post": false, "discount_stock": 19, "current_promotion_has_reserve_stock": false, "current_promotion_reserved_stock": 0, "normal_stock": 19, "brand_id": 1073820, "is_alcohol_product": false, "show_recycling_info": false, "coin_info": {"spend_cash_unit": 100000, "coin_earn_items": [{"coin_earn": 0}]}, "models": [{"itemid": 12438919624, "status": 1, "current_promotion_reserved_stock": 0, "name": "", "promotionid": 1309931496, "price": 38998000000, "price_stocks": [{"allocated_stock": 0, "stock_breakdown_by_location": null}, {"allocated_stock": null, "stock_breakdown_by_location": null}], "current_promotion_has_reserve_stock": false, "normal_stock": 19, "extinfo": {"tier_index": [0], "group_buy_info": null, "is_pre_order": null, "estimated_days": 2}, "price_before_discount": 62900000000, "modelid": 113489670310, "stock": 19, "has_gimmick_tag": false}], "spl_info": {"installment_info": null, "user_credit_info": null, "channel_id": null, "show_spl": false, "show_spl_lite": false}, "preview_info": null, "fe_categories": [{"catid": 11036971, "display_name": "Home Appliances", "no_sub": false, "is_default_subcat": false}, {"catid": 11037007, "display_name": "Air Conditioners & Fans", "no_sub": false, "is_default_subcat": false}, {"catid": 11037009, "display_name": "Fans", "no_sub": true, "is_default_subcat": false}], "presale_info": null, "is_cc_installment_payment_eligible": false, "is_non_cc_installment_payment_eligible": false, "flash_sale": null, "upcoming_flash_sale": null, "deep_discount": null, "has_low_fulfillment_rate": false, "is_partial_fulfilled": false, "makeups": null, "shop_vouchers": null, "global_sold": null, "is_infant_milk_formula_product": false, "should_show_amp_tag": false}