{"itemid": 12259243492, "shopid": 22720888, "userid": 0, "price_max_before_discount": 89900000000, "has_lowest_price_guarantee": false, "price_before_discount": 89900000000, "price_min_before_discount": 89900000000, "exclusive_price_info": null, "hidden_price_display": null, "price_min": 49900000000, "price_max": 49900000000, "price": 49900000000, "stock": 999, "discount": "44%", "historical_sold": 0, "sold": 0, "show_discount": 44, "raw_discount": 44, "min_purchase_limit": 0, "overall_purchase_limit": {"order_max_purchase_limit": 0, "overall_purchase_limit": null, "item_overall_quota": null, "start_date": null, "end_date": null}, "pack_size": null, "is_live_streaming_price": null, "name": "S\u1ea1c d\u1ef1 ph\u00f2ng ZUZG 10000mAH 22.5W LED J35 - H\u00e0ng ch\u00ednh h\u00e3ng", "ctime": 1639129608, "item_status": "normal", "status": 1, "condition": 1, "catid": 100013, "description": "Th\u1eddi gian giao h\u00e0ng d\u1ef1 ki\u1ebfn cho s\u1ea3n ph\u1ea9m n\u00e0y l\u00e0 t\u1eeb 2-3 ng\u00e0y\n \n Ch\u00e0o m\u1eebng b\u1ea1n \u0111\u1ebfn v\u1edbi trung t\u00e2m mua s\u1eafm tr\u00ean Shopee - C\u1eeda h\u00e0ng ch\u00ednh h\u00e3ng ZUZG\n S\u1ea3n ph\u1ea9m l\u00e0 h\u00e0ng c\u00f3 s\u1eb5n, hoan ngh\u00eanh b\u1ea1n \u0111\u1eb7t h\u00e0ng.\n N\u1ebfu b\u1ea1n c\u00f3 b\u1ea5t k\u1ef3 c\u00e2u h\u1ecfi n\u00e0o ho\u1eb7c g\u1eb7p b\u1ea5t k\u1ef3 v\u1ea5n \u0111\u1ec1 n\u00e0o v\u1ec1 s\u1ea3n ph\u1ea9m, \n \u2705Vui l\u00f2ng LI\u00caN H\u1ec6 V\u1edaI CH\u00daNG T\u00d4I. Ch\u00fang t\u00f4i s\u1ebd h\u1ebft l\u00f2ng h\u1ed7 tr\u1ee3 c\u00e1c v\u1ea5n \u0111\u1ec1 c\u1ee7a b\u1ea1n.\n \u274cM\u1ed9t \u0111\u00e1nh gi\u00e1 ti\u00eau c\u1ef1c s\u1ebd KH\u00d4NG gi\u00fap gi\u1ea3i quy\u1ebft v\u1ea5n \u0111\u1ec1.\n N\u1ebfu b\u1ea1n h\u00e0i l\u00f2ng v\u1edbi t\u1ea5t c\u1ea3 s\u1ea3n ph\u1ea9m, h\u00e3y \u0111\u1ec3 l\u1ea1i cho ch\u00fang t\u00f4i \u0111\u00e1nh gi\u00e1 5 sao, \u0111\u00f3 l\u00e0 \u0111\u1ed9ng l\u1ef1c \u0111\u1ec3 c\u1eeda h\u00e0ng c\u00f3 th\u1ec3 ti\u1ebfp t\u1ee5c ph\u00e1t tri\u1ec3n trong t\u01b0\u01a1ng lai v\u00e0 cung c\u1ea5p d\u1ecbch v\u1ee5 t\u1ed1t h\u01a1n cho b\u1ea1n.\n \n* * * * * * * * * * * * * * * * * * * * * * * * * * * * * * TH\u00d4NG TIN S\u1ea2N PH\u1ea8M* * * * * * * * * * * * * * * * * * * * * * * * * * * *\n\n- T\u00ean : S\u1ea1c d\u1ef1 ph\u00f2ng 10000mah ch\u00ednh h\u00e3ng ZUZG J35\n- Th\u01b0\u01a1ng hi\u1ec7u: ZUZG\n- Lo\u1ea1i pin: Pin Li-polymer\n- \u0110\u1eb7c \u0111i\u1ec3m: H\u1ed7 tr\u1ee3 s\u1ea1c nhanh\n- \u0110\u1eb7c \u0111i\u1ec3m: M\u00e0n h\u00ecnh k\u1ef9 thu\u1eadt s\u1ed1\n- Giao di\u1ec7n \u0111\u1ea7u ra: Type C\n- Giao di\u1ec7n \u0111\u1ea7u ra:  USB \n- Dung l\u01b0\u1ee3ng pin: 10000mAh\n- Thi\u1ebft b\u1ecb s\u1ea1c: cho M\u00e1y t\u00ednh b\u1ea3ng\n- Thi\u1ebft b\u1ecb s\u1ea1c: cho \u0111i\u1ec7n tho\u1ea1i th\u00f4ng minh\n- Xu\u1ea5t x\u1ee9: Trung Qu\u1ed1c\n- Giao di\u1ec7n \u0111\u1ea7u v\u00e0o: MICRO USB\n- Lo\u1ea1i s\u1ea3n ph\u1ea9m: Pin s\u1ea1c d\u1ef1 ph\u00f2ng nh\u1ecf g\u1ecdn\n- Tr\u1ecdng l\u01b0\u1ee3ng: 300g\n- H\u1ed7 tr\u1ee3 c\u00f4ng ngh\u1ec7 s\u1ea1c nhanh: S\u1ea1c nhanh hai chi\u1ec1u\n- H\u1ed7 tr\u1ee3 n\u0103ng l\u01b0\u1ee3ng m\u1eb7t tr\u1eddi: Kh\u00f4ng\n- Ch\u1ee9ng nh\u1eadn ch\u1ea5t l\u01b0\u1ee3ng: ce\n- Ch\u1ee9ng nh\u1eadn ch\u1ea5t l\u01b0\u1ee3ng: ROHS\n- Ch\u1ee9ng nh\u1eadn ch\u1ea5t l\u01b0\u1ee3ng: FCC\n- Ch\u1ee9ng nh\u1eadn ch\u1ea5t l\u01b0\u1ee3ng: CCC\n- C\u00f3 \u0111\u00e8n LED chi\u1ebfu s\u00e1ng\n- \u0110i\u1ec7n \u00e1p \u0111\u1ea7u ra: H\u1ed7 tr\u1ee3 \u0111\u1ea7u ra 4.5V / 5V / 9V / 12V\n- Ch\u1ee9c n\u0103ng 1: Pin d\u1ef1 ph\u00f2ng s\u1ea1c nhanh 3.0, pin d\u1ef1 ph\u00f2ng 10000mAh\n- Ch\u1ee9c n\u0103ng 2: Pin d\u1ef1 ph\u00f2ng SCP / FCP / AFC / QC 3.0 / PD 3.0 10000 mAh\n\n- Model t\u01b0\u01a1ng th\u00edch 1: Pin s\u1ea1c d\u1ef1 ph\u00f2ng nhanh cho iPhone 11 Pro Max Xs Max XR Xs X 8 Plus\n- Model t\u01b0\u01a1ng th\u00edch 2: Pin d\u1ef1 ph\u00f2ng s\u1ea1c nhanh 4.0 cho Redmi K20 Pro Note 7 Pro Xiaomi 9\n- Model t\u01b0\u01a1ng th\u00edch 3: Pin s\u1ea1c d\u1ef1 ph\u00f2ng USB cho Huawei Mate 20 P20 P30 Pro\n- Model t\u01b0\u01a1ng th\u00edch 4: Pin s\u1ea1c d\u1ef1 ph\u00f2ng nhanh AFC cho Samsung S9 S9 + S10 S10 + Note 9 Note 10+\n- Model t\u01b0\u01a1ng th\u00edch 5: Pin s\u1ea1c d\u1ef1 ph\u00f2ng cho Xiaomi Mi 9 8 6 5 Redmi Note 7 5\n - B\u1ed9 s\u1ea3n ph\u1ea9m bao g\u1ed3m : Pin s\u1ea1c d\u1ef1 ph\u00f2ng . s\u00e1ch h\u01b0\u1edbng d\u1eabn , phi\u1ebfu b\u1ea3o h\u00e0nh k\u00e8m theo.\n\n#sacduphong10000mah #sacduphong #sacduphong20000mah #sacduphongiphone #sacduphongsamsung #pinsacduphong #pinsacduphongiphone #cucsacduphong #sacduphongmini #sacduphong18w #sacduphong20w #sacduphong22.5w #zuzg", "is_mart": false, "show_shopee_verified_label": false, "size_chart": null, "reference_item_id": "", "brand": "ZUZG", "item_rating": {"rating_star": 0, "rating_count": [0, 0, 0, 0, 0, 0]}, "label_ids": [1000279, 1000259, 1000742, 1002603, 1009058, 1009427, 1009396, 1007525, 44, 1000512, 1010310, 1010452, 1010666, 1010881, 1000270, 1009063, 1010668, 1011155, 1000254, 1011293, 1000255, 1011654, 1009763, 1000264, 1012191, 1011618, 1011619, 1011912, 1011918, 1012033, 1012038, 1012089], "attributes": [{"name": "Dung l\u01b0\u1ee3ng pin s\u1ea1c d\u1ef1 ph\u00f2ng", "value": "5000 - 10000mAh", "id": 100494, "is_timestamp": false, "brand_option": null, "val_id": null}, {"name": "S\u1ed1 c\u1ed5ng k\u1ebft n\u1ed1i", "value": "3", "id": 100936, "is_timestamp": false, "brand_option": null, "val_id": null}, {"name": "T\u00ednh n\u0103ng pin s\u1ea1c d\u1ef1 ph\u00f2ng", "value": "t\u00edch h\u1ee3p c\u00e1p s\u1ea1c, s\u1ea1c nhanh, s\u1ea1c nhi\u1ec1u thi\u1ebft b\u1ecb, s\u1ea1c nhanh 2.0, s\u1ea1c nhanh 3.0", "id": 100499, "is_timestamp": false, "brand_option": null, "val_id": null}, {"name": "Ki\u1ec3u \u0111\u1ea7u v\u00e0o", "value": "Micro USB", "id": 100475, "is_timestamp": false, "brand_option": null, "val_id": null}, {"name": "Lo\u1ea1i b\u1ea3o h\u00e0nh", "value": "B\u1ea3o h\u00e0nh nh\u00e0 cung c\u1ea5p", "id": 100370, "is_timestamp": false, "brand_option": null, "val_id": null}, {"name": "H\u1ea1n b\u1ea3o h\u00e0nh", "value": "3 th\u00e1ng", "id": 100121, "is_timestamp": false, "brand_option": null, "val_id": null}, {"name": "Lo\u1ea1i c\u00e1p \u0111i\u1ec7n tho\u1ea1i", "value": "Lightning, Type C, Micro USB", "id": 100481, "is_timestamp": false, "brand_option": null, "val_id": null}], "liked": false, "liked_count": 0, "cmt_count": 0, "flag": 0, "shopee_verified": false, "is_adult": false, "is_preferred_plus_seller": false, "tier_variations": [{"name": "", "options": [""], "images": null, "properties": null, "type": 0}], "bundle_deal_id": 0, "can_use_bundle_deal": false, "add_on_deal_info": null, "bundle_deal_info": null, "can_use_wholesale": false, "wholesale_tier_list": [], "is_group_buy_item": null, "group_buy_info": null, "welcome_package_type": 0, "welcome_package_info": null, "tax_code": null, "invoice_option": null, "complaint_policy": null, "images": ["d679398e8dcdfff91295d62c79d2ae18", "47d7b01af345287133e2dbe6db68ac22", "5ef839486dbc53e90ae7658be00bb0d1", "bdb62e737a09ed4e9a7880566c2e5e50", "444b8ad1991512705272b842f7cdfd52", "cf9cf734af860f819f0a6a34abcdbb6a", "8b6c2a47f9fe992fcd004383649f0a4a", "6c842ae7527d812249b9189316e93e69", "0791152c6cd11c34e42cda4aec239e6d"], "image": "d679398e8dcdfff91295d62c79d2ae18", "video_info_list": [{"video_id": "187bf6e42578a2ed9f1b6353cb821a71", "thumb_url": "81279b613fb2fca32ed740965cb414fa", "duration": 20, "version": 2, "vid": "sg_6a9d9bc2-fb42-4c53-9fe8-30e71c358867_000091", "formats": [{"format": 1600008, "defn": "V720P", "profile": "MP4", "path": "", "url": "http://play-aka.vod.shopee.com/c3/98934353/105/AmM1krEAWB904fYhbgENyd5G.mp4", "width": 720, "height": 720}, {"format": 1600008, "defn": "V720P", "profile": "MP4", "path": "", "url": "http://play-aka.vod.shopee.com/c3/98934353/105/AmM1krEAWB904fYhbgENyd5G.mp4", "width": 720, "height": 720}, {"format": 1600008, "defn": "V720P", "profile": "MP4", "path": "", "url": "http://play-aka.vod.shopee.com/c3/98934353/105/AmM1krEAWB904fYhbgENyd5G.mp4", "width": 720, "height": 720}], "default_format": {"format": 100001, "defn": "ORI", "profile": "MP4", "path": "", "url": "http://1500000774.vod2.myqcloud.com/412c22d9vodhk1500000774/7c0d4f76387702292680751824/cPg4hZ5rhAAA.mp4", "width": 720, "height": 720}}], "item_type": 0, "is_official_shop": true, "show_official_shop_label_in_title": true, "shop_location": "H\u00e0 N\u1ed9i", "coin_earn_label": null, "cb_option": 0, "is_pre_order": false, "estimated_days": 2, "badge_icon_type": 0, "show_free_shipping": false, "shipping_icon_type": 0, "cod_flag": 0, "is_service_by_shopee": false, "show_original_guarantee": false, "categories": [{"catid": 100013, "display_name": "\u0110i\u1ec7n Tho\u1ea1i & Ph\u1ee5 Ki\u1ec7n", "no_sub": false, "is_default_subcat": false}, {"catid": 100075, "display_name": "Ph\u1ee5 ki\u1ec7n", "no_sub": false, "is_default_subcat": false}, {"catid": 100287, "display_name": "S\u1ea1c d\u1ef1 ph\u00f2ng & Pin", "no_sub": false, "is_default_subcat": false}, {"catid": 100486, "display_name": "S\u1ea1c d\u1ef1 ph\u00f2ng", "no_sub": true, "is_default_subcat": false}], "other_stock": 0, "item_has_post": true, "discount_stock": 999, "current_promotion_has_reserve_stock": false, "current_promotion_reserved_stock": 0, "normal_stock": 999, "brand_id": 1073675, "is_alcohol_product": false, "show_recycling_info": false, "coin_info": {"spend_cash_unit": 100000, "coin_earn_items": [{"coin_earn": 0}]}, "models": [{"itemid": 12259243492, "status": 1, "current_promotion_reserved_stock": 0, "name": "", "promotionid": 1315735316, "price": 49900000000, "price_stocks": [{"allocated_stock": 0, "stock_breakdown_by_location": null}, {"allocated_stock": null, "stock_breakdown_by_location": null}], "current_promotion_has_reserve_stock": false, "normal_stock": 999, "extinfo": {"tier_index": [0], "group_buy_info": null, "is_pre_order": null, "estimated_days": 2}, "price_before_discount": 89900000000, "modelid": 114381356803, "stock": 999, "has_gimmick_tag": false}], "spl_info": {"installment_info": null, "user_credit_info": null, "channel_id": null, "show_spl": false, "show_spl_lite": false}, "preview_info": null, "fe_categories": [{"catid": 11036030, "display_name": "Mobile & Gadgets", "no_sub": false, "is_default_subcat": false}, {"catid": 11036048, "display_name": "Powerbanks", "no_sub": false, "is_default_subcat": false}, {"catid": 11036050, "display_name": "5.000 - 10.000 mAh", "no_sub": true, "is_default_subcat": false}], "presale_info": null, "is_cc_installment_payment_eligible": false, "is_non_cc_installment_payment_eligible": false, "flash_sale": null, "upcoming_flash_sale": null, "deep_discount": null, "has_low_fulfillment_rate": false, "is_partial_fulfilled": false, "makeups": null, "shop_vouchers": null, "global_sold": null, "is_infant_milk_formula_product": false, "should_show_amp_tag": false}