{"itemid": 14716125468, "shopid": 22720888, "userid": 0, "price_max_before_discount": 12500000000, "has_lowest_price_guarantee": false, "price_before_discount": 12500000000, "price_min_before_discount": 12500000000, "exclusive_price_info": null, "hidden_price_display": null, "price_min": 8100000000, "price_max": 8100000000, "price": 8100000000, "stock": 995, "discount": "35%", "historical_sold": 2, "sold": 2, "show_discount": 35, "raw_discount": 35, "min_purchase_limit": 0, "overall_purchase_limit": {"order_max_purchase_limit": 0, "overall_purchase_limit": null, "item_overall_quota": null, "start_date": null, "end_date": null}, "pack_size": null, "is_live_streaming_price": null, "name": "Gi\u00e1 \u0111\u1ee1 \u0111i\u1ec7n tho\u1ea1i \u0111\u1ec3 b\u00e0n ZUZG xoay 180 \u0111\u1ed9 ti\u1ec7n l\u1ee3i ZJ02 - H\u00e0ng ch\u00ednh h\u00e3ng", "ctime": 1639165137, "item_status": "normal", "status": 1, "condition": 1, "catid": 100013, "description": "Th\u1eddi gian giao h\u00e0ng d\u1ef1 ki\u1ebfn cho s\u1ea3n ph\u1ea9m n\u00e0y l\u00e0 t\u1eeb 2-3 ng\u00e0y\n \n Ch\u00e0o m\u1eebng b\u1ea1n \u0111\u1ebfn v\u1edbi trung t\u00e2m mua s\u1eafm tr\u00ean Shopee - C\u1eeda h\u00e0ng ch\u00ednh h\u00e3ng ZUZG\n S\u1ea3n ph\u1ea9m l\u00e0 h\u00e0ng c\u00f3 s\u1eb5n, hoan ngh\u00eanh b\u1ea1n \u0111\u1eb7t h\u00e0ng.\n N\u1ebfu b\u1ea1n c\u00f3 b\u1ea5t k\u1ef3 c\u00e2u h\u1ecfi n\u00e0o ho\u1eb7c g\u1eb7p b\u1ea5t k\u1ef3 v\u1ea5n \u0111\u1ec1 n\u00e0o v\u1ec1 s\u1ea3n ph\u1ea9m, \n \u2705Vui l\u00f2ng LI\u00caN H\u1ec6 V\u1edaI CH\u00daNG T\u00d4I. Ch\u00fang t\u00f4i s\u1ebd h\u1ebft l\u00f2ng h\u1ed7 tr\u1ee3 c\u00e1c v\u1ea5n \u0111\u1ec1 c\u1ee7a b\u1ea1n.\n \u274cM\u1ed9t \u0111\u00e1nh gi\u00e1 ti\u00eau c\u1ef1c s\u1ebd KH\u00d4NG gi\u00fap gi\u1ea3i quy\u1ebft v\u1ea5n \u0111\u1ec1.\n N\u1ebfu b\u1ea1n h\u00e0i l\u00f2ng v\u1edbi t\u1ea5t c\u1ea3 s\u1ea3n ph\u1ea9m, h\u00e3y \u0111\u1ec3 l\u1ea1i cho ch\u00fang t\u00f4i \u0111\u00e1nh gi\u00e1 5 sao, \u0111\u00f3 l\u00e0 \u0111\u1ed9ng l\u1ef1c \u0111\u1ec3 c\u1eeda h\u00e0ng c\u00f3 th\u1ec3 ti\u1ebfp t\u1ee5c ph\u00e1t tri\u1ec3n trong t\u01b0\u01a1ng lai v\u00e0 cung c\u1ea5p d\u1ecbch v\u1ee5 t\u1ed1t h\u01a1n cho b\u1ea1n.\n \n\n* * * * * * * * * * * * * * * * * * * * * * * * * * * * * * TH\u00d4NG TIN S\u1ea2N PH\u1ea8M* * * * * * * * * * * * * * * * * * * * * * * * * * * *\n\nM\u00f4 t\u1ea3 s\u1ea3n ph\u1ea9m Gi\u00e1 \u0111\u1ee1 \u0111i\u1ec7n tho\u1ea1i \u0111\u1ec3 b\u00e0n soi g\u01b0\u01a1ng ch\u00ednh h\u00e3ng ZUZG ZJ02\n\n- Gi\u00e1 \u0111\u1ee1 \u0111i\u1ec7n tho\u1ea1i \u0111\u1ec3 b\u00e0n, gi\u00e1 \u0111\u1ec3 m\u00e1y t\u00ednh b\u1ea3ng, ipad ch\u1ed1ng tr\u01b0\u1ee3t, ti\u1ec7n d\u1ee5ng v\u00e0 thi\u1ebft k\u1ebf r\u1ed7ng \u1edf ph\u00eda d\u01b0\u1edbi c\u00f3 th\u1ec3 s\u1ea1c thi\u1ebft b\u1ecb c\u00f9ng m\u1ed9t l\u00fac, gi\u00fap thi\u1ebft b\u1ecb t\u1ea3n nhi\u1ec7t t\u1ed1t khi s\u1ea1c.\n- S\u1ea3n ph\u1ea9m ph\u00f9 h\u1ee3p v\u1edbi h\u1ea7u h\u1ebft c\u00e1c d\u00f2ng \u0111i\u1ec7n tho\u1ea1i, m\u00e1y t\u00ednh b\u1ea3ng tr\u00ean th\u1ecb tr\u01b0\u1eddng hi\u1ec7n t\u1ea1i. V\u00f4 c\u00f9ng ti\u1ec7n d\u1ee5ng gi\u00fap b\u1ea1n \u0111\u1ecdc s\u00e1ch online, l\u01b0\u1edbt web, xem tin t\u1ee9c, xem phim, nghe nh\u1ea1c, ch\u01a1i game \u0111\u1ec1u r\u1ea5t d\u1ec5 d\u00e0ng, kh\u00f4ng ph\u1ea3i lo vi\u1ec7c c\u1eb1m n\u1eafm, m\u1ecfi tay.\n\n Gi\u00e1 \u0111\u1ee1 \u0111i\u1ec7n tho\u1ea1i \u0111\u1ec3 b\u00e0n\n- Ch\u1ea5t li\u1ec7u: H\u1ee3p kim nh\u00f4m, nh\u1ef1a ABS v\u00e0 \u0111\u1ec7m silicon\n- C\u00f4ng ngh\u1ec7 b\u1ec1 m\u1eb7t: ch\u1ed1ng oxy h\u00f3a\n- B\u1ec1 m\u1eb7t ph\u1ee7 g\u01b0\u01a1ng r\u1ea5t ti\u1ec7n l\u1ee3i cho ch\u1ecb em\n- G\u00f3c \u0111i\u1ec1u ch\u1ec9nh: 0-72 \u0111\u1ed9\n- Tr\u1ecdng l\u01b0\u1ee3ng: 100g\n- K\u00edch th\u01b0\u1edbc khi g\u1ea5p g\u1ecdn: 11cm x 6,5 cm  \n- M\u00e0u s\u1eafc: Tr\u1eafng b\u1ea1c, \u0111en, h\u1ed3ng\n\nC\u00f4ng d\u1ee5ng c\u1ee7a s\u1ea3n ph\u1ea9m Gi\u00e1 \u0111\u1ee1 \u0111i\u1ec7n tho\u1ea1i, iPad \u0111\u1ec3 b\u00e0n g\u1ea5p g\u1ecdn :\n- C\u00f3 th\u1ec3 \u0111\u1ec3 tr\u00ean b\u00e0n l\u00e0m vi\u1ec7c ho\u1eb7c v\u1ecb tr\u00ed ph\u00f9 h\u1ee3p.\n- Ch\u1ed1ng t\u00ea m\u1ecfi vai g\u00e1y khi ph\u1ea3i c\u00fai \u0111\u1ec3 quan s\u00e1t / s\u1eed d\u1ee5ng smartphone\n- \u0110a n\u0103ng: C\u00f3 th\u1ec3 \u0111\u1ec3 \u0111i\u1ec7n tho\u1ea1i smartphone, iPad, s\u00e1ch, \u0111\u1ed3 ti\u1ec7n \u00edch nh\u1ecf, m\u00f3c kh\u00f3a \u00f4 t\u00f4 xe m\u00e1y...\n- C\u00f3 th\u1ec3 nh\u1eadn v\u00e0 nghe cu\u1ed9c g\u1ecdi \u0111\u1ebfn d\u1ec5 d\u00e0ng ch\u1ec9 v\u1edbi 1 l\u1ea7n b\u1ea5m khi \u0111\u1eb7t \u0111i\u1ec7n tho\u1ea1i tr\u00ean k\u1ec7\n- Thi\u1ebft k\u1ebf nh\u1ecf g\u1ecdn, d\u1ec5 d\u00e0ng g\u1ea5p g\u1ecdn \u0111\u1ec3 mang \u0111i b\u1ea5t c\u1ee9 n\u01a1i \u0111\u00e2u b\u1ea1n mu\u1ed1n.\n- Gi\u00fap t\u00f4 \u0111i\u1ec3m kh\u00f4ng gian l\u00e0m vi\u1ec7c thanh l\u1ecbch v\u00e0 trang nh\u00e3. \n\n C\u1ea3m \u01a1n b\u1ea1n \u0111\u00e3 \u0111\u1eb7t h\u00e0ng. ZUZG s\u1ebd ki\u1ec3m tra c\u00e1c s\u1ea3n ph\u1ea9m \u0111\u1ec3 \u0111\u1ea3m b\u1ea3o r\u1eb1ng s\u1ea3n ph\u1ea9m \u1edf trong t\u00ecnh tr\u1ea1ng t\u1ed1t v\u00e0 ho\u1ea1t \u0111\u1ed9ng ho\u00e0n h\u1ea3o tr\u01b0\u1edbc khi giao h\u00e0ng. Mong b\u1ea1n s\u1edbm nh\u1eadn \u0111\u01b0\u1ee3c b\u01b0u ph\u1ea9m.\n\n#giadodienthoaideban #giadodienthoai #giadodienthoaitrenoto #giadodienthoaixemay #giadodienthoailivestream #giadodienthoaigo #giadodienthoaibanggo #giadodienthoaixe #giadodienthoaixemayc2", "is_mart": false, "show_shopee_verified_label": false, "size_chart": null, "reference_item_id": "", "brand": "ZUZG", "item_rating": {"rating_star": 0, "rating_count": [0, 0, 0, 0, 0, 0]}, "label_ids": [1000279, 1000259, 1000742, 1002603, 1009058, 1009427, 1009396, 1007525, 44, 1000512, 1010310, 1010452, 1010666, 1010881, 1000270, 1009063, 1010668, 1011155, 1000254, 1011293, 1000255, 1011654, 1009763, 1000264, 1012191, 1011618, 1011619, 1011912, 1011918, 1012033, 1012038, 1012089], "attributes": [{"name": "Lo\u1ea1i b\u1ea3o h\u00e0nh", "value": "B\u1ea3o h\u00e0nh nh\u00e0 cung c\u1ea5p", "id": 100370, "is_timestamp": false, "brand_option": null, "val_id": null}], "liked": false, "liked_count": 0, "cmt_count": 0, "flag": 0, "shopee_verified": false, "is_adult": false, "is_preferred_plus_seller": false, "tier_variations": [{"name": "", "options": [""], "images": null, "properties": null, "type": 0}], "bundle_deal_id": 0, "can_use_bundle_deal": false, "add_on_deal_info": null, "bundle_deal_info": null, "can_use_wholesale": false, "wholesale_tier_list": [], "is_group_buy_item": null, "group_buy_info": null, "welcome_package_type": 0, "welcome_package_info": null, "tax_code": null, "invoice_option": null, "complaint_policy": null, "images": ["4769777ed704441135e2e051475321d6", "73c8ab0e9cd4874626f9df889b6448ae", "3fbde7bd6a7c803380764aa5dac7a31c", "7f933cf8b8676b0099a87a7dca6e2074", "45e47d778b59fadc29a95ff98c22f6b3", "942cb49b118cb706389d65b214722178", "5ac0efd162d1df1c9416fc2068c4f8d9", "c49dcbc2924a93d938227bccf40341d6", "ea2a5c66900ed2ec4f86203e62c9f16b"], "image": "4769777ed704441135e2e051475321d6", "video_info_list": [{"video_id": "32e503dc69e1c1348bb69b8369446350", "thumb_url": "4c935aac64bf9e8386efa540aa572311", "duration": 16, "version": 2, "vid": "sg_a58d5e1d-d157-49a4-86c4-d9a827ba3168_000092", "formats": [{"format": 1100008, "defn": "V720P", "profile": "MP4", "path": "", "url": "http://1500000774.vod2.myqcloud.com/18161081vodtranshk1500000774/0f410ace387702293016155671/v.f1046142.mp4", "width": 1080, "height": 600}, {"format": 1100008, "defn": "V720P", "profile": "MP4", "path": "", "url": "http://1500000774.vod2.myqcloud.com/18161081vodtranshk1500000774/0f410ace387702293016155671/v.f1046142.mp4", "width": 1080, "height": 600}, {"format": 1100008, "defn": "V720P", "profile": "MP4", "path": "", "url": "http://1500000774.vod2.myqcloud.com/18161081vodtranshk1500000774/0f410ace387702293016155671/v.f1046142.mp4", "width": 1080, "height": 600}], "default_format": {"format": 100001, "defn": "ORI", "profile": "MP4", "path": "", "url": "http://1500000774.vod2.myqcloud.com/412c22d9vodhk1500000774/0f410ace387702293016155671/epO3iKGXyqAA.mp4", "width": 1080, "height": 600}}], "item_type": 0, "is_official_shop": true, "show_official_shop_label_in_title": true, "shop_location": "H\u00e0 N\u1ed9i", "coin_earn_label": null, "cb_option": 0, "is_pre_order": false, "estimated_days": 2, "badge_icon_type": 0, "show_free_shipping": false, "shipping_icon_type": 0, "cod_flag": 0, "is_service_by_shopee": false, "show_original_guarantee": false, "categories": [{"catid": 100013, "display_name": "\u0110i\u1ec7n Tho\u1ea1i & Ph\u1ee5 Ki\u1ec7n", "no_sub": false, "is_default_subcat": false}, {"catid": 100075, "display_name": "Ph\u1ee5 ki\u1ec7n", "no_sub": false, "is_default_subcat": false}, {"catid": 100274, "display_name": "Ph\u1ee5 ki\u1ec7n selfie", "no_sub": false, "is_default_subcat": false}, {"catid": 100476, "display_name": "Gi\u00e1 \u0111\u1ee1", "no_sub": true, "is_default_subcat": false}], "other_stock": 0, "item_has_post": false, "discount_stock": 995, "current_promotion_has_reserve_stock": false, "current_promotion_reserved_stock": 0, "normal_stock": 995, "brand_id": 1073675, "is_alcohol_product": false, "show_recycling_info": false, "coin_info": {"spend_cash_unit": 100000, "coin_earn_items": [{"coin_earn": 0}]}, "models": [{"itemid": 14716125468, "status": 1, "current_promotion_reserved_stock": 0, "name": "", "promotionid": 1315735316, "price": 8100000000, "price_stocks": [{"allocated_stock": 0, "stock_breakdown_by_location": null}, {"allocated_stock": null, "stock_breakdown_by_location": null}], "current_promotion_has_reserve_stock": false, "normal_stock": 995, "extinfo": {"tier_index": [0], "group_buy_info": null, "is_pre_order": null, "estimated_days": 2}, "price_before_discount": 12500000000, "modelid": 86192147264, "stock": 995, "has_gimmick_tag": false}], "spl_info": {"installment_info": null, "user_credit_info": null, "channel_id": null, "show_spl": false, "show_spl_lite": false}, "preview_info": null, "fe_categories": [{"catid": 11036030, "display_name": "Mobile & Gadgets", "no_sub": false, "is_default_subcat": false}, {"catid": 11036074, "display_name": "Phone Holders & Selfie Sticks", "no_sub": false, "is_default_subcat": false}, {"catid": 11036076, "display_name": "Lazypods", "no_sub": true, "is_default_subcat": false}], "presale_info": null, "is_cc_installment_payment_eligible": false, "is_non_cc_installment_payment_eligible": false, "flash_sale": null, "upcoming_flash_sale": null, "deep_discount": null, "has_low_fulfillment_rate": false, "is_partial_fulfilled": false, "makeups": null, "shop_vouchers": null, "global_sold": null, "is_infant_milk_formula_product": false, "should_show_amp_tag": false}