{"itemid": 12159379323, "shopid": 22720888, "userid": 0, "price_max_before_discount": 19900000000, "has_lowest_price_guarantee": false, "price_before_discount": 19900000000, "price_min_before_discount": 19900000000, "exclusive_price_info": null, "hidden_price_display": null, "price_min": 14000000000, "price_max": 14000000000, "price": 14000000000, "stock": 997, "discount": "30%", "historical_sold": 2, "sold": 0, "show_discount": 30, "raw_discount": 30, "min_purchase_limit": 0, "overall_purchase_limit": {"order_max_purchase_limit": 0, "overall_purchase_limit": null, "item_overall_quota": null, "start_date": null, "end_date": null}, "pack_size": null, "is_live_streaming_price": null, "name": "C\u00e1p s\u1ea1c d\u00e2y d\u00f9 ZUZG cao c\u1ea5p 20W ch\u1ea5t li\u1ec7u an to\u00e0n ch\u1ed1ng r\u1ed1i Type C to Lightning NY05-H\u00e0ng ch\u00ednh h\u00e3ng", "ctime": 1639164656, "item_status": "normal", "status": 1, "condition": 1, "catid": 100013, "description": "C\u00e1p s\u1ea1c nhanh ZUZG iphone ipad 20w lightning to type c c\u00f4ng ngh\u00ea PD NY05\nTh\u1eddi gian giao h\u00e0ng d\u1ef1 ki\u1ebfn cho s\u1ea3n ph\u1ea9m n\u00e0y l\u00e0 t\u1eeb 2-3 ng\u00e0y\n \n Ch\u00e0o m\u1eebng b\u1ea1n \u0111\u1ebfn v\u1edbi trung t\u00e2m mua s\u1eafm tr\u00ean Shopee Mall - gian h\u00e3ng ch\u00ednh h\u00e3ng c\u1ee7a ZUZG.VN\n S\u1ea3n ph\u1ea9m l\u00e0 h\u00e0ng c\u00f3 s\u1eb5n, hoan ngh\u00eanh b\u1ea1n \u0111\u1eb7t h\u00e0ng.\n N\u1ebfu b\u1ea1n c\u00f3 b\u1ea5t k\u1ef3 c\u00e2u h\u1ecfi n\u00e0o ho\u1eb7c g\u1eb7p b\u1ea5t k\u1ef3 v\u1ea5n \u0111\u1ec1 n\u00e0o v\u1ec1 s\u1ea3n ph\u1ea9m, \n \u2705Vui l\u00f2ng LI\u00caN H\u1ec6 V\u1edaI CH\u00daNG T\u00d4I. Ch\u00fang t\u00f4i s\u1ebd h\u1ebft l\u00f2ng h\u1ed7 tr\u1ee3 c\u00e1c v\u1ea5n \u0111\u1ec1 c\u1ee7a b\u1ea1n.\n* * * * * * * * * * * * * * * * * * * * * * * * * * * * * * TH\u00d4NG TIN S\u1ea2N PH\u1ea8M* * * * * * * * * * * * * * * * * * * * * * * * * * * *\n- Th\u01b0\u01a1ng hi\u1ec7u ZUZG\n- V\u1eadt li\u1ec7u D\u00e2y b\u1ec7n d\u00f9 + H\u1ee3p kim nh\u00f4m\n- S\u1ea1c ra 5V / 3A - 9V / 2A - 12V / 1.5A (20W) M\u00e0u s\u1eafc B\u1ea1c x\u00e1m\n- S\u1ea1c nhanh Apple PD 20W\n- S\u1ea1c \u0111\u1ea7y 60% Pin trong 30'\n- S\u1ea1c nhanh an to\u00e0n kh\u00f4ng h\u1ea1i m\u00e1y\n- Ch\u1ed1ng ch\u00e1y n\u1ed5, ch\u1ed1ng nhi\u1ec5u\n- Ch\u1ea5t li\u1ec7u d\u00e2y d\u00f9 b\u1ec1n b\u1ec9 ch\u1ed1ng \u0111\u1ee9t\n\n * C\u00e1p s\u1ea1c iPhone t\u1ef1 ng\u1eaft v\u1edbi thi\u1ebft k\u1ebf v\u1ea3i b\u1ec7n ch\u1eafc ch\u1eafn c\u00f9ng d\u00f2ng ra 2.4A l\u00e0 chi\u1ebfc s\u1ea1c thay th\u1ebf ho\u00e0n h\u1ea3o cho iPhone c\u1ee7a b\u1ea1n\n * S\u1edf h\u1eefu thi\u1ebft k\u1ebf v\u00f4 c\u00f9ng \u0111\u1ed9c \u0111\u00e1o c\u00e1p s\u1ea1c t\u1ef1 ng\u1eaft l\u00e0 m\u1ed9t trong nh\u1eefng s\u1ea3n ph\u1ea9m c\u1ee7a ZUZG h\u1ee9a h\u1eb9n mang l\u1ea1i cho ng\u01b0\u1eddi d\u00f9ng m\u1ed9t tr\u1ea3i nghi\u1ec7m v\u00f4 c\u00f9ng tuy\u1ec7t v\u1eddi.\nC\u00e1p s\u1ea1c iPhone t\u1ef1 ng\u1eaft ZUZG c\u00f3 thi\u1ebft k\u1ebf v\u00f4 c\u00f9ng tr\u1ebb trung v\u00e0 \u1ea5n t\u01b0\u1ee3ng v\u1edbi thi\u1ebft k\u1ebf \u0111\u01a1n gi\u1ea3n.  \n * \u0110i\u1ec3m thu h\u00fat c\u1ee7a c\u00e1p s\u1ea1c  l\u00e0 ph\u1ea7n \u0111\u00e8n led \u0111a s\u1eafc m\u00e0u \u0111\u01b0\u1ee3c t\u00edch h\u1ee3p tr\u00ean d\u00e2y s\u1ea1c. Khi b\u1ea1n c\u1eafm \u0111i\u1ec7n v\u00e0 s\u1ea1c th\u00ec s\u1ebd s\u00e1ng \u0111\u00e8n. Thi\u1ebft k\u1ebf n\u00e0y gi\u00fap b\u1ea1n d\u1ec5 d\u00e0ng nh\u1eadn di\u1ec7n \u0111\u01b0\u1ee3c v\u1ecb tr\u00ed c\u1ee7a s\u1ea1c ngay c\u1ea3 ban \u0111\u00eam, khi ph\u00f2ng t\u1eaft \u0111i\u1ec7n.\n * V\u1ecf ngo\u00e0i c\u1ee7a c\u00e1p s\u1ea1c t\u1ef1 ng\u1eaft \u0111\u01b0\u1ee3c l\u00e0m b\u1eb1ng ch\u1ea5t li\u1ec7u v\u1ea3i b\u1ec7n xo\u1eafn cao c\u1ea5p gi\u00fap t\u0103ng \u0111\u1ed9 b\u1ec1n v\u00e0 ng\u0103n ng\u1eeba t\u00ecnh tr\u1ea1ng r\u1ed1i, \u0111\u1ee9t, g\u00e3y th\u01b0\u1eddng g\u1eb7p \u1edf c\u00e1c lo\u1ea1i c\u00e1p s\u1ea1c th\u00f4ng th\u01b0\u1eddng kh\u00e1c.\n * Hai \u0111\u1ea7u \u0111\u01b0\u1ee3c l\u00e0m b\u1eb1ng h\u1ee3p kim k\u1ebdm cao c\u1ea5p c\u00f3 kh\u1ea3 n\u0103ng c\u00e1ch nhi\u1ec7t t\u1ed1t, \u0111\u1ea3m b\u1ea3o b\u00f3ng \u0111\u1eb9p v\u00e0 an to\u00e0n ngay c\u1ea3 khi s\u1eed d\u1ee5ng trong th\u1eddi gian d\u00e0i v\u00e0 l\u00e2u.\n * L\u00f5i \u0111\u1ed3ng nguy\u00ean ch\u1ea5t gi\u00fap vi\u1ec7c d\u1eabn \u0111i\u1ec7n \u0111\u01b0\u1ee3c \u1ed5n \u0111\u1ecbnh v\u00e0 nhanh h\u01a1n, \u0111\u1ea3m b\u1ea3o an to\u00e0n cho thi\u1ebft b\u1ecb c\u1ee7a b\u1ea1n trong qu\u00e1 tr\u00ecnh s\u1ea1c.\n* S\u1ea3n ph\u1ea9m \u0111\u01b0\u1ee3c h\u1ed7 tr\u1ee3 ngu\u1ed3n ra 2.4A, ch\u00edp x\u1eed l\u00fd t\u1ef1 \u0111\u1ed9ng t\u1eaft ngu\u1ed3n th\u00f4ng minh khi s\u1ea1c \u0111\u1ea7y, \u0111\u1ea3m b\u1ea3o cung c\u1ea5p ngu\u1ed3n th\u00edch h\u1ee3p cho \u0111i\u1ec7n tho\u1ea1i c\u1ee7a b\u1ea1n. Nh\u1edd \u0111\u00f3 gi\u00fap b\u1ea3o tu\u1ed5i th\u1ecd pin c\u1ee7a b\u1ea1n trong qu\u00e1 tr\u00ecnh s\u1ea1c. Ngu\u1ed3n ra 2.4A t\u01b0\u01a1ng th\u00edch v\u1edbi nhi\u1ec1u thi\u1ebft b\u1ecb\n\n C\u1ea3m \u01a1n b\u1ea1n \u0111\u00e3 \u0111\u1eb7t h\u00e0ng. ZUZG s\u1ebd ki\u1ec3m tra c\u00e1c s\u1ea3n ph\u1ea9m \u0111\u1ec3 \u0111\u1ea3m b\u1ea3o r\u1eb1ng s\u1ea3n ph\u1ea9m \u1edf trong t\u00ecnh tr\u1ea1ng t\u1ed1t v\u00e0 ho\u1ea1t \u0111\u1ed9ng ho\u00e0n h\u1ea3o tr\u01b0\u1edbc khi giao h\u00e0ng. Mong b\u1ea1n s\u1edbm nh\u1eadn \u0111\u01b0\u1ee3c b\u01b0u ph\u1ea9m.\n\n#capsaciphonetungat #capsaciphone #capsacnhanh #capsactungat #capsacnhanhtungat #daysactungat #daysaciiphonetungat #daysacnhanh #daysaciphone", "is_mart": false, "show_shopee_verified_label": false, "size_chart": null, "reference_item_id": "", "brand": "ZUZG", "item_rating": {"rating_star": 0, "rating_count": [0, 0, 0, 0, 0, 0]}, "label_ids": [1000279, 1000259, 1000742, 1002603, 1009058, 1009427, 1009396, 1007525, 44, 1000512, 1010310, 1010452, 1010666, 1010881, 1000270, 1009063, 1010668, 1011155, 1000254, 1011293, 1000255, 1011654, 1009763, 1000264, 1012191, 1011618, 1011619, 1011912, 1011918, 1012033, 1012038, 1012089], "attributes": [{"name": "Lo\u1ea1i b\u1ea3o h\u00e0nh", "value": "B\u1ea3o h\u00e0nh nh\u00e0 cung c\u1ea5p", "id": 100370, "is_timestamp": false, "brand_option": null, "val_id": null}, {"name": "Lo\u1ea1i c\u00e1p \u0111i\u1ec7n tho\u1ea1i", "value": "Lightning", "id": 100481, "is_timestamp": false, "brand_option": null, "val_id": null}, {"name": "\u0110\u1ed9 d\u00e0i c\u00e1p", "value": "1m", "id": 100402, "is_timestamp": false, "brand_option": null, "val_id": null}, {"name": "H\u1ea1n b\u1ea3o h\u00e0nh", "value": "3 th\u00e1ng", "id": 100121, "is_timestamp": false, "brand_option": null, "val_id": null}, {"name": "T\u00ednh n\u0103ng c\u00e1p", "value": "S\u1ea1c nhanh Apple PD 20W", "id": 100497, "is_timestamp": false, "brand_option": null, "val_id": null}], "liked": false, "liked_count": 0, "cmt_count": 0, "flag": 0, "shopee_verified": false, "is_adult": false, "is_preferred_plus_seller": false, "tier_variations": [{"name": "", "options": [""], "images": null, "properties": null, "type": 0}], "bundle_deal_id": 0, "can_use_bundle_deal": false, "add_on_deal_info": null, "bundle_deal_info": null, "can_use_wholesale": false, "wholesale_tier_list": [], "is_group_buy_item": null, "group_buy_info": null, "welcome_package_type": 0, "welcome_package_info": null, "tax_code": null, "invoice_option": null, "complaint_policy": null, "images": ["d22725a72bdd6f6d0906827629abc6fc", "03ee7eaf689045467924e3075a41516f", "1e885eaae74ff67c751d6719da8cc302", "506fe117dd264163864226bb6c00a838", "8eeb9dd30016242601a22bda02f53cc6", "124cebea28394cedc0ce9a6e60c7e9d7", "d583b404511cb4c7bad93a4677c39200", "376d5cd2fbd89d3db30e94ea00f12e80", "2cf856bf27d2d7709ac7548ad82dfb4d"], "image": "d22725a72bdd6f6d0906827629abc6fc", "video_info_list": null, "item_type": 0, "is_official_shop": true, "show_official_shop_label_in_title": true, "shop_location": "H\u00e0 N\u1ed9i", "coin_earn_label": null, "cb_option": 0, "is_pre_order": false, "estimated_days": 2, "badge_icon_type": 0, "show_free_shipping": false, "shipping_icon_type": 0, "cod_flag": 0, "is_service_by_shopee": false, "show_original_guarantee": false, "categories": [{"catid": 100013, "display_name": "\u0110i\u1ec7n Tho\u1ea1i & Ph\u1ee5 Ki\u1ec7n", "no_sub": false, "is_default_subcat": false}, {"catid": 100075, "display_name": "Ph\u1ee5 ki\u1ec7n", "no_sub": false, "is_default_subcat": false}, {"catid": 100284, "display_name": "C\u00e1p, s\u1ea1c & b\u1ed9 chuy\u1ec3n \u0111\u1ed5i", "no_sub": false, "is_default_subcat": false}, {"catid": 100481, "display_name": "C\u00e1p & B\u1ed9 chuy\u1ec3n \u0111\u1ed5i di \u0111\u1ed9ng", "no_sub": true, "is_default_subcat": false}], "other_stock": 0, "item_has_post": false, "discount_stock": 997, "current_promotion_has_reserve_stock": false, "current_promotion_reserved_stock": 0, "normal_stock": 997, "brand_id": 1073675, "is_alcohol_product": false, "show_recycling_info": false, "coin_info": {"spend_cash_unit": 100000, "coin_earn_items": [{"coin_earn": 0}]}, "models": [{"itemid": 12159379323, "status": 1, "current_promotion_reserved_stock": 0, "name": "", "promotionid": 1315735316, "price": 14000000000, "price_stocks": [{"allocated_stock": 0, "stock_breakdown_by_location": null}, {"allocated_stock": null, "stock_breakdown_by_location": null}], "current_promotion_has_reserve_stock": false, "normal_stock": 997, "extinfo": {"tier_index": [0], "group_buy_info": null, "is_pre_order": null, "estimated_days": 2}, "price_before_discount": 19900000000, "modelid": 28187705566, "stock": 997, "has_gimmick_tag": false}], "spl_info": {"installment_info": null, "user_credit_info": null, "channel_id": null, "show_spl": false, "show_spl_lite": false}, "preview_info": null, "fe_categories": [{"catid": 11036030, "display_name": "Mobile & Gadgets", "no_sub": false, "is_default_subcat": false}, {"catid": 11036054, "display_name": "Batteries, Cables & Charger", "no_sub": false, "is_default_subcat": false}, {"catid": 11036056, "display_name": "Cables & Converters", "no_sub": true, "is_default_subcat": false}], "presale_info": null, "is_cc_installment_payment_eligible": false, "is_non_cc_installment_payment_eligible": false, "flash_sale": null, "upcoming_flash_sale": null, "deep_discount": null, "has_low_fulfillment_rate": false, "is_partial_fulfilled": false, "makeups": null, "shop_vouchers": null, "global_sold": null, "is_infant_milk_formula_product": false, "should_show_amp_tag": false}