{"itemid": 12046719882, "shopid": 235597302, "userid": 0, "price_max_before_discount": -1, "has_lowest_price_guarantee": false, "price_before_discount": 0, "price_min_before_discount": -1, "exclusive_price_info": null, "hidden_price_display": null, "price_min": 10000000000, "price_max": 10000000000, "price": 10000000000, "stock": 26, "discount": null, "historical_sold": 21, "sold": 11, "show_discount": 0, "raw_discount": 0, "min_purchase_limit": 0, "overall_purchase_limit": {"order_max_purchase_limit": 0, "overall_purchase_limit": null, "item_overall_quota": null, "start_date": null, "end_date": null}, "pack_size": null, "is_live_streaming_price": null, "name": "L\u01b0\u1edbi l\u1ecdc vi s\u1ee3i. Ph\u1ee5 ki\u1ec7n thay th\u1ebf c\u1ee7a m\u00e1y l\u1ecdc n\u01b0\u1edbc Pureit Excella", "ctime": 1636443364, "item_status": "normal", "status": 1, "condition": 1, "catid": 100010, "description": "1/ TH\u00d4NG TIN S\u1ea2N PH\u1ea8M\n- L\u01b0\u1edbi l\u1ecdc vi s\u1ee3i\u00a0ph\u1ee5 ki\u1ec7n c\u1ee7a m\u00e1y Pureit\u00a0Excella 9L.\n- L\u1ecdc s\u1ea1ch kim lo\u1ea1i n\u1eb7ng c\u00f3 h\u1ea1i nh\u01b0 s\u1eaft v\u00e0 ch\u00ec\n- Thay l\u01b0\u1edbi l\u1ecdc chung v\u1edbi chu k\u00ec thay b\u1ed9 l\u1ecdc c\u1ee7a m\u00e1y\n- Thay l\u01b0\u1edbi\u00a0l\u1ecdc khi b\u1ecb v\u00e0ng kh\u00f4ng v\u1ec7 sinh \u0111\u01b0\u1ee3c n\u1eefa\n\nTrong qu\u00e1 tr\u00ecnh s\u1eed d\u1ee5ng b\u00ecnh l\u1ecdc n\u01b0\u1edbc Pureit Excella s\u1ebd c\u00f3 l\u00fac nh\u1eefng ph\u1ee5 ki\u1ec7n b\u1ecb h\u01b0 h\u1ecfng ho\u1eb7c c\u0169, b\u1ea9n c\u1ea7n thay th\u1ebf trong m\u00e1y l\u1ecdc n\u01b0\u1edbc Excella \u0111\u00e2y l\u00e0 ph\u1ee5 ki\u1ec7n M\u00e0ng l\u1ecdc c\u1eb7n c\u1ee7a Pureit Excella - \u0111\u1ea3m b\u1ea3o ch\u00ednh h\u00e3ng.\n\n*L\u01b0u \u00fd: \u0110\u00e2y l\u00e0 ph\u1ee5 ki\u1ec7n d\u00e0nh ri\u00eang cho m\u00e1y Pureit Excella kh\u00f4ng s\u1eed d\u1ee5ng \u0111\u01b0\u1ee3c cho c\u00e1c s\u1ea3n ph\u1ea9m kh\u00e1c\n\n2/ TH\u00d4NG TIN TH\u01af\u01a0NG HI\u1ec6U\nUnilever Pureit \u2013 nh\u00e3n hi\u1ec7u m\u00e1y l\u1ecdc n\u01b0\u1edbc gia \u0111\u00ecnh b\u00e1n ch\u1ea1y s\u1ed1 1 th\u1ebf gi\u1edbi thu\u1ed9c t\u1eadp \u0111o\u00e0n Unilever. Unilever l\u00e0 m\u1ed9t trong nh\u1eefng t\u1eadp \u0111o\u00e0n \u0111a qu\u1ed1c gia h\u00e0ng \u0111\u1ea7u th\u1ebf gi\u1edbi chuy\u00ean v\u1ec1 c\u00e1c s\u1ea3n ph\u1ea9m ch\u0103m s\u00f3c c\u00e1 nh\u00e2n, ch\u0103m s\u00f3c gia \u0111\u00ecnh. M\u00e1y l\u1ecdc n\u01b0\u1edbc Pureit l\u00e0 m\u1ed9t trong nh\u1eefng nh\u00e3n hi\u1ec7u l\u1ecdc n\u01b0\u1edbc n\u1ed5i ti\u1ebfng tr\u00ean th\u1ebf gi\u1edbi v\u00e0 \u0111\u01b0\u1ee3c \u0111\u00e1nh gi\u00e1 cao v\u1ec1 \u1ee9ng d\u1ee5ng c\u00f4ng ngh\u1ec7 ti\u00ean ti\u1ebfn, hi\u1ec7n \u0111\u1ea1i, \u0111em l\u1ea1i hi\u1ec7u su\u1ea5t s\u1eed d\u1ee5ng cao. ", "is_mart": false, "show_shopee_verified_label": false, "size_chart": null, "reference_item_id": "", "brand": "Pureit", "item_rating": {"rating_star": 4.166666666666667, "rating_count": [6, 1, 0, 0, 1, 4]}, "label_ids": [1000182, 1000258, 1000260, 1000259, 1000262, 1000263, 1000255, 1000256, 1000254, 1000257, 1000266, 1000264, 1000268, 1000269, 1000267, 1000271, 1000270, 1000273, 1000274, 1000272, 1000277, 1000278, 1000276, 1000275, 1000660, 1000696, 1000265, 1000279, 1001071, 1001411, 1001613, 1001946, 1002579, 1003258, 1003259, 1000121, 1004412, 1004413, 1006306, 1006435, 1006483, 1006624, 1007155, 1007286, 1007328, 1007394, 1007516, 1007546, 1007765, 1007768, 1006856, 1008283, 1008290, 1008313, 1008515, 1008793, 1009058, 1009063, 1009427, 1009763, 1010033, 1010111, 1010449, 1010668, 1010797, 1011155, 1011654, 1011843, 1012090, 1012191], "attributes": null, "liked": false, "liked_count": 3, "cmt_count": 6, "flag": 0, "shopee_verified": false, "is_adult": false, "is_preferred_plus_seller": false, "tier_variations": [{"name": "", "options": [""], "images": null, "properties": null, "type": 0}], "bundle_deal_id": 0, "can_use_bundle_deal": false, "add_on_deal_info": null, "bundle_deal_info": null, "can_use_wholesale": false, "wholesale_tier_list": [], "is_group_buy_item": null, "group_buy_info": null, "welcome_package_type": 0, "welcome_package_info": null, "tax_code": null, "invoice_option": null, "complaint_policy": null, "images": ["5894c9c7b27e03dbb85be6e7c9272a80", "9f3a0ba4948304accbc0d79fe74a8698", "eae0e35490ce70b3f6c55405dea913ef"], "image": "5894c9c7b27e03dbb85be6e7c9272a80", "video_info_list": null, "item_type": 0, "is_official_shop": true, "show_official_shop_label_in_title": true, "shop_location": "TP. H\u1ed3 Ch\u00ed Minh", "coin_earn_label": null, "cb_option": 0, "is_pre_order": false, "estimated_days": 2, "badge_icon_type": 0, "show_free_shipping": false, "shipping_icon_type": 0, "cod_flag": 0, "is_service_by_shopee": false, "show_original_guarantee": false, "categories": [{"catid": 100010, "display_name": "Thi\u1ebft B\u1ecb \u0110i\u1ec7n Gia D\u1ee5ng", "no_sub": false, "is_default_subcat": false}, {"catid": 100041, "display_name": "\u0110\u1ed3 gia d\u1ee5ng nh\u00e0 b\u1ebfp", "no_sub": false, "is_default_subcat": false}, {"catid": 100190, "display_name": "M\u00e1y l\u1ecdc n\u01b0\u1edbc", "no_sub": true, "is_default_subcat": false}], "other_stock": 26, "item_has_post": false, "discount_stock": 0, "current_promotion_has_reserve_stock": false, "current_promotion_reserved_stock": 0, "normal_stock": 26, "brand_id": 1256310, "is_alcohol_product": false, "show_recycling_info": false, "coin_info": {"spend_cash_unit": 100000, "coin_earn_items": [{"coin_earn": 0}]}, "models": [{"itemid": 12046719882, "status": 1, "current_promotion_reserved_stock": 0, "name": "", "promotionid": 0, "price": 10000000000, "price_stocks": [{"allocated_stock": null, "stock_breakdown_by_location": [{"location_id": "VNZ", "available_stock": 26, "fulfilment_type": 2, "address_id": null}]}], "current_promotion_has_reserve_stock": false, "normal_stock": 26, "extinfo": {"tier_index": [0], "group_buy_info": null, "is_pre_order": null, "estimated_days": 2}, "price_before_discount": 0, "modelid": 113770605667, "stock": 26, "has_gimmick_tag": false}], "spl_info": {"installment_info": null, "user_credit_info": null, "channel_id": null, "show_spl": false, "show_spl_lite": false}, "preview_info": null, "fe_categories": [{"catid": 11036971, "display_name": "Home Appliances", "no_sub": false, "is_default_subcat": false}, {"catid": 11036990, "display_name": "Large Appliance", "no_sub": false, "is_default_subcat": false}, {"catid": 11036995, "display_name": "Water Filters", "no_sub": true, "is_default_subcat": false}], "presale_info": null, "is_cc_installment_payment_eligible": false, "is_non_cc_installment_payment_eligible": false, "flash_sale": null, "upcoming_flash_sale": null, "deep_discount": null, "has_low_fulfillment_rate": false, "is_partial_fulfilled": true, "makeups": null, "shop_vouchers": null, "global_sold": null, "is_infant_milk_formula_product": false, "should_show_amp_tag": false}