{"itemid": 4045217617, "shopid": 239456796, "userid": 0, "price_max_before_discount": -1, "has_lowest_price_guarantee": false, "price_before_discount": 0, "price_min_before_discount": -1, "exclusive_price_info": null, "hidden_price_display": null, "price_min": 26200000000, "price_max": 26200000000, "price": 26200000000, "stock": 3, "discount": null, "historical_sold": 2, "sold": 0, "show_discount": 0, "raw_discount": 0, "min_purchase_limit": 0, "overall_purchase_limit": {"order_max_purchase_limit": 0, "overall_purchase_limit": null, "item_overall_quota": null, "start_date": null, "end_date": null}, "pack_size": null, "is_live_streaming_price": null, "name": "[M\u00e3 HLSEB10 gi\u1ea3m 10% t\u1ed1i \u0111a 100K \u0111\u01a1n 300K] Ch\u1ea3o ch\u1ed1ng d\u00ednh Supor Comfort F06A30 30cm", "ctime": 1596646579, "item_status": "normal", "status": 1, "condition": 1, "catid": 100636, "description": "Ch\u1ea3o Ch\u1ed1ng D\u00ednh Supor Comfort 30 cm - F06A30 s\u1eed d\u1ee5ng ch\u1ea5t li\u1ec7u h\u1ee3p kim nh\u00f4m, truy\u1ec1n nhi\u1ec7t nhanh, n\u1ea5u ch\u00edn th\u1ee9c \u0103n nhanh h\u01a1n ti\u1ebft ki\u1ec7m th\u1eddi gian v\u00e0 c\u00f4ng s\u1ee9c c\u1ee7a b\u1ea1n. S\u1ea3n ph\u1ea9m \u0111\u01b0\u1ee3c thi\u1ebft k\u1ebf v\u1edbi tay c\u1ea7m tho\u1ea3i m\u00e1i gi\u00fap vi\u1ec7c c\u1ea7m n\u1eafm v\u00e0 ch\u1ebf bi\u1ebfn th\u1ee9c \u0103n d\u1ec5 d\u00e0ng h\u01a1n. Ch\u1ea3o \u0111\u01b0\u1ee3c tr\u00e1ng l\u1edbp ch\u1ed1ng d\u00ednh s\u1eed d\u1ee5ng c\u00f4ng ngh\u1ec7 ch\u1ed1ng d\u00ednh t\u00e2n ti\u1ebfn theo ti\u00eau chu\u1ea9n c\u1ee7a Ph\u00e1p v\u1edbi l\u1edbp ch\u1ed1ng d\u00ednh \u0111\u1ea3m b\u1ea3o tuy\u1ec7t \u0111\u1ed1i an to\u00e0n cho s\u1ee9c kh\u1ecfe ng\u01b0\u1eddi s\u1eed d\u1ee5ng.\r\n\r\nT\u00ednh n\u0103ng n\u1ed5i b\u1eadt:\r\nCh\u1ea5t li\u1ec7u: H\u1ee3p kim nh\u00f4m qu\u1ed1c t\u1ebf 3003 truy\u1ec1n nhi\u1ec7t nhanh, d\u1eabn nhi\u1ec7t \u0111\u1ec1u.\r\nB\u00ean trong s\u1eed d\u1ee5ng ch\u1ea5t ch\u1ed1ng d\u00ednh an to\u00e0n theo ti\u00eau chu\u1ea9n c\u1ee7a t\u1eadp \u0111o\u00e0n SEB Ph\u00e1p.\r\nB\u00ean ngo\u00e0i l\u1edbp s\u01a1n t\u0129nh \u0111i\u1ec7n, d\u1ec5 d\u00e0ng v\u1ec7 sinh.\r\n\u0110\u00e1y ch\u1ea3o ch\u1ed1ng tr\u01a1n tr\u01b0\u1ee3t.\r\nM\u1ed9t ch\u1ea3o \u0111a t\u00ednh n\u0103ng\r\n\r\nTh\u00f4ng s\u1ed1 k\u1ef9 thu\u1eadt:\r\n\u0110\u01b0\u1eddng k\u00ednh ch\u1ea3o: 30 cm\r\n\r\nM\u00f4 t\u1ea3 t\u00ednh n\u0103ng:\r\n\u0110\u01b0\u1ee3c l\u00e0m t\u1eeb ch\u1ea5t li\u1ec7u cao c\u1ea5p\r\nS\u1ea3n ph\u1ea9m \u0111\u01b0\u1ee3c l\u00e0m t\u1eeb h\u1ee3p kim nh\u00f4m qu\u1ed1c t\u1ebf 3003 cho \u0111\u1ed9 b\u1ec1n cao, ch\u1ed1ng m\u00e0i m\u00f2n \u0111em \u0111\u1ebfn th\u1eddi gian s\u1eed d\u1ee5ng cao. Do \u0111\u00f3, ng\u01b0\u1eddi n\u1ed9i tr\u1ee3 c\u00f3 th\u1ec3 an t\u00e2m d\u00f9ng ch\u1ea3o m\u00e0 kh\u00f4ng lo nhanh ch\u00f3ng b\u1ecb h\u01b0 h\u1ea1i do t\u00e1c \u0111\u1ed9ng t\u1eeb l\u1eeda ho\u1eb7c t\u1eeb nhi\u1ec7t, th\u1ee9c \u0103n...\r\n\r\nCh\u1ea5t ch\u1ed1ng d\u00ednh an to\u00e0n\r\nB\u00ean trong s\u1eed d\u1ee5ng ch\u1ea5t ch\u1ed1ng d\u00ednh an to\u00e0n theo ti\u00eau chu\u1ea9n c\u1ee7a t\u1eadp \u0111o\u00e0n SEB Ph\u00e1p cho du\u0300 kh\u00f4ng cho d\u00e2\u0300u m\u1ee1 ma\u0300 tr\u01b0\u0323c ti\u00ea\u0301p ra\u0301n ca\u0301, tr\u01b0\u0301ng trong cha\u0309o cu\u0303ng kh\u00f4ng xa\u0309y ra ph\u1ea3n \u1ee9ng n\u00e0o. B\u1ea1n s\u1ebd y\u00ean t\u00e2m ch\u1ebf bi\u1ebfn th\u1ef1c ph\u1ea9m m\u00e0 \u0111\u1ed3 \u0103n kh\u00f4ng b\u1ecb b\u00e1m d\u00ednh v\u00e0o b\u1ec1 m\u1eb7t ch\u1ea3o, d\u1ec5 d\u00e0ng ch\u00f9i r\u1eeda, ti\u1ebft ki\u1ec7m th\u1eddi gian, h\u1ea1n ch\u1ebf l\u01b0\u1ee3ng d\u1ea7u m\u1ee1 khi ch\u1ebf bi\u1ebfn th\u1ee9c \u0103n.\r\n\r\nB\u00ean ngo\u00e0i \u0111\u01b0\u1ee3c l\u00e0m l\u1edbp s\u01a1n t\u0129nh \u0111i\u1ec7n\r\nB\u00ean ngo\u00e0i ch\u1ea3o \u0111\u01b0\u1ee3c s\u01a1n l\u1edbp t\u0129nh \u0111i\u1ec7n h\u1ed7 tr\u1ee3 ch\u1ea3o tr\u00e1nh \u0111\u01b0\u1ee3c t\u1ed1i \u0111a c\u00e1c t\u00e1c \u0111\u1ed9ng c\u1ee7a m\u00f4i tr\u01b0\u1eddng c\u1ee7a ngo\u1ea1i l\u1ef1c nh\u1eb1m mang \u0111\u1ebfn b\u1ea1n s\u1ea3n ph\u1ea9m ch\u1eafc ch\u1eafn, b\u1ec1n b\u1ec9 trong qu\u00e1 tr\u00ecnh s\u1eed d\u1ee5ng.\r\nB\u00ean c\u1ea1nh \u0111\u00f3, s\u01a1n t\u0129nh \u0111i\u1ec7n c\u00f2n t\u1ea1o s\u1ef1 th\u1ea9m m\u0129 cao cho s\u1ea3n ph\u1ea9m, thu h\u00fat \u0111\u01b0\u1ee3c s\u1ef1 y\u00eau th\u00edch c\u1ee7a nhi\u1ec1u ng\u01b0\u1eddi d\u00f9ng.\r\n\r\n\u0110\u00e1y ch\u1ea3o ch\u1ed1ng tr\u01a1n tr\u01b0\u1ee3t\r\n\u0110\u00e1y ch\u1ea3o c\u00f3 c\u00e1c l\u1edbp v\u00e2n \u0111\u01b0\u1ee3c thi\u1ebft k\u1ebf th\u00f4ng minh gi\u00fap cho khi b\u1ea1n \u0111\u1eb7t ch\u1ea3o l\u00ean c\u00e1c b\u1ec1 m\u1eb7t b\u1ebfp s\u1ebd kh\u00f4ng b\u1ecb tr\u01a1n, kh\u00f4ng g\u00e2y \u1ea3nh h\u01b0\u1edfng cho vi\u1ec7c n\u1ea5u n\u01b0\u1edbng.\r\n\r\nM\u1ed9t ch\u1ea3o \u0111a n\u0103ng\r\nGi\u1edd \u0111\u00e2y b\u1ea1n c\u00f3 th\u1ec3 chi\u00ean, x\u00e0o, r\u00e1n, n\u1ea5u c\u00e1c m\u00f3n \u0103n cho c\u1ea3 nh\u00e0 nh\u1edd chi\u1ebfc ch\u1ea3o \u0111a n\u0103ng n\u00e0y. V\u1edbi thi\u1ebft k\u1ebf nh\u1ecf g\u1ecdn, d\u1ec5 d\u00e0ng di chuy\u1ec3n, ch\u1ea5t l\u01b0\u1ee3ng cao do \u0111\u01b0\u1ee3c s\u1ea3n xu\u1ea5t theo d\u00e2y chuy\u1ec1n s\u1ea3n xu\u1ea5t ti\u00ean ti\u1ebfn, \u0111\u00e2y s\u1ebd l\u00e0 s\u1ef1 l\u1ef1a ch\u1ecdn ho\u00e0n h\u1ea3o cho nh\u1eefng ng\u01b0\u1eddi y\u00eau th\u00edch n\u1ea5u n\u01b0\u1edbng.", "is_mart": false, "show_shopee_verified_label": false, "size_chart": null, "reference_item_id": "", "brand": "supor", "item_rating": {"rating_star": 0, "rating_count": [0, 0, 0, 0, 0, 0]}, "label_ids": [1000476, 1003985, 1001051, 1001054, 1001067, 1001078, 1001087, 1001089, 1000950, 1000959, 1000963, 1000969, 1000975, 1000979, 1000982, 1001005, 1001016, 1001033, 1001040, 44, 1000260, 1000262, 1000259, 1000258, 1000263, 1000256, 1000255, 1000254, 1000257, 1000518, 1000520, 1000266, 1000269, 1000268, 1000267, 1000270, 1000271, 1000272, 1000275, 1000274, 1000273, 1000278, 1000276, 1000277, 1000594, 1000596, 1000512, 1000513, 1000604, 1000619, 1000633, 1000634, 1000661, 1000662, 1000669, 1000670, 1000685, 1000696, 1000700, 1000705, 1000709, 1000710, 1000713, 1000714, 1000715, 1000716, 1000723, 1000724, 1000727, 1000729, 1000738, 1000740, 1000741, 1000744, 1000746, 1000749, 1000764, 1000773, 1000788, 1000790, 1000799, 1000805, 1000264, 1000279, 1000265, 1000815, 1000827, 1000830, 1000838, 1000849, 1000867, 1000871, 1000872, 1000874, 1000873, 1000879, 1000886, 1000891, 1000892, 1000911, 1000931, 1000934, 1000940, 1000938, 1000941, 1000946, 1001338, 1001249, 1001351, 1001352, 1000455, 1000643, 1000732, 1000951, 1000956, 1000957, 1001030, 1001060, 1001388, 1001398, 1001399, 1001043, 1001409, 1000967, 1001419, 1001420, 1001418, 1001748, 1001857, 1000742, 1001961, 1002100, 1002105, 1002182, 1002181, 1002229, 1002261, 1002278, 1002282, 1002296, 1002407, 1002468, 1002587, 1002603, 1002716, 1002756, 1002763, 1002789, 1002792, 1002835, 1002899, 1002934, 1002970, 1002991, 1003002, 1003133, 1003159, 1003167, 1003169, 1003261, 1002498, 1003322, 1003533, 1003567, 1003777, 1000121, 1003928, 1004078, 1004211, 1004344, 1004879, 1004894, 1004983, 1005026, 1005061, 1005083, 1005120, 1005147, 1005261, 1005490, 1005829, 1006199, 1006306, 1006625, 1006805, 1007155, 1007286, 1007328, 1007394, 1007516, 1007546, 1007525, 1007765, 1007768, 1007773, 1006856, 1008093, 1008283, 1008290, 1008313, 1008515, 1008529, 1008755, 1008793, 1008875, 1009058, 1009063, 1009202, 1009427, 1009525, 1009763, 1010033, 1010111, 1010210, 1010310, 1010449, 1010452, 1010666, 1010668, 1010797, 1010881, 1011062, 1011155, 1011293, 1011470, 1011654, 1011685, 1011909, 1012191, 1012192, 1012514, 1012655, 1000836, 1009488, 1012107, 1012539], "attributes": [{"name": "Lo\u1ea1i ch\u1ea3o", "value": "Kh\u00e1c", "id": 100802, "is_timestamp": false, "brand_option": null, "val_id": null}], "liked": false, "liked_count": 2, "cmt_count": 0, "flag": 268435458, "shopee_verified": false, "is_adult": false, "is_preferred_plus_seller": false, "tier_variations": [{"name": "", "options": [""], "images": null, "properties": null, "type": 0}], "bundle_deal_id": 0, "can_use_bundle_deal": false, "add_on_deal_info": null, "bundle_deal_info": null, "can_use_wholesale": false, "wholesale_tier_list": [], "is_group_buy_item": null, "group_buy_info": null, "welcome_package_type": 0, "welcome_package_info": null, "tax_code": null, "invoice_option": null, "complaint_policy": null, "images": ["08f91eb1a5ed57f3909f9198fef2d1ae", "c5ac67643eac9be8b33ffa21cde85a55", "cecec76354131de4e371d0283f2e1316"], "image": "08f91eb1a5ed57f3909f9198fef2d1ae", "video_info_list": null, "item_type": 0, "is_official_shop": true, "show_official_shop_label_in_title": true, "shop_location": "TP. H\u1ed3 Ch\u00ed Minh", "coin_earn_label": null, "cb_option": 0, "is_pre_order": false, "estimated_days": 2, "badge_icon_type": 6, "show_free_shipping": true, "shipping_icon_type": 0, "cod_flag": 0, "is_service_by_shopee": true, "show_original_guarantee": false, "categories": [{"catid": 100636, "display_name": "Nh\u00e0 c\u1eeda & \u0110\u1eddi s\u1ed1ng", "no_sub": false, "is_default_subcat": false}, {"catid": 100717, "display_name": "D\u1ee5ng c\u1ee5 nh\u00e0 b\u1ebfp", "no_sub": false, "is_default_subcat": false}, {"catid": 101218, "display_name": "Ch\u1ea3o", "no_sub": true, "is_default_subcat": false}], "other_stock": 3, "item_has_post": false, "discount_stock": 0, "current_promotion_has_reserve_stock": false, "current_promotion_reserved_stock": 0, "normal_stock": 3, "brand_id": 1802619, "is_alcohol_product": false, "show_recycling_info": false, "coin_info": {"spend_cash_unit": 100000, "coin_earn_items": [{"coin_earn": 0}]}, "models": [{"itemid": 4045217617, "status": 1, "current_promotion_reserved_stock": 0, "name": "", "promotionid": 0, "price": 26200000000, "price_stocks": [{"allocated_stock": null, "stock_breakdown_by_location": [{"location_id": "VNW", "available_stock": 3, "fulfilment_type": 1, "address_id": 38200026}, {"location_id": "VNZ", "available_stock": 0, "fulfilment_type": 2, "address_id": null}]}], "current_promotion_has_reserve_stock": false, "normal_stock": 3, "extinfo": {"tier_index": [0], "group_buy_info": null, "is_pre_order": null, "estimated_days": 2}, "price_before_discount": 0, "modelid": 50514355940, "stock": 3, "has_gimmick_tag": false}], "spl_info": {"installment_info": null, "user_credit_info": null, "channel_id": null, "show_spl": false, "show_spl_lite": false}, "preview_info": null, "fe_categories": [], "presale_info": null, "is_cc_installment_payment_eligible": false, "is_non_cc_installment_payment_eligible": false, "flash_sale": null, "upcoming_flash_sale": null, "deep_discount": null, "has_low_fulfillment_rate": false, "is_partial_fulfilled": true, "makeups": null, "shop_vouchers": null, "global_sold": null, "is_infant_milk_formula_product": false, "should_show_amp_tag": false}