{"itemid": 11331548772, "shopid": 241360333, "userid": 0, "price_max_before_discount": -1, "has_lowest_price_guarantee": false, "price_before_discount": 0, "price_min_before_discount": -1, "exclusive_price_info": null, "hidden_price_display": null, "price_min": 2800000000, "price_max": 2800000000, "price": 2800000000, "stock": 381, "discount": null, "historical_sold": 19, "sold": 0, "show_discount": 0, "raw_discount": 0, "min_purchase_limit": 0, "overall_purchase_limit": {"order_max_purchase_limit": 0, "overall_purchase_limit": null, "item_overall_quota": null, "start_date": null, "end_date": null}, "pack_size": null, "is_live_streaming_price": null, "name": "B\u00e0n ch\u1ea3i b\u1ecdt bi\u1ec3n lau r\u1eeda ly, c\u1ed1c, b\u00ecnh n\u01b0\u1edbc TiLoKi TCD01 c\u00f3 th\u1ec3 th\u00e1o d\u1eddi \u0111\u01b0\u1ee3c", "ctime": 1629260928, "item_status": "normal", "status": 1, "condition": 1, "catid": 100636, "description": "Ch\u1eafc h\u1eb3n trong m\u1ed7i gia \u0111\u00ecnh \u0111\u1ec1u c\u00f3 nh\u1eefng d\u1ee5ng c\u1ee5 u\u1ed1ng n\u01b0\u1edbc nh\u01b0 ly, c\u1ed1c ch\u00e9n hay b\u00ecnh n\u01b0\u1edbc, b\u00ecnh s\u1eefa. Vi\u1ec7c s\u1eed d\u1ee5ng l\u00e2u ng\u00e0y khi\u1ebfn b\u1ee5i b\u1ea9n, r\u00eau b\u00e1m v\u00e0o th\u00e0nh trong c\u1ee7a ch\u00fang, vi\u1ec7c v\u1ec7 sinh ch\u00fang l\u00e0 kh\u00f4ng d\u1ec5 d\u00e0ng. Gi\u1ea3i ph\u00e1p l\u00e0 nh\u1eefng chi\u1ebfc b\u00e0n ch\u1ea3i v\u1ec7 sinh c\u1ed1c ly b\u1eb1ng b\u1ecdt bi\u1ec3n n\u00e0y.\nMi\u1ebfng b\u1ecdt bi\u1ec3n c\u1ee7a b\u00e0n ch\u1ea3i, c\u00f3 th\u1ec3 th\u00e1o r\u1eddi, v\u00e0 c\u00f3 \u0111\u1ea7u treo ph\u01a1i sau khi s\u1eed d\u1ee5ng \nCh\u1ed5i c\u1ecd b\u00ecnh, b\u00ecnh gi\u1eef nhi\u1ec7t v\u1edbi tay c\u1ea7m d\u00e0i d\u1ec5 dang \u0111\u1ec3 l\u00e0m s\u1ea1ch v\u00e0 r\u1eeda c\u1ed1c. \nThi\u1ebft k\u1ebf tay c\u1ea7m r\u1ea5t \u0111\u1eb7c bi\u1ec7t v\u1edbi v\u00e2n h\u00ecnh kim c\u01b0\u01a1ng, t\u1ea1o \u0111\u1ed9 b\u00e1m v\u00e0 v\u1eeba v\u1eb7n khi c\u1ea7m.\nCh\u1ea5t li\u1ec7u an to\u00e0n, hi\u1ec7u qu\u1ea3 l\u00e0m s\u1ea1ch t\u1ed1i \u0111a b\u1edfi \u0111\u1ed9 ma s\u00e1t r\u1ea5t cao b\u1edfi b\u1ecdt bi\u1ec3n m\u00e0 kh\u00f4ng h\u1ec1 g\u00e2y h\u01b0 h\u1ea1i cho v\u1eadt d\u1ee5ng.\nC\u00e1c l\u1edbp b\u1ecdt bi\u1ec3n m\u1ec1m, \u0111\u1ea7u b\u00e0n ch\u1ea3i v\u00e0 thi\u1ebft k\u1ebf tay c\u1ea7m d\u00e0i c\u00f3 th\u1ec3 th\u1ea5m s\u00e2u v\u00e0o \u0111\u00e1y c\u1ed1c, c\u00f3 c\u00e1c khe \u0111\u1ec3 r\u1eeda c\u00e1c mi\u1ec7ng c\u1ed1c ly\nNhi\u1ec1u c\u1ed1c c\u00f3 th\u1ec3 ch\u1ea3i, l\u00e0m cho n\u00f3 \u0111\u1eb9p v\u00e0 thi\u1ebft th\u1ef1c\nC\u1ecd ch\u1ed5i \u0111\u01b0\u1ee3c thi\u1ebft k\u1ebf, d\u1ec5 d\u00e0ng b\u1ea3o qu\u1ea3n, v\u1ec7 sinh v\u00e0 \u0111\u1ea3m b\u1ea3o v\u1ec7 sinh\nTH\u00d4NG S\u1ed0 K\u1ef8 THU\u1eacT:\n\u0110\u1eb7c t\u00ednhi: C\u00f3 Th\u1ec3 Th\u00e1o R\u1eddi B\u1ecdt Bi\u1ec3n Cup B\u00e0n Ch\u1ea3i\nCh\u1ea5t li\u1ec7u: NH\u1ef0A PP + B\u1ecdt bi\u1ec3n\nM\u00e0u s\u1eafc: Tr\u1eafng/Xanh D\u01b0\u01a1ng/Xanh L\u00e1/H\u1ed3ng\nTh\u00edch h\u1ee3p cho: v\u1ec7 sinh c\u1ed1c, ly, b\u00ecnh s\u1eefa, b\u00ecnh n\u01b0\u1edbc\nK\u00edch th\u01b0\u1edbc: 27*5cm\n#coruacoc #b\u00e0nch\u1ea3ic\u1ed1c #c\u1ecdr\u1eedac\u1ed1cly", "is_mart": false, "show_shopee_verified_label": false, "size_chart": null, "reference_item_id": "", "brand": "TILoKi", "item_rating": {"rating_star": 5, "rating_count": [6, 0, 0, 0, 0, 6]}, "label_ids": [1003958, 1003985, 1000260, 1000254, 1000256, 1000258, 1000262, 1000257, 1000255, 1000259, 1000265, 1000269, 1000264, 1000267, 1000263, 1000266, 1000268, 1000275, 1000271, 1000270, 1000276, 1000273, 1000277, 1000278, 1000274, 1000279, 1000272, 1001418, 44, 1001597, 1001693, 1001791, 1001946, 1000752, 1000753, 1001086, 1002071, 1002181, 1002229, 1002263, 1002278, 1002282, 1002343, 1002409, 1002587, 1002763, 1002762, 1002789, 1002835, 1002847, 1002899, 1002933, 1002962, 1002970, 1002990, 1003002, 1003159, 1003167, 1003169, 1000742, 1002603, 1000512, 1003258, 1003259, 1003261, 1003322, 1003362, 1003532, 1003533, 1003567, 1003751, 1000121, 1004078, 1004168, 1004171, 1004211, 1004265, 1004341, 1004360, 1004670, 1004764, 1004774, 1004894, 1004963, 1004983, 1005061, 1005083, 1005147, 1005829, 1005868, 1006199, 1006306, 1006435, 1006483, 1006624, 1006625, 1006642, 1006805, 1007155, 1007190, 1007328, 1007394, 1007516, 1007546, 1007525, 1007765, 1007768, 1007773, 1006856, 1008283, 1008290, 1008313, 1008515, 1008529, 1008793, 1009058, 1009063, 1009190, 1009202, 1009391, 1009427, 1009489, 1009525, 1009774, 1009763, 1009932, 1010033, 1010111, 1010206, 1010210, 1010310, 1010350, 1010449, 1010452, 1010516, 1010518, 1010666, 1010668, 1010765, 1010797, 1010881, 1011081, 1011155, 1011229, 1011293, 1011361, 1011470, 1011654, 1011685, 1011776, 1011909, 1011937, 1012134, 1012191, 1012192, 1012514, 1011193, 1011378], "attributes": [{"name": "Lo\u1ea1i b\u1ea3o h\u00e0nh", "value": "Kh\u00f4ng b\u1ea3o h\u00e0nh", "id": 100370, "is_timestamp": false, "brand_option": null, "val_id": null}, {"name": "Xu\u1ea5t x\u1ee9", "value": "Vi\u1ec7t Nam", "id": 100037, "is_timestamp": false, "brand_option": null, "val_id": null}], "liked": false, "liked_count": 0, "cmt_count": 6, "flag": 0, "shopee_verified": false, "is_adult": false, "is_preferred_plus_seller": false, "tier_variations": [{"name": "M\u00e0u s\u1eafc", "options": ["X\u00e1m", "H\u1ed3ng", "Tr\u1eafng", "Xanh"], "images": ["de4c8ebee65c32c01100a4d19c127511", "3ac23c85331db49951bf1846d2618495", "20024572024a4c9b9a812c71c1fb0865", "53bd6c662fbab46b12ce5c4680f015b7"], "properties": null, "type": 0}], "bundle_deal_id": 0, "can_use_bundle_deal": false, "add_on_deal_info": null, "bundle_deal_info": null, "can_use_wholesale": false, "wholesale_tier_list": [], "is_group_buy_item": null, "group_buy_info": null, "welcome_package_type": 0, "welcome_package_info": null, "tax_code": null, "invoice_option": null, "complaint_policy": null, "images": ["5705c19432b11bde9c80ae37a7d1a030", "cefd94b8efe15cb669a9ab9edd0b73f6", "3385bfb2b078a5ce75d914398c3a42b7", "ae32949018115c0fb1def55c81921831", "bd7a1fffd44f46f7d79d169afcac7fa4", "fc647bbc3c7345cdbff84e05d65b28a5", "baa032216edf3720381d838fb4437a72", "e8681b9819c4c2b8d742f90d2d66cfc2", "f25f5a02e14d5f881332dc971eede663"], "image": "5705c19432b11bde9c80ae37a7d1a030", "video_info_list": null, "item_type": 0, "is_official_shop": true, "show_official_shop_label_in_title": true, "shop_location": "H\u00e0 Nam", "coin_earn_label": null, "cb_option": 0, "is_pre_order": false, "estimated_days": 2, "badge_icon_type": 0, "show_free_shipping": false, "shipping_icon_type": 0, "cod_flag": 0, "is_service_by_shopee": false, "show_original_guarantee": false, "categories": [{"catid": 100636, "display_name": "Nh\u00e0 c\u1eeda & \u0110\u1eddi s\u1ed1ng", "no_sub": false, "is_default_subcat": false}, {"catid": 100716, "display_name": "D\u1ee5ng c\u1ee5 ch\u0103m s\u00f3c nh\u00e0 c\u1eeda", "no_sub": false, "is_default_subcat": false}, {"catid": 101201, "display_name": "B\u00e0n ch\u1ea3i v\u1ec7 sinh", "no_sub": true, "is_default_subcat": false}], "other_stock": 381, "item_has_post": true, "discount_stock": 0, "current_promotion_has_reserve_stock": false, "current_promotion_reserved_stock": 0, "normal_stock": 381, "brand_id": 1256541, "is_alcohol_product": false, "show_recycling_info": false, "coin_info": {"spend_cash_unit": 100000, "coin_earn_items": [{"coin_earn": 0}, {"coin_earn": 0}, {"coin_earn": 0}, {"coin_earn": 0}]}, "models": [{"itemid": 11331548772, "status": 1, "current_promotion_reserved_stock": 0, "name": "X\u00e1m", "promotionid": 0, "price": 2800000000, "price_stocks": [{"allocated_stock": null, "stock_breakdown_by_location": null}], "current_promotion_has_reserve_stock": false, "normal_stock": 86, "extinfo": {"tier_index": [0], "group_buy_info": null, "is_pre_order": false, "estimated_days": 2}, "price_before_discount": 0, "modelid": 94325391201, "stock": 86, "has_gimmick_tag": false}, {"itemid": 11331548772, "status": 1, "current_promotion_reserved_stock": 0, "name": "H\u1ed3ng", "promotionid": 0, "price": 2800000000, "price_stocks": [{"allocated_stock": null, "stock_breakdown_by_location": null}], "current_promotion_has_reserve_stock": false, "normal_stock": 98, "extinfo": {"tier_index": [1], "group_buy_info": null, "is_pre_order": false, "estimated_days": 2}, "price_before_discount": 0, "modelid": 94325391202, "stock": 98, "has_gimmick_tag": false}, {"itemid": 11331548772, "status": 1, "current_promotion_reserved_stock": 0, "name": "Tr\u1eafng", "promotionid": 0, "price": 2800000000, "price_stocks": [{"allocated_stock": null, "stock_breakdown_by_location": null}], "current_promotion_has_reserve_stock": false, "normal_stock": 99, "extinfo": {"tier_index": [2], "group_buy_info": null, "is_pre_order": false, "estimated_days": 2}, "price_before_discount": 0, "modelid": 94325391203, "stock": 99, "has_gimmick_tag": false}, {"itemid": 11331548772, "status": 1, "current_promotion_reserved_stock": 0, "name": "Xanh", "promotionid": 0, "price": 2800000000, "price_stocks": [{"allocated_stock": null, "stock_breakdown_by_location": null}], "current_promotion_has_reserve_stock": false, "normal_stock": 98, "extinfo": {"tier_index": [3], "group_buy_info": null, "is_pre_order": false, "estimated_days": 2}, "price_before_discount": 0, "modelid": 101645385940, "stock": 98, "has_gimmick_tag": false}], "spl_info": {"installment_info": null, "user_credit_info": null, "channel_id": null, "show_spl": false, "show_spl_lite": false}, "preview_info": null, "fe_categories": [{"catid": 11036624, "display_name": "Home care", "no_sub": false, "is_default_subcat": false}, {"catid": 11036649, "display_name": "Cleaning Tools", "no_sub": false, "is_default_subcat": false}, {"catid": 11036651, "display_name": "Brushes", "no_sub": true, "is_default_subcat": false}], "presale_info": null, "is_cc_installment_payment_eligible": false, "is_non_cc_installment_payment_eligible": false, "flash_sale": null, "upcoming_flash_sale": null, "deep_discount": null, "has_low_fulfillment_rate": false, "is_partial_fulfilled": false, "makeups": null, "shop_vouchers": null, "global_sold": null, "is_infant_milk_formula_product": false, "should_show_amp_tag": false}