{"itemid": 4962795997, "shopid": 241360333, "userid": 0, "price_max_before_discount": 88800000000, "has_lowest_price_guarantee": false, "price_before_discount": 88800000000, "price_min_before_discount": 88800000000, "exclusive_price_info": null, "hidden_price_display": null, "price_min": 58800000000, "price_max": 58800000000, "price": 58800000000, "stock": 4931, "discount": "34%", "historical_sold": 273, "sold": 2, "show_discount": 34, "raw_discount": 34, "min_purchase_limit": 0, "overall_purchase_limit": {"order_max_purchase_limit": 0, "overall_purchase_limit": null, "item_overall_quota": null, "start_date": null, "end_date": null}, "pack_size": null, "is_live_streaming_price": null, "name": "B\u00e0n l\u00e0 h\u01a1i n\u01b0\u1edbc c\u1ea7m tay TiLoKi TBL.02 c\u00f4ng su\u1ea5t 1500w dung t\u00edch 280ml", "ctime": 1605343614, "item_status": "normal", "status": 1, "condition": 1, "catid": 100010, "description": "- B\u1ea1n l\u00e0 ng\u01b0\u1eddi Ph\u1ee5 N\u1eef c\u1ee7a gia \u0111\u00ecnh, b\u1ea1n lu\u00f4n quan t\u00e2m, ch\u0103m lo \u0111\u1ebfn c\u00e1i \u0103n, c\u00e1i m\u1eb7c c\u1ee7a ch\u1ed3ng, c\u1ee7a con?\n- Nh\u1eefng b\u1ed9 qu\u1ea7n \u00e1o y\u00eau qu\u00fd c\u1ee7a b\u1ea1n th\u01b0\u1eddng xuy\u00ean b\u1ecb nh\u00e0u, nh\u0103n nh\u00fam khi\u1ebfn b\u1ea1n kh\u00f4ng h\u00e0i l\u00f2ng?\n- Nh\u1eefng chi\u1ebfc b\u00e0n l\u00e0 c\u0169 r\u00edch \u0111\u00e3 tr\u1edf n\u00ean l\u1ed7i th\u1eddi, hay nh\u1eefng chi\u1ebfc b\u00e0n l\u00e0 h\u01a1i n\u01b0\u1edbc to c\u1ed3ng k\u1ec1nh chi\u1ebfm di\u1ec7n t\u00edch v\u00e0 b\u1ea5t ti\u1ec7n khi s\u1eed d\u1ee5ng khi\u1ebfn b\u1ea1n kh\u00f4ng th\u1ea5y tho\u1ea3i m\u00e1i?\n=> Gi\u1ea3i ph\u00e1p: B\u00e0n L\u00e0 H\u01a1i N\u01b0\u1edbc C\u1ea7m Tay TLK - BL02 cao c\u1ea5p c\u00f4ng su\u1ea5t 1500W\n\n\u0110\u1eb6C \u0110I\u1ec2M N\u1ed4I B\u1eacT:\nC\u00f4ng su\u1ea5t 1500W, dung t\u00edch b\u00ecnh ch\u1ee9a n\u01b0\u1edbc 280ml\nThi\u1ebft k\u1ebf nh\u1ecf g\u1ecdn, ch\u1eafc ch\u1eafn, b\u00ecnh ch\u1ee9a th\u00e1o l\u1eafp d\u1ec5 d\u00e0ng\nCh\u1ebf \u0111\u1ed9 t\u1ef1 \u0111\u1ed9ng t\u1eaft trong \u0111i\u1ec1u ki\u1ec7n \u00edt n\u01b0\u1edbc ho\u1eb7c kh\u00f4ng ho\u1ea1t \u0111\u1ed9ng trong 8 ph\u00fat\nNhi\u1ec7t \u0111\u1ed9 cao v\u00e0 h\u01a1i n\u01b0\u1edbc m\u1ea1nh c\u00f3 th\u1ec3 d\u1ec5 d\u00e0ng h\u00f2a tan v\u00e0 lo\u1ea1i b\u1ecf c\u00e1c v\u1ebft d\u1ea7u, v\u1ebft b\u1ea9n v\u00e0 n\u1ea5m m\u1ed1c tr\u00ean b\u1ec1 m\u1eb7t\nD\u00e2y d\u00e0i 1,5 m thu\u1eadn ti\u1ec7n khi s\u1eed d\u1ee5ng tr\u00e1nh c\u0103ng d\u00e2y ho\u1eb7c \nC\u00f3 th\u1ec3 d\u00f9ng l\u00e0 ph\u1eb3ng t\u1ea5t c\u1ea3 c\u00e1c lo\u1ea1i v\u1ea3i qu\u1ea7n \u00e1o h\u00e0ng ng\u00e0y, b\u1ed9 vest, gh\u1ebf sofa, kh\u0103n tr\u1ea3i gi\u01b0\u1eddng...\nCh\u1ea5t li\u1ec7u: Nh\u1ef1a ABS + PP ch\u1ecbu nhi\u1ec7t cao, ch\u1ed1ng ch\u00e1y gi\u1eadt \u0111i\u1ec7n\nS\u1ea3n ph\u1ea9m \u0111\u01b0\u1ee3c trang b\u1ecb b\u00e0n ch\u1ea3i \u1ee7i, ngo\u00e0i t\u00e1c d\u1ee5ng l\u00e0 \u1ee7i m\u00e0 c\u00f2n kh\u1eed tr\u00f9ng qu\u1ea7n \u00e1o v\u00e0 kh\u1eed m\u00f9i h\u00f4i.\n\nL\u01afU \u00dd KHI S\u1eec D\u1ee4NG:\n1. \u0110\u1ec3 t\u1ee7 h\u1ea5p ngu\u1ed9i ho\u00e0n to\u00e0n tr\u01b0\u1edbc khi l\u00e0m s\u1ea1ch ho\u1eb7c c\u1ea5t gi\u1eef. Tr\u00e1nh xa t\u1ea7m tay tr\u1ebb em. \n\n2. \u0110\u1ec3 tr\u00e1nh b\u1ecb \u0111i\u1ec7n gi\u1eadt, kh\u00f4ng nh\u00fang n\u1ed3i h\u1ea5p ho\u1eb7c d\u00e2y ngu\u1ed3n v\u00e0o n\u01b0\u1edbc ho\u1eb7c b\u1ea5t k\u1ef3 ch\u1ea5t l\u1ecfng n\u00e0o kh\u00e1c. \n\n3. Vui l\u00f2ng t\u1eaft t\u1ee7 h\u1ea5p qu\u1ea7n \u00e1o khi kh\u00f4ng s\u1eed d\u1ee5ng v\u00e0 khi h\u1ebft n\u01b0\u1edbc. N\u1ebfu kh\u00f4ng s\u1ebd \u1ea3nh h\u01b0\u1edfng \u0111\u1ebfn tu\u1ed5i th\u1ecd c\u1ee7a t\u1ee7 h\u1ea5p n\u00e0y. \n\n4. Khi v\u1eadn h\u00e0nh t\u1ee7 h\u1ea5p qu\u1ea7n \u00e1o l\u1ea7n \u0111\u1ea7u ti\u00ean, h\u00e3y \u0111\u1ec3 t\u1ee7 h\u1ea5p trong v\u00e0i ph\u00fat. \u0110i\u1ec1u n\u00e0y s\u1ebd lo\u1ea1i b\u1ecf b\u1ea5t k\u1ef3 t\u1ea1p ch\u1ea5t v\u00e0 m\u00f9i n\u00e0o c\u00f3 th\u1ec3 c\u00f2n s\u00f3t l\u1ea1i trong qu\u00e1 tr\u00ecnh s\u1ea3n xu\u1ea5t. \n\n5. C\u00f3 th\u1ec3 c\u00f3 nh\u1eefng gi\u1ecdt n\u01b0\u1edbc \u0111\u01b0\u1ee3c b\u01a1m v\u00e0o s\u1ea3n ph\u1ea9m \u0111\u1ec3 th\u1eed nghi\u1ec7m v\u1eabn c\u00f2n tr\u00ean s\u1ea3n ph\u1ea9m \u0111\u01b0\u1ee3c giao. 1.Nh\u1ea5n nh\u1eb9 \u0111\u1ec3 l\u1ea5y b\u00ecnh n\u01b0\u1edbc ra, v\u00e0 kh\u00f4ng v\u01b0\u1ee3t qu\u00e1 v\u1ea1ch m\u1ef1c n\u01b0\u1edbc cao nh\u1ea5t khi n\u1ea1p n\u01b0\u1edbc.\n\nB\u1ed9 s\u1ea3n ph\u1ea9m bao g\u1ed3m: m\u00e1y \u1ee7i h\u01a1i n\u01b0\u1edbc + 1 s\u00e1ch h\u01b0\u1edbng d\u1eabn + 1 b\u00e0n ch\u1ea3i + 1 c\u1ed1c \u0111ong n\u01b0\u1edbc\nTH\u00d4NG S\u1ed0 K\u0128 THU\u1eacT:\n \nC\u00f4ng su\u1ea5t (W):1500\n\u0110i\u1ec7n \u00e1p (V):220\nCh\u1ea5t li\u1ec7u: Nh\u1ef1a ABS + PP ch\u1ecbu nhi\u1ec7t\nK\u00edch th\u01b0\u1edbc: 16 * 11,3 * 27,6 cm\nM\u00e0u s\u1eafc: h\u1ed3ng, xanh d\u01b0\u01a1ng\n\u0110\u1eb7c t\u00ednh: 3 c\u1ea5p \u0111\u1ed9 h\u01a1i n\u01b0\u1edbc Th\u1ea5p-Trung-Cao \u0111\u1ec3 l\u1ef1a ch\u1ecdn, Kh\u00f3a c\u00f4ng t\u1eafc h\u01a1i n\u01b0\u1edbc\nTH\u00d4NG S\u1ed0 K\u0128 THU\u1eacT:\n \n*TILOKI SHOP cam k\u1ebft v\u1edbi kh\u00e1ch h\u00e0ng: \n- S\u1ea3n ph\u1ea9m gi\u1ed1ng 100% nh\u01b0 m\u00f4 t\u1ea3 - Kh\u00f4ng gi\u1ed1ng m\u00f4 t\u1ea3 ho\u00e0n tr\u1ea3 110% ti\u1ec1n h\u00e0ng.\n- \u0110\u1ed5i tr\u1ea3 h\u00e0ng trong v\u00f2ng 7 ng\u00e0y sau khi nh\u1eadn \u0111\u01b0\u1ee3c s\u1ea3n ph\u1ea9m.\n- Th\u1eddi gian b\u1ea3o h\u00e0nh 12 th\u00e1ng \u0111\u1ed1i v\u1edbi t\u1ea5t c\u1ea3 c\u00e1c m\u1eb7t h\u00e0ng \u0111i\u1ec7n t\u1eed. \n- B\u1ea3o h\u00e0nh cho kh\u00e1ch h\u00e0ng ho\u00e0n to\u00e0n mi\u1ec5n ph\u00ed.\n* \u0110i\u1ec1u ki\u1ec7n \u00e1p d\u1ee5ng \u0111\u1ed5i tr\u1ea3 7 ng\u00e0y:\n- T\u1ea5t c\u1ea3 c\u00e1c s\u1ea3n ph\u1ea9m \u0111\u01b0\u1ee3c mua b\u1edfi TILOKI Shop.\n- H\u00e0ng h\u00f3a v\u1eabn c\u00f2n m\u1edbi ch\u01b0a qua s\u1eed d\u1ee5ng.\n- H\u00e0ng ho\u00e1 b\u1ecb l\u1ed7i k\u0129 thu\u1eadt c\u1ee7a nh\u00e0 s\u1ea3n xu\u1ea5t kh\u00f4ng c\u00f2n ho\u1ea1t \u0111\u1ed9ng \u0111\u01b0\u1ee3c \n- Kh\u00f4ng qu\u00e1 7 ng\u00e0y k\u1ec3 t\u1eeb khi Kh\u00e1ch h\u00e0ng nh\u1eadn \u0111\u01b0\u1ee3c h\u00e0ng.\n*\u0110i\u1ec1u ki\u1ec7n \u00e1p d\u1ee5ng b\u1ea3o h\u00e0nh 12 th\u00e1ng: \n- T\u1ea5t c\u1ea3 c\u00e1c s\u1ea3n ph\u1ea9m \u0111i\u1ec7n t\u1eed \u0111\u01b0\u1ee3c b\u00e1n b\u1edfi TILOKI Shop \n- S\u1ea3n ph\u1ea9m b\u1ecb h\u1ecfng h\u00f3c do l\u1ed7i k\u0129 thu\u1eadt c\u1ee7a nh\u00e0 s\u1ea3n xu\u1ea5t.\n- Kh\u00f4ng qu\u00e1 12 th\u00e1ng k\u1ec3 t\u1eeb khi Kh\u00e1ch h\u00e0ng nh\u1eadn \u0111\u01b0\u1ee3c h\u00e0ng.\n- C\u00f2n gi\u1eef Phi\u1ebfu B\u1ea3o H\u00e0nh do nh\u00e0 s\u1ea3n xu\u1ea5t ho\u1eb7c TILOKI c\u0169ng c\u1ea5p.\n- L\u01b0u \u00fd: Qua 7 ng\u00e0y \u0111\u1ed5i tr\u1ea3 Shop s\u1ebd kh\u00f4ng ch\u1ea5p nh\u1eadn b\u1ea3o h\u00e0nh cho nh\u1eefng s\u1ea3n ph\u1ea9m h\u1ecfng h\u00f3c, b\u1ec3 v\u1ee1 do va \u0111\u1eadp v\u1eadt l\u00fd.\n#tiloki #banla # b\u00e0nl\u00e0h\u01a1in\u01b0\u1edbc ", "is_mart": false, "show_shopee_verified_label": false, "size_chart": null, "reference_item_id": "", "brand": "TILoKi", "item_rating": {"rating_star": 4.9375, "rating_count": [96, 0, 1, 0, 3, 92]}, "label_ids": [1003958, 1003985, 1000260, 1000254, 1000256, 1000258, 1000262, 1000257, 1000255, 1000259, 1000265, 1000269, 1000264, 1000267, 1000263, 1000266, 1000268, 1000275, 1000271, 1000270, 1000276, 1000273, 1000277, 1000278, 1000274, 1000279, 1000272, 1001418, 44, 1001597, 1001693, 1001791, 1001946, 1000752, 1000753, 1001086, 1002071, 1002181, 1002229, 1002263, 1002278, 1002282, 1002343, 1002409, 1002587, 1002763, 1002762, 1002789, 1002835, 1002847, 1002899, 1002933, 1002962, 1002970, 1002990, 1003002, 1003159, 1003167, 1003169, 1000742, 1002603, 1000512, 1003258, 1003259, 1003261, 1003322, 1003362, 1003532, 1003533, 1003567, 1003751, 1000121, 1004078, 1004168, 1004171, 1004211, 1004265, 1004341, 1004360, 1004670, 1004764, 1004774, 1004894, 1004963, 1004983, 1005061, 1005083, 1005147, 1005829, 1005868, 1006199, 1006306, 1006435, 1006483, 1006624, 1006625, 1006642, 1006805, 1007155, 1007190, 1007328, 1007394, 1007516, 1007546, 1007525, 1007765, 1007768, 1007773, 1006856, 1008283, 1008290, 1008313, 1008515, 1008529, 1008793, 1009058, 1009063, 1009190, 1009202, 1009391, 1009427, 1009489, 1009525, 1009774, 1009763, 1009932, 1010033, 1010111, 1010206, 1010210, 1010310, 1010350, 1010449, 1010452, 1010516, 1010518, 1010666, 1010668, 1010765, 1010797, 1010881, 1011081, 1011155, 1011229, 1011293, 1011361, 1011470, 1011654, 1011685, 1011776, 1011909, 1011937, 1012134, 1012191, 1012192, 1012514, 1003125, 1003428, 1003744, 1004366, 1004370, 1004371, 1004374, 1004432, 1000531, 1004542, 1004700, 1004709, 1003794, 1005269, 1005342, 1005460, 1005496, 1005776, 1006037, 1006129, 1006454, 1006641, 1006660, 1006825, 1007182, 1007414, 1007861, 1008562, 1008842, 1008201, 1010213, 1010242, 1011618, 1011619], "attributes": [{"name": "Tr\u1ecdng l\u01b0\u1ee3ng", "value": "1kg", "id": 100095, "is_timestamp": false, "brand_option": null, "val_id": null}, {"name": "Xu\u1ea5t x\u1ee9", "value": "Trung Qu\u1ed1c", "id": 100037, "is_timestamp": false, "brand_option": null, "val_id": null}, {"name": "H\u1ea1n b\u1ea3o h\u00e0nh", "value": "12 th\u00e1ng", "id": 100121, "is_timestamp": false, "brand_option": null, "val_id": null}, {"name": "Lo\u1ea1i b\u1ea3o h\u00e0nh", "value": "B\u1ea3o h\u00e0nh nh\u00e0 cung c\u1ea5p", "id": 100370, "is_timestamp": false, "brand_option": null, "val_id": null}, {"name": "Lo\u1ea1i m\u00e1y \u1ee7i & h\u1ea5p", "value": "B\u00e0n \u1ee7i t\u1ea1o h\u01a1i n\u01b0\u1edbc", "id": 100299, "is_timestamp": false, "brand_option": null, "val_id": null}, {"name": "Lo\u1ea1i m\u1eb7t b\u00e0n \u1ee7i", "value": "Th\u00e9p kh\u00f4ng g\u1ec9", "id": 100332, "is_timestamp": false, "brand_option": null, "val_id": null}, {"name": "Ch\u1ee9ng n\u0103ng b\u00e0n \u1ee7i", "value": "Ch\u1ed1ng ch\u00e1y, T\u1ef1 \u0111\u1ed9ng t\u1eaft, B\u1ec3 n\u01b0\u1edbc th\u00e1o r\u1eddi, Ch\u1ebf \u0111\u1ed9 ti\u1ebft ki\u1ec7m", "id": 100311, "is_timestamp": false, "brand_option": null, "val_id": null}, {"name": "\u0110i\u1ec7n \u00e1p \u0111\u1ea7u v\u00e0o", "value": "220V", "id": 100323, "is_timestamp": false, "brand_option": null, "val_id": null}, {"name": "Ti\u00eau th\u1ee5 \u0111i\u1ec7n n\u0103ng", "value": "1500W", "id": 100355, "is_timestamp": false, "brand_option": null, "val_id": null}, {"name": "K\u00edch th\u01b0\u1edbc (d\u00e0i x r\u1ed9ng x cao)", "value": "28x10x10", "id": 100942, "is_timestamp": false, "brand_option": null, "val_id": null}], "liked": false, "liked_count": 112, "cmt_count": 96, "flag": 2, "shopee_verified": false, "is_adult": false, "is_preferred_plus_seller": false, "tier_variations": [{"name": "M\u00e0u s\u1eafc", "options": ["Xanh", "H\u1ed3ng"], "images": ["cfea8a34cb217f0892d7f1f37b5a6d93", "fa1c574be534bb7c33b906b4eaac9d49"], "properties": null, "type": 0}], "bundle_deal_id": 0, "can_use_bundle_deal": false, "add_on_deal_info": null, "bundle_deal_info": null, "can_use_wholesale": false, "wholesale_tier_list": [], "is_group_buy_item": null, "group_buy_info": null, "welcome_package_type": 0, "welcome_package_info": null, "tax_code": null, "invoice_option": null, "complaint_policy": null, "images": ["e36869c4cac5d9189e90ce956cce553a", "a4ff7ffc9978f0f6f9d6d497488c79b3", "0e1f5519fe698b78b2f8ae624ab77259", "b1c25a64264dac22110cfd69f49b6a07", "173260e9e4c695e40610d50a480c9b24", "96dd2f3ce7c492f7678277066a6389ce", "c69bf6a1d9b651a99cadd33fa9c82923", "e43711929199283c3e12a053cac8aba4", "04b6e163e630043263aea722322c3a27"], "image": "e36869c4cac5d9189e90ce956cce553a", "video_info_list": [{"video_id": "4c873a8e52c95fc4657ec8457c68d466", "thumb_url": "2ee02c7ba2f268210d7c38d8c509f74c", "duration": 26, "version": 2, "vid": "sg_56e1efcd-de19-4636-97f9-13b03703295e_000062", "formats": [{"format": 160011, "defn": "V720P", "profile": "MP4", "path": "", "url": "http://1500000774.vod2.myqcloud.com/c830c918vodtranssgp1500000774/1dc63c2f3701925923698941264/v.f730245.mp4", "width": 640, "height": 852}], "default_format": {"format": 100001, "defn": "ORI", "profile": "MP4", "path": "", "url": "http://1500000774.vod2.myqcloud.com/14092670vodsgp1500000774/1dc63c2f3701925923698941264/pAAEkOcgK0cA.mp4", "width": 640, "height": 852}}], "item_type": 0, "is_official_shop": true, "show_official_shop_label_in_title": true, "shop_location": "H\u00e0 Nam", "coin_earn_label": null, "cb_option": 0, "is_pre_order": false, "estimated_days": 2, "badge_icon_type": 0, "show_free_shipping": true, "shipping_icon_type": 0, "cod_flag": 0, "is_service_by_shopee": false, "show_original_guarantee": false, "categories": [{"catid": 100010, "display_name": "Thi\u1ebft B\u1ecb \u0110i\u1ec7n Gia D\u1ee5ng", "no_sub": false, "is_default_subcat": false}, {"catid": 100038, "display_name": "Thi\u1ebft b\u1ecb \u0111i\u1ec7n gia d\u1ee5ng nh\u1ecf", "no_sub": false, "is_default_subcat": false}, {"catid": 100175, "display_name": "B\u00e0n l\u00e0 kh\u00f4 & H\u01a1i n\u01b0\u1edbc", "no_sub": true, "is_default_subcat": false}], "other_stock": 0, "item_has_post": true, "discount_stock": 4931, "current_promotion_has_reserve_stock": false, "current_promotion_reserved_stock": 0, "normal_stock": 4931, "brand_id": 1256541, "is_alcohol_product": false, "show_recycling_info": false, "coin_info": {"spend_cash_unit": 100000, "coin_earn_items": [{"coin_earn": 0}, {"coin_earn": 0}]}, "models": [{"itemid": 4962795997, "status": 1, "current_promotion_reserved_stock": 0, "name": "Xanh", "promotionid": 1310645098, "price": 58800000000, "price_stocks": [{"allocated_stock": 0, "stock_breakdown_by_location": null}, {"allocated_stock": null, "stock_breakdown_by_location": null}], "current_promotion_has_reserve_stock": false, "normal_stock": 4931, "extinfo": {"tier_index": [0], "group_buy_info": null, "is_pre_order": false, "estimated_days": 2}, "price_before_discount": 88800000000, "modelid": 71814619250, "stock": 4931, "has_gimmick_tag": false}, {"itemid": 4962795997, "status": 1, "current_promotion_reserved_stock": 0, "name": "H\u1ed3ng", "promotionid": 0, "price": 88800000000, "price_stocks": [{"allocated_stock": null, "stock_breakdown_by_location": null}], "current_promotion_has_reserve_stock": false, "normal_stock": 0, "extinfo": {"tier_index": [1], "group_buy_info": null, "is_pre_order": false, "estimated_days": 2}, "price_before_discount": 0, "modelid": 71814619251, "stock": 0, "has_gimmick_tag": false}], "spl_info": {"installment_info": null, "user_credit_info": null, "channel_id": null, "show_spl": false, "show_spl_lite": false}, "preview_info": null, "fe_categories": [{"catid": 11036971, "display_name": "Home Appliances", "no_sub": false, "is_default_subcat": false}, {"catid": 11037016, "display_name": "Garment Care", "no_sub": false, "is_default_subcat": false}, {"catid": 11037018, "display_name": "Steam Irons", "no_sub": true, "is_default_subcat": false}], "presale_info": null, "is_cc_installment_payment_eligible": false, "is_non_cc_installment_payment_eligible": false, "flash_sale": null, "upcoming_flash_sale": null, "deep_discount": null, "has_low_fulfillment_rate": false, "is_partial_fulfilled": false, "makeups": null, "shop_vouchers": null, "global_sold": null, "is_infant_milk_formula_product": false, "should_show_amp_tag": false}