{"itemid": 8894216092, "shopid": 254666730, "userid": 0, "price_max_before_discount": -1, "has_lowest_price_guarantee": false, "price_before_discount": 0, "price_min_before_discount": -1, "exclusive_price_info": null, "hidden_price_display": null, "price_min": 72000000000, "price_max": 72000000000, "price": 72000000000, "stock": 58, "discount": null, "historical_sold": 39, "sold": 9, "show_discount": 0, "raw_discount": 0, "min_purchase_limit": 0, "overall_purchase_limit": {"order_max_purchase_limit": 0, "overall_purchase_limit": null, "item_overall_quota": null, "start_date": null, "end_date": null}, "pack_size": null, "is_live_streaming_price": null, "name": "Ch\u1ea3o ch\u1ed1ng d\u00ednh Inox \u0111\u00e1y t\u1eeb  nguy\u00ean kh\u1ed1i \u0111\u00e1y li\u00ean Elmich Trimax Classic EL-2702OL size 24cm", "ctime": 1632279378, "item_status": "normal", "status": 1, "condition": 1, "catid": 100636, "description": "Th\u00f4ng s\u1ed1 k\u1ef9 thu\u1eadt\nM\u00e0u s\u1eafc: B\u1ea1c\nK\u00edch th\u01b0\u1edbc (\u0110\u01b0\u1eddng k\u00ednh x Chi\u1ec1u cao): ch\u1ea3o 24 x 5.8 cm\nCh\u1ea5t li\u1ec7u: Inox 304 \u0111\u00fac\nL\u00f2ng ch\u1ea3o: Ph\u1ee7 3 l\u1edbp ch\u1ed1ng d\u00ednh Whitford (Hoa K\u1ef3)\nC\u00e1n ch\u1ea3o: C\u00e1n inox\n\u0110\u00e1y ch\u1ea3o: \u0110\u00e1y t\u1eeb, s\u1eed d\u1ee5ng tr\u00ean m\u1ecdi lo\u1ea1i b\u1ebfp\nTh\u01b0\u01a1ng hi\u1ec7u: Elmich\nXu\u1ea5t x\u1ee9: Vi\u1ec7t Nam\n\u0110\u1eb7c t\u00ednh s\u1ea3n ph\u1ea9m\nC\u00f4ng n\u0103ng tuy\u1ec7t v\u1eddi - Tr\u1ee3 th\u1ee7 \u0111\u1eafc l\u1ef1c trong c\u0103n b\u1ebfp c\u1ee7a m\u1eb9\n\nC\u1ea5u t\u1ea1o 2 l\u1edbp th\u00e2n \u0111\u00e1y li\u1ec1n b\u1eaft nhi\u1ec7t nhanh, t\u1ecfa nhi\u1ec7t \u0111\u1ec1u\n\n\n\nTh\u00e2n ch\u1ea3o Trimax classic c\u00f3 c\u1ea5u t\u1ea1o 2 l\u1edbp d\u00e0y d\u1eb7n: \n\nL\u1edbp ngo\u00e0i c\u00f9ng ti\u1ebfp x\u00fac v\u1edbi m\u1eb7t b\u1ebfp l\u00e0 inox 430 cho hi\u1ec7u su\u1ea5t b\u1eaft t\u1eeb l\u00ean \u0111\u1ebfn 98%, gi\u00fap ti\u1ebft ki\u1ec7m nhi\u00ean li\u1ec7u v\u00e0 th\u1eddi gian t\u1ed1i \u0111a khi n\u1ea5u. C\u0169ng nh\u1edd c\u00f3 l\u1edbp \u0111\u00e1y t\u1eeb, ch\u1ea3o Trimax classic d\u00f9ng \u0111\u01b0\u1ee3c tr\u00ean m\u1ecdi lo\u1ea1i b\u1ebfp bao g\u1ed3m b\u1ebfp t\u1eeb, b\u1ebfp h\u1ed3ng ngo\u1ea1i, b\u1ebfp gas,\u2026\n\nPh\u00eda trong l\u00e0 l\u1edbp nh\u00f4m d\u00e0y. \u0110\u00e2y l\u00e0 ch\u1ea5t li\u1ec7u truy\u1ec1n - gi\u1eef nhi\u1ec7t tuy\u1ec7t v\u1eddi gi\u00fap nhi\u1ec7t ph\u00e2n b\u1ed5 nhanh ch\u00f3ng, \u0111\u1ed3ng \u0111\u1ec1u. Th\u1ef1c ph\u1ea9m \u0111\u01b0\u1ee3c l\u00e0m n\u00f3ng t\u1eeb c\u1ea3 th\u00e0nh v\u00e0 \u0111\u00e1y m\u00e0 kh\u00f4ng lo b\u1ecb ch\u00e1y hay b\u00e1m d\u00ednh nh\u1edd \u0111\u00f3 m\u00f3n \u0103n l\u01b0u gi\u1eef tr\u1ecdn v\u1eb9n h\u01b0\u01a1ng v\u1ecb c\u0169ng nh\u01b0 gi\u00e1 tr\u1ecb dinh d\u01b0\u1ee1ng.\n\nCh\u1ed1ng d\u00ednh \u01b0u vi\u1ec7t 3 l\u1edbp Whitford Quantanium \n\nL\u00f2ng ch\u1ea3o Trimax classic \u0111\u01b0\u1ee3c ph\u1ee7 ch\u1ed1ng d\u00ednh 3 l\u1edbp Whitford Quantanium m\u00e0u \u0111en \u00e1nh kim cho \u0111\u1ed9 b\u1ec1n b\u1ec9 t\u1ed1i \u01b0u. \u0110\u00e2y l\u00e0 lo\u1ea1i ch\u1ed1ng d\u00ednh tuy\u1ec7t \u0111\u1ed1i an to\u00e0n cho s\u1ee9c kh\u1ecfe, kh\u00f4ng ch\u1ee9a c\u00e1c ch\u1ea5t c\u00f3 h\u1ea1i nh\u01b0 PFOA, APEO. Ch\u1ed1ng d\u00ednh Whitford \u0111\u1ea1t ti\u00eau chu\u1ea9n FDA c\u1ee7a M\u1ef9 v\u00e0 \u0111\u01b0\u1ee3c s\u1eed d\u1ee5ng tr\u00ean to\u00e0n th\u1ebf gi\u1edbi.\n\nC\u0169ng nh\u1edd l\u1edbp ch\u1ed1ng d\u00ednh \u01b0u vi\u1ec7t n\u00e0y, b\u1ea1n c\u00f3 th\u1ec3 gi\u1ea3m \u0111i m\u1ed9t l\u01b0\u1ee3ng \u0111\u00e1ng k\u1ec3 d\u1ea7u m\u1ee1 khi chi\u00ean x\u00e0o m\u00e0 kh\u00f4ng c\u1ea7n e ng\u1ea1i nguy c\u01a1 th\u1ef1c ph\u1ea9m d\u00ednh s\u00e1t v\u00e0o l\u00f2ng ch\u1ea3o.\n\nThi\u1ebft k\u1ebf \u0111\u01a1n gi\u1ea3n, ti\u1ec7n l\u1ee3i\n\nKi\u1ec3u d\u00e1ng hi\u1ec7n \u0111\u1ea1i: Ch\u1ea3o inox 2 l\u1edbp cao c\u1ea5p \u0111\u00e1y li\u1ec1n Trimax classic s\u1edf h\u1eefu di\u1ec7n m\u1ea1o sang tr\u1ecdng, chu\u1ea9n ch\u00e2u \u00c2u v\u1edbi ch\u1ea5t li\u1ec7u inox s\u00e1ng b\u00f3ng b\u00ean ngo\u00e0i b\u1ec1 m\u1eb7t ch\u1ea3o. L\u00f2ng ch\u1ea3o ph\u1ee7 ch\u1ed1ng d\u00ednh s\u01a1n \u0111en tr\u01a1n nh\u1eb5n \u0111em \u0111\u1ebfn di\u1ec7n m\u1ea1o tr\u1ebb trung, hi\u1ec7n \u0111\u1ea1i.\n\nTay c\u1ea7m inox s\u00e1ng b\u00f3ng: Thi\u1ebft k\u1ebf tay c\u1ea7m inox 304 ch\u1ed1ng n\u00f3ng t\u1ed1t, ch\u1eafc ch\u1eafn \u0111em \u0111\u1ebfn s\u1ef1 d\u1ec5 ch\u1ecbu tho\u1ea3i m\u00e1i cho ng\u01b0\u1eddi d\u00f9ng. Ngo\u00e0i ra, ph\u00eda cu\u1ed1i tay c\u1ea7m \u0111\u01b0\u1ee3c thi\u1ebft k\u1ebf l\u1ed7 m\u00f3c treo ti\u1ec7n d\u1ee5ng.\n\nK\u00edch th\u01b0\u1edbc ph\u00f9 h\u1ee3p v\u00e0 ti\u1ec7n d\u1ee5ng   \n\nK\u00edch th\u01b0\u1edbc ch\u1ea3o 24cm th\u00edch h\u1ee3p v\u1edbi nhi\u1ec1u nhu c\u1ea7u n\u1ea5u n\u01b0\u1edbng kh\u00e1c nhau trong gia \u0111\u00ecnh.\n", "is_mart": false, "show_shopee_verified_label": false, "size_chart": null, "reference_item_id": "", "brand": "Elmich", "item_rating": {"rating_star": 4.666666666666667, "rating_count": [15, 1, 0, 0, 1, 13]}, "label_ids": [1000476, 1003985, 1001042, 1001051, 1001054, 1001067, 1001070, 1001086, 1001087, 1001089, 1000959, 1000963, 1000969, 1000975, 1000979, 1000982, 1000988, 1001005, 1001015, 1001016, 1001033, 1001040, 44, 1000258, 1000262, 1000259, 1000260, 1000256, 1000254, 1000263, 1000255, 1000257, 1000518, 1000520, 1000266, 1000268, 1000267, 1000269, 1000270, 1000273, 1000271, 1000272, 1000275, 1000278, 1000277, 1000276, 1000274, 1000513, 1000604, 1000619, 1000633, 1000634, 1000647, 1000661, 1000662, 1000669, 1000670, 1000700, 1000705, 1000709, 1000710, 1000713, 1000714, 1000716, 1000727, 1000729, 1000738, 1000740, 1000741, 1000744, 1000746, 1000747, 1000748, 1000749, 1000752, 1000758, 1000760, 1000764, 1000773, 1000776, 1000788, 1000790, 1000797, 1000799, 1000805, 1000264, 1000279, 1000265, 1000815, 1000830, 1000838, 1000849, 1000866, 1000867, 1000872, 1000874, 1000873, 1000879, 1000886, 1000902, 1000907, 1000931, 1000934, 1000937, 1000938, 1000941, 1000946, 1001321, 1001324, 1001352, 1001353, 1000558, 1000643, 1000722, 1000732, 1000951, 1000956, 1000957, 1000984, 1001060, 1001388, 1001396, 1001043, 1001549, 1001728, 1001748, 1001790, 1001837, 1001827, 1001857, 1001903, 1001946, 1001959, 1002071, 1002105, 1002130, 1002132, 1002163, 1002182, 1002229, 1002232, 1002373, 1002343, 1002408, 1002433, 1002480, 1002587, 1002639, 1002756, 1002792, 1002898, 1002899, 1002962, 1002990, 1002997, 1002998, 1003002, 1003133, 1003159, 1003167, 1003169, 1003258, 1003259, 1003261, 1003283, 1003323, 1003362, 1003467, 1003532, 1003751, 1003777, 1000121, 1004168, 1004213, 1004764, 1004774, 1004879, 1004894, 1004921, 1004983, 1005026, 1000182, 1005061, 1005083, 1005147, 1005261, 1005490, 1005868, 1006199, 1006306, 1006805, 1007155, 1007286, 1007328, 1007394, 1007516, 1007521, 1007546, 1007525, 1007589, 1007765, 1007768, 1007773, 1006856, 1007457, 1008093, 1008283, 1008290, 1008313, 1008358, 1008515, 1008529, 1008755, 1008793, 1008875, 1009058, 1009063, 1009226, 1009391, 1009427, 1009525, 1009763, 1010033, 1010111, 1010210, 1010310, 1010449, 1010452, 1010666, 1010668, 1010797, 1010881, 1011072, 1011062, 1011155, 1011293, 1011470, 1011654, 1011685, 1011843, 1011909, 1012191, 1012192, 1012514, 1009488, 1010455, 1011193, 1011378], "attributes": null, "liked": false, "liked_count": 5, "cmt_count": 15, "flag": 0, "shopee_verified": false, "is_adult": false, "is_preferred_plus_seller": false, "tier_variations": [{"name": "", "options": [""], "images": null, "properties": null, "type": 0}], "bundle_deal_id": 0, "can_use_bundle_deal": false, "add_on_deal_info": null, "bundle_deal_info": null, "can_use_wholesale": false, "wholesale_tier_list": [], "is_group_buy_item": null, "group_buy_info": null, "welcome_package_type": 0, "welcome_package_info": null, "tax_code": null, "invoice_option": null, "complaint_policy": null, "images": ["66f261b264fdc160a3474c1320222b7e", "0e1066822643e3176c7baff6c2883c09", "9efb0f32902322c9dcc69ea081ac56c9", "f763ce2a3c1fc08f4d35aba1415d2193"], "image": "66f261b264fdc160a3474c1320222b7e", "video_info_list": null, "item_type": 0, "is_official_shop": true, "show_official_shop_label_in_title": true, "shop_location": "H\u00e0 N\u1ed9i", "coin_earn_label": null, "cb_option": 0, "is_pre_order": false, "estimated_days": 2, "badge_icon_type": 0, "show_free_shipping": false, "shipping_icon_type": 0, "cod_flag": 0, "is_service_by_shopee": false, "show_original_guarantee": false, "categories": [{"catid": 100636, "display_name": "Nh\u00e0 c\u1eeda & \u0110\u1eddi s\u1ed1ng", "no_sub": false, "is_default_subcat": false}, {"catid": 100717, "display_name": "D\u1ee5ng c\u1ee5 nh\u00e0 b\u1ebfp", "no_sub": false, "is_default_subcat": false}, {"catid": 101218, "display_name": "Ch\u1ea3o", "no_sub": true, "is_default_subcat": false}], "other_stock": 58, "item_has_post": false, "discount_stock": 0, "current_promotion_has_reserve_stock": false, "current_promotion_reserved_stock": 0, "normal_stock": 58, "brand_id": 1300778, "is_alcohol_product": false, "show_recycling_info": false, "coin_info": {"spend_cash_unit": 100000, "coin_earn_items": [{"coin_earn": 0}]}, "models": [{"itemid": 8894216092, "status": 1, "current_promotion_reserved_stock": 0, "name": "", "promotionid": 0, "price": 72000000000, "price_stocks": [{"allocated_stock": null, "stock_breakdown_by_location": [{"location_id": "VNZ", "available_stock": 58, "fulfilment_type": 2, "address_id": null}]}], "current_promotion_has_reserve_stock": false, "normal_stock": 58, "extinfo": {"tier_index": [0], "group_buy_info": null, "is_pre_order": false, "estimated_days": 2}, "price_before_discount": 0, "modelid": 77347436062, "stock": 58, "has_gimmick_tag": false}], "spl_info": {"installment_info": null, "user_credit_info": null, "channel_id": null, "show_spl": false, "show_spl_lite": false}, "preview_info": null, "fe_categories": [], "presale_info": null, "is_cc_installment_payment_eligible": false, "is_non_cc_installment_payment_eligible": false, "flash_sale": null, "upcoming_flash_sale": null, "deep_discount": null, "has_low_fulfillment_rate": false, "is_partial_fulfilled": true, "makeups": null, "shop_vouchers": null, "global_sold": null, "is_infant_milk_formula_product": false, "should_show_amp_tag": false}