{"itemid": 6672398897, "shopid": 259421140, "userid": 0, "price_max_before_discount": 109000000000, "has_lowest_price_guarantee": false, "price_before_discount": 59000000000, "price_min_before_discount": 59000000000, "exclusive_price_info": null, "hidden_price_display": null, "price_min": 59000000000, "price_max": 98100000000, "price": 59000000000, "stock": 2288, "discount": "10%", "historical_sold": 40, "sold": 0, "show_discount": 10, "raw_discount": 10, "min_purchase_limit": 0, "overall_purchase_limit": {"order_max_purchase_limit": 0, "overall_purchase_limit": null, "item_overall_quota": null, "start_date": null, "end_date": null}, "pack_size": null, "is_live_streaming_price": null, "name": "N\u1ed3i C\u01a1m \u0110i\u1ec7n Cao C\u1ea5p Mishio MK233 0.8 L\u00edt", "ctime": 1609387455, "item_status": "normal", "status": 1, "condition": 1, "catid": 100010, "description": "N\u1ed3i C\u01a1m \u0110i\u1ec7n Cao C\u1ea5p Mishio MK233 0.8 L\u00edt v\u1edbi nh\u1eefng ch\u1ee9c n\u0103ng nh\u01b0: n\u1ea5u, h\u1ea5p, lu\u1ed9c, gi\u1eef \u1ea5m th\u00ec b\u1eefa \u0103n c\u1ee7a b\u1ea1n c\u0169ng tr\u1edf n\u00ean ngon h\u01a1n, an to\u00e0n h\u01a1n, v\u1ec7\u00a0sinh h\u01a1n. Ki\u1ec3u d\u00e1ng nh\u1ecf g\u1ecdn, thi\u1ebft k\u1ebf nh\u1ecf g\u1ecdn gi\u00fap kh\u00f4ng gian s\u1ed1ng c\u1ee7a b\u1ea1n \u0111\u1ed9c \u0111\u00e1o h\u01a1n.\u00a0\n\nChi ti\u1ebft n\u1ed3i c\u01a1m \u0111i\u1ec7n cao c\u1ea5p Mishio MK233\nThi\u1ebft k\u1ebf n\u1ed5i b\u1eadt\nN\u1ed3i c\u01a1m \u0111i\u1ec7n Mishio MK233 n\u1ed5i b\u1eadt v\u1edbi s\u1eafc tr\u1eafng sang tr\u1ecdng, c\u00f9ng thi\u1ebft k\u1ebf bo tr\u00f2n l\u1ea1 m\u1eaft nh\u1ecf g\u1ecdn ti\u1ec7n l\u1ee3i, \u0111\u1ed9c \u0111\u00e1o.\u00a0\n\nDung t\u00edch 0.8 l\u00edt\nV\u1edbi dung t\u00edch n\u00e0y, chi\u1ebfc n\u1ed3i c\u01a1m \u0111i\u1ec7n mini Mishio MK233 ph\u00f9 h\u1ee3p cho c\u00e1c b\u1ea1n s\u1ed1ng \u0111\u1ed9c th\u00e2n ho\u1eb7c sinh vi\u00ean t\u1eeb 1-2 ng\u01b0\u1eddi, nh\u1eefng ng\u01b0\u1eddi \u0103n \u00edt c\u01a1m...\n\nL\u00f2ng n\u1ed3i ch\u1ed1ng d\u00ednh\nL\u00f2ng n\u1ed3i \u0111\u01b0\u1ee3c l\u00e0m t\u1eeb ch\u1ea5t li\u1ec7u h\u1ee3p kim nh\u00f4m d\u00e0y, v\u1edbi \u00e1nh v\u00e0ng kim b\u00ean ngo\u00e0i sang tr\u1ecdng. L\u00f2ng n\u1ed3i \u0111\u01b0\u1ee3c ph\u1ee7 l\u1edbp ch\u1ed1ng d\u00ednh gi\u00fap c\u01a1m n\u1ea5u ngon h\u01a1n, vi\u1ec7c v\u1ec7 sinh n\u1ed3i c\u0169ng d\u1ec5 d\u00e0ng h\u01a1n. L\u00f2ng n\u1ed3i c\u00f3 c\u00e1c v\u1ea1ch chia gi\u00fap b\u1ea1n \u0111\u1ecbnh l\u01b0\u1ee3ng \u0111\u01b0\u1ee3c l\u01b0\u1ee3ng n\u01b0\u1edbc t\u1ed1t h\u01a1n, c\u01a1m th\u00eam ngon h\u01a1n.\n\nC\u00f4ng ngh\u1ec7 n\u1ea5u c\u01a1m nhanh ch\u00f3ng\nC\u00f4ng ngh\u1ec7 n\u1ea5u 1D v\u1edbi 1 m\u00e2m t\u1ecfa nhi\u1ec7t t\u1eeb d\u01b0\u1edbi d\u00e1y. M\u00e2m nhi\u1ec7t truy\u1ec1n \u0111\u1ec1u ra th\u00e0nh n\u1ed3i, gi\u00fap c\u01a1m hay c\u00e1c th\u1ef1c ph\u1ea9m \u0111\u01b0\u1ee3c n\u1ea5u ch\u00edn nhanh v\u00e0 \u0111\u1ed3ng \u0111\u1ec1u h\u01a1n. C\u00f4ng su\u1ea5t c\u1ee7a N\u1ed3i c\u01a1m \u0111i\u1ec7n Mishio MK233 \u0111\u1ea1t 250W gi\u00fap ti\u1ebft ki\u1ec7m \u0111i\u1ec7n n\u0103ng \u0111\u00e1ng k\u1ec3\n\nC\u00e1c \u0111\u1eb7c \u0111i\u1ec3m kh\u00e1c\n- N\u1ed3i c\u01a1m\u00a0c\u00f3 thi\u1ebft k\u1ebf van tho\u00e1t h\u01a1i, gi\u00fap n\u1ed3i c\u01a1m kh\u00f4ng b\u1ecb \u0111\u1ecdng n\u01b0\u1edbc, h\u1ea1t c\u01a1m th\u00eam r\u00e1o v\u00e0 kh\u00f3 b\u1ecb h\u01b0 h\u1ecfng, c\u01a1m \u0111\u1ec3 \u0111\u01b0\u1ee3c l\u00e2u h\u01a1n\n- N\u1ed3i c\u01a1m n\u1eafp g\u00e0i d\u00f9ng \u0111\u01a1n gi\u1ea3n v\u1edbi 2 ch\u1ebf \u0111\u1ed9 n\u1ea5u v\u00e0 h\u00e2m n\u00f3ng, \u0111i\u1ec1u khi\u1ec3n b\u1eb1ng n\u00fat g\u1ea1t\n- \u0110\u00e8n b\u00e1o n\u1ea5u gi\u00fap b\u1ea1n d\u1ec5 theo d\u00f5i qu\u00e1 tr\u00ecnh n\u1ea5u ch\u00edn c\u01a1m d\u1ec5 h\u01a1n\n- Ph\u1ee5 ki\u1ec7n \u0111i k\u00e8m c\u1ee7a n\u1ed3i g\u1ed3m v\u00e1 c\u01a1m v\u00e0 c\u1ed1c \u0111ong g\u1ea1o ti\u1ec7n l\u1ee3i\n- D\u00e2y \u0111i\u1ec7n r\u1eddi gi\u00fap b\u1ea1n d\u1ec5 d\u00e0ng b\u1ea3o qu\u1ea3n v\u00e0 g\u1ecdn h\u01a1n\n\nH\u01a1n c\u1ea3 m\u1ed9t chi\u1ebfc n\u1ed3i c\u01a1m\nNgo\u00e0i ch\u1ee9c n\u0103ng ch\u00ednh l\u00e0 n\u1ea5u c\u01a1m, b\u1ea1n c\u0169ng c\u00f3 th\u1ec3 s\u1eed d\u1ee5ng n\u1ed3i \u0111\u1ec3 n\u1ea5u canh, n\u1ea5u ch\u00e1o, n\u1ea5u l\u1ea9u, lu\u1ed9c m\u00ec, h\u1ea5p th\u1ee9c \u0103n\u2026.B\u1eefa \u0103n th\u00eam \u0111ong \u0111\u1ea7y ch\u1ec9 v\u1edbi chi\u1ebfc n\u1ed3i nh\u1ecf xinh n\u00e0y\n\nTH\u00d4NG S\u1ed0 K\u1ef8 THU\u1eacT\nModel: MK233\nM\u00e0u s\u1eafc: Tr\u1eafng\nDung t\u00edch: 0.8L\nCh\u1ea5t li\u1ec7u: Nh\u1ef1a PP ch\u1ecbu nhi\u1ec7t, h\u1ee3p kim nh\u00f4m\nK\u00edch th\u01b0\u1edbc s\u1ea3n ph\u1ea9m: 21.5 \u00d721.5 \u00d719.5cm\nK\u00edch th\u01b0\u1edbc \u0111\u00f3ng h\u1ed9p: 21 \u00d718.7\u00d7 17.3cm\nKh\u1ed1i l\u01b0\u1ee3ng (N.w): 1.8kg\nKh\u1ed1i l\u01b0\u1ee3ng (G.w): 2.1kg\nXu\u1ea5t x\u1ee9 th\u01b0\u01a1ng hi\u1ec7u: Vi\u1ec7t Nam\nS\u1ea3n xu\u1ea5t t\u1ea1i: Trung Qu\u1ed1c", "is_mart": false, "show_shopee_verified_label": false, "size_chart": null, "reference_item_id": "", "brand": "MISHIO", "item_rating": {"rating_star": 4.75, "rating_count": [20, 0, 0, 1, 3, 16]}, "label_ids": [1000959, 1000256, 1000255, 1000257, 1000254, 1000258, 1000260, 1000259, 1000262, 1000264, 1000266, 1000265, 1000263, 1000267, 1000268, 1000269, 1000270, 1000274, 1000272, 1000271, 1000273, 1000276, 1000275, 1000277, 1000279, 1000278, 1000660, 1000710, 1000742, 1002498, 1002603, 1003258, 1003259, 1000121, 1000300, 1003322, 1004341, 1005829, 1006117, 1006306, 1006625, 1006642, 1006669, 1007155, 1007190, 1007328, 1007394, 1007430, 1007516, 1007546, 1007589, 1007765, 1007768, 1006856, 1008283, 1008290, 1008313, 1008515, 1008793, 1009058, 1009063, 1009202, 1009427, 44, 1000512, 1007525, 1009763, 1010033, 1010111, 1010210, 1010310, 1010449, 1010452, 1010666, 1010668, 1010797, 1010881, 1011155, 1011293, 1011470, 1011654, 1011685, 1011909, 1012191, 1012192, 1012514, 1003744, 1004709, 1005269, 1005377, 1005776, 1006578, 1006641, 1006660, 1006825, 1007100, 1007099, 1007262, 1007414, 1007696, 1007861, 1008542, 1008842, 1009167, 1008201, 1009687, 1010213, 1010242, 1010348, 1011193, 1011378, 1011627, 1011629, 1012011], "attributes": null, "liked": false, "liked_count": 59, "cmt_count": 20, "flag": 2, "shopee_verified": false, "is_adult": false, "is_preferred_plus_seller": false, "tier_variations": [{"name": "Model", "options": ["MK233", "MK265", "MK300"], "images": ["964ebd5d5c4b7aa0a9e29ff4bb6771a0", "546152d9ecc2b5fda0a34e152506d0c2", "e4cae45d90e5d6d58199dc101740da48"], "properties": null, "type": 0}], "bundle_deal_id": 0, "can_use_bundle_deal": false, "add_on_deal_info": {"add_on_deal_id": 6481246, "add_on_deal_label": "Mua \u0111\u1ec3 nh\u1eadn qu\u00e0", "sub_type": 1, "status": 1}, "bundle_deal_info": null, "can_use_wholesale": false, "wholesale_tier_list": [], "is_group_buy_item": null, "group_buy_info": null, "welcome_package_type": 0, "welcome_package_info": null, "tax_code": null, "invoice_option": null, "complaint_policy": null, "images": ["a999f36682ab57e029a3d2c5d424ed32", "b34fe02a61f6db9ea1dff6547bdf57a6", "7b0f85316fe4a01bd3280063821ca58b", "3d787ac7c7f39a2428a8b2c9d6283b5a", "c755a40ccee424e2e2c9dccfd93020c3", "ae153b14ae50c124f593c75dca064b1d", "a1cbd9277462965e61466767b30ae832", "064630fab80d65d31f076ab469409186"], "image": "a999f36682ab57e029a3d2c5d424ed32", "video_info_list": [{"video_id": "0d5ee199c933fa47a708d6bf6f079f71", "thumb_url": "a8cf76efbda3c5aa0c6691e8447857cf", "duration": 25, "version": 2, "vid": "sg_bacf7a81-f754-4e04-b8a9-eb21caec6466_000065", "formats": [{"format": 660011, "defn": "V720P", "profile": "MP4", "path": "", "url": "http://play-ws.vod.shopee.com/c3/98934353/105/YzMsMjM5LTQ3NTczLDE0Mzg1Mzg3Nzk4MDA5NzMzMTIsMg.mp4", "width": 1280, "height": 720}], "default_format": {"format": 100001, "defn": "ORI", "profile": "MP4", "path": "", "url": "http://1500000774.vod2.myqcloud.com/14092670vodsgp1500000774/5f18f7e93701925924332362968/XFMRVu4qYZ4A.mp4", "width": 1920, "height": 1080}}], "item_type": 0, "is_official_shop": true, "show_official_shop_label_in_title": true, "shop_location": "B\u00ecnh D\u01b0\u01a1ng", "coin_earn_label": null, "cb_option": 0, "is_pre_order": false, "estimated_days": 2, "badge_icon_type": 0, "show_free_shipping": true, "shipping_icon_type": 0, "cod_flag": 0, "is_service_by_shopee": false, "show_original_guarantee": false, "categories": [{"catid": 100010, "display_name": "Thi\u1ebft B\u1ecb \u0110i\u1ec7n Gia D\u1ee5ng", "no_sub": false, "is_default_subcat": false}, {"catid": 100041, "display_name": "\u0110\u1ed3 gia d\u1ee5ng nh\u00e0 b\u1ebfp", "no_sub": false, "is_default_subcat": false}, {"catid": 100207, "display_name": "N\u1ed3i c\u01a1m \u0111i\u1ec7n", "no_sub": true, "is_default_subcat": false}], "other_stock": 1077, "item_has_post": true, "discount_stock": 1211, "current_promotion_has_reserve_stock": false, "current_promotion_reserved_stock": 0, "normal_stock": 2288, "brand_id": 1074876, "is_alcohol_product": false, "show_recycling_info": false, "coin_info": {"spend_cash_unit": 100000, "coin_earn_items": [{"coin_earn": 0}, {"coin_earn": 0}, {"coin_earn": 0}]}, "models": [{"itemid": 6672398897, "status": 1, "current_promotion_reserved_stock": 0, "name": "MK300", "promotionid": 1315012199, "price": 98100000000, "price_stocks": [{"allocated_stock": 0, "stock_breakdown_by_location": null}, {"allocated_stock": null, "stock_breakdown_by_location": null}], "current_promotion_has_reserve_stock": false, "normal_stock": 1211, "extinfo": {"tier_index": [2], "group_buy_info": null, "is_pre_order": null, "estimated_days": 2}, "price_before_discount": 109000000000, "modelid": 104104661988, "stock": 1211, "has_gimmick_tag": false}, {"itemid": 6672398897, "status": 1, "current_promotion_reserved_stock": 0, "name": "MK233", "promotionid": 0, "price": 71311600000, "price_stocks": [{"allocated_stock": null, "stock_breakdown_by_location": null}], "current_promotion_has_reserve_stock": false, "normal_stock": 0, "extinfo": {"tier_index": [0], "group_buy_info": null, "is_pre_order": null, "estimated_days": 2}, "price_before_discount": 0, "modelid": 104104661989, "stock": 0, "has_gimmick_tag": false}, {"itemid": 6672398897, "status": 1, "current_promotion_reserved_stock": 0, "name": "MK265", "promotionid": 0, "price": 59000000000, "price_stocks": [{"allocated_stock": null, "stock_breakdown_by_location": null}], "current_promotion_has_reserve_stock": false, "normal_stock": 1077, "extinfo": {"tier_index": [1], "group_buy_info": null, "is_pre_order": null, "estimated_days": 2}, "price_before_discount": 0, "modelid": 104104661990, "stock": 1077, "has_gimmick_tag": false}], "spl_info": {"installment_info": null, "user_credit_info": null, "channel_id": null, "show_spl": false, "show_spl_lite": false}, "preview_info": null, "fe_categories": [{"catid": 11036971, "display_name": "Home Appliances", "no_sub": false, "is_default_subcat": false}, {"catid": 11111620, "display_name": "Electric Cookers", "no_sub": false, "is_default_subcat": false}, {"catid": 11111625, "display_name": "Rice Cookers & Steamers", "no_sub": true, "is_default_subcat": false}], "presale_info": null, "is_cc_installment_payment_eligible": false, "is_non_cc_installment_payment_eligible": false, "flash_sale": null, "upcoming_flash_sale": null, "deep_discount": null, "has_low_fulfillment_rate": false, "is_partial_fulfilled": false, "makeups": null, "shop_vouchers": null, "global_sold": null, "is_infant_milk_formula_product": false, "should_show_amp_tag": false}