{"itemid": 12551607784, "shopid": 259421140, "userid": 0, "price_max_before_discount": 199000000000, "has_lowest_price_guarantee": false, "price_before_discount": 199000000000, "price_min_before_discount": 199000000000, "exclusive_price_info": null, "hidden_price_display": null, "price_min": 179100000000, "price_max": 199000000000, "price": 179100000000, "stock": 1141, "discount": "10%", "historical_sold": 0, "sold": 0, "show_discount": 10, "raw_discount": 10, "min_purchase_limit": 0, "overall_purchase_limit": {"order_max_purchase_limit": 0, "overall_purchase_limit": null, "item_overall_quota": null, "start_date": null, "end_date": null}, "pack_size": null, "is_live_streaming_price": null, "name": "N\u1ed3i C\u01a1m \u00c1p Su\u1ea5t Mishio MK303 n\u1ea5u ch\u00e1o em b\u00e9, n\u1ea5u c\u01a1m nh\u00e0 \u00edt ng\u01b0\u1eddi si\u00eau ti\u1ec7n l\u1ee3i", "ctime": 1637036178, "item_status": "normal", "status": 1, "condition": 1, "catid": 100010, "description": "\u0110\u1eb6C \u0110I\u1ec2M N\u1ed4I B\u1eacT\n\n- N\u00fat \u0111i\u1ec1u khi\u1ec3n c\u01a1 ho\u1ea1t \u0111\u1ed9ng nhanh nh\u1ea1y, s\u1eed d\u1ee5ng \u0111\u01a1n gi\u1ea3n\n- Ki\u1ec3u d\u00e1ng trang nh\u00e3, sang tr\u1ecdng\n- C\u00f4ng su\u1ea5t m\u1ea1nh m\u1ebd \u0111\u1ea1t 600W, dung t\u00edch 1.0 L\n- C\u1ea5u t\u1ea1o th\u00e0nh ph\u1ea7n b\u1eb1ng nh\u1ef1a PP, h\u1ee3p kim nh\u00f4m\n\nT\u1ed4NG QUAN\n\nN\u1ed3i c\u01a1m \u0111i\u1ec7n l\u00e0 s\u1ea3n ph\u1ea9m c\u1ea5p thi\u1ebft cho m\u1ed7i c\u00e1 nh\u00e2n v\u00e0 m\u1ed7i gia \u0111\u00ecnh. \u0110\u1ed1i v\u1edbi nhu c\u1ea7u s\u1eed d\u1ee5ng \u1edf Vi\u1ec7t Nam \u0111\u00e3 c\u00f3 r\u1ea5t nhi\u1ec1u m\u1eabu m\u00e3 \u0111\u01b0\u1ee3c ra \u0111\u1eddi, b\u00ean c\u1ea1nh \u0111\u00f3 Mishio c\u0169ng \u0111\u00e3 nghi\u00ean c\u1ee9u cho ra d\u00f2ng c\u01a1m \u0111i\u1ec7n mini ph\u00f9 h\u1ee3p s\u1eed d\u1ee5ng c\u00e1 nh\u00e2n, gia \u0111\u00ecnh 2-4 ng\u01b0\u1eddi.\n\nN\u1ed3i C\u01a1m \u0110i\u1ec7n Mini Mishio MK303 \u0111\u01b0\u1ee3c thi\u1ebft k\u1ebf v\u00f4 c\u00f9ng nh\u1ecf g\u1ecdn, ti\u1ec7n l\u1ee3i, ti\u1ebft ki\u1ec7m di\u1ec7n t\u00edch khi s\u1eed d\u1ee5ng. N\u1ed3i c\u00f3 ki\u1ec3u d\u00e1ng hi\u1ec7n \u0111\u1ea1i, m\u00e0u n\u00e2u trang nh\u00e3, mang l\u1ea1i s\u1ea3n ph\u1ea9m n\u1ed3i c\u01a1m \u0111i\u1ec7n \u0111\u1eb9p m\u1eaft, t\u00f4 \u0111i\u1ec3m th\u00eam v\u1ebb sang tr\u1ecdng cho gian b\u1ebfp, m\u1eb7t trong n\u1eafp n\u1ed3i c\u01a1m c\u00f3 th\u1ec3 th\u00e1o r\u1eddi \u0111\u1ec3 b\u1ea1n d\u1ec5 l\u00e0m v\u1ec7 sinh.\n\nV\u1edbi n\u1ed3i c\u01a1m \u0111i\u1ec7n mini MK303 \u0111\u00e3 \u0111\u01b0\u1ee3c nghi\u00ean c\u1ee9u v\u00e0 s\u1eed d\u1ee5ng v\u1edbi c\u00f4ng su\u1ea5t m\u1ea1nh m\u1ebd \u0111\u1ea1t 600W c\u00f9ng dung t\u00edch 1.0 L\u00edt ph\u00f9 h\u1ee3p s\u1eed d\u1ee5ng cho c\u1ea3 gia \u0111\u00ecnh c\u00f3 gian b\u1ebfp nh\u1ecf.\n\nN\u1ed3i c\u01a1m \u0111i\u1ec7n mini d\u1ec5 d\u00e0ng s\u1eed d\u1ee5ng v\u1edbi n\u00fat nh\u1ea5n c\u01a1. B\u1ea1n ch\u1ec9 c\u1ea7n vo g\u1ea1o cho v\u00e0o n\u1ed3i, n\u1ed1i thi\u1ebft b\u1ecb v\u1edbi ngu\u1ed3n \u0111i\u1ec7n, sau \u0111\u00f3 nh\u1ea5n n\u00fat l\u00e0 n\u1ed3i c\u01a1m \u0111\u00e3 ho\u1ea1t \u0111\u1ed9ng. Sau khi c\u01a1m ch\u00edn, n\u1ed3i s\u1ebd t\u1ef1 \u0111\u1ed9ng chuy\u1ec3n qua ch\u1ebf \u0111\u1ed9 gi\u1eef \u1ea5m. B\u1ea1n c\u00f3 th\u1ec3 th\u01b0\u1edfng th\u1ee9c b\u1eefa c\u01a1m \u1ea5m n\u00f3ng v\u00e0o b\u1ea5t k\u1ec3 khi n\u00e0o.\n\nL\u00f2ng n\u1ed3i tr\u00e1ng men ch\u1ed1ng d\u00ednh, gi\u00fap c\u01a1m ch\u00edn \u0111\u1ec1u ngon h\u01a1n, kh\u00f4ng b\u1ecb b\u00e1m d\u00ednh c\u01a1m v\u00e0o l\u00f2ng n\u1ed3i, v\u00ec v\u1eady d\u1ec5 d\u00e0ng v\u1ec7 sinh s\u1ea3n ph\u1ea9m. L\u1edbp men kh\u00f4ng b\u1ecb \u0103n m\u00f2n trong qu\u00e1 tr\u00ecnh s\u1eed d\u1ee5ng, an to\u00e0n cho s\u1ee9c kh\u1ecfe.\n\nTH\u00d4NG S\u1ed0 K\u0128 THU\u1eacT:\nT\u00ean s\u1ea3n ph\u1ea9m: N\u1ed3i c\u01a1m \u0111i\u1ec7n \u00e1p su\u1ea5t mini Mishio Mk303\nModel: MK303\nN\u0103m s\u1ea3n xu\u1ea5t: 11/2021\nM\u00e0u s\u1eafc: \u0110en\nC\u00f4ng su\u1ea5t: 600W\n\u0110i\u1ec7n \u00e1p: 220-240V/ 50-60 Hz\nDung t\u00edch: 1L\nCh\u1ea5t li\u1ec7u: Nh\u1ef1a PP, h\u1ee3p kim nh\u00f4m\nK\u00edch th\u01b0\u1edbc s\u1ea3n ph\u1ea9m: 24.5 x 23.8 x 25 cm\nK\u00edch th\u01b0\u1edbc \u0111\u00f3ng th\u00f9ng: 28.2 x 27 x 27.8 cm\nKh\u1ed1i l\u01b0\u1ee3ng s\u1ea3n ph\u1ea9m: 2.95 kg\nKh\u1ed1i l\u01b0\u1ee3ng \u0111\u00f3ng th\u00f9ng: 3.45 kg\nS\u1ea3n xu\u1ea5t: Trung Qu\u1ed1c\nTh\u01b0\u01a1ng hi\u1ec7u: Vi\u1ec7t Nam\n\n", "is_mart": false, "show_shopee_verified_label": false, "size_chart": null, "reference_item_id": "", "brand": "MISHIO", "item_rating": {"rating_star": 0, "rating_count": [0, 0, 0, 0, 0, 0]}, "label_ids": [1000959, 1000256, 1000255, 1000257, 1000254, 1000258, 1000260, 1000259, 1000262, 1000264, 1000266, 1000265, 1000263, 1000267, 1000268, 1000269, 1000270, 1000274, 1000272, 1000271, 1000273, 1000276, 1000275, 1000277, 1000279, 1000278, 1000660, 1000710, 1000742, 1002498, 1002603, 1003258, 1003259, 1000121, 1000300, 1003322, 1004341, 1005829, 1006117, 1006306, 1006625, 1006642, 1006669, 1007155, 1007190, 1007328, 1007394, 1007430, 1007516, 1007546, 1007589, 1007765, 1007768, 1006856, 1008283, 1008290, 1008313, 1008515, 1008793, 1009058, 1009063, 1009202, 1009427, 44, 1000512, 1007525, 1009763, 1010033, 1010111, 1010210, 1010310, 1010449, 1010452, 1010666, 1010668, 1010797, 1010881, 1011155, 1011293, 1011470, 1011654, 1011685, 1011909, 1012191, 1012192, 1012514, 1011627, 1011629, 1012011, 1012107, 1012539, 1011387, 1001241, 1000990], "attributes": [{"name": "Xu\u1ea5t x\u1ee9", "value": "Trung Qu\u1ed1c", "id": 100037, "is_timestamp": false, "brand_option": null, "val_id": null}, {"name": "S\u1ed1 ng\u01b0\u1eddi", "value": "4", "id": 100926, "is_timestamp": false, "brand_option": null, "val_id": null}, {"name": "H\u1ea1n b\u1ea3o h\u00e0nh", "value": "18 th\u00e1ng", "id": 100121, "is_timestamp": false, "brand_option": null, "val_id": null}, {"name": "\u0110i\u1ec7n \u00e1p \u0111\u1ea7u v\u00e0o", "value": "220V", "id": 100323, "is_timestamp": false, "brand_option": null, "val_id": null}, {"name": "Ti\u00eau th\u1ee5 \u0111i\u1ec7n n\u0103ng", "value": "600W", "id": 100355, "is_timestamp": false, "brand_option": null, "val_id": null}], "liked": false, "liked_count": 0, "cmt_count": 0, "flag": 268435456, "shopee_verified": false, "is_adult": false, "is_preferred_plus_seller": false, "tier_variations": [{"name": "Model", "options": ["MK303", "MK303 tr\u01b0ng b\u00e0y"], "images": ["72017e7ed73dfb034f7bc1f61aa04ee7", "b7c922f2be5b24e7be287b07a3eb50bf"], "properties": null, "type": 0}], "bundle_deal_id": 0, "can_use_bundle_deal": false, "add_on_deal_info": {"add_on_deal_id": 6481246, "add_on_deal_label": "Mua \u0111\u1ec3 nh\u1eadn qu\u00e0", "sub_type": 1, "status": 1}, "bundle_deal_info": null, "can_use_wholesale": false, "wholesale_tier_list": [], "is_group_buy_item": null, "group_buy_info": null, "welcome_package_type": 0, "welcome_package_info": null, "tax_code": null, "invoice_option": null, "complaint_policy": null, "images": ["c2bdec947517e4523c99ade2de4faf35", "06e4e303b15fa645a3138809337989f8", "9f47c3e207654c127eed79eeb6aabade", "0b4856793ccb4a2ed92fcd559934a6ef", "138b364e1a2c95736c2c92a703a5198e", "434e99104e77cc13d8cb516de23d9d86", "1d2db6567316a89f3ad21a85705eba52", "4170a5aec9af96199d1e3f00d0cca389"], "image": "c2bdec947517e4523c99ade2de4faf35", "video_info_list": [{"video_id": "47e73d6a2b66879415caa06f9e9828b2", "thumb_url": "4a15e5ccfd03dfd84eed3f318380e14d", "duration": 60, "version": 2, "vid": "sg_5876a7f4-9aa8-42d4-ae70-b8f63bd50f64_000082", "formats": [{"format": 160011, "defn": "V720P", "profile": "MP4", "path": "", "url": "http://1500000774.vod2.myqcloud.com/c830c918vodtranssgp1500000774/7550c430387702291476953200/v.f730245.mp4", "width": 1080, "height": 1080}], "default_format": {"format": 100001, "defn": "ORI", "profile": "MP4", "path": "", "url": "http://1500000774.vod2.myqcloud.com/14092670vodsgp1500000774/7550c430387702291476953200/NETUJqqWlwAA.mp4", "width": 1080, "height": 1080}}], "item_type": 0, "is_official_shop": true, "show_official_shop_label_in_title": true, "shop_location": "TP. H\u1ed3 Ch\u00ed Minh", "coin_earn_label": null, "cb_option": 0, "is_pre_order": false, "estimated_days": 2, "badge_icon_type": 6, "show_free_shipping": false, "shipping_icon_type": 0, "cod_flag": 0, "is_service_by_shopee": true, "show_original_guarantee": false, "categories": [{"catid": 100010, "display_name": "Thi\u1ebft B\u1ecb \u0110i\u1ec7n Gia D\u1ee5ng", "no_sub": false, "is_default_subcat": false}, {"catid": 100041, "display_name": "\u0110\u1ed3 gia d\u1ee5ng nh\u00e0 b\u1ebfp", "no_sub": false, "is_default_subcat": false}, {"catid": 100207, "display_name": "N\u1ed3i c\u01a1m \u0111i\u1ec7n", "no_sub": true, "is_default_subcat": false}], "other_stock": 1, "item_has_post": false, "discount_stock": 1140, "current_promotion_has_reserve_stock": false, "current_promotion_reserved_stock": 0, "normal_stock": 1141, "brand_id": 1074876, "is_alcohol_product": false, "show_recycling_info": false, "coin_info": {"spend_cash_unit": 100000, "coin_earn_items": [{"coin_earn": 0}, {"coin_earn": 0}]}, "models": [{"itemid": 12551607784, "status": 1, "current_promotion_reserved_stock": 0, "name": "MK303", "promotionid": 1315012199, "price": 179100000000, "price_stocks": [{"allocated_stock": 0, "stock_breakdown_by_location": null}, {"allocated_stock": null, "stock_breakdown_by_location": [{"location_id": "VNW", "available_stock": 5, "fulfilment_type": 1, "address_id": 38200026}, {"location_id": "VNZ", "available_stock": 1135, "fulfilment_type": 2, "address_id": null}]}], "current_promotion_has_reserve_stock": false, "normal_stock": 1140, "extinfo": {"tier_index": [0], "group_buy_info": null, "is_pre_order": null, "estimated_days": 2}, "price_before_discount": 199000000000, "modelid": 133414525291, "stock": 1140, "has_gimmick_tag": false}, {"itemid": 12551607784, "status": 1, "current_promotion_reserved_stock": 0, "name": "MK303 tr\u01b0ng b\u00e0y", "promotionid": 0, "price": 199000000000, "price_stocks": [{"allocated_stock": null, "stock_breakdown_by_location": [{"location_id": "VNZ", "available_stock": 1, "fulfilment_type": 2, "address_id": null}]}], "current_promotion_has_reserve_stock": false, "normal_stock": 1, "extinfo": {"tier_index": [1], "group_buy_info": null, "is_pre_order": null, "estimated_days": 2}, "price_before_discount": 0, "modelid": 133414525292, "stock": 1, "has_gimmick_tag": false}], "spl_info": {"installment_info": null, "user_credit_info": null, "channel_id": null, "show_spl": false, "show_spl_lite": false}, "preview_info": null, "fe_categories": [{"catid": 11036971, "display_name": "Home Appliances", "no_sub": false, "is_default_subcat": false}, {"catid": 11111620, "display_name": "Electric Cookers", "no_sub": false, "is_default_subcat": false}, {"catid": 11111625, "display_name": "Rice Cookers & Steamers", "no_sub": true, "is_default_subcat": false}], "presale_info": null, "is_cc_installment_payment_eligible": false, "is_non_cc_installment_payment_eligible": false, "flash_sale": null, "upcoming_flash_sale": null, "deep_discount": null, "has_low_fulfillment_rate": false, "is_partial_fulfilled": true, "makeups": null, "shop_vouchers": null, "global_sold": null, "is_infant_milk_formula_product": false, "should_show_amp_tag": false}