{"itemid": 4496895370, "shopid": 264995867, "userid": 0, "price_max_before_discount": 296800000000, "has_lowest_price_guarantee": false, "price_before_discount": 296800000000, "price_min_before_discount": 296800000000, "exclusive_price_info": null, "hidden_price_display": null, "price_min": 199800000000, "price_max": 199800000000, "price": 199800000000, "stock": 10, "discount": "33%", "historical_sold": 2, "sold": 0, "show_discount": 33, "raw_discount": 33, "min_purchase_limit": 0, "overall_purchase_limit": {"order_max_purchase_limit": 0, "overall_purchase_limit": null, "item_overall_quota": null, "start_date": null, "end_date": null}, "pack_size": null, "is_live_streaming_price": null, "name": "M\u00e1y l\u1ecdc kh\u00f4ng kh\u00ed Max Air MA025 v\u00e0 2 m\u00e0ng l\u1ecdc than ho\u1ea1t t\u00ednh Carbon ch\u00ednh h\u00e3ng l\u1ecdc s\u1ea1ch m\u00f9i, ti\u1ebft ki\u1ec7m h\u01a1n", "ctime": 1628331085, "item_status": "normal", "status": 1, "condition": 1, "catid": 100010, "description": "M\u00e1y l\u1ecdc kh\u00f4ng kh\u00ed Max Air MA025 v\u00e0 2 m\u00e0ng l\u1ecdc than ho\u1ea1t t\u00ednh Carbon ch\u00ednh h\u00e3ng l\u1ecdc s\u1ea1ch m\u00f9i, ti\u1ebft ki\u1ec7m h\u01a1n\n\n\ud83d\udd34 L\u1ef1a ch\u1ecdn ti\u1ebft ki\u1ec7m v\u00e0 hi\u1ec7u qu\u1ea3 h\u01a1n v\u1edbi Combo 1 M\u00e1y l\u1ecdc kh\u1eed m\u00f9i kh\u00f4ng kh\u00ed ch\u00ednh h\u00e3ng MaxAir v\u00e0 2 l\u00f5i l\u1ecdc kh\u00f4ng kh\u00ed thay th\u1ebf than ho\u1ea1t t\u00ednh CARBON (1 l\u00f5i b\u00ean trong m\u00e1y + 1 l\u00f5i c\u1ed9ng th\u00eam)\n\n\ud83c\udf1fM\u00e1y l\u1ecdc kh\u00f4ng kh\u00ed MAX l\u1ecdc b\u1ee5i m\u1ecbn PM2.5, kh\u1eed m\u00f9i, l\u1ecdc m\u00f9i hi\u1ec7u qu\u1ea3. \n\ud83c\udf1f M\u00e1y l\u1ecdc s\u1ea1ch l\u00f4ng ch\u00f3 m\u00e8o, r\u1ea5t c\u1ea7n cho ng\u01b0\u1eddi b\u1ecb d\u1ecb \u1ee9ng v\u00e0 hen suy\u1ec5n.\n\ud83c\udf1f M\u00e1y kh\u1eed khu\u1ea9n, di\u1ec7t n\u1ea5m m\u1ed1c\n\n\ud83d\udd3a S\u1ea2N PH\u1ea8M CH\u00cdNH H\u00c3NG SHOPEE MALL\n\ud83d\udd3a B\u1ea2O H\u00c0NH CH\u00cdNH H\u00c3NG 12 TH\u00c1NG \u0110\u1ed0I V\u1edaI M\u00c1Y L\u1eccC KH\u00d4NG KH\u00cd (KH\u00d4NG B\u1ea2O H\u00c0NH L\u00d5I L\u1eccC)\n\n\u2714\ufe0f M\u1ed7i m\u00e1y l\u1ecdc kh\u00f4ng kh\u00ed Max Air \u0111\u01b0\u1ee3c qu\u1ea3n l\u00fd theo m\u1ed9t s\u1ed1 IMEI m\u00e3 v\u1ea1ch ri\u00eang bi\u1ec7t, khi xu\u1ea5t kho t\u1ef1 \u0111\u1ed9ng k\u00edch ho\u1ea1t ch\u1ebf \u0111\u1ed9 b\u1ea3o h\u00e0nh \u0111i\u1ec7n t\u1eed. Kh\u00e1ch h\u00e0ng mua h\u00e0ng y\u00ean t\u00e2m, b\u1ea3o h\u00e0nh d\u1ec5 d\u00e0ng. S\u1ea3n ph\u1ea9m b\u1ea3o h\u00e0nh \u0111i\u1ec7n t\u1eed trong \u0111i\u1ec1u ki\u1ec7n c\u00f2n nguy\u00ean tem, nguy\u00ean h\u1ed9p.\n\u2714\ufe0f B\u1ed9 s\u1ea3n ph\u1ea9m m\u00e1y l\u1ecdc kh\u00f4ng kh\u00ed MaxAir bao g\u1ed3m: 1 m\u00e1y l\u1ecdc kh\u00f4ng kh\u00ed (\u0111\u00e3 bao g\u1ed3m l\u00f5i l\u1ecdc carbon b\u00ean trong), 1 m\u00e0ng l\u1ecdc Carbon than ho\u1ea1t t\u00ednh b\u00ean ngo\u00e0i, 1 b\u1ed9 ngu\u1ed3n \u0111i\u1ec7n, 1 s\u00e1ch HDSD\n\nTH\u00d4NG S\u1ed0 K\u1ef8 THU\u1eacT M\u00c1Y L\u1eccC KH\u00d4NG KH\u00cd MAXAIR : \n- S\u1ea3n ph\u1ea9m: M\u00e1y l\u1ecdc kh\u00f4ng kh\u00ed Max Air MA025\n- \u0110i\u1ec7n \u00e1p: 110-220V / 50-60Hz\n- C\u00f4ng su\u1ea5t: 23W \n- Ch\u1ea5t li\u1ec7u: nh\u1ef1a ABS\n- Di\u1ec7n t\u00edch \u00e1p d\u1ee5ng: 25m2 \n- Kh\u1ed1i l\u01b0\u1ee3ng: 2.2kg \n- \u0110\u1ed9 \u1ed3n: nh\u1ecf h\u01a1n 50dB \n- K\u00edch th\u01b0\u1edbc: 190 x 190 x 315mm\n- CADR: 130m3/h\n\nTH\u00d4NG TIN L\u00d5I L\u1eccC\n- S\u1ea3n ph\u1ea9m: L\u00f5i l\u1ecdc kh\u00f4ng kh\u00ed than ho\u1ea1t t\u00ednh Carbon th\u01b0\u01a1ng hi\u1ec7u Max Air\n- H\u00e0ng ch\u00ednh h\u00e3ng m\u1edbi 100% \n- Model m\u00e1y \u00e1p d\u1ee5ng : m\u00e1y l\u1ecdc kh\u00f4ng kh\u00ed Max Air MA025\n- K\u00edch th\u01b0\u1edbc/l\u00f5i: 150 x 150 x 130 mm\n- V\u1eadt li\u1ec7u : Carbon\n- Giao h\u00e0ng To\u00e0n qu\u1ed1c\n- Tu\u1ed5i th\u1ecd: l\u00ean \u0111\u1ebfn 02 n\u0103m (tu\u1ef3 v\u00e0o ch\u1ea5t l\u01b0\u1ee3ng kh\u00f4ng kh\u00ed t\u1ea1i nh\u00e0 b\u1ea1n m\u00e0 m\u00e0ng l\u1ecdc carbon c\u00f3 th\u1ec3 \u0111\u01b0\u1ee3c thay th\u1ebf s\u1edbm h\u01a1n, th\u1eddi gian khuy\u1ebfn c\u00e1o t\u1eeb 6 th\u00e1ng- 1 n\u0103m)\n\u274c \u274c \u274c S\u1ea3n ph\u1ea9m l\u00f5i l\u1ecdc kh\u00f4ng b\u1ea3o h\u00e0nh.\n\n\ud83c\udf81\ud83c\udf81\ud83c\udf81\u01afU \u0110\u00c3I H\u00d4M NAY GI\u1ea2M \u0110\u1ebeN 40% - \u0110\u1eeaNG B\u1ece L\u1ee0 !!! \nFREESHIP EXTRA mi\u1ec5n ph\u00ed v\u1eadn chuy\u1ec3n l\u00ean \u0111\u1ebfn 70k\nKh\u00e1ch h\u00e0ng \u1edf H\u00e0 N\u1ed9i ch\u1ecdn ngay \u0111\u01a1n v\u1ecb v\u1eadn chuy\u1ec3n H\u1ecfa T\u1ed1c \u0111\u1ec3 nh\u1eadn h\u00e0ng ngay trong ng\u00e0y\n\nS\u1ed0 L\u01af\u1ee2NG C\u00d3 H\u1ea0N - NHANH TAY \u0110\u1eb6T H\u00c0NG.\nKhi nh\u1eadn h\u00e0ng Qu\u00fd kh\u00e1ch vui l\u00f2ng quay video v\u00e0 t\u1eadn h\u01b0\u1edfng ngay b\u1ea7u kh\u00f4ng kh\u00ed trong ph\u00f2ng th\u1eadt trong l\u00e0nh nh\u00e9. \nShop h\u1ed7 tr\u1ee3 x\u1eed l\u00fd khi\u1ebfu n\u1ea1i ch\u1ec9 khi Kh\u00e1ch H\u00e0ng cung c\u1ea5p video m\u1edf h\u00e0ng chu\u1ea9n.\n\nSEARCH: m\u00e1y l\u1ecdc kh\u00f4ng kh\u00ed, m\u00e1y l\u1ecdc kh\u00f4ng kh\u00ed maxair, m\u00e1y l\u1ecdc kh\u00f4ng kh\u00ed max air, maxair, max air, m\u00e1y l\u1ecdc kh\u00f4ng kh\u00ed mini, m\u00e1y l\u1ecdc kh\u00f4ng kh\u00ed d\u01b0\u1edbi 2 tri\u1ec7u, m\u00e1y l\u1ecdc kh\u00f4ng kh\u00ed \u0111\u1ec3 b\u00e0n, m\u00e1y l\u1ecdc kh\u00f4ng kh\u00ed gia \u0111\u00ecnh, m\u00e1y l\u1ecdc kh\u00f4ng kh\u00ed h\u00e3ng n\u00e0o t\u1ed1t nh\u1ea5t, m\u00e1y l\u1ecdc kh\u00f4ng kh\u00ed lo\u1ea1i n\u00e0o t\u1ed1t, m\u00e1y l\u1ecdc kh\u00f4ng kh\u00ed gi\u00e1 1 tri\u1ec7u, m\u00e1y l\u1ecdc kh\u00f4ng kh\u00ed di\u1ec7t khu\u1ea9n, mays loc kh\u00f4ng kh\u00ed, l\u1ecdc kh\u00f4ng kh\u00ed, m\u00e1y l\u1ecdc kh\u00f4ng kh\u00ed lo\u1ea1i nh\u1ecf, m\u00e1y l\u1ecdc kh\u00f4ng kh\u00ed gi\u00e1 r\u1ebb, l\u1ecdc Hepa, l\u00f5i l\u1ecdc Hepa, m\u00e1y l\u1ecdc kh\u00f4ng kh\u00ed l\u00f5i l\u1ecdc Hepa, m\u00e1y l\u1ecdc kh\u00f4ng kh\u00ed kh\u1eed m\u00f9i, m\u00e1y l\u1ecdc kh\u00f4ng kh\u00ed l\u1ecdc m\u00f9i, m\u00e1y l\u1ecdc b\u1ee5i m\u1ecbn, m\u00e1y l\u1ecdc l\u00f4ng ch\u00f3 m\u00e8o, l\u00f5i l\u1ecdc than ho\u1ea1t t\u00ednh, l\u00f5i l\u1ecdc carbon, airpurifier\n\nTAG: #maylockhongkhi #maylockhongkhimaxair #maxair #m\u00e1yl\u1ecdckh\u00f4ngkh\u00ed #onhiemkhongkhi #onhiemmoitruong #buimin #maylockhongkhigiare #maylockhongkhimini #maylockhongkhigiadinh #maylockhongkhidietkhuan #maylockhongkhigia1trieu #maylockhongkhiduoi2trieu #lockhongkhi #khukhuan #maylockhongkhitotnhat #mayloc #maylocbui#maylocphongngu #maylocvanphong #maykhukhongkhi #onhiemkhongkhi #airpurifier #maylockhongkhiduoi2trieu #maylockhongkhilocHepa #locHepa #maylockhongkhikhumui #maylockhongkhilocmui #maylockhongkhiloilocthanhoatinh #loilocthanhoatitnh #loiloccarbon #airpurifier\n\n\n", "is_mart": false, "show_shopee_verified_label": false, "size_chart": null, "reference_item_id": "", "brand": "MAX AIR", "item_rating": {"rating_star": 5, "rating_count": [1, 0, 0, 0, 0, 1]}, "label_ids": [1003958, 1003985, 1001040, 1000753, 1001051, 1001054, 1001075, 1001086, 1001087, 1001089, 44, 1001033, 1001037, 1001038, 1001321, 1001324, 1001352, 1001398, 1001043, 1001693, 1001748, 1001948, 1000752, 1001961, 1002071, 1002181, 1002229, 1002263, 1002278, 1002282, 1002296, 1002408, 1002409, 1002410, 1002433, 1002597, 1002763, 1002792, 1002827, 1002835, 1002847, 1002968, 1002970, 1002991, 1003159, 1003167, 1003261, 1003322, 1003532, 1003533, 1003567, 1003707, 1003777, 1000121, 1003819, 1003886, 1004168, 1004212, 1004213, 1004293, 1004420, 1004423, 1004764, 1004774, 1000264, 1000279, 1000265, 1004927, 1004983, 1005061, 1005083, 1005120, 1005147, 1005261, 1006117, 1006199, 1006306, 1006331, 1006435, 1006483, 1006624, 1006642, 1006669, 1007155, 1007328, 1007394, 1007516, 1007546, 1007525, 1007695, 1007765, 1007768, 1007773, 1006856, 1007907, 1008283, 1008290, 1008313, 1008515, 1008529, 1008742, 1008793, 1009058, 1009063, 1009190, 1009372, 1009391, 1009427, 1009489, 1009525, 1009763, 1009931, 1009932, 1010033, 1010111, 1010206, 1010210, 1010310, 1010350, 1000263, 1010449, 1010452, 1010516, 1010518, 1000258, 1010666, 1010668, 1010765, 1010797, 1010881, 1011081, 1011155, 1011229, 1011293, 1011361, 1011470, 1011654, 1011685, 1011776, 1011909, 1011937, 1012134, 1012187, 1012191, 1012192, 1012106, 1012514, 1012539], "attributes": [{"name": "Ch\u1ee9c n\u0103ng l\u1ecdc kh\u00f4ng kh\u00ed", "value": "Ch\u1ed1ng d\u1ecb \u1ee9ng, Ch\u1ed1ng vi khu\u1ea9n, Kh\u1eed m\u00f9i, Ch\u1ed1ng virus, Ch\u1ebf \u0111\u1ed9 ti\u1ebft ki\u1ec7m n\u0103ng l\u01b0\u1ee3ng", "id": 100266, "is_timestamp": false, "brand_option": null, "val_id": null}, {"name": "\u0110\u1ed9 \u1ed3n", "value": "50dB", "id": 100296, "is_timestamp": false, "brand_option": null, "val_id": null}, {"name": "L\u01b0u l\u01b0\u1ee3ng kh\u00f4ng kh\u00ed", "value": "130m\u00b3/h", "id": 100267, "is_timestamp": false, "brand_option": null, "val_id": null}, {"name": "Di\u1ec7n t\u00edch ph\u00f2ng", "value": "25m2", "id": 100315, "is_timestamp": false, "brand_option": null, "val_id": null}, {"name": "Ti\u00eau th\u1ee5 \u0111i\u1ec7n n\u0103ng", "value": "23W", "id": 100355, "is_timestamp": false, "brand_option": null, "val_id": null}, {"name": "CADR Rating", "value": "130CFM", "id": 100360, "is_timestamp": false, "brand_option": null, "val_id": null}, {"name": "Lo\u1ea1i b\u1ea3o h\u00e0nh", "value": "B\u1ea3o h\u00e0nh \u0111i\u1ec7n t\u1eed", "id": 100370, "is_timestamp": false, "brand_option": null, "val_id": null}], "liked": false, "liked_count": 4, "cmt_count": 1, "flag": 0, "shopee_verified": false, "is_adult": false, "is_preferred_plus_seller": false, "tier_variations": [{"name": "", "options": [""], "images": null, "properties": null, "type": 0}], "bundle_deal_id": 0, "can_use_bundle_deal": false, "add_on_deal_info": null, "bundle_deal_info": null, "can_use_wholesale": false, "wholesale_tier_list": [], "is_group_buy_item": null, "group_buy_info": null, "welcome_package_type": 0, "welcome_package_info": null, "tax_code": null, "invoice_option": null, "complaint_policy": null, "images": ["86862864988ec7a3048dd2c714a31e01", "3a11e1cee5ef5fa31d0d6e133756343e", "c6b2dfca3965e0414dbf619138ba3e78", "9c4aaf7375bf09abee78f6f61ebfbcf2", "4f1227ebb7b9b2cd9d532b51f2449d10", "708bca2ab3a253d960cedc3535d5797b"], "image": "86862864988ec7a3048dd2c714a31e01", "video_info_list": [{"video_id": "1b6674f702041849705f5faea57a4acc", "thumb_url": "bea5ecd499ddbf66bc38d9f171603c9e", "duration": 34, "version": 2, "vid": "sg_4a1f9117-2bf5-4cb7-ad4e-1151d446853a_000056", "formats": [{"format": 160011, "defn": "V720P", "profile": "MP4", "path": "", "url": "http://1500000774.vod2.myqcloud.com/c830c918vodtranssgp1500000774/a29ca2753701925922143162520/v.f730245.mp4", "width": 480, "height": 854}], "default_format": {"format": 100001, "defn": "ORI", "profile": "MP4", "path": "", "url": "http://1500000774.vod2.myqcloud.com/14092670vodsgp1500000774/a29ca2753701925922143162520/WjT7siD81cMA.mp4", "width": 480, "height": 854}}], "item_type": 0, "is_official_shop": true, "show_official_shop_label_in_title": true, "shop_location": "H\u00e0 N\u1ed9i", "coin_earn_label": null, "cb_option": 0, "is_pre_order": false, "estimated_days": 2, "badge_icon_type": 0, "show_free_shipping": false, "shipping_icon_type": 0, "cod_flag": 0, "is_service_by_shopee": false, "show_original_guarantee": false, "categories": [{"catid": 100010, "display_name": "Thi\u1ebft B\u1ecb \u0110i\u1ec7n Gia D\u1ee5ng", "no_sub": false, "is_default_subcat": false}, {"catid": 100038, "display_name": "Thi\u1ebft b\u1ecb \u0111i\u1ec7n gia d\u1ee5ng nh\u1ecf", "no_sub": false, "is_default_subcat": false}, {"catid": 100176, "display_name": "Thi\u1ebft b\u1ecb x\u1eed l\u00ed kh\u00f4ng kh\u00ed", "no_sub": false, "is_default_subcat": false}, {"catid": 100458, "display_name": "M\u00e1y l\u1ecdc kh\u00f4ng kh\u00ed", "no_sub": true, "is_default_subcat": false}], "other_stock": 0, "item_has_post": false, "discount_stock": 10, "current_promotion_has_reserve_stock": false, "current_promotion_reserved_stock": 0, "normal_stock": 10, "brand_id": 1250659, "is_alcohol_product": false, "show_recycling_info": false, "coin_info": {"spend_cash_unit": 100000, "coin_earn_items": [{"coin_earn": 0}]}, "models": [{"itemid": 4496895370, "status": 1, "current_promotion_reserved_stock": 0, "name": "", "promotionid": 1314372552, "price": 199800000000, "price_stocks": [{"allocated_stock": 0, "stock_breakdown_by_location": null}, {"allocated_stock": null, "stock_breakdown_by_location": null}], "current_promotion_has_reserve_stock": false, "normal_stock": 10, "extinfo": {"tier_index": [0], "group_buy_info": null, "is_pre_order": false, "estimated_days": 2}, "price_before_discount": 296800000000, "modelid": 94058240483, "stock": 10, "has_gimmick_tag": false}], "spl_info": {"installment_info": null, "user_credit_info": null, "channel_id": null, "show_spl": false, "show_spl_lite": false}, "preview_info": null, "fe_categories": [{"catid": 11036971, "display_name": "Home Appliances", "no_sub": false, "is_default_subcat": false}, {"catid": 11037007, "display_name": "Air Conditioners & Fans", "no_sub": false, "is_default_subcat": false}, {"catid": 11037011, "display_name": "Air Purifiers, Dehumidifiers", "no_sub": true, "is_default_subcat": false}], "presale_info": null, "is_cc_installment_payment_eligible": false, "is_non_cc_installment_payment_eligible": false, "flash_sale": null, "upcoming_flash_sale": null, "deep_discount": null, "has_low_fulfillment_rate": false, "is_partial_fulfilled": false, "makeups": null, "shop_vouchers": null, "global_sold": null, "is_infant_milk_formula_product": false, "should_show_amp_tag": false}