{"itemid": 4060471628, "shopid": 264995867, "userid": 0, "price_max_before_discount": 45900000000, "has_lowest_price_guarantee": false, "price_before_discount": 45900000000, "price_min_before_discount": 45900000000, "exclusive_price_info": null, "hidden_price_display": null, "price_min": 33900000000, "price_max": 33900000000, "price": 33900000000, "stock": 584, "discount": "26%", "historical_sold": 40, "sold": 1, "show_discount": 26, "raw_discount": 26, "min_purchase_limit": 0, "overall_purchase_limit": {"order_max_purchase_limit": 0, "overall_purchase_limit": null, "item_overall_quota": null, "start_date": null, "end_date": null}, "pack_size": null, "is_live_streaming_price": null, "name": "L\u00f5i l\u1ecdc kh\u00f4ng kh\u00ed Hepa thay th\u1ebf m\u00e1y l\u1ecdc kh\u00f4ng kh\u00ed Max Air MA025, l\u1ecdc b\u1ee5i m\u1ecbn PM2.5, h\u00e0ng ch\u00ednh h\u00e3ng", "ctime": 1604232357, "item_status": "normal", "status": 1, "condition": 1, "catid": 100010, "description": "L\u00d5I L\u1eccC KH\u00d4NG KH\u00cd HEPA THAY TH\u1ebe M\u00c1Y L\u1eccC KH\u00d4NG KH\u00cd MAX AIR MA025, L\u1eccC B\u1ee4I M\u1ecaN PM2.5, H\u00c0NG CH\u00cdNH H\u00c3NG\n\n\u274c\u274c\u274c Th\u00f4ng th\u01b0\u1eddng, sau 6 th\u00e1ng \u0111\u1ebfn 1 n\u0103m s\u1eed d\u1ee5ng m\u00e1y l\u1ecdc kh\u00f4ng kh\u00ed, l\u00f5i l\u1ecdc kh\u00f4ng kh\u00ed hay t\u1ea5m l\u1ecdc kh\u00f4ng kh\u00ed (purifier filter) b\u00ean trong m\u00e1y ho\u1ea1t \u0111\u1ed9ng h\u1ebft c\u00f4ng su\u1ea5t s\u1ebd ch\u1ee9a r\u1ea5t nhi\u1ec1u b\u1ee5i b\u1ea9n v\u00e0 c\u00e1c ch\u1ea5t g\u00e2y h\u1ea1i. N\u1ebfu l\u00f5i l\u1ecdc kh\u00f4ng kh\u00ed qu\u00e1 b\u1ea9n, hi\u1ec7u qu\u1ea3 l\u1ecdc c\u0169ng kh\u00f4ng \u0111\u1ea3m b\u1ea3o ng\u01b0\u1ee3c l\u1ea1i c\u00f2n c\u00f3 nguy c\u01a1 ph\u00e1t t\u00e1n c\u00e1c ch\u1ea5t \u00f4 nhi\u1ec5m ra kh\u00f4ng kh\u00ed b\u00ean ngo\u00e0i.\n\n\ud83d\udc49Gia \u0111\u00ecnh n\u00ean thay th\u1ebf l\u00f5i l\u1ecdc \u0111\u1ecbnh k\u1ef3 \u0111\u1ec3 m\u00e1y l\u1ecdc kh\u00f4ng kh\u00ed ho\u1ea1t \u0111\u1ed9ng t\u1ed1t, b\u1ea3o v\u1ec7 s\u1ee9c kh\u1ecfe c\u1ea3 gia \u0111\u00ecnh.\n\nV\u1edbi Max Air, kh\u00f4ng ch\u1ec9 l\u00e0 m\u1ed9t l\u1ef1a ch\u1ecdn.\n\ud83d\udc9a Max Air chuy\u00ean cung c\u1ea5p l\u00f5i l\u1ecdc thay th\u1ebf cho c\u00e1c lo\u1ea1i m\u00e1y theo nhu c\u1ea7u KH. \n\ud83d\udc9a Max Air t\u01b0 v\u1ea5n v\u1ec1 vi\u1ec7c l\u1ef1a ch\u1ecdn m\u00e0ng l\u1ecdc, thay th\u1ebf m\u00e0ng l\u1ecdc \u0111\u00fang c\u00e1ch, c\u00e1ch th\u00e1o l\u1eafp, v\u1ec7 sinh.\n\nC\u00d4NG D\u1ee4NG C\u1ee6A M\u00c0NG L\u1eccC KH\u00d4NG KH\u00cd HEPA MAXAIR MA025:\n- L\u1ecdc 99,97% B\u1ee5i M\u1ecbn v\u00e0 Vi Khu\u1ea9n\n- L\u1ecdc Ph\u1ea5n Hoa\n- L\u1ecdc N\u1ea5m M\u1ed1c\n- L\u00f4ng Th\u00fa C\u01b0ng\n- L\u1ecdc c\u00e1c H\u1ea1t g\u00e2y Hen Suy\u1ec5n v\u00e0 D\u1ecb \u1ee8ng\n- L\u1ecdc Kh\u00f3i, Kh\u00f3i Thu\u1ed1c L\u00e1\n\nTH\u00d4NG TIN B\u1ed8 L\u1eccC KH\u00d4NG KH\u00cd HEPA\n- S\u1ea3n ph\u1ea9m: l\u00f5i l\u1ecdc kh\u00f4ng kh\u00ed thay th\u1ebf Hepa th\u01b0\u01a1ng hi\u1ec7u Max Air \n- H\u00e0ng ch\u00ednh h\u00e3ng m\u1edbi 100% \n- Model m\u00e1y \u00e1p d\u1ee5ng: m\u00e1y l\u1ecdc kh\u00f4ng kh\u00ed Max Air MA025\n- K\u00edch th\u01b0\u1edbc: 150 x 150 x 130 mm\n- V\u1eadt li\u1ec7u : gi\u1ea5y HEPA\n- M\u00e0u s\u1eafc : m\u00e0u tr\u1eafng\n- Tu\u1ed5i th\u1ecd: l\u00ean \u0111\u1ebfn 02 n\u0103m (tu\u1ef3 v\u00e0o ch\u1ea5t l\u01b0\u1ee3ng kh\u00f4ng kh\u00ed t\u1ea1i nh\u00e0 b\u1ea1n m\u00e0 m\u00e0ng l\u1ecdc HEPA c\u00f3 th\u1ec3 \u0111\u01b0\u1ee3c thay th\u1ebf s\u1edbm h\u01a1n, th\u1eddi gian khuy\u1ebfn c\u00e1o t\u1eeb 6 th\u00e1ng- 1 n\u0103m)\n\nH\u01af\u1edaNG D\u1eaaN S\u1eec D\u1ee4NG\n\ud83d\udc49V\u1ec7 sinh t\u1ed5ng th\u1ec3 m\u00e1y tr\u01b0\u1edbc khi l\u1eafp m\u00e0ng l\u1ecdc m\u1edbi\n\ud83d\udc49C\u1eaft b\u1ecf bao nilon \u0111\u1ef1ng m\u00e0ng l\u1ecdc\n\ud83d\udc49V\u1ec7 sinh \u0111\u1ecbnh k\u1ef3 m\u00e0ng l\u1ecdc kho\u1ea3ng 2 tu\u1ea7n m\u1ed7i l\u1ea7n \u0111\u1ec3 \u0111\u1ea3m b\u1ea3o hi\u1ec7u qu\u1ea3 l\u1ecdc t\u1ed1i \u01b0u\n\ud83d\udc49Kh\u00f4ng r\u1eeda b\u1eb1ng n\u01b0\u1edbc v\u00e0 kh\u00f4ng s\u1eed d\u1ee5ng m\u00e1y h\u00fat b\u1ee5i c\u00f4ng su\u1ea5t l\u1edbn hay v\u1eadt c\u1ee9ng t\u00e1c \u0111\u1ed9ng l\u00e0m h\u1ecfng ho\u1eb7c r\u00e1ch m\u00e0ng l\u1ecdc\n\n\ud83d\udc93 S\u1ea3n ph\u1ea9m giao h\u00e0ng to\u00e0n qu\u1ed1c, l\u00f5i l\u1ecdc b\u1ee5i m\u1ecbn cam k\u1ebft \u0111\u00fang nh\u01b0 h\u00ecnh \u1ea3nh. \n\n\ud83d\udd3aL\u01b0u \u00fd: s\u1ea3n ph\u1ea9m l\u00f5i l\u1ecdc kh\u00f4ng kh\u00ed (Purifier Filter) kh\u00f4ng b\u1ea3o h\u00e0nh \n\n\ud83d\udd3aKh\u00e1ch h\u00e0ng \u1edf H\u00e0 N\u1ed9i (12 qu\u1eadn) ch\u1ecdn ngay \u0111\u01a1n v\u1ecb v\u1eadn chuy\u1ec3n H\u1eceA T\u1ed0C nh\u1eadn h\u00e0ng ngay trong ng\u00e0y. Kh\u00e1ch h\u00e0ng \u00e1p d\u1ee5ng m\u00e3 mi\u1ec5n ph\u00ed v\u1eadn chuy\u1ec3n Freeship Extra gi\u1ea3m ngay 70k ph\u00ed v\u1eadn chuy\u1ec3n.\n\n\ud83d\udd3aMAX AIR h\u1ed7 tr\u1ee3 mi\u1ec5n ph\u00ed h\u01b0\u1edbng d\u1eabn s\u1eed d\u1ee5ng v\u00e0 t\u01b0 v\u1ea5n thay th\u1ebf m\u00e0ng l\u1ecdc \u2757\u2757\u2757\u2757\n \nSearch: m\u00e1y l\u1ecdc kh\u00f4ng kh\u00ed, m\u00e1y l\u1ecdc kh\u00f4ng kh\u00ed maxair, m\u00e1y l\u1ecdc kh\u00f4ng kh\u00ed max air, m\u00e1y h\u00fat kh\u00ed, m\u00e1y l\u1ecdc b\u1ee5i m\u1ecbn, air purifier, m\u00e1y l\u1ecdc, max air, maxair, l\u1ecdc kh\u00f4ng kh\u00ed, l\u1ecdc b\u1ee5i m\u1ecbn, l\u00f5i l\u1ecdc kh\u00ed, m\u00e0ng l\u1ecdc kh\u00f4ng kh\u00ed, b\u1ed9 l\u1ecdc kh\u00f4ng kh\u00ed, l\u00f5i l\u1ecdc thay th\u1ebf, hepa filter, t\u1ea5m l\u1ecdc kh\u00f4ng kh\u00ed, t\u1ea5m l\u1ecdc hepa, l\u00f5i l\u1ecdc hepa, l\u00f5i l\u1ecdc he pa, he pa, hepa, b\u1ed9 l\u1ecdc hepa, purifier filter\n \nTag: #maylockhongkhi #maylockhongkhimaxair #mayhutkhi #maylocbuimin #airpurifier #mayloc #maxair #lockhongkhi #locbuimin #loilockhi #manglockhongkhi #bolockhongkhi #loilocthaythe #hepafilter #tamlockhongkhi #tamlochepa #loilochepa #hepa #bolochepa #purifierfilter", "is_mart": false, "show_shopee_verified_label": false, "size_chart": null, "reference_item_id": "", "brand": "MAX AIR", "item_rating": {"rating_star": 5, "rating_count": [29, 0, 0, 0, 0, 29]}, "label_ids": [1003958, 1003985, 1001040, 1000753, 1001051, 1001054, 1001075, 1001086, 1001087, 1001089, 44, 1001033, 1001037, 1001038, 1001321, 1001324, 1001352, 1001398, 1001043, 1001693, 1001748, 1001948, 1000752, 1001961, 1002071, 1002181, 1002229, 1002263, 1002278, 1002282, 1002296, 1002408, 1002409, 1002410, 1002433, 1002597, 1002763, 1002792, 1002827, 1002835, 1002847, 1002968, 1002970, 1002991, 1003159, 1003167, 1003261, 1003322, 1003532, 1003533, 1003567, 1003707, 1003777, 1000121, 1003819, 1003886, 1004168, 1004212, 1004213, 1004293, 1004420, 1004423, 1004764, 1004774, 1000264, 1000279, 1000265, 1004927, 1004983, 1005061, 1005083, 1005120, 1005147, 1005261, 1006117, 1006199, 1006306, 1006331, 1006435, 1006483, 1006624, 1006642, 1006669, 1007155, 1007328, 1007394, 1007516, 1007546, 1007525, 1007695, 1007765, 1007768, 1007773, 1006856, 1007907, 1008283, 1008290, 1008313, 1008515, 1008529, 1008742, 1008793, 1009058, 1009063, 1009190, 1009372, 1009391, 1009427, 1009489, 1009525, 1009763, 1009931, 1009932, 1010033, 1010111, 1010206, 1010210, 1010310, 1010350, 1000263, 1010449, 1010452, 1010516, 1010518, 1000258, 1010666, 1010668, 1010765, 1010797, 1010881, 1011081, 1011155, 1011229, 1011293, 1011361, 1011470, 1011654, 1011685, 1011776, 1011909, 1011937, 1012134, 1012187, 1012191, 1012192, 1012106, 1012514, 1012539, 1002828, 1003744, 1004709, 1003794, 1005269, 1000531, 1005776, 1006641, 1006660, 1006825, 1007414, 1008542, 1008842, 1009167, 1009581, 1009687, 1010348, 1011193, 1011378, 1011387, 1000990], "attributes": [{"name": "Tr\u1ecdng l\u01b0\u1ee3ng", "value": "200g", "id": 100095, "is_timestamp": false, "brand_option": null, "val_id": null}, {"name": "H\u1ea1n b\u1ea3o h\u00e0nh", "value": "No Warranty", "id": 100121, "is_timestamp": false, "brand_option": null, "val_id": null}, {"name": "Lo\u1ea1i b\u1ea3o h\u00e0nh", "value": "Kh\u00f4ng b\u1ea3o h\u00e0nh", "id": 100370, "is_timestamp": false, "brand_option": null, "val_id": null}, {"name": "Lo\u1ea1i l\u1ecdc kh\u00f4ng kh\u00ed", "value": "B\u1ed9 l\u1ecdc HEPA", "id": 100293, "is_timestamp": false, "brand_option": null, "val_id": null}, {"name": "Ch\u1ee9c n\u0103ng l\u1ecdc kh\u00f4ng kh\u00ed", "value": "Ch\u1ed1ng d\u1ecb \u1ee9ng, Ch\u1ed1ng vi khu\u1ea9n, HEPA", "id": 100266, "is_timestamp": false, "brand_option": null, "val_id": null}, {"name": "\u0110\u1ed9 \u1ed3n", "value": "50dB", "id": 100296, "is_timestamp": false, "brand_option": null, "val_id": null}, {"name": "Di\u1ec7n t\u00edch ph\u00f2ng", "value": "25m2", "id": 100315, "is_timestamp": false, "brand_option": null, "val_id": null}, {"name": "Ti\u00eau th\u1ee5 \u0111i\u1ec7n n\u0103ng", "value": "23W", "id": 100355, "is_timestamp": false, "brand_option": null, "val_id": null}, {"name": "K\u00edch th\u01b0\u1edbc (d\u00e0i x r\u1ed9ng x cao)", "value": "15x15x13 (cm)", "id": 100942, "is_timestamp": false, "brand_option": null, "val_id": null}], "liked": false, "liked_count": 57, "cmt_count": 29, "flag": 2, "shopee_verified": false, "is_adult": false, "is_preferred_plus_seller": false, "tier_variations": [{"name": "", "options": [""], "images": null, "properties": null, "type": 0}], "bundle_deal_id": 0, "can_use_bundle_deal": false, "add_on_deal_info": null, "bundle_deal_info": null, "can_use_wholesale": true, "wholesale_tier_list": [{"min_count": 5, "max_count": 10, "price": 32900000000}, {"min_count": 11, "max_count": null, "price": 32500000000}], "is_group_buy_item": null, "group_buy_info": null, "welcome_package_type": 0, "welcome_package_info": null, "tax_code": null, "invoice_option": null, "complaint_policy": null, "images": ["02f2abc44b0629303988f44c9b3ef908", "cab9f4b4e5e3a2c13e81784bb33c1791", "ed22f20e3d223ee3f6a9905be75fa8f9", "8b7faa311051c4c5dbf4e874a192386c"], "image": "02f2abc44b0629303988f44c9b3ef908", "video_info_list": [{"video_id": "638d7003da63c8d2d1d44f1ead618ffc", "thumb_url": "b32ed3677a8472ad86f750d7be23f491", "duration": 26, "version": 2, "vid": "sg_d0044b95-dcc6-433c-ba74-9c2c78f4da73_000057", "formats": [{"format": 660011, "defn": "V720P", "profile": "MP4", "path": "", "url": "http://play-ws.vod.shopee.com/c3/98934353/105/YzQsMTUxLTQ0MjkzLDE0MjQ2NTI5MDE4NzY3Mjc4MDgsMw.mp4", "width": 480, "height": 480}], "default_format": {"format": 100001, "defn": "ORI", "profile": "MP4", "path": "", "url": "http://1500000774.vod2.myqcloud.com/14092670vodsgp1500000774/aa3a011f3701925922248904214/tlH3qi6UQ3gA.mp4", "width": 480, "height": 480}}], "item_type": 0, "is_official_shop": true, "show_official_shop_label_in_title": true, "shop_location": "H\u00e0 N\u1ed9i", "coin_earn_label": null, "cb_option": 0, "is_pre_order": false, "estimated_days": 2, "badge_icon_type": 0, "show_free_shipping": true, "shipping_icon_type": 0, "cod_flag": 0, "is_service_by_shopee": false, "show_original_guarantee": false, "categories": [{"catid": 100010, "display_name": "Thi\u1ebft B\u1ecb \u0110i\u1ec7n Gia D\u1ee5ng", "no_sub": false, "is_default_subcat": false}, {"catid": 100038, "display_name": "Thi\u1ebft b\u1ecb \u0111i\u1ec7n gia d\u1ee5ng nh\u1ecf", "no_sub": false, "is_default_subcat": false}, {"catid": 100176, "display_name": "Thi\u1ebft b\u1ecb x\u1eed l\u00ed kh\u00f4ng kh\u00ed", "no_sub": false, "is_default_subcat": false}, {"catid": 100458, "display_name": "M\u00e1y l\u1ecdc kh\u00f4ng kh\u00ed", "no_sub": true, "is_default_subcat": false}], "other_stock": 0, "item_has_post": true, "discount_stock": 584, "current_promotion_has_reserve_stock": false, "current_promotion_reserved_stock": 0, "normal_stock": 584, "brand_id": 1250659, "is_alcohol_product": false, "show_recycling_info": false, "coin_info": {"spend_cash_unit": 100000, "coin_earn_items": [{"coin_earn": 0}]}, "models": [{"itemid": 4060471628, "status": 1, "current_promotion_reserved_stock": 0, "name": "", "promotionid": 1300628190, "price": 33900000000, "price_stocks": [{"allocated_stock": 0, "stock_breakdown_by_location": null}, {"allocated_stock": null, "stock_breakdown_by_location": null}], "current_promotion_has_reserve_stock": false, "normal_stock": 584, "extinfo": {"tier_index": [0], "group_buy_info": null, "is_pre_order": false, "estimated_days": 2}, "price_before_discount": 45900000000, "modelid": 31630826499, "stock": 584, "has_gimmick_tag": false}], "spl_info": {"installment_info": null, "user_credit_info": null, "channel_id": null, "show_spl": false, "show_spl_lite": false}, "preview_info": null, "fe_categories": [{"catid": 11036971, "display_name": "Home Appliances", "no_sub": false, "is_default_subcat": false}, {"catid": 11037007, "display_name": "Air Conditioners & Fans", "no_sub": false, "is_default_subcat": false}, {"catid": 11037011, "display_name": "Air Purifiers, Dehumidifiers", "no_sub": true, "is_default_subcat": false}], "presale_info": null, "is_cc_installment_payment_eligible": false, "is_non_cc_installment_payment_eligible": false, "flash_sale": null, "upcoming_flash_sale": null, "deep_discount": null, "has_low_fulfillment_rate": false, "is_partial_fulfilled": false, "makeups": null, "shop_vouchers": null, "global_sold": null, "is_infant_milk_formula_product": false, "should_show_amp_tag": false}