{"itemid": 8576912358, "shopid": 267127101, "userid": 0, "price_max_before_discount": 160000000000, "has_lowest_price_guarantee": false, "price_before_discount": 160000000000, "price_min_before_discount": 160000000000, "exclusive_price_info": null, "hidden_price_display": null, "price_min": 124900000000, "price_max": 124900000000, "price": 124900000000, "stock": 11, "discount": "22%", "historical_sold": 17, "sold": 4, "show_discount": 22, "raw_discount": 22, "min_purchase_limit": 0, "overall_purchase_limit": {"order_max_purchase_limit": 0, "overall_purchase_limit": null, "item_overall_quota": null, "start_date": null, "end_date": null}, "pack_size": null, "is_live_streaming_price": null, "name": "Qu\u1ea1t L\u01b0\u0309ng Sharp PJ-L40RV-LG H\u00e0ng Malaysia", "ctime": 1626059062, "item_status": "normal", "status": 1, "condition": 1, "catid": 100010, "description": "Qu\u1ea1t L\u01b0\u0309ng Sharp PJ-L40RV-LG\n\u0110i\u1ec7n \u00e1p\u00a0220-240V ~ 50Hz;\u00a0C\u00f4ng su\u1ea5t\u00a050W\nT\u1ed1c \u0111\u1ed9\u00a0900 - 1275 v\u00f2ng/ph\u00fat\nL\u01b0u l\u01b0\u1ee3ng gi\u00f3\u00a078.961 m3/ph\u00fat\nK\u00edch th\u01b0\u1edbc c\u00e1nh qu\u1ea1t\u00a016\" (40 cm)\nC\u1ea3m bi\u1ebfn an to\u00e0n,\u00a0\u0110i\u1ec1u khi\u1ec3n t\u1eeb xa: C\u00f3\nCh\u1ee9c n\u0103ng gi\u00f3 t\u1ef1 nhi\u00ean,\u00a0V\u1eadn h\u00e0nh \u00eam \u00e1i,\u00a0T\u0103ng gi\u1ea3m chi\u1ec1u cao linh ho\u1ea1t\u00a0Chi\u1ec1u cao t\u1ed1i \u0111a\u00a0930 mm, C\u1ea3m bi\u1ebfn an to\u00e0n\n\u00c1p d\u1ee5ng ti\u00eau chu\u1ea9n RoSH\nCam k\u1ebft h\u00e0ng ch\u00ednh h\u00e3ng, h\u00ecnh \u1ea3nh v\u00e0 th\u00f4ng s\u1ed1 k\u1ef9 thu\u1eadt \u0111\u00fang nh\u01b0 m\u00f4 t\u1ea3\n\nB\u1ea2O H\u00c0NH 15 TH\u00c1NG TR\u00caN TO\u00c0N QU\u1ed0C: Tem serial tr\u00ean s\u1ea3n ph\u1ea9m + Phi\u1ebfu b\u1ea3o h\u00e0nh + H\u00f3a \u0111\u01a1n mua h\u00e0ng tr\u00ean Shopee (b\u1eb1ng gi\u1ea5y ho\u1eb7c \u0111i\u1ec7n t\u1eed)\nC\u1ea7n l\u1ea5y h\u00f3a \u0111\u01a1n ho\u1eb7c th\u1eafc m\u1eafc v\u1ec1 h\u00f3a \u0111\u01a1n, ch\u1ebf \u0111\u1ed9 b\u1ea3o h\u00e0nh vui l\u00f2ng inbox t\u1ea1i CHAT NOW\nC\u1ea7n t\u01b0 v\u1ea5n ho\u1eb7c h\u1ed7 tr\u1ee3 k\u1ef9 thu\u1eadt vui l\u00f2ng g\u1ecdi Hotline c\u1ee7a Sharp: 18001599 (8h-20h, t\u1eeb th\u1ee9 Hai \u0111\u1ebfn th\u1ee9 B\u1ea3y).", "is_mart": false, "show_shopee_verified_label": false, "size_chart": null, "reference_item_id": "", "brand": "Sharp", "item_rating": {"rating_star": 4.833333333333333, "rating_count": [6, 0, 0, 0, 1, 5]}, "label_ids": [1003958, 1000476, 1000182, 1000260, 1000262, 1000259, 1000258, 1000256, 1000255, 1000263, 1000254, 1000257, 1000264, 1000266, 1000268, 1000270, 1000267, 1000269, 1000274, 1000273, 1000271, 1000272, 1000276, 1000278, 1000277, 1000275, 1000660, 1000696, 1000710, 1000279, 1000265, 1001946, 1001948, 44, 1002105, 1002113, 1002120, 1000752, 1002172, 1002182, 1002283, 1002422, 1002501, 1002579, 1002695, 1002762, 1002789, 1002822, 1002834, 1002835, 1002847, 1002897, 1002945, 1002970, 1002990, 1002993, 1003002, 1003159, 1003167, 1003261, 1003275, 1003307, 1003322, 1003323, 1003362, 1003443, 1003464, 1003467, 1003533, 1003567, 1003707, 1003709, 1003751, 1003769, 1003777, 1000121, 1003819, 1003834, 1003867, 1003886, 1004130, 1004168, 1004171, 1004211, 1004213, 1004220, 1004265, 1004420, 1004423, 1004983, 1005026, 1005061, 1005147, 1005357, 1005650, 1005829, 1006042, 1006199, 1006306, 1006352, 1006483, 1006625, 1007155, 1007190, 1007286, 1007328, 1007394, 1007516, 1007521, 1007546, 1007525, 1007589, 1007695, 1007765, 1007768, 1007773, 1006856, 1008093, 1008283, 1008290, 1008313, 1008358, 1008515, 1008529, 1008755, 1008793, 1008875, 1009058, 1009063, 1009190, 1009226, 1009391, 1009427, 1009525, 1009763, 1009931, 1010033, 1010111, 1010210, 1010310, 1010449, 1010452, 1010666, 1010668, 1010797, 1010881, 1011155, 1011293, 1011470, 1011654, 1011685, 1011843, 1011909, 1012191, 1012192, 1012514, 1001044, 1007696, 1007861, 1008542, 1008842, 1009167, 1009687, 1010348, 1010425, 1011193, 1011294, 1011378, 1011387, 1011627, 1011629, 1012011, 1000990], "attributes": null, "liked": false, "liked_count": 12, "cmt_count": 6, "flag": 268435458, "shopee_verified": false, "is_adult": false, "is_preferred_plus_seller": false, "tier_variations": [{"name": "", "options": [""], "images": null, "properties": null, "type": 0}], "bundle_deal_id": 0, "can_use_bundle_deal": false, "add_on_deal_info": null, "bundle_deal_info": null, "can_use_wholesale": false, "wholesale_tier_list": [], "is_group_buy_item": null, "group_buy_info": null, "welcome_package_type": 0, "welcome_package_info": null, "tax_code": null, "invoice_option": null, "complaint_policy": null, "images": ["199fad7f1c500bf35be41583357551d8", "5ecc3585ddf6dd7cc8800c019d37d514", "57f65b56941f1fdd1f99a2c1d3e0b8fe", "f71542109f1344b45a3d57a99a88feaf", "f127ac5f94b300e6a760f7fefb745e0c", "4c35218c4383b0c89437049d97884ccc", "89685ec254bdec588f609f83d32da2df", "1136f139541d8d76363251b7b8dcbd14"], "image": "199fad7f1c500bf35be41583357551d8", "video_info_list": null, "item_type": 0, "is_official_shop": true, "show_official_shop_label_in_title": true, "shop_location": "TP. H\u1ed3 Ch\u00ed Minh", "coin_earn_label": null, "cb_option": 0, "is_pre_order": false, "estimated_days": 2, "badge_icon_type": 6, "show_free_shipping": true, "shipping_icon_type": 0, "cod_flag": 0, "is_service_by_shopee": true, "show_original_guarantee": false, "categories": [{"catid": 100010, "display_name": "Thi\u1ebft B\u1ecb \u0110i\u1ec7n Gia D\u1ee5ng", "no_sub": false, "is_default_subcat": false}, {"catid": 100039, "display_name": "Thi\u1ebft b\u1ecb \u0111i\u1ec7n gia d\u1ee5ng l\u1edbn", "no_sub": false, "is_default_subcat": false}, {"catid": 100181, "display_name": "Thi\u1ebft b\u1ecb l\u00e0m m\u00e1t", "no_sub": false, "is_default_subcat": false}, {"catid": 100466, "display_name": "Qu\u1ea1t", "no_sub": true, "is_default_subcat": false}], "other_stock": 0, "item_has_post": false, "discount_stock": 11, "current_promotion_has_reserve_stock": false, "current_promotion_reserved_stock": 0, "normal_stock": 11, "brand_id": 1695295, "is_alcohol_product": false, "show_recycling_info": false, "coin_info": {"spend_cash_unit": 100000, "coin_earn_items": [{"coin_earn": 0}]}, "models": [{"itemid": 8576912358, "status": 1, "current_promotion_reserved_stock": 0, "name": "", "promotionid": 1315045377, "price": 124900000000, "price_stocks": [{"allocated_stock": 0, "stock_breakdown_by_location": null}, {"allocated_stock": null, "stock_breakdown_by_location": [{"location_id": "VNS", "available_stock": 11, "fulfilment_type": 1, "address_id": 38200027}, {"location_id": "VNZ", "available_stock": 0, "fulfilment_type": 2, "address_id": null}]}], "current_promotion_has_reserve_stock": false, "normal_stock": 11, "extinfo": {"tier_index": [0], "group_buy_info": null, "is_pre_order": null, "estimated_days": 2}, "price_before_discount": 160000000000, "modelid": 36372714288, "stock": 11, "has_gimmick_tag": false}], "spl_info": {"installment_info": null, "user_credit_info": null, "channel_id": null, "show_spl": false, "show_spl_lite": false}, "preview_info": null, "fe_categories": [{"catid": 11036971, "display_name": "Home Appliances", "no_sub": false, "is_default_subcat": false}, {"catid": 11037007, "display_name": "Air Conditioners & Fans", "no_sub": false, "is_default_subcat": false}, {"catid": 11037009, "display_name": "Fans", "no_sub": true, "is_default_subcat": false}], "presale_info": null, "is_cc_installment_payment_eligible": false, "is_non_cc_installment_payment_eligible": false, "flash_sale": null, "upcoming_flash_sale": null, "deep_discount": null, "has_low_fulfillment_rate": false, "is_partial_fulfilled": true, "makeups": null, "shop_vouchers": null, "global_sold": null, "is_infant_milk_formula_product": false, "should_show_amp_tag": false}