{"itemid": 12743758512, "shopid": 267127101, "userid": 0, "price_max_before_discount": 370000000000, "has_lowest_price_guarantee": false, "price_before_discount": 370000000000, "price_min_before_discount": 370000000000, "exclusive_price_info": null, "hidden_price_display": null, "price_min": 309000000000, "price_max": 309000000000, "price": 309000000000, "stock": 57, "discount": "16%", "historical_sold": 6, "sold": 6, "show_discount": 16, "raw_discount": 16, "min_purchase_limit": 0, "overall_purchase_limit": {"order_max_purchase_limit": 0, "overall_purchase_limit": null, "item_overall_quota": null, "start_date": null, "end_date": null}, "pack_size": null, "is_live_streaming_price": null, "name": "[New Model] N\u1ed3i Chi\u00ean Kh\u00f4ng D\u1ea7u Sharp KF-AF70EV-BK Ch\u1ed1ng D\u00ednh 7L [C\u00f4ng Su\u1ea5t: 1700W]", "ctime": 1636085689, "item_status": "normal", "status": 1, "condition": 1, "catid": 100010, "description": "\"Xu\u1ea5t x\u1ee9: Trung Qu\u1ed1c\nM\u00e0u s\u1eafc: \u0110en\nDung t\u00edch: t\u1ed5ng 7 lit\n - R\u1ed5 chi\u00ean: 5,5 l\u00edt\n - N\u1ed3i chi\u1ec1n: 7 l\u00edt\nC\u00f4ng ngh\u1ec7 l\u00e0m n\u00f3ng: HIGH SPEED HOT AIR CIRCULATION\nKi\u1ec3u \u0111i\u1ec1u khi\u1ec3n: \u0110i\u1ec7n t\u1eed\nC\u00f4ng su\u1ea5t ti\u00eau th\u1ee5:\n - M\u00e2m nhi\u1ec7t: 1700w\n - Motor qu\u1ea1t: 45w\nCh\u1ea5t li\u1ec7u s\u1ea3n ph\u1ea9m: ph\u1ee7 kim lo\u1ea1i\nN\u1eafp tr\u00ean:\n - Ch\u1ea5t li\u1ec7u: Acrylic (3mm)\n - Ch\u1ea5t li\u1ec7u n\u00fat b\u1ea5m: Acrylic\nHi\u1ec3n th\u1ecb:\n - Ki\u1ec3u: LED\n - C\u00f3 \u0111\u00e8n LED: m\u00e0u tr\u1eafng\nB\u1ea3ng \u0111i\u1ec1u khi\u1ec3n: N\u00fat nh\u1ea5n (ti\u1ebfng Vi\u1ec7t - ti\u1ebfng Anh)\nCh\u1ea5t li\u1ec7u r\u1ed5 chi\u00ean: 2 l\u1edbp ph\u1ee7 ch\u1ed1ng d\u00ednh b\u00ean trong v\u00e0 b\u00ean ngo\u00e0i\n - \u0110\u1ed9 d\u00e0y: 0,6mm\n - Ch\u00e2n \u0111\u00ea \u0111\u1eb7t r\u1ed5 chi\u00ean: m\u00e0u \u0111en\nCh\u1ea5t li\u1ec7u n\u1ed3i chi\u00ean: 2 l\u1edbp ph\u1ee7 ch\u1ed1ng d\u00ednh b\u00ean trong v\u00e0 b\u00ean ngo\u00e0i\n - \u0110\u1ed9 d\u00e0y: 0,5mm\n8 th\u1ef1c \u0111\u01a1n t\u1ef1 \u0111\u1ed9ng: Fries/Steak/Veggie/Chicken/Bake/Fish/Frozen food/Pizza\nNhi\u1ec7t \u0111\u1ed9 c\u00e0i \u0111\u1eb7t: 80\u2103-200\u2103\nTh\u1eddi gian c\u00e0i \u0111\u1eb7t: 0-60 ph\u00fat\nNhi\u1ec7t \u0111\u1ed9 c\u1ea7u ch\u00ec: 192\u2103\n\u0110\u1ed9 \u1ed3n: 55-62dB\nB\u1ea3o v\u1ec7 v\u00e0 an to\u00e0n:D\u1eebng khi qu\u00e1 nhi\u1ec7t (250\u2103)/ Kh\u00f4ng ho\u1ea1t \u0111\u1ed9ng, khi kh\u00f4ng c\u00f3 n\u1ed3i chi\u00ean/ Mi\u1ebfng nh\u1ef1a che n\u00fat nh\u1ea5n  \u0111\u1ec3 l\u1ea5y r\u1ed5 chi\u00ean/ T\u1ea5m ch\u1eafn m\u00e2m nhi\u1ec7t/ T\u1ef1 \u0111\u1ed9ng t\u1eaft khi k\u00e9o n\u1ed3i chi\u00ean ra/ T\u1ef1 \u0111\u1ed9ng ho\u1ea1t \u0111\u1ed9ng khi g\u1eafn n\u1ed3i chi\u00ean v\u00e0o\n\"", "is_mart": false, "show_shopee_verified_label": false, "size_chart": null, "reference_item_id": "", "brand": "Sharp", "item_rating": {"rating_star": 5, "rating_count": [2, 0, 0, 0, 0, 2]}, "label_ids": [1003958, 1000476, 1000182, 1000260, 1000262, 1000259, 1000258, 1000256, 1000255, 1000263, 1000254, 1000257, 1000264, 1000266, 1000268, 1000270, 1000267, 1000269, 1000274, 1000273, 1000271, 1000272, 1000276, 1000278, 1000277, 1000275, 1000660, 1000696, 1000710, 1000279, 1000265, 1001946, 1001948, 44, 1002105, 1002113, 1002120, 1000752, 1002172, 1002182, 1002283, 1002422, 1002501, 1002579, 1002695, 1002762, 1002789, 1002822, 1002834, 1002835, 1002847, 1002897, 1002945, 1002970, 1002990, 1002993, 1003002, 1003159, 1003167, 1003261, 1003275, 1003307, 1003322, 1003323, 1003362, 1003443, 1003464, 1003467, 1003533, 1003567, 1003707, 1003709, 1003751, 1003769, 1003777, 1000121, 1003819, 1003834, 1003867, 1003886, 1004130, 1004168, 1004171, 1004211, 1004213, 1004220, 1004265, 1004420, 1004423, 1004983, 1005026, 1005061, 1005147, 1005357, 1005650, 1005829, 1006042, 1006199, 1006306, 1006352, 1006483, 1006625, 1007155, 1007190, 1007286, 1007328, 1007394, 1007516, 1007521, 1007546, 1007525, 1007589, 1007695, 1007765, 1007768, 1007773, 1006856, 1008093, 1008283, 1008290, 1008313, 1008358, 1008515, 1008529, 1008755, 1008793, 1008875, 1009058, 1009063, 1009190, 1009226, 1009391, 1009427, 1009525, 1009763, 1009931, 1010033, 1010111, 1010210, 1010310, 1010449, 1010452, 1010666, 1010668, 1010797, 1010881, 1011155, 1011293, 1011470, 1011654, 1011685, 1011843, 1011909, 1012191, 1012192, 1012514, 1011912, 1011918, 1011933, 1012033, 1012038, 1012089, 1012107, 1012539], "attributes": [{"name": "Xu\u1ea5t x\u1ee9", "value": "Trung Qu\u1ed1c", "id": 100037, "is_timestamp": false, "brand_option": null, "val_id": null}, {"name": "H\u1ea1n b\u1ea3o h\u00e0nh", "value": "15 th\u00e1ng", "id": 100121, "is_timestamp": false, "brand_option": null, "val_id": null}, {"name": "Dung t\u00edch", "value": "7L", "id": 100278, "is_timestamp": false, "brand_option": null, "val_id": null}], "liked": false, "liked_count": 11, "cmt_count": 2, "flag": 268959744, "shopee_verified": false, "is_adult": false, "is_preferred_plus_seller": false, "tier_variations": [{"name": "", "options": [""], "images": null, "properties": null, "type": 0}], "bundle_deal_id": 0, "can_use_bundle_deal": false, "add_on_deal_info": null, "bundle_deal_info": null, "can_use_wholesale": false, "wholesale_tier_list": [], "is_group_buy_item": null, "group_buy_info": null, "welcome_package_type": 0, "welcome_package_info": null, "tax_code": null, "invoice_option": null, "complaint_policy": null, "images": ["6f0c8489fb8884667d2c7a5bac606585", "3de1058b26580ee43f94d90ea931ffa5", "4d1fb6fc6affda462ca97cf8fb0b646d", "3c5c366f6a2924f99d9edf9bbef2af9c", "c7c2600be3055de0e1caeb3d7a30ae34", "925af2a960a4e9620c5520eb8986a239", "8a6a39b54465a94cfaed0ea7ec068ec6", "ee6dd13242780054e5c6cd56f9aeab99"], "image": "6f0c8489fb8884667d2c7a5bac606585", "video_info_list": null, "item_type": 0, "is_official_shop": true, "show_official_shop_label_in_title": true, "shop_location": "TP. H\u1ed3 Ch\u00ed Minh", "coin_earn_label": null, "cb_option": 0, "is_pre_order": false, "estimated_days": 2, "badge_icon_type": 6, "show_free_shipping": false, "shipping_icon_type": 0, "cod_flag": 0, "is_service_by_shopee": true, "show_original_guarantee": false, "categories": [{"catid": 100010, "display_name": "Thi\u1ebft B\u1ecb \u0110i\u1ec7n Gia D\u1ee5ng", "no_sub": false, "is_default_subcat": false}, {"catid": 100041, "display_name": "\u0110\u1ed3 gia d\u1ee5ng nh\u00e0 b\u1ebfp", "no_sub": false, "is_default_subcat": false}, {"catid": 100198, "display_name": "N\u1ed3i chi\u00ean kh\u00f4ng d\u1ea7u", "no_sub": true, "is_default_subcat": false}], "other_stock": 0, "item_has_post": true, "discount_stock": 57, "current_promotion_has_reserve_stock": false, "current_promotion_reserved_stock": 0, "normal_stock": 57, "brand_id": 1695295, "is_alcohol_product": false, "show_recycling_info": false, "coin_info": {"spend_cash_unit": 100000, "coin_earn_items": [{"coin_earn": 0}]}, "models": [{"itemid": 12743758512, "status": 1, "current_promotion_reserved_stock": 0, "name": "", "promotionid": 1315045377, "price": 309000000000, "price_stocks": [{"allocated_stock": 0, "stock_breakdown_by_location": null}, {"allocated_stock": null, "stock_breakdown_by_location": [{"location_id": "VNS", "available_stock": 62, "fulfilment_type": 1, "address_id": 38200027}, {"location_id": "VNZ", "available_stock": 0, "fulfilment_type": 2, "address_id": null}]}], "current_promotion_has_reserve_stock": false, "normal_stock": 57, "extinfo": {"tier_index": [0], "group_buy_info": null, "is_pre_order": null, "estimated_days": 2}, "price_before_discount": 370000000000, "modelid": 121977457995, "stock": 57, "has_gimmick_tag": false}], "spl_info": {"installment_info": null, "user_credit_info": null, "channel_id": null, "show_spl": false, "show_spl_lite": false}, "preview_info": null, "fe_categories": [{"catid": 11036971, "display_name": "Home Appliances", "no_sub": false, "is_default_subcat": false}, {"catid": 11111620, "display_name": "Electric Cookers", "no_sub": false, "is_default_subcat": false}, {"catid": 11111626, "display_name": "Fryers", "no_sub": true, "is_default_subcat": false}], "presale_info": null, "is_cc_installment_payment_eligible": true, "is_non_cc_installment_payment_eligible": false, "flash_sale": null, "upcoming_flash_sale": null, "deep_discount": null, "has_low_fulfillment_rate": false, "is_partial_fulfilled": true, "makeups": null, "shop_vouchers": null, "global_sold": null, "is_infant_milk_formula_product": false, "should_show_amp_tag": false}