{"itemid": 6960757367, "shopid": 267127101, "userid": 0, "price_max_before_discount": 158000000000, "has_lowest_price_guarantee": false, "price_before_discount": 158000000000, "price_min_before_discount": 158000000000, "exclusive_price_info": null, "hidden_price_display": null, "price_min": 120000000000, "price_max": 120000000000, "price": 120000000000, "stock": 6, "discount": "24%", "historical_sold": 61, "sold": 7, "show_discount": 24, "raw_discount": 24, "min_purchase_limit": 0, "overall_purchase_limit": {"order_max_purchase_limit": 0, "overall_purchase_limit": null, "item_overall_quota": null, "start_date": null, "end_date": null}, "pack_size": null, "is_live_streaming_price": null, "name": "N\u1ed3i C\u01a1m N\u1eafp Li\u1ec1n Sharp KS-N192ETV\"SP\" 1.8L H\u00e0ng Th\u00e1i Lan", "ctime": 1604384904, "item_status": "normal", "status": 1, "condition": 1, "catid": 100010, "description": "\u2022 N\u1ed3i C\u01a1m N\u1eafp Li\u1ec1n Sharp KS-N192ETV SP \n\u2022 L\u01b0u \u00fd: n\u1ed3i kh\u00f4ng bao g\u1ed3m x\u1eedng h\u1ea5p (vui l\u00f2ng tham kh\u1ea3o tr\u01b0\u1edbc khi mua)\n\u2022 Dung t\u00edch n\u1ed3i: 1.8 L\u00edt - 2 L\u00edt \n\u2022 C\u00f4ng su\u1ea5t: 700 W \n\u2022 S\u1ed1 ng\u01b0\u1eddi \u0103n: 4 - 6 ng\u01b0\u1eddi \n\u2022 Ch\u1ea5t li\u1ec7u l\u00f2ng n\u1ed3i: H\u1ee3p kim nh\u00f4m tr\u00e1ng men ch\u1ed1ng d\u00ednh \n\u2022 S\u1ed1 m\u00e2m nhi\u1ec7t: 2 m\u00e2m nhi\u1ec7t \n\u2022 Ch\u1ee9c n\u0103ng n\u1ea5u: N\u1ea5u c\u01a1m, H\u00e2m n\u00f3ng \n\u2022 Ti\u1ec7n \u00edch: N\u1ed3i ch\u1ed1ng d\u00ednh \n\u2022  K\u00edch th\u01b0\u1edbc (RxSxC) (mm) 299 x 287 x 300mm;Tr\u1ecdng l\u01b0\u1ee3ng 3 Kg  \n\u2022 Th\u01b0\u01a1ng hi\u1ec7u: Nh\u1eadt\n\u2022 S\u1ea3n xu\u1ea5t: Th\u00e1i Lan\n\n\u2022 B\u1ea2O H\u00c0NH 15 th\u00e1ng TR\u00caN TO\u00c0N QU\u1ed0C: Tem serial tr\u00ean s\u1ea3n ph\u1ea9m + Phi\u1ebfu b\u1ea3o h\u00e0nh + H\u00f3a \u0111\u01a1n mua h\u00e0ng tr\u00ean Shopee (b\u1eb1ng gi\u1ea5y ho\u1eb7c \u0111i\u1ec7n t\u1eed) \n\u2022 C\u1ea7n l\u1ea5y h\u00f3a \u0111\u01a1n ho\u1eb7c th\u1eafc m\u1eafc v\u1ec1 h\u00f3a \u0111\u01a1n, ch\u1ebf \u0111\u1ed9 b\u1ea3o h\u00e0nh vui l\u00f2ng inbox t\u1ea1i CHAT NOW \n\u2022 C\u1ea7n t\u01b0 v\u1ea5n ho\u1eb7c h\u1ed7 tr\u1ee3 k\u1ef9 thu\u1eadt vui l\u00f2ng g\u1ecdi Hotline c\u1ee7a Sharp: 18001599 (8h-20h, t\u1eeb th\u1ee9 Hai \u0111\u1ebfn th\u1ee9 B\u1ea3y).", "is_mart": false, "show_shopee_verified_label": false, "size_chart": null, "reference_item_id": "", "brand": "Sharp", "item_rating": {"rating_star": 4.896551724137931, "rating_count": [29, 0, 0, 1, 1, 27]}, "label_ids": [1003958, 1000476, 1000182, 1000260, 1000262, 1000259, 1000258, 1000256, 1000255, 1000263, 1000254, 1000257, 1000264, 1000266, 1000268, 1000270, 1000267, 1000269, 1000274, 1000273, 1000271, 1000272, 1000276, 1000278, 1000277, 1000275, 1000660, 1000696, 1000710, 1000279, 1000265, 1001946, 1001948, 44, 1002105, 1002113, 1002120, 1000752, 1002172, 1002182, 1002283, 1002422, 1002501, 1002579, 1002695, 1002762, 1002789, 1002822, 1002834, 1002835, 1002847, 1002897, 1002945, 1002970, 1002990, 1002993, 1003002, 1003159, 1003167, 1003261, 1003275, 1003307, 1003322, 1003323, 1003362, 1003443, 1003464, 1003467, 1003533, 1003567, 1003707, 1003709, 1003751, 1003769, 1003777, 1000121, 1003819, 1003834, 1003867, 1003886, 1004130, 1004168, 1004171, 1004211, 1004213, 1004220, 1004265, 1004420, 1004423, 1004983, 1005026, 1005061, 1005147, 1005357, 1005650, 1005829, 1006042, 1006199, 1006306, 1006352, 1006483, 1006625, 1007155, 1007190, 1007286, 1007328, 1007394, 1007516, 1007521, 1007546, 1007525, 1007589, 1007695, 1007765, 1007768, 1007773, 1006856, 1008093, 1008283, 1008290, 1008313, 1008358, 1008515, 1008529, 1008755, 1008793, 1008875, 1009058, 1009063, 1009190, 1009226, 1009391, 1009427, 1009525, 1009763, 1009931, 1010033, 1010111, 1010210, 1010310, 1010449, 1010452, 1010666, 1010668, 1010797, 1010881, 1011155, 1011293, 1011470, 1011654, 1011685, 1011843, 1011909, 1012191, 1012192, 1012514, 1003744, 1004709, 1003794, 1005269, 1006454, 1006569, 1006660, 1006825, 1001044, 1007182, 1007414, 1007696, 1007861, 1008542, 1008562, 1008842, 1009167, 1009687, 1010348, 1011193, 1011294, 1011378, 1011387, 1011627, 1011629, 1012011, 1012107, 1012539, 1000990], "attributes": null, "liked": false, "liked_count": 42, "cmt_count": 29, "flag": 268435458, "shopee_verified": false, "is_adult": false, "is_preferred_plus_seller": false, "tier_variations": [{"name": "", "options": [""], "images": null, "properties": null, "type": 0}], "bundle_deal_id": 0, "can_use_bundle_deal": false, "add_on_deal_info": null, "bundle_deal_info": null, "can_use_wholesale": false, "wholesale_tier_list": [], "is_group_buy_item": null, "group_buy_info": null, "welcome_package_type": 0, "welcome_package_info": null, "tax_code": null, "invoice_option": null, "complaint_policy": null, "images": ["059494a83373b577843b12824bf93c47", "5ecc3585ddf6dd7cc8800c019d37d514", "0af29b9c5ac5d45139035cea130ec8e8", "34562b2671f3598a7dfd96fde7311182", "5453c74b68a95f7c62469023ee68f84b", "9f776433b5916ac3f3d7547a02bebd13", "40ec8171f4afc1c36c23abb77e4267c6"], "image": "059494a83373b577843b12824bf93c47", "video_info_list": null, "item_type": 0, "is_official_shop": true, "show_official_shop_label_in_title": true, "shop_location": "TP. H\u1ed3 Ch\u00ed Minh", "coin_earn_label": null, "cb_option": 0, "is_pre_order": false, "estimated_days": 2, "badge_icon_type": 6, "show_free_shipping": true, "shipping_icon_type": 0, "cod_flag": 0, "is_service_by_shopee": true, "show_original_guarantee": false, "categories": [{"catid": 100010, "display_name": "Thi\u1ebft B\u1ecb \u0110i\u1ec7n Gia D\u1ee5ng", "no_sub": false, "is_default_subcat": false}, {"catid": 100041, "display_name": "\u0110\u1ed3 gia d\u1ee5ng nh\u00e0 b\u1ebfp", "no_sub": false, "is_default_subcat": false}, {"catid": 100207, "display_name": "N\u1ed3i c\u01a1m \u0111i\u1ec7n", "no_sub": true, "is_default_subcat": false}], "other_stock": 29, "item_has_post": true, "discount_stock": 6, "current_promotion_has_reserve_stock": true, "current_promotion_reserved_stock": 6, "normal_stock": 29, "brand_id": 1695295, "is_alcohol_product": false, "show_recycling_info": false, "coin_info": {"spend_cash_unit": 100000, "coin_earn_items": [{"coin_earn": 0}]}, "models": [{"itemid": 6960757367, "status": 1, "current_promotion_reserved_stock": 6, "name": "", "promotionid": 251793, "price": 120000000000, "price_stocks": [{"allocated_stock": 6, "stock_breakdown_by_location": [{"location_id": "VNS", "available_stock": 6, "fulfilment_type": 1, "address_id": 38200027}, {"location_id": "VNZ", "available_stock": 0, "fulfilment_type": 2, "address_id": null}]}, {"allocated_stock": null, "stock_breakdown_by_location": [{"location_id": "VNS", "available_stock": 35, "fulfilment_type": 1, "address_id": null}, {"location_id": "VNZ", "available_stock": 0, "fulfilment_type": 2, "address_id": null}]}], "current_promotion_has_reserve_stock": true, "normal_stock": 29, "extinfo": {"tier_index": [0], "group_buy_info": null, "is_pre_order": false, "estimated_days": 2}, "price_before_discount": 158000000000, "modelid": 22489321330, "stock": 6, "has_gimmick_tag": false}], "spl_info": {"installment_info": null, "user_credit_info": null, "channel_id": null, "show_spl": false, "show_spl_lite": false}, "preview_info": null, "fe_categories": [{"catid": 11036971, "display_name": "Home Appliances", "no_sub": false, "is_default_subcat": false}, {"catid": 11111620, "display_name": "Electric Cookers", "no_sub": false, "is_default_subcat": false}, {"catid": 11111625, "display_name": "Rice Cookers & Steamers", "no_sub": true, "is_default_subcat": false}], "presale_info": null, "is_cc_installment_payment_eligible": false, "is_non_cc_installment_payment_eligible": false, "flash_sale": null, "upcoming_flash_sale": null, "deep_discount": null, "has_low_fulfillment_rate": false, "is_partial_fulfilled": true, "makeups": null, "shop_vouchers": null, "global_sold": null, "is_infant_milk_formula_product": false, "should_show_amp_tag": false}