{"itemid": 15000208368, "shopid": 267127101, "userid": 0, "price_max_before_discount": -1, "has_lowest_price_guarantee": false, "price_before_discount": 0, "price_min_before_discount": -1, "exclusive_price_info": null, "hidden_price_display": null, "price_min": 45000000000, "price_max": 45000000000, "price": 45000000000, "stock": 6, "discount": null, "historical_sold": 4, "sold": 0, "show_discount": 0, "raw_discount": 0, "min_purchase_limit": 0, "overall_purchase_limit": {"order_max_purchase_limit": 0, "overall_purchase_limit": null, "item_overall_quota": null, "start_date": null, "end_date": null}, "pack_size": null, "is_live_streaming_price": null, "name": "B\u1ed9 L\u1ecdc Kh\u1eed M\u00f9i Sharp FZ-F30DFE \u00e1p d\u1ee5ng cho  m\u00e1y KC-F30EV-W", "ctime": 1637051956, "item_status": "normal", "status": 1, "condition": 1, "catid": 100010, "description": "Tu\u1ed5i th\u1ecd: 2 n\u0103m\nM\u00e0ng l\u1ecdc Carbon c\u00f3 t\u00e1c d\u1ee5ng kh\u1eed c\u00e1c lo\u1ea1i m\u00f9i h\u00f4i c\u00f3 trong kh\u00f4ng kh\u00ed\nH\u1ea5p th\u1ee5, l\u00e0m gi\u1ea3m n\u1ed3ng \u0111\u1ed9 m\u1ed9t s\u1ed1 kh\u00ed h\u1ea1i cho con ng\u01b0\u1eddi\nKh\u1ea3 n\u0103ng ki\u1ec1m gi\u1eef: n\u1ea5m m\u1ed1c trong kh\u00f4ng kh\u00ed/ph\u1ea5n hoa t\u1eeb c\u00e2y c\u1ecf/ ph\u1ea5n hoa t\u1eeb th\u00e2n g\u1ed7/ b\u1ee5i/ kh\u00f3i thu\u1ed1c/ b\u1ecd ve/ l\u00f4ng t\u1eeb v\u1eadt nu\u00f4i", "is_mart": false, "show_shopee_verified_label": false, "size_chart": null, "reference_item_id": "", "brand": "Sharp", "item_rating": {"rating_star": 3.6666666666666665, "rating_count": [3, 1, 0, 0, 0, 2]}, "label_ids": [1003958, 1000476, 1000182, 1000260, 1000262, 1000259, 1000258, 1000256, 1000255, 1000263, 1000254, 1000257, 1000264, 1000266, 1000268, 1000270, 1000267, 1000269, 1000274, 1000273, 1000271, 1000272, 1000276, 1000278, 1000277, 1000275, 1000660, 1000696, 1000710, 1000279, 1000265, 1001946, 1001948, 44, 1002105, 1002113, 1002120, 1000752, 1002172, 1002182, 1002283, 1002422, 1002501, 1002579, 1002695, 1002762, 1002789, 1002822, 1002834, 1002835, 1002847, 1002897, 1002945, 1002970, 1002990, 1002993, 1003002, 1003159, 1003167, 1003261, 1003275, 1003307, 1003322, 1003323, 1003362, 1003443, 1003464, 1003467, 1003533, 1003567, 1003707, 1003709, 1003751, 1003769, 1003777, 1000121, 1003819, 1003834, 1003867, 1003886, 1004130, 1004168, 1004171, 1004211, 1004213, 1004220, 1004265, 1004420, 1004423, 1004983, 1005026, 1005061, 1005147, 1005357, 1005650, 1005829, 1006042, 1006199, 1006306, 1006352, 1006483, 1006625, 1007155, 1007190, 1007286, 1007328, 1007394, 1007516, 1007521, 1007546, 1007525, 1007589, 1007695, 1007765, 1007768, 1007773, 1006856, 1008093, 1008283, 1008290, 1008313, 1008358, 1008515, 1008529, 1008755, 1008793, 1008875, 1009058, 1009063, 1009190, 1009226, 1009391, 1009427, 1009525, 1009763, 1009931, 1010033, 1010111, 1010210, 1010310, 1010449, 1010452, 1010666, 1010668, 1010797, 1010881, 1011155, 1011293, 1011470, 1011654, 1011685, 1011843, 1011909, 1012191, 1012192, 1012514, 1011627, 1011629, 1001044, 1012011, 1012107, 1012539, 1011387, 1000990], "attributes": [{"name": "Tr\u1ecdng l\u01b0\u1ee3ng", "value": "500g", "id": 100095, "is_timestamp": false, "brand_option": null, "val_id": null}, {"name": "Xu\u1ea5t x\u1ee9", "value": "Th\u00e1i Lan", "id": 100037, "is_timestamp": false, "brand_option": null, "val_id": null}, {"name": "Lo\u1ea1i b\u1ea3o h\u00e0nh", "value": "Kh\u00f4ng b\u1ea3o h\u00e0nh", "id": 100370, "is_timestamp": false, "brand_option": null, "val_id": null}], "liked": false, "liked_count": 2, "cmt_count": 3, "flag": 268435456, "shopee_verified": false, "is_adult": false, "is_preferred_plus_seller": false, "tier_variations": [{"name": "", "options": [""], "images": null, "properties": null, "type": 0}], "bundle_deal_id": 0, "can_use_bundle_deal": false, "add_on_deal_info": null, "bundle_deal_info": null, "can_use_wholesale": false, "wholesale_tier_list": [], "is_group_buy_item": null, "group_buy_info": null, "welcome_package_type": 0, "welcome_package_info": null, "tax_code": null, "invoice_option": null, "complaint_policy": null, "images": ["5c18eef466e7b930ba24818a228fa2c6", "17f06225c2ea1d5ccbbc4618a90e9020", "c85f7a06d100b2dc8de0c19e615dd590"], "image": "5c18eef466e7b930ba24818a228fa2c6", "video_info_list": null, "item_type": 0, "is_official_shop": true, "show_official_shop_label_in_title": true, "shop_location": "TP. H\u1ed3 Ch\u00ed Minh", "coin_earn_label": null, "cb_option": 0, "is_pre_order": false, "estimated_days": 2, "badge_icon_type": 6, "show_free_shipping": false, "shipping_icon_type": 0, "cod_flag": 0, "is_service_by_shopee": true, "show_original_guarantee": false, "categories": [{"catid": 100010, "display_name": "Thi\u1ebft B\u1ecb \u0110i\u1ec7n Gia D\u1ee5ng", "no_sub": false, "is_default_subcat": false}, {"catid": 100038, "display_name": "Thi\u1ebft b\u1ecb \u0111i\u1ec7n gia d\u1ee5ng nh\u1ecf", "no_sub": false, "is_default_subcat": false}, {"catid": 100176, "display_name": "Thi\u1ebft b\u1ecb x\u1eed l\u00ed kh\u00f4ng kh\u00ed", "no_sub": false, "is_default_subcat": false}, {"catid": 100460, "display_name": "Kh\u00e1c", "no_sub": true, "is_default_subcat": false}], "other_stock": 6, "item_has_post": false, "discount_stock": 0, "current_promotion_has_reserve_stock": false, "current_promotion_reserved_stock": 0, "normal_stock": 6, "brand_id": 1695295, "is_alcohol_product": false, "show_recycling_info": false, "coin_info": {"spend_cash_unit": 100000, "coin_earn_items": [{"coin_earn": 0}]}, "models": [{"itemid": 15000208368, "status": 1, "current_promotion_reserved_stock": 0, "name": "", "promotionid": 0, "price": 45000000000, "price_stocks": [{"allocated_stock": null, "stock_breakdown_by_location": [{"location_id": "VNS", "available_stock": 6, "fulfilment_type": 1, "address_id": 38200027}, {"location_id": "VNZ", "available_stock": 0, "fulfilment_type": 2, "address_id": null}]}], "current_promotion_has_reserve_stock": false, "normal_stock": 6, "extinfo": {"tier_index": [0], "group_buy_info": null, "is_pre_order": null, "estimated_days": 2}, "price_before_discount": 0, "modelid": 113956561374, "stock": 6, "has_gimmick_tag": false}], "spl_info": {"installment_info": null, "user_credit_info": null, "channel_id": null, "show_spl": false, "show_spl_lite": false}, "preview_info": null, "fe_categories": [{"catid": 11036971, "display_name": "Home Appliances", "no_sub": false, "is_default_subcat": false}, {"catid": 11037007, "display_name": "Air Conditioners & Fans", "no_sub": false, "is_default_subcat": false}, {"catid": 11037011, "display_name": "Air Purifiers, Dehumidifiers", "no_sub": true, "is_default_subcat": false}], "presale_info": null, "is_cc_installment_payment_eligible": false, "is_non_cc_installment_payment_eligible": false, "flash_sale": null, "upcoming_flash_sale": null, "deep_discount": null, "has_low_fulfillment_rate": false, "is_partial_fulfilled": true, "makeups": null, "shop_vouchers": null, "global_sold": null, "is_infant_milk_formula_product": false, "should_show_amp_tag": false}