{"itemid": 6769303707, "shopid": 269565693, "userid": 0, "price_max_before_discount": 790000000000, "has_lowest_price_guarantee": false, "price_before_discount": 790000000000, "price_min_before_discount": 790000000000, "exclusive_price_info": null, "hidden_price_display": null, "price_min": 719000000000, "price_max": 719000000000, "price": 719000000000, "stock": 1, "discount": "9%", "historical_sold": 11, "sold": 0, "show_discount": 9, "raw_discount": 9, "min_purchase_limit": 0, "overall_purchase_limit": {"order_max_purchase_limit": 0, "overall_purchase_limit": null, "item_overall_quota": null, "start_date": null, "end_date": null}, "pack_size": null, "is_live_streaming_price": null, "name": "M\u00e1y May \u0110i\u1ec7n T\u1eed Brother FS60X Model M\u1edbi 2020 + T\u1eb6NG K\u00c8M VALI \u0110\u1ef0NG M\u00c1Y", "ctime": 1608000077, "item_status": "normal", "status": 1, "condition": 1, "catid": 100010, "description": "Brother gi\u1edbi thi\u1ec7u d\u00f2ng s\u1ea3n ph\u1ea9m m\u00e1y may \u0111i\u1ec7n t\u1eed th\u1ebf h\u1ec7 m\u1edbi FS60X v\u1edbi s\u1ef1 \u0111\u1ed9t ph\u00e1 v\u1ec1 c\u1ea3i ti\u1ebfn g\u00f3i g\u1ecdn trong m\u1ed9t chi\u1ebfc m\u00e1y nh\u1ecf xinh.\n\u0110\u00e1p \u1ee9ng \u0111\u01b0\u1ee3c t\u1ed1i \u0111a m\u1ecdi nhu c\u1ea7u may v\u00e1 v\u00e0 gi\u00fap c\u00e1c b\u1ea1n c\u00f3 th\u1ec3 th\u1ecfa s\u1ee9c tr\u1ed5 t\u00e0i kh\u00e9o l\u00e9o \u0111\u1ec3 t\u1ea1o ra \u0111\u01b0\u1ee3c nh\u1eefng s\u1ea3n ph\u1ea9m \u1ea5n t\u01b0\u1ee3ng, s\u00e1ng t\u1ea1o, \u0111\u1eadm ch\u1ea5t ri\u00eang.\n\u0110\u1eb7c bi\u1ec7t m\u00e1y FS60X c\u00f3 th\u1ec3 may tr\u00ean lo\u1ea1i v\u1ea3i kh\u00f3 nh\u1eb1n nh\u01b0 thun , jean/demin.\n\n\u0110\u1eb6C \u0110I\u1ec2M N\u1ed4I B\u1eacT\n\n- 60 m\u1eabu \u0111\u01b0\u1eddng may v\u00e0 hoa v\u0103n\n- Khung m\u00e1y kim lo\u1ea1i b\u1ec1n b\u1ec9\n- H\u1ec7 m\u00f4 t\u01a1 \u0111\u01b0\u1ee3c n\u00e2ng c\u1ea5p m\u1ea1nh m\u1ebd\n- May tr\u00ean t\u1ea5t c\u1ea3 c\u00e1c lo\u1ea1i v\u1ea3i, \u0111\u1eb7c bi\u1ec7t l\u00e0 v\u1ea3i thun v\u00e0 v\u1ea3i jeans\n- Ki\u1ec3m so\u00e1t t\u1ed1c \u0111\u1ed9\n- X\u1ecf ch\u1ec9 t\u1ef1 \u0111\u1ed9ng\n\nThi\u1ebft k\u1ebf nh\u1ecf g\u1ecdn, m\u00e0u s\u1eafc trang nh\u00e3\n\nM\u00e1y May \u0110i\u1ec7n T\u1eed Brother FS60X (42W) l\u00e0 m\u1ed9t chi\u1ebfc m\u00e1y may hi\u1ec7n \u0111\u1ea1i, thi\u1ebft b\u1ecb \u0111\u01b0\u1ee3c t\u1ed1i gi\u1ea3n h\u1ebft m\u1ee9c \u0111\u1ec3 d\u1ec5 d\u00e0ng thao t\u00e1c h\u01a1n. K\u00edch th\u01b0\u1edbc nh\u1ecf g\u1ecdn v\u1edbi chi\u1ec1u ngang ch\u1ec9 29.5cm, gi\u00fap b\u1ea1n d\u1ec5 d\u00e0ng b\u1ed1 tr\u00ed, ti\u1ebft ki\u1ec7m di\u1ec7n t\u00edch, ph\u00f9 h\u1ee3p v\u1edbi nh\u1eefng di\u1ec7n t\u00edch ph\u00f2ng nh\u1ecf.\nS\u1ea3n ph\u1ea9m c\u00f3 m\u00e0u tr\u1eafng trang nh\u00e3 trang nh\u00e3 v\u00e0 thi\u1ebft k\u1ebf d\u00e1ng bo tr\u00f2n tinh t\u1ebf, g\u00f3p ph\u1ea7n t\u00f4 \u0111i\u1ec3m cho kh\u00f4ng gian \u0111\u01b0\u1ee3c b\u1ed1 tr\u00ed.\n\nHo\u1ea1t \u0111\u1ed9ng m\u1ea1nh m\u1ebd, hi\u1ec7u su\u1ea5t cao v\u1edbi \u1ed1c \u0111\u1ed9 may 900 m\u0169i / ph\u00fat, gi\u00fap s\u1ea3n ph\u1ea9m may \u0111\u01b0\u1ee3c ho\u00e0n th\u00e0nh nhanh ch\u00f3ng, ti\u1ebft ki\u1ec7m th\u1eddi gian v\u00e0 \u0111i\u1ec7n n\u0103ng v\u1eadn h\u00e0nh m\u00e1y. D\u00f9 ho\u1ea1t \u0111\u1ed9ng m\u1ea1nh m\u1ebd v\u1edbi c\u00f4ng su\u1ea5t 42W nh\u01b0ng m\u00e1y ho\u1ea1t \u0111\u1ed9ng r\u1ea5t \u00eam \u00e1i, h\u1ea1n ch\u1ebf ti\u1ebfng \u1ed3n cho kh\u00f4ng gian xung quanh.\n\nTH\u00d4NG S\u1ed0\n- Model: FS60X\n- H\u00e3ng s\u1ea3n xu\u1ea5t: Brother\n- B\u1ea3o h\u00e0nh: 24 th\u00e1ng\n- Xu\u1ea5t x\u1ee9: Vi\u1ec7t Nam\n- S\u1ed1 \u0111\u01b0\u1eddng may: 60\n- X\u1ecf ch\u1ec9 t\u1ef1 \u0111\u1ed9ng: c\u00f3\n- B\u00e0n \u0111\u1ea1p: c\u00f3\n- M\u00e0n h\u00ecnh hi\u1ec3n th\u1ecb LCD: c\u00f3\n- Ki\u1ec3m so\u00e1t l\u1ef1c c\u0103ng ch\u1ec9: th\u1ee7 c\u00f4ng\n- H\u1ec7 th\u1ed1ng su\u1ed1t ch\u1ec9 nhanh: c\u00f3\n- N\u00fat kh\u1edfi \u0111\u1ed9ng v\u00e0 d\u1eebng: c\u00f3\n- \u0110\u00e8n may: c\u00f3\n- D\u1ee5ng c\u1ee5 c\u1eaft ch\u1ec9: c\u00f3\n- Lo\u1ea1i su\u1ed1t: ngang\n- B\u1ea3o h\u00e0nh 24 th\u00e1ng\n\nPH\u1ee4 KI\u1ec6N K\u00c8M THEO\n- Ch\u00e2n v\u1ecbt v\u1eaft s\u1ed5 (G)\n- Ch\u00e2n v\u1ecbt \u0111\u01a1m n\u00fat M\n- Ch\u00e2n v\u1ecbt l\u00e0m khuy A\n- Ch\u00e2n v\u1ecbt l\u00ean lai gi\u1ea5u m\u0169i R\n- Ch\u00e2n v\u1ecbt v\u00e0o d\u00e2y k\u00e9o th\u01b0\u1eddng I\n- Ch\u00e2n v\u1ecbt may trang tr\u00ed N\n- Ch\u00e2n v\u1ecbt \u0111a n\u0103ng J (g\u1eafn tr\u00ean m\u00e1y)\n- 4 su\u1ed1t ch\u1ec9 (1 su\u1ed1t g\u1eafn tr\u00ean m\u00e1y)\n- D\u1ee5ng c\u1ee5 c\u1eaft ch\u1ec9\n- Ch\u1ed5i v\u1ec7 sinh\n- Tua v\u00edt\n- B\u1ed9 3 kim s\u1ed1 14\n- B\u00e0n \u0111\u1ea1p\n- S\u00e1ch h\u01b0\u1edbng d\u1eabn\n- Phi\u1ebfu b\u1ea3o h\u00e0nh\n\nTRUNG T\u00c2M B\u1ea2O H\u00c0NH BROTHER\n\nTTBH \u1ee6y Quy\u1ec1n Brother Vi\u1ec7t Nam \nT\u1ea7ng 5 - T\u00f2a Nh\u00e0 Minh Long, 17 B\u00e0 Huy\u1ec7n Thanh Quan, Ph\u01b0\u1eddng 6, Qu\u1eadn 3, Tp.HCM\n\u0110i\u1ec7n tho\u1ea1i: 1900 6062 \n\nTTBH \u1ee6y Quy\u1ec1n Brother H\u00e0 N\u1ed9i\n\u0110c: 85 Nguy\u1ec5n Du, Qu\u1eadn Hai B\u00e0 Tr\u01b0ng, HN\n\u0110i\u1ec7n tho\u1ea1i: 024 39726071\n\nTTBH \u1ee6y Quy\u1ec1n Brother \u0110\u00e0 N\u1eb5ng\n\u0110c: 110 Ho\u00e0ng Hoa Th\u00e1m, Qu\u1eadn Thanh Kh\u00ea, \u0110\u00e0 N\u1eb5ng\n\u0110i\u1ec7n tho\u1ea1i: 0236 3889789\n\nTTBH \u1ee6y Quy\u1ec1n Brother C\u1ea7n Th\u01a1\n\u0110c: 1/53A \u0110inh Ti\u00ean Ho\u00e0ng, Qu\u1eadn Ninh Ki\u1ec1u, C\u1ea7n Th\u01a1\n\u0110i\u1ec7n tho\u1ea1i: 0292 3767557", "is_mart": false, "show_shopee_verified_label": false, "size_chart": null, "reference_item_id": "", "brand": "brother", "item_rating": {"rating_star": 5, "rating_count": [2, 0, 0, 0, 0, 2]}, "label_ids": [1003985, 1000753, 1001051, 1001075, 1000959, 1000963, 1000969, 1000975, 1001002, 1001012, 1001013, 1001033, 1001037, 1001038, 1001040, 1000256, 1000257, 1000254, 1000255, 1000259, 1000258, 1000260, 1000262, 1000264, 1000263, 1000265, 1000266, 1000267, 1000268, 1000269, 1000270, 1000274, 1000273, 1000271, 1000272, 1000275, 1000276, 1000278, 1000277, 1000279, 44, 1000687, 1000697, 1000716, 1000747, 1000758, 1000775, 1000790, 1000797, 1000815, 1000844, 1000867, 1000937, 1000938, 1000946, 1001352, 1000743, 1000951, 1000956, 1000957, 1001398, 1001399, 1001418, 1001711, 1001728, 1001748, 1001948, 1002071, 1002130, 1002132, 1002163, 1002181, 1002229, 1002232, 1002263, 1002278, 1002282, 1002373, 1002408, 1002409, 1002410, 1002433, 1002480, 1002587, 1002639, 1002756, 1002763, 1002768, 1002770, 1002789, 1002792, 1002847, 1002898, 1002899, 1002990, 1002997, 1002998, 1003002, 1003169, 1003258, 1003259, 1003261, 1003283, 1003323, 1003464, 1003777, 1000121, 1000300, 1003928, 1004067, 1004068, 1004168, 1004171, 1004212, 1004213, 1004344, 1004670, 1004921, 1004963, 1005061, 1005083, 1005147, 1005829, 1005868, 1006117, 1006199, 1006306, 1006642, 1006669, 1007155, 1007286, 1007328, 1007394, 1007516, 1007546, 1007525, 1007695, 1007765, 1007768, 1007773, 1006856, 1008093, 1008283, 1008290, 1008313, 1008515, 1008529, 1008793, 1009058, 1009063, 1009190, 1009391, 1009427, 1009525, 1009774, 1009763, 1010033, 1010111, 1010210, 1010310, 1010449, 1010452, 1010666, 1010668, 1010797, 1010881, 1011155, 1011293, 1011470, 1011654, 1011685, 1011909, 1012191, 1012192, 1012514, 1003794, 1001044, 1006569, 1006660, 1007414, 1007696, 1008842, 1010348, 1004367, 1011193, 1011294, 1011378, 1012458, 1012627], "attributes": [{"name": "Xu\u1ea5t x\u1ee9", "value": "Vi\u1ec7t Nam", "id": 100037, "is_timestamp": false, "brand_option": null, "val_id": null}, {"name": "H\u1ea1n b\u1ea3o h\u00e0nh", "value": "24 th\u00e1ng", "id": 100121, "is_timestamp": false, "brand_option": null, "val_id": null}, {"name": "Lo\u1ea1i b\u1ea3o h\u00e0nh", "value": "B\u1ea3o h\u00e0nh nh\u00e0 s\u1ea3n xu\u1ea5t", "id": 100370, "is_timestamp": false, "brand_option": null, "val_id": null}, {"name": "Ch\u1ea5t li\u1ec7u", "value": "Kim lo\u1ea1i", "id": 100134, "is_timestamp": false, "brand_option": null, "val_id": null}, {"name": "S\u1ed1 m\u0169i kh\u00e2u/ph\u00fat", "value": "500-1000 m\u0169i/ph\u00fat", "id": 100322, "is_timestamp": false, "brand_option": null, "val_id": null}, {"name": "Tr\u1ecdng l\u01b0\u1ee3ng", "value": "8.5kg", "id": 100095, "is_timestamp": false, "brand_option": null, "val_id": null}, {"name": "T\u00ednh n\u0103ng m\u00e1y may", "value": "C\u00f3 m\u00e0n h\u00ecnh LCD, m\u00e1y \u0111i\u1ec7n t\u1eed, may v\u1ea3i thun v\u00e0 Jean", "id": 100339, "is_timestamp": false, "brand_option": null, "val_id": null}, {"name": "S\u1ed1 m\u0169i kh\u00e2u", "value": "60", "id": 100925, "is_timestamp": false, "brand_option": null, "val_id": null}], "liked": false, "liked_count": 52, "cmt_count": 2, "flag": 524288, "shopee_verified": false, "is_adult": false, "is_preferred_plus_seller": false, "tier_variations": [{"name": "", "options": [""], "images": null, "properties": null, "type": 0}], "bundle_deal_id": 0, "can_use_bundle_deal": false, "add_on_deal_info": null, "bundle_deal_info": null, "can_use_wholesale": false, "wholesale_tier_list": [], "is_group_buy_item": null, "group_buy_info": null, "welcome_package_type": 0, "welcome_package_info": null, "tax_code": null, "invoice_option": null, "complaint_policy": null, "images": ["53a0fef72bb3407dd77fdb5f0264e944", "22f5c8fa7d6c29e8de2547fed1a3c8f5", "9db0ffdb2c2067f33024e100488fc8c1", "aa4d00dc7be72ba1d4f645e0c41abcc8", "c0f2015b39cdc96056bbb67611d20b41", "2689179da9917c90de1f65bc1341bf05"], "image": "53a0fef72bb3407dd77fdb5f0264e944", "video_info_list": [{"video_id": "4f1aed133677dc351dd71faa32dc1160", "thumb_url": "a64139cb701b04bded6e88e40edfca41", "duration": 60, "version": 2, "vid": "sg_5c7f321a-47ad-4bdf-bd57-4b5e77f77d37_000007", "formats": [], "default_format": {"format": 600001, "defn": "ORI", "profile": "MP4", "path": "", "url": "http://play-ws.vod.shopee.com/c3/98934353/107/YzQsMTY4LTQ0MDMxLDE0MjI5MTIwNjU1MDg0NTAzMDQsMg.mp4", "width": 1280, "height": 720}}], "item_type": 0, "is_official_shop": true, "show_official_shop_label_in_title": true, "shop_location": "TP. H\u1ed3 Ch\u00ed Minh", "coin_earn_label": null, "cb_option": 0, "is_pre_order": false, "estimated_days": 2, "badge_icon_type": 0, "show_free_shipping": false, "shipping_icon_type": 0, "cod_flag": 0, "is_service_by_shopee": false, "show_original_guarantee": false, "categories": [{"catid": 100010, "display_name": "Thi\u1ebft B\u1ecb \u0110i\u1ec7n Gia D\u1ee5ng", "no_sub": false, "is_default_subcat": false}, {"catid": 100038, "display_name": "Thi\u1ebft b\u1ecb \u0111i\u1ec7n gia d\u1ee5ng nh\u1ecf", "no_sub": false, "is_default_subcat": false}, {"catid": 100173, "display_name": "M\u00e1y may & Ph\u1ee5 ki\u1ec7n", "no_sub": true, "is_default_subcat": false}], "other_stock": 0, "item_has_post": false, "discount_stock": 1, "current_promotion_has_reserve_stock": false, "current_promotion_reserved_stock": 0, "normal_stock": 1, "brand_id": 1800716, "is_alcohol_product": false, "show_recycling_info": false, "coin_info": {"spend_cash_unit": 100000, "coin_earn_items": [{"coin_earn": 0}]}, "models": [{"itemid": 6769303707, "status": 1, "current_promotion_reserved_stock": 0, "name": "", "promotionid": 1299556794, "price": 719000000000, "price_stocks": [{"allocated_stock": 0, "stock_breakdown_by_location": null}, {"allocated_stock": null, "stock_breakdown_by_location": null}], "current_promotion_has_reserve_stock": false, "normal_stock": 1, "extinfo": {"tier_index": [0], "group_buy_info": null, "is_pre_order": false, "estimated_days": 2}, "price_before_discount": 790000000000, "modelid": 72436725099, "stock": 1, "has_gimmick_tag": false}], "spl_info": {"installment_info": null, "user_credit_info": null, "channel_id": null, "show_spl": false, "show_spl_lite": false}, "preview_info": null, "fe_categories": [{"catid": 11036971, "display_name": "Home Appliances", "no_sub": false, "is_default_subcat": false}, {"catid": 11037016, "display_name": "Garment Care", "no_sub": false, "is_default_subcat": false}, {"catid": 11037020, "display_name": "Sewing Machines", "no_sub": true, "is_default_subcat": false}], "presale_info": null, "is_cc_installment_payment_eligible": true, "is_non_cc_installment_payment_eligible": false, "flash_sale": null, "upcoming_flash_sale": null, "deep_discount": null, "has_low_fulfillment_rate": false, "is_partial_fulfilled": false, "makeups": null, "shop_vouchers": null, "global_sold": null, "is_infant_milk_formula_product": false, "should_show_amp_tag": false}