{"itemid": 6240776008, "shopid": 280614711, "userid": 0, "price_max_before_discount": 110000000000, "has_lowest_price_guarantee": false, "price_before_discount": 110000000000, "price_min_before_discount": 110000000000, "exclusive_price_info": null, "hidden_price_display": null, "price_min": 74000000000, "price_max": 86000000000, "price": 74000000000, "stock": 287, "discount": "33%", "historical_sold": 267, "sold": 6, "show_discount": 33, "raw_discount": 33, "min_purchase_limit": 0, "overall_purchase_limit": {"order_max_purchase_limit": 0, "overall_purchase_limit": null, "item_overall_quota": null, "start_date": null, "end_date": null}, "pack_size": null, "is_live_streaming_price": null, "name": "M\u00e1y H\u00fat B\u1ee5i G\u01b0\u1eddng N\u1ec7m DEERMA CM900 - H\u00fat B\u1ee5i \u0110\u1ec7m, Kh\u1eed Khu\u1ea9n Tia UV", "ctime": 1593839752, "item_status": "normal", "status": 1, "condition": 1, "catid": 100010, "description": "C\u1ea5u T\u1ea1o m\u00e1y h\u00fat b\u1ee5i \u0111\u1ec7m gi\u01b0\u1eddng deerma CM900\nM\u00e1y s\u1eed d\u1ee5ng c\u00f4ng ngh\u1ec7 l\u00e0m s\u1ea1ch v\u1edbi c\u01a1 ch\u1ebf ho\u00e0n h\u1ea3o :\n- \u0110\u1ea7u ti\u00ean m\u00e1y di\u1ec7t khu\u1ea9n b\u1eb1ng tia c\u1ef1c t\u00edm UV (v\u1edbi kh\u1ea3 n\u0103ng ti\u00eau di\u1ec7t \u0111\u1ebfn 99,9%)\n- S\u1eed d\u1ee5ng h\u1ec7 th\u1ed1ng m\u00e1y \u0111\u1ea5m rung t\u1ed1c \u0111\u1ed9 cao 8000 l\u1ea7n/ ph\u00fat \u0111\u1ec3 \u0111\u1ea9y bung b\u1ee5i b\u1ea9n vi khu\u1ea9n v\u00e0 k\u00ed sinh tr\u00f9ng ra kh\u1ecfi b\u1ec1 m\u1eb7t \u0111\u1ec7m, ch\u0103n, sofa\u2026\n- \u0110\u1ed9ng c\u01a1 350W t\u1ea1o ra l\u1ef1c h\u00fat c\u1ef1c l\u1edbn gi\u00fap h\u00fat to\u00e0n b\u1ed9 b\u1ee5i b\u1ea9n v\u00e0o trong m\u00e1y \u0111\u1ec3 l\u00e0m s\u1ea1ch ho\u00e0n to\u00e0n b\u1ec1 m\u1eb7t.\n- \u0110i\u1ec7n \u00e1p \u0111\u1ea7u v\u00e0o : 220V ~ 50HZ\n- Tu\u1ed5i th\u1ecd c\u1ee7a \u0111\u00e8n UV: tr\u00ean 10.000 gi\u1edd\n- L\u1ef1c h\u00fat >= 12000 Pa\n- \u0110\u1ed9 \u1ed3n: <75dB \n- B\u01b0\u1edbc s\u00f3ng \u0111\u00e8n UV: 240 \u0111\u1ebfn 270nm\n- B\u1ed9 l\u1ecdc HEPA c\u00f3 th\u1ec3 r\u1eeda v\u1edbi n\u01b0\u1edbc\n- Ch\u1ea5t li\u1ec7u v\u1ecf: nh\u1ef1a ABS\n- Chi\u1ec1u d\u00e0i d\u00e2y \u0111i\u1ec7n: 4,5m\n- K\u00edch th\u01b0\u1edbc: 300 x 240 x165mm\n- Kh\u1ed1i l\u01b0\u1ee3ng m\u00e1y: 1.5Kg\n\nH\u00fat b\u1ee5i, kh\u1eed khu\u1ea9n gi\u01b0\u1eddng n\u1ec7m b\u1eb1ng tia UV CM900\nNgay c\u1ea3 khi b\u1ea1n s\u1eed d\u1ee5ng d\u1ecbch v\u1ee5 v\u1ec7 sinh gi\u01b0\u1eddng n\u1ec7m th\u00ec b\u1ea1n c\u0169ng kh\u00f4ng th\u1ec3 g\u1ecdi cho h\u1ecd \u0111\u1ebfn l\u00e0m cho m\u00ecnh h\u00e0ng ng\u00e0y, h\u00e0ng tu\u1ea7n \u0111\u01b0\u1ee3c v\u00e0 c\u00f3 khi ph\u1ea3i m\u1ea5t \u0111\u1ebfn v\u00e0i th\u00e1ng m\u1edbi g\u1ecdi 1 l\u1ea7n \u0111\u1ec3 l\u00e0m v\u1ec7 sinh. Nh\u01b0ng vi\u1ec7c n\u00e0y s\u1ebd g\u00e2y nguy hi\u1ec3n cho s\u1ee9c kh\u1ecfe c\u1ee7a b\u1ea1n \u0111\u1eb7c bi\u1ec7t l\u00e0 n\u1ebfu gia \u0111\u00ecnh b\u1ea1n \u0111ang c\u00f2n tr\u1ebb nh\u1ecf. Do \u0111\u00f3 vi\u1ec7c s\u1edf h\u1eefu m\u1ed9t thi\u1ebft b\u1ecb nh\u01b0 chi\u1ebfc m\u00e1y h\u00fat b\u1ee5i c\u00f3 ch\u1ee9c n\u0103ng di\u1ec7t  v\u00e0 h\u00fat s\u1ea1ch vi khu\u1ea9n nh\u01b0 Deerma l\u00e0 r\u1ea5t ti\u1ec7n d\u1ee5ng v\u00e0 c\u1ea7n thi\u1ebft.\nM\u00e1y h\u00fat b\u1ee5i di\u1ec7t khu\u1ea9n Deerma l\u00e0 s\u1ea3n ph\u1ea9m chuy\u00ean d\u1ee5ng \u0111\u1ec3 h\u00fat b\u1ee5i, kh\u1eed khu\u1ea9n tr\u00ean c\u00e1c b\u1ec1 m\u1eb7t ch\u1ea5t li\u1ec7u v\u1ea3i s\u1ee3i n\u00ean s\u1ea3n ph\u1ea9m c\u00f3 t\u00edch h\u1ee3p \u0110\u00e8n chi\u1ebfu UV v\u00e0  B\u1ed9 ph\u1eadn rung, gi\u00fap lo\u1ea1i b\u1ecf ho\u00e0n to\u00e0n c\u00e1c lo\u1ea1i vi khu\u1ea9n, k\u00ed sinh tr\u00f9ng len l\u1ecfi \u1edf nh\u1eefng ng\u00f3c ng\u00e1ch s\u00e2u tr\u00ean b\u1ec1 m\u1eb7t th\u1ea3m l\u00f4ng, ga gi\u01b0\u1eddng...\n\nM\u00e1y H\u00fat B\u1ee5i Kh\u1eed Khu\u1ea9n & V\u1ec7 Sinh Gi\u01b0\u1eddng N\u1ec7m C\u1ea7m Tay  Deerma CM800\nTh\u00f4ng s\u1ed1 k\u1ef9 thu\u1eadt: \n\u25cf Model: CM800\n\u25cf Dung t\u00edch h\u1ed9p b\u1ee5i: 0.5L \n\u25cf Ch\u1ea5t li\u1ec7u: ABS \n\u25cf M\u00e0u s\u1eafc: Tr\u1eafng \n\u25cf C\u00f4ng su\u1ea5t \u0111i\u1ec7n: 300 W \n\u25cf \u0110i\u1ec7n \u00e1p \u0111\u1ecbnh m\u1ee9c: 220 V ~ 50Hz \n\u25cf L\u1ef1c h\u00fat: >12kpa \n\u25cf K\u00edch th\u01b0\u1edbc 33.00 x 26.00 x 17.00 cm\n\u25cf Tr\u1ecdng l\u01b0\u1ee3ng 1.2kg\nM\u00e1y H\u00fat B\u1ee5i Di\u1ec7t khu\u1ea9n CM800 ti\u00eau di\u1ec7t vi khu\u1ea9n b\u1eb1ng tia UV 253.7nm\n\n\u25c6 L\u1ef1c h\u00fat m\u1ea1nh >10,000 PA, lo\u1ea1i b\u1ecf m\u1ea1t b\u1ee5i s\u00e2u v\u00e0 c\u00e1c ch\u1ea5t g\u00e2y d\u1ecb \u1ee9ng; \n\u25c6 T\u1ed5ng c\u00f4ng su\u1ea5t 300 W v\u1edbi \u0111\u1ea7u h\u00fat r\u1ed9ng, h\u00fat m\u1ea1nh; \n\u25c6 Kh\u1eed tr\u00f9ng UV chuy\u00ean nghi\u1ec7p, b\u01b0\u1edbc s\u00f3ng 253.7nm, lo\u1ea1i b\u1ecf m\u1ea1t hi\u1ec7u qu\u1ea3; \n\u25c6 Hi\u1ec7u qu\u1ea3 t\u00e1ch l\u1ecdc 99%, tr\u00e1nh xa \u00f4 nhi\u1ec5m th\u1ee9 c\u1ea5p; \n\u25c6 C\u00f4ng ngh\u1ec7 nh\u1ea1y c\u1ea3m th\u00f4ng minh \u0111\u1ec3 ch\u1ed1ng r\u00f2 r\u1ec9 tia c\u1ef1c t\u00edm, an to\u00e0n khi s\u1eed d\u1ee5ng; \n\u25c6 \u0110\u1ed9ng c\u01a1 im l\u1eb7ng c\u00f3 \u0111\u1ed9 ch\u00ednh x\u00e1c cao, nhi\u1ec1u c\u00f4ng ngh\u1ec7 h\u1ea5p th\u1ee5 s\u1ed1c v\u00e0 gi\u1ea3m ti\u1ebfng \u1ed3n, y\u00ean t\u0129nh v\u00e0 kh\u00f4ng l\u00e0m phi\u1ec1n \n\nThi\u1ebft k\u1ebf CM800 kh\u00e1 nh\u1ecf g\u1ecdn, c\u00f9ng tay c\u1ea7m v\u1edbi nh\u1eefng \u0111\u01b0\u1eddng cong m\u1ec1m m\u1ea1i, m\u00e0u s\u1eafc trang nh\u00e3, cho ph\u00e9p ng\u01b0\u1eddi d\u00f9ng c\u00f3 th\u1ec3 d\u1ec5 d\u00e0ng \u0111i\u1ec1u khi\u1ec3n b\u1eb1ng 1 tay \u1edf m\u1ecdi v\u1ecb tr\u00ed trong kh\u00f4ng gian gia \u0111\u00ecnh.\n\u0110\u1ed9ng c\u01a1 ch\u1ed5i than 220V cho l\u1ef1c h\u00fat m\u1ea1nh l\u00ean \u0111\u1ebfn 13000Pa, khe h\u00fat m\u1ea1nh lo\u1ea1i b\u1ecf c\u00e1c con b\u1ecd c\u0169ng nh\u01b0 b\u1ee5i b\u1ea9n, l\u00f4ng t\u00f3c kh\u00f4ng ch\u1ec9 tr\u00ean b\u1ec1 m\u1eb7t m\u00e0 c\u00f2n len l\u1ecfi v\u00e0o t\u1eebng c\u1ea5u tr\u00fac v\u1ea3i, th\u1eadm ch\u00ed \u0111\u1ec7m d\u00e0y c\u0169ng c\u00f3 th\u1ec3 l\u00e0m s\u1ea1ch s\u00e2u ho\u00e0n to\u00e0n.\nM\u00e1y h\u00fat b\u1ee5i di\u1ec7t khu\u1ea9n c\u1ea7m tay CM800 thi\u1ebft k\u1ebf h\u1ec7 th\u1ed1ng quang nhi\u1ec7t PTC n\u00f3ng 55 \u0111\u1ed9 C c\u00f9ng tia UV ho\u1ea1t \u0111\u1ed9ng rung v\u1edbi t\u1ea7n s\u1ed1 cao (8000l\u1ea7n/ph\u00fat) nh\u1eb1m \u1ee9c ch\u1ebf c\u00e1c lo\u1ea1i vi khu\u1ea9n, b\u1ecd ch\u00e9t b\u00e1m tr\u00ean t\u1eebng th\u1edb v\u1ea3i, l\u00e0m kh\u00f4 nhanh ch\u00f3ng b\u1ec1 m\u1eb7t, h\u1ea1n ch\u1ebf ph\u00e1t sinh vi khu\u1ea9n \u1edf m\u1ed9t kho\u1ea3ng th\u1eddi gian sau \u0111\u00f3.\nB\u1ed9 l\u1ecdc HEPA v\u1edbi c\u1ea5u tr\u00fac th\u00e1p l\u1ed1c xo\u00e1y cho kh\u1ea3 n\u0103ng l\u1ecdc s\u1ea1ch t\u1eebng h\u1ea1t b\u1ee5i nh\u1ecf \u0111\u1ebfn 0.03 micron, c\u00e1c ch\u1ea5t g\u00e2y d\u1ecb \u1ee9ng, tr\u00e1nh t\u00ecnh tr\u1ea1ng ch\u1ea3y ng\u01b0\u1ee3c trong qu\u00e1 tr\u00ecnh l\u1ecdc.-\u0110\u01b0\u1ee3c trang b\u1ecb h\u1ec7 th\u1ed1ng \u0111\u00e8n chi\u1ebfu tia UV 183mm h\u00ecnh th\u00e0nh m\u1ed9t khu l\u1ecdc chi\u1ebfu s\u00e1ng di\u1ec7n r\u1ed9ng v\u1edbi kh\u1ea3 n\u0103ng ph\u00e1t ra ngu\u1ed3n s\u00e1ng \u1ed5n \u0111\u1ecbnh 253.7nm. Ngu\u1ed3n s\u00e1ng n\u00e0y c\u00f3 hi\u1ec7u qu\u1ea3 ph\u00e1t ra tia c\u1ef1c t\u00edm UV nh\u1eb1m ph\u00e1 h\u1ee7y DNA c\u1ee7a t\u1ebf b\u00e0o vi khu\u1ea9n \u1ee9c ch\u1ebf s\u1ef1 sinh s\u00f4i v\u00e0 ti\u00eau di\u1ec7t ho\u00e0n to\u00e0n t\u1edbi 99% tr\u00ean m\u1ecdi b\u1ec1 m\u1eb7t.\nThi\u1ebft k\u1ebf h\u1ed9p b\u1ee5i v\u1edbi dung t\u00edch 0.4L v\u1eeba ph\u1ea3i d\u1ec5 d\u00e0ng th\u00e1o r\u1eddi v\u1ec7 sinh s\u1ea1ch s\u1ebd sau m\u1ed7i l\u1ea7n ho\u1ea1t \u0111\u1ed9ng.\nD\u1ea3i \u0111\u00e8n LED \u0111\u01b0\u1ee3c trang b\u1ecb ph\u00eda tr\u01b0\u1edbc b\u1ec1 m\u1eb7t gi\u00fap ng\u01b0\u1eddi d\u00f9ng d\u1ec5 nh\u1eadn di\u1ec7n \u0111\u01b0\u1ee3c c\u00e1c b\u1ec1 m\u1eb7t b\u00e1m b\u1ee5i b\u1ea9n, tr\u00e1nh b\u1ecf s\u00f3t kh\u00f4ng gian c\u1ea7n l\u00e0m s\u1ea1ch.\n#cm800 #deerma #cm900\n\n- H\u01b0\u1edbng d\u1eabn s\u1eed d\u1ee5ng: \nV\u1ec7 sinh l\u00f5i l\u1ecdc sau m\u1ed7i l\u1ea7n s\u1eed d\u1ee5ng\nKh\u00f4ng n\u00ean v\u1ec7 sinh l\u00f5i l\u1ecdc b\u1eb1ng n\u01b0\u1edbc\nL\u00f5i l\u1ecdc b\u1ee5i n\u00ean thay sau 3-6 th\u00e1ng, n\u1ebfu s\u1eed d\u1ee5ng nhi\u1ec1u th\u00ec 1 th\u00e1ng\n- T\u00ean c\u00f4ng ty : Guangdong Deerma Technology Co., Ltd\n- N\u0103m s\u1ea3n xu\u1ea5t: 2021\n\u0111\u1ecba ch\u1ec9: No.4-1, longhui Road, marlong village committee, Beijiao Town, Shunde District, Foshan City\n- Xu\u1ea5t x\u1ee9: Trung Qu\u1ed1c\n- Th\u01b0\u01a1ng nh\u00e2n nh\u1eadp kh\u1ea9u, ph\u00e2n ph\u1ed1i, ch\u1ecbu tr\u00e1ch nhi\u1ec7m s\u1ea3n ph\u1ea9m v\u00e0 b\u1ea3o h\u00e0nh: C\u00f4ng Ty TNHH Th\u01b0\u01a1ng M\u1ea1i D\u1ecbch V\u1ee5 Xu\u1ea5t Nh\u1eadp Kh\u1ea9u Halolife\n\u0110\u1ecba ch\u1ec9: 43 Louis 8, K\u0110T Louis City, \u0110\u1ea1i M\u1ed7, Nam T\u1eeb Li\u00eam, H\u00e0 N\u1ed9i", "is_mart": false, "show_shopee_verified_label": false, "size_chart": null, "reference_item_id": "", "brand": "deerma", "item_rating": {"rating_star": 4.858585858585859, "rating_count": [99, 0, 2, 1, 6, 90]}, "label_ids": [1003958, 1003985, 1001042, 1000753, 1001051, 1001054, 1001070, 1001075, 1001086, 1001087, 1000969, 1000975, 1000988, 1001033, 1001037, 1001038, 1001040, 1000520, 1000518, 44, 1000687, 1000697, 1000748, 1000749, 1000257, 1000256, 1000254, 1000255, 1000258, 1000259, 1000264, 1000263, 1000272, 1000277, 1000262, 1000260, 1000265, 1000266, 1000267, 1000268, 1000270, 1000271, 1000273, 1000269, 1000274, 1000275, 1000278, 1000276, 1000279, 1000790, 1000797, 1000844, 1000847, 1000854, 1000874, 1000911, 1000937, 1000938, 1000946, 1001352, 1000558, 1000735, 1000743, 1000956, 1000957, 1001388, 1001396, 1001398, 1001043, 1001418, 1001549, 1001711, 1001728, 1001827, 1001948, 1000752, 1001961, 1002105, 1002113, 1002130, 1002132, 1002163, 1002172, 1002182, 1002232, 1002283, 1002296, 1002373, 1002343, 1002410, 1002422, 1002480, 1002501, 1002639, 1002695, 1002763, 1002762, 1002792, 1002822, 1002835, 1002847, 1002898, 1002899, 1002945, 1002962, 1002970, 1002993, 1002997, 1002998, 1003133, 1003159, 1003167, 1003169, 1003235, 1003258, 1003259, 1003261, 1003275, 1003443, 1003533, 1003567, 1003707, 1003709, 1003769, 1003777, 1000121, 1003819, 1003834, 1003867, 1000300, 1003886, 1004067, 1004068, 1004130, 1004171, 1004211, 1004213, 1004220, 1004341, 1004358, 1004360, 1004488, 1004672, 1004687, 1004764, 1004774, 1004865, 1004894, 1005026, 1005033, 1005061, 1005120, 1005144, 1005263, 1005521, 1005759, 1005844, 1006117, 1006199, 1006306, 1006642, 1006669, 1007155, 1007190, 1007328, 1007394, 1007516, 1007546, 1007525, 1007765, 1007768, 1007773, 1006856, 1008093, 1008283, 1008290, 1008313, 1008515, 1008529, 1008793, 1009058, 1009063, 1009202, 1009391, 1009427, 1009489, 1009525, 1009774, 1009763, 1009931, 1010033, 1010111, 1010210, 1010310, 1010449, 1010452, 1010666, 1010668, 1010797, 1010881, 1011155, 1011293, 1011470, 1011654, 1011685, 1011909, 1012191, 1012192, 1012514, 1000586, 1000836, 1000597, 58, 1002088, 1002246, 1002248, 1003125, 1003428, 1003744, 1001044, 1004370, 1004371, 1004432, 1004542, 1004700, 1004709, 1004744, 1003794, 1004487, 1005269, 1005342, 1005460, 1005496, 1006037, 1006129, 1006454, 1006641, 1006660, 1006825, 1007182, 1007414, 1007861, 1008562, 1010348, 1011294, 1012208, 1012458, 1012627], "attributes": [{"name": "Tr\u1ecdng l\u01b0\u1ee3ng", "value": "1.5kg", "id": 100095, "is_timestamp": false, "brand_option": null, "val_id": null}, {"name": "Xu\u1ea5t x\u1ee9", "value": "Trung Qu\u1ed1c", "id": 100037, "is_timestamp": false, "brand_option": null, "val_id": null}, {"name": "H\u1ea1n b\u1ea3o h\u00e0nh", "value": "24 th\u00e1ng", "id": 100121, "is_timestamp": false, "brand_option": null, "val_id": null}, {"name": "Lo\u1ea1i b\u1ea3o h\u00e0nh", "value": "B\u1ea3o h\u00e0nh nh\u00e0 cung c\u1ea5p", "id": 100370, "is_timestamp": false, "brand_option": null, "val_id": null}, {"name": "L\u01b0u l\u01b0\u1ee3ng kh\u00f4ng kh\u00ed", "value": "1000m\u00b3/h", "id": 100267, "is_timestamp": false, "brand_option": null, "val_id": null}, {"name": "Lo\u1ea1i m\u00e1y h\u00fat b\u1ee5i v\u00e0 thi\u1ebft b\u1ecb l\u00e0m s\u1ea1ch", "value": "M\u00e1y h\u00fat b\u1ee5i ki\u1ec3u th\u1eb3ng \u0111\u1ee9ng", "id": 100367, "is_timestamp": false, "brand_option": null, "val_id": null}, {"name": "Ch\u1ee9c n\u0103ng m\u00e1y h\u00fat b\u1ee5i", "value": "Ch\u1ed1ng b\u1ee5i", "id": 100369, "is_timestamp": false, "brand_option": null, "val_id": null}, {"name": "C\u00f3 c\u00e1p/ Kh\u00f4ng c\u00e1p", "value": "C\u00f3 c\u00e1p", "id": 100286, "is_timestamp": false, "brand_option": null, "val_id": null}, {"name": "Th\u1eddi gian ho\u1ea1t \u0111\u1ed9ng", "value": "60mins", "id": 100351, "is_timestamp": false, "brand_option": null, "val_id": null}, {"name": "T\u00ednh n\u0103ng m\u00e1y h\u00fat b\u1ee5i", "value": "Tia UV, C\u00f3 b\u00e1nh xe, B\u1ed9 l\u1ecdc HEPA", "id": 100368, "is_timestamp": false, "brand_option": null, "val_id": null}, {"name": "T\u00ednh n\u0103ng robot h\u00fat b\u1ee5i", "value": "X\u1eed l\u00fd b\u1ee5i t\u1ef1 \u0111\u1ed9ng", "id": 100352, "is_timestamp": false, "brand_option": null, "val_id": null}, {"name": "Ti\u00eau th\u1ee5 \u0111i\u1ec7n n\u0103ng", "value": "300W", "id": 100355, "is_timestamp": false, "brand_option": null, "val_id": null}, {"name": "\u0110i\u1ec7n \u00e1p \u0111\u1ea7u v\u00e0o", "value": "220V", "id": 100323, "is_timestamp": false, "brand_option": null, "val_id": null}, {"name": "Chi\u1ec1u d\u00e0i c\u00e1p", "value": "4.5m", "id": 100285, "is_timestamp": false, "brand_option": null, "val_id": null}, {"name": "Dung t\u00edch", "value": "0.5L", "id": 100278, "is_timestamp": false, "brand_option": null, "val_id": null}, {"name": "C\u00f4ng su\u1ea5t h\u00fat", "value": "15000Pa", "id": 100991, "is_timestamp": false, "brand_option": null, "val_id": null}], "liked": false, "liked_count": 231, "cmt_count": 99, "flag": 2, "shopee_verified": false, "is_adult": false, "is_preferred_plus_seller": false, "tier_variations": [{"name": "Lo\u1ea1i", "options": ["CM900", "CM800 - c\u00f3 s\u1eb5n"], "images": ["b004777dd2ab594745937b08db0139cb", "b23b0001ab80b1214708b3f7fc54928c"], "properties": null, "type": 0}, {"name": "B\u1ea3o h\u00e0nh", "options": ["1 Th\u00e1ng", "6 Th\u00e1ng", "24 Th\u00e1ng"], "images": null, "properties": null, "type": 0}], "bundle_deal_id": 0, "can_use_bundle_deal": false, "add_on_deal_info": null, "bundle_deal_info": null, "can_use_wholesale": false, "wholesale_tier_list": [], "is_group_buy_item": null, "group_buy_info": null, "welcome_package_type": 0, "welcome_package_info": null, "tax_code": null, "invoice_option": null, "complaint_policy": null, "images": ["8b4d945098ffa7b3b8dc55a2128836fa", "b004777dd2ab594745937b08db0139cb", "e27909848e26f5995b3cfaa332bfc6a0", "16ff74126fb7359aec88a3fa8704e722", "bc5a1637d91b5c90a8f26c5fc5a0e227", "d799ddd0cd6e55c48915bda42afceeaa", "98b1facdb74354b6a182b0db4dcbe9df", "4972506f371dd177f245a07f123bae95"], "image": "8b4d945098ffa7b3b8dc55a2128836fa", "video_info_list": [{"video_id": "KO0CgPgJ3OeHwzX8", "thumb_url": "bf78272e8078879d9d1f205041bd5f22", "duration": 17, "version": 2, "vid": "sg_96d22fd2-8b29-45aa-9158-0fad0c76f616_000023", "formats": [], "default_format": {"format": 600001, "defn": "ORI", "profile": "MP4", "path": "", "url": "http://play-aka.vod.shopee.com/c3/98934353/107/YzQsMTAzLTQzOTMyLDE0MjI3NDU2MjA1MjI3MDQ4OTYsMg.mp4", "width": 640, "height": 480}}], "item_type": 0, "is_official_shop": true, "show_official_shop_label_in_title": true, "shop_location": "H\u00e0 N\u1ed9i", "coin_earn_label": null, "cb_option": 0, "is_pre_order": false, "estimated_days": 2, "badge_icon_type": 0, "show_free_shipping": true, "shipping_icon_type": 0, "cod_flag": 0, "is_service_by_shopee": false, "show_original_guarantee": false, "categories": [{"catid": 100010, "display_name": "Thi\u1ebft B\u1ecb \u0110i\u1ec7n Gia D\u1ee5ng", "no_sub": false, "is_default_subcat": false}, {"catid": 100038, "display_name": "Thi\u1ebft b\u1ecb \u0111i\u1ec7n gia d\u1ee5ng nh\u1ecf", "no_sub": false, "is_default_subcat": false}, {"catid": 100177, "display_name": "M\u00e1y h\u00fat b\u1ee5i & Thi\u1ebft b\u1ecb l\u00e0m s\u1ea1ch s\u00e0n", "no_sub": true, "is_default_subcat": false}], "other_stock": 0, "item_has_post": true, "discount_stock": 287, "current_promotion_has_reserve_stock": false, "current_promotion_reserved_stock": 0, "normal_stock": 287, "brand_id": 1800965, "is_alcohol_product": false, "show_recycling_info": false, "coin_info": {"spend_cash_unit": 100000, "coin_earn_items": [{"coin_earn": 0}, {"coin_earn": 0}, {"coin_earn": 0}, {"coin_earn": 0}, {"coin_earn": 0}, {"coin_earn": 0}]}, "models": [{"itemid": 6240776008, "status": 1, "current_promotion_reserved_stock": 0, "name": "CM800 - c\u00f3 s\u1eb5n,6 Th\u00e1ng", "promotionid": 1311493664, "price": 78000000000, "price_stocks": [{"allocated_stock": 0, "stock_breakdown_by_location": null}, {"allocated_stock": null, "stock_breakdown_by_location": null}], "current_promotion_has_reserve_stock": false, "normal_stock": 95, "extinfo": {"tier_index": [1, 1], "group_buy_info": null, "is_pre_order": false, "estimated_days": 2}, "price_before_discount": 110000000000, "modelid": 75081785913, "stock": 95, "has_gimmick_tag": false}, {"itemid": 6240776008, "status": 1, "current_promotion_reserved_stock": 0, "name": "CM900,1 Th\u00e1ng", "promotionid": 0, "price": 110000000000, "price_stocks": [{"allocated_stock": null, "stock_breakdown_by_location": null}], "current_promotion_has_reserve_stock": false, "normal_stock": 0, "extinfo": {"tier_index": [0, 0], "group_buy_info": null, "is_pre_order": false, "estimated_days": 2}, "price_before_discount": 0, "modelid": 75081785914, "stock": 0, "has_gimmick_tag": false}, {"itemid": 6240776008, "status": 1, "current_promotion_reserved_stock": 0, "name": "CM900,6 Th\u00e1ng", "promotionid": 0, "price": 110000000000, "price_stocks": [{"allocated_stock": null, "stock_breakdown_by_location": null}], "current_promotion_has_reserve_stock": false, "normal_stock": 0, "extinfo": {"tier_index": [0, 1], "group_buy_info": null, "is_pre_order": false, "estimated_days": 2}, "price_before_discount": 0, "modelid": 75081785915, "stock": 0, "has_gimmick_tag": false}, {"itemid": 6240776008, "status": 1, "current_promotion_reserved_stock": 0, "name": "CM900,24 Th\u00e1ng", "promotionid": 0, "price": 110000000000, "price_stocks": [{"allocated_stock": null, "stock_breakdown_by_location": null}], "current_promotion_has_reserve_stock": false, "normal_stock": 0, "extinfo": {"tier_index": [0, 2], "group_buy_info": null, "is_pre_order": false, "estimated_days": 2}, "price_before_discount": 0, "modelid": 75081785916, "stock": 0, "has_gimmick_tag": false}, {"itemid": 6240776008, "status": 1, "current_promotion_reserved_stock": 0, "name": "CM800 - c\u00f3 s\u1eb5n,1 Th\u00e1ng", "promotionid": 1311493664, "price": 74000000000, "price_stocks": [{"allocated_stock": 0, "stock_breakdown_by_location": null}, {"allocated_stock": null, "stock_breakdown_by_location": null}], "current_promotion_has_reserve_stock": false, "normal_stock": 96, "extinfo": {"tier_index": [1, 0], "group_buy_info": null, "is_pre_order": false, "estimated_days": 2}, "price_before_discount": 110000000000, "modelid": 75081785917, "stock": 96, "has_gimmick_tag": false}, {"itemid": 6240776008, "status": 1, "current_promotion_reserved_stock": 0, "name": "CM800 - c\u00f3 s\u1eb5n,24 Th\u00e1ng", "promotionid": 1311493664, "price": 86000000000, "price_stocks": [{"allocated_stock": 0, "stock_breakdown_by_location": null}, {"allocated_stock": null, "stock_breakdown_by_location": null}], "current_promotion_has_reserve_stock": false, "normal_stock": 96, "extinfo": {"tier_index": [1, 2], "group_buy_info": null, "is_pre_order": false, "estimated_days": 2}, "price_before_discount": 110000000000, "modelid": 75081785918, "stock": 96, "has_gimmick_tag": false}], "spl_info": {"installment_info": null, "user_credit_info": null, "channel_id": null, "show_spl": false, "show_spl_lite": false}, "preview_info": null, "fe_categories": [{"catid": 11036971, "display_name": "Home Appliances", "no_sub": false, "is_default_subcat": false}, {"catid": 11037000, "display_name": "Vacuums & Floor care", "no_sub": false, "is_default_subcat": false}, {"catid": 11037002, "display_name": "Handheld Vacuum Cleaners", "no_sub": true, "is_default_subcat": false}], "presale_info": null, "is_cc_installment_payment_eligible": false, "is_non_cc_installment_payment_eligible": false, "flash_sale": null, "upcoming_flash_sale": null, "deep_discount": null, "has_low_fulfillment_rate": false, "is_partial_fulfilled": false, "makeups": null, "shop_vouchers": null, "global_sold": null, "is_infant_milk_formula_product": false, "should_show_amp_tag": false}