{"itemid": 6664370857, "shopid": 284593651, "userid": 0, "price_max_before_discount": 320000000000, "has_lowest_price_guarantee": true, "price_before_discount": 320000000000, "price_min_before_discount": 320000000000, "exclusive_price_info": null, "hidden_price_display": null, "price_min": 247600000000, "price_max": 247600000000, "price": 247600000000, "stock": 20, "discount": "23%", "historical_sold": 1140, "sold": 54, "show_discount": 23, "raw_discount": 23, "min_purchase_limit": 0, "overall_purchase_limit": {"order_max_purchase_limit": 0, "overall_purchase_limit": null, "item_overall_quota": null, "start_date": null, "end_date": null}, "pack_size": null, "is_live_streaming_price": null, "name": "N\u1ed3i chi\u00ean kh\u00f4ng d\u1ea7u Philips HD9252/90 M\u1eabu 2021 - H\u00e0ng ch\u00ednh h\u00e3ng", "ctime": 1605939433, "item_status": "normal", "status": 1, "condition": 1, "catid": 100010, "description": "-V\u1edbi c\u00f4ng ngh\u1ec7 Rapid Air, Airfryer lu\u00e2n chuy\u1ec3n kh\u00ed n\u00f3ng xung quanh gi\u1ecf n\u1ea5u b\u1ecdc l\u01b0\u1edbi kim lo\u1ea1i, s\u1eed d\u1ee5ng \u00edt d\u1ea7u ho\u1eb7c kh\u00f4ng d\u00f9ng d\u1ea7u khi chi\u00ean r\u00e1n, n\u01b0\u1edbng th\u1ecbt v\u00e0 n\u01b0\u1edbng b\u00e1nh. \r\n\r\nM\u00e0n h\u00ecnh c\u1ea3m \u1ee9ng v\u1edbi c\u00e1c ch\u1ee9c n\u0103ng c\u00e0i \u0111\u1eb7t tr\u01b0\u1edbc. Ch\u1ea1m v\u00e0o m\u1ed9t n\u00fat v\u00e0 n\u1ea5u. C\u00e1c ch\u01b0\u01a1ng tr\u00ecnh \u0111\u1eb7t tr\u01b0\u1edbc bao g\u1ed3m \u0111\u1ed3 \u0103n nh\u1eb9, \u0111\u00f4ng l\u1ea1nh, khoai t\u00e2y chi\u00ean t\u01b0\u01a1i, th\u1ecbt, c\u00e1, \u0111\u00f9i g\u00e0, b\u00e1nh v\u00e0 th\u1eadm ch\u00ed c\u1ea3 rau n\u01b0\u1edbng.\r\n\r\nC\u00f4ng ngh\u1ec7 Rapid Air, v\u1edbi thi\u1ebft k\u1ebf \u201csao bi\u1ec3n\u201d \u0111\u1ed9c \u0111\u00e1o, xo\u00e1y kh\u00f4ng kh\u00ed n\u00f3ng \u0111\u1ec3 t\u1ea1o ra nh\u1eefng m\u00f3n \u0103n ngon gi\u00f2n b\u00ean ngo\u00e0i v\u00e0 m\u1ec1m b\u00ean trong, v\u1edbi \u00edt ho\u1eb7c kh\u00f4ng th\u00eam d\u1ea7u. Kh\u00e1m ph\u00e1 to\u00e0n b\u1ed9 ti\u1ec1m n\u0103ng c\u1ee7a M\u00e1y s\u1ea5y kh\u00ed c\u1ee7a b\u1ea1n \u0111\u1ec3 n\u1ea5u nh\u1eefng b\u1eefa \u0103n ngon h\u01a1n v\u00e0 l\u00e0nh m\u1ea1nh h\u01a1n. Kh\u00e1m ph\u00e1 c\u00e1c t\u00ednh n\u0103ng ti\u1ebft ki\u1ec7m th\u1eddi gian v\u00e0 c\u1ee7ng c\u1ed1 k\u1ef9 n\u0103ng n\u1ea5u n\u01b0\u1edbng c\u1ee7a b\u1ea1n \u0111\u1ec3 t\u1ea1o ra nh\u1eefng b\u1eefa \u0103n t\u1ef1 n\u1ea5u m\u00e0 b\u1ea1n v\u00e0 gia \u0111\u00ecnh y\u00eau th\u00edch m\u1ed7i ng\u00e0y.\r\n\r\nKh\u00e1m ph\u00e1 h\u00e0ng tr\u0103m c\u00f4ng th\u1ee9c n\u1ea5u \u0103n Airfryer th\u01a1m ngon, t\u1ed1t cho s\u1ee9c kh\u1ecfe v\u00e0 th\u1ef1c hi\u1ec7n nhanh ch\u00f3ng. C\u00e1c c\u00f4ng th\u1ee9c n\u1ea5u \u0103n trong \u1ee9ng d\u1ee5ng NutriU do c\u00e1c chuy\u00ean gia dinh d\u01b0\u1ee1ng tuy\u1ec3n ch\u1ecdn \u0111\u1ec3 n\u1ea5u \u0103n h\u00e0ng ng\u00e0y. Nh\u1eadn c\u00e1c \u0111\u1ec1 xu\u1ea5t c\u00f4ng th\u1ee9c h\u00e0ng ng\u00e0y ph\u00f9 h\u1ee3p v\u1edbi s\u1edf th\u00edch c\u1ee7a gia \u0111\u00ecnh b\u1ea1n. B\u1ea1n s\u1eed d\u1ee5ng c\u00e0ng nhi\u1ec1u NutriU, th\u00ec NutriU c\u00e0ng c\u00f3 th\u1ec3 \u0111i\u1ec1u ch\u1ec9nh c\u00e1c \u00fd t\u01b0\u1edfng c\u00f4ng th\u1ee9c ngon theo nhu c\u1ea7u c\u1ee7a b\u1ea1n. L\u1ea5y c\u1ea3m h\u1ee9ng t\u1eeb nh\u1eefng \u0111\u1ea7u b\u1ebfp kh\u00e1c v\u00e0 theo d\u00f5i nh\u1eefng ng\u01b0\u1eddi c\u00f3 c\u00f9ng s\u1edf th\u00edch ***.\r\n\r\nT\u1ea5t c\u1ea3 c\u00e1c b\u1ed9 ph\u1eadn c\u00f3 th\u1ec3 th\u00e1o r\u1eddi \u0111\u01b0\u1ee3c m\u00e1y r\u1eeda ch\u00e9n an to\u00e0n. R\u1ed5 QuickClean c\u1ee7a Airfryer c\u1ee7a ch\u00fang t\u00f4i c\u00f3 l\u1edbp ph\u1ee7 ch\u1ed1ng d\u00ednh \u0111\u1ec3 d\u1ec5 d\u00e0ng v\u1ec7 sinh. R\u00e1n trong kh\u00f4ng kh\u00ed c\u0169ng c\u00f3 ngh\u0129a l\u00e0 ng\u00f4i nh\u00e0 c\u1ee7a b\u1ea1n s\u1ebd kh\u00f4ng c\u00f2n m\u00f9i c\u1ee7a c\u00e1ch chi\u00ean r\u00e1n truy\u1ec1n th\u1ed1ng.\r\n\r\nTh\u00f4ng s\u1ed1 k\u1ef9 thu\u1eadt Philips HD9252:\r\n- Chi\u1ec1u d\u00e0i d\u00e2y: 1 m\r\n- C\u00f4ng su\u1ea5t: 1400 W - \u0110i\u1ec7n \u00e1p 220V\r\n- Dung t\u00edch gi\u1ecf chi\u00ean: 800g th\u1ef1c ph\u1ea9m cho 1 l\u1ea7n chi\u00ean\r\n- K\u00edch th\u01b0\u1edbc c\u1ee7a s\u1ea3n ph\u1ea9m (LxWxH): 360x264x295 mm\r\n- Tr\u1ecdng l\u01b0\u1ee3ng c\u1ee7a s\u1ea3n ph\u1ea9m: 4,55 kg\r\n- Ki\u1ec3m so\u00e1t nhi\u1ec7t \u0111\u1ed9, th\u1eddi gian\r\n- M\u00e0n h\u00ecnh Led\r\n\r\nTh\u00f4ng tin b\u1ea3o h\u00e0nh:\r\n- Th\u1eddi h\u1ea1n b\u1ea3o h\u00e0nh: 24 th\u00e1ng\r\n- H\u00ecnh th\u1ee9c b\u1ea3o h\u00e0nh: Phi\u1ebfu b\u1ea3o h\u00e0nh (Kh\u00e1ch c\u1ea7n y\u00eau c\u1ea7u shop xu\u1ea5t h\u00f3a \u0111\u01a1n \u0111\u1ec3 \u0111\u01b0\u1ee3c h\u01b0\u1edfng b\u1ea3o h\u00e0nh)\r\n\u0110\u1ed1i v\u1edbi s\u1ea3n ph\u1ea9m \u0110i\u1ec7n Gia D\u1ee5ng th\u01b0\u01a1ng hi\u1ec7u Philips, th\u00f4ng tin v\u1ec1 \u0111\u1ecba \u0111i\u1ec3m th\u1ef1c hi\u1ec7n b\u1ea3o h\u00e0nh nh\u01b0 sau:\r\n-\tT\u00ean: \t\tTRUNG T\u00c2M B\u1ea2O H\u00c0NH PHILIPS\t\t\t               \r\n-\t\u0110\u1ecba ch\u1ec9:\t\t373 Nguy\u1ec5n Th\u01b0\u1ee3ng Hi\u1ec1n, P. 11, Q. 10, Tp. H\u1ed3 Ch\u00ed Minh\t\t \r\n-\t\u0110i\u1ec7n tho\u1ea1i: \t+84 (028) 38344113\t\r\n-\tNg\u01b0\u1eddi ph\u1ee5 tr\u00e1ch:\t\t\r\n-\tGi\u1edd l\u00e0m vi\u1ec7c: \t8:00 \u2013 17:00 (tr\u1eeb Ch\u1ee7 Nh\u1eadt, L\u1ec5, T\u1ebft)", "is_mart": false, "show_shopee_verified_label": false, "size_chart": null, "reference_item_id": "", "brand": "PHILIPS", "item_rating": {"rating_star": 4.896470588235294, "rating_count": [426, 5, 4, 1, 13, 403]}, "label_ids": [1000182, 1001042, 1001070, 1000257, 1000254, 1000256, 1000255, 1000260, 1000258, 1000262, 1000259, 1000264, 1000263, 1000266, 1000265, 1000267, 1000268, 1000270, 1000269, 1000272, 1000271, 1000274, 1000273, 1000275, 1000276, 1000277, 1000278, 1000279, 1000747, 1000758, 1000815, 1001071, 1001412, 1001411, 1001734, 1001740, 1001739, 1001946, 1002163, 1002232, 1002373, 1002480, 1002639, 1002768, 1002770, 1002772, 1002834, 1002897, 1002898, 1002997, 1002998, 1003258, 1003259, 1000121, 1004111, 1004113, 1004471, 1004897, 1004929, 1005829, 1006117, 1006306, 1006352, 1006435, 1006624, 1006625, 1006642, 1006669, 1007155, 1007190, 1007328, 1007394, 1007516, 1007546, 1007589, 1007765, 1007768, 1006856, 1008283, 1008290, 1008313, 1008515, 1008793, 1009058, 1009063, 1009190, 1009202, 1009391, 1009427, 1009763, 1010033, 1010111, 1010449, 1010668, 1010797, 1011155, 1011654, 1011843, 1012191, 1003125, 1003165, 1003170, 1001044, 1003321, 1003428, 1003695, 1003698, 1003744, 1004146, 1004349, 1004366, 1004370, 1004371, 1004374, 1004432, 1004542, 1004700, 1004709, 1005114, 1005269, 1005342, 1005460, 1005496, 1006310, 1006454, 1006569, 1006619, 1006660, 1007182, 1007334, 1007414, 1007696, 1007861, 1008294, 1008562, 1008747, 1008842, 1009035, 1009079, 1009347, 1010290, 1010348, 1010351, 1010506, 1010507, 1011193, 1011519, 1010484, 1011627, 1011629, 1011780, 1012011, 1009370, 1011387, 1012107, 1012539, 1012551, 1012624], "attributes": null, "liked": false, "liked_count": 5638, "cmt_count": 426, "flag": 268959746, "shopee_verified": false, "is_adult": false, "is_preferred_plus_seller": false, "tier_variations": [{"name": "", "options": [""], "images": null, "properties": null, "type": 0}], "bundle_deal_id": 0, "can_use_bundle_deal": false, "add_on_deal_info": null, "bundle_deal_info": null, "can_use_wholesale": false, "wholesale_tier_list": [], "is_group_buy_item": null, "group_buy_info": null, "welcome_package_type": 0, "welcome_package_info": null, "tax_code": null, "invoice_option": null, "complaint_policy": null, "images": ["9d878d88decb619af7191a8bdcd3c372", "eb5026c995f5a7fbb627282e979854eb", "378b61e20ff6bbefd4a60f76ea12fa06", "94589b9cfe15da50bcb76bd994a8ddbf"], "image": "9d878d88decb619af7191a8bdcd3c372", "video_info_list": null, "item_type": 0, "is_official_shop": true, "show_official_shop_label_in_title": true, "shop_location": "TP. H\u1ed3 Ch\u00ed Minh", "coin_earn_label": null, "cb_option": 0, "is_pre_order": false, "estimated_days": 2, "badge_icon_type": 6, "show_free_shipping": true, "shipping_icon_type": 0, "cod_flag": 0, "is_service_by_shopee": true, "show_original_guarantee": false, "categories": [{"catid": 100010, "display_name": "Thi\u1ebft B\u1ecb \u0110i\u1ec7n Gia D\u1ee5ng", "no_sub": false, "is_default_subcat": false}, {"catid": 100041, "display_name": "\u0110\u1ed3 gia d\u1ee5ng nh\u00e0 b\u1ebfp", "no_sub": false, "is_default_subcat": false}, {"catid": 100198, "display_name": "N\u1ed3i chi\u00ean kh\u00f4ng d\u1ea7u", "no_sub": true, "is_default_subcat": false}], "other_stock": 265, "item_has_post": true, "discount_stock": 20, "current_promotion_has_reserve_stock": true, "current_promotion_reserved_stock": 20, "normal_stock": 265, "brand_id": 1146897, "is_alcohol_product": false, "show_recycling_info": false, "coin_info": {"spend_cash_unit": 100000, "coin_earn_items": [{"coin_earn": 0}]}, "models": [{"itemid": 6664370857, "status": 1, "current_promotion_reserved_stock": 20, "name": "", "promotionid": 2037119860, "price": 247600000000, "price_stocks": [{"allocated_stock": 20, "stock_breakdown_by_location": [{"location_id": "VNW", "available_stock": 0, "fulfilment_type": 1, "address_id": 38200026}, {"location_id": "VNN", "available_stock": 0, "fulfilment_type": 1, "address_id": 38200025}, {"location_id": "VNS", "available_stock": 20, "fulfilment_type": 1, "address_id": 38200027}, {"location_id": "VNZ", "available_stock": 0, "fulfilment_type": 2, "address_id": null}]}, {"allocated_stock": null, "stock_breakdown_by_location": [{"location_id": "VNW", "available_stock": 0, "fulfilment_type": 1, "address_id": null}, {"location_id": "VNN", "available_stock": 0, "fulfilment_type": 1, "address_id": null}, {"location_id": "VNS", "available_stock": 365, "fulfilment_type": 1, "address_id": null}, {"location_id": "VNZ", "available_stock": 0, "fulfilment_type": 2, "address_id": null}]}], "current_promotion_has_reserve_stock": true, "normal_stock": 265, "extinfo": {"tier_index": [0], "group_buy_info": null, "is_pre_order": null, "estimated_days": 2}, "price_before_discount": 320000000000, "modelid": 31923429947, "stock": 20, "has_gimmick_tag": false}], "spl_info": {"installment_info": null, "user_credit_info": null, "channel_id": null, "show_spl": false, "show_spl_lite": false}, "preview_info": null, "fe_categories": [{"catid": 11036971, "display_name": "Home Appliances", "no_sub": false, "is_default_subcat": false}, {"catid": 11111620, "display_name": "Electric Cookers", "no_sub": false, "is_default_subcat": false}, {"catid": 11111626, "display_name": "Fryers", "no_sub": true, "is_default_subcat": false}], "presale_info": null, "is_cc_installment_payment_eligible": false, "is_non_cc_installment_payment_eligible": false, "flash_sale": {"flash_sale_type": 0, "extra_discount_info": null, "promotionid": 2037119860, "start_time": 1643778000, "end_time": 1643810400, "promo_images": ["9d878d88decb619af7191a8bdcd3c372"], "price": 247600000000, "flash_sale_stock": 20, "stock": 20, "hidden_price_display": null, "promo_overlay_image": null, "price_before_discount": 320000000000}, "upcoming_flash_sale": null, "deep_discount": null, "has_low_fulfillment_rate": false, "is_partial_fulfilled": false, "makeups": null, "shop_vouchers": null, "global_sold": null, "is_infant_milk_formula_product": false, "should_show_amp_tag": false}