{"itemid": 6759842966, "shopid": 323441691, "userid": 0, "price_max_before_discount": -1, "has_lowest_price_guarantee": false, "price_before_discount": 0, "price_min_before_discount": -1, "exclusive_price_info": null, "hidden_price_display": null, "price_min": 199000000000, "price_max": 199000000000, "price": 199000000000, "stock": 1, "discount": null, "historical_sold": 1, "sold": 0, "show_discount": 0, "raw_discount": 0, "min_purchase_limit": 0, "overall_purchase_limit": {"order_max_purchase_limit": 0, "overall_purchase_limit": null, "item_overall_quota": null, "start_date": null, "end_date": null}, "pack_size": null, "is_live_streaming_price": null, "name": "Tai Nghe Gaming JBL QUANTUM 300 - H\u00e0ng ch\u00ednh h\u00e3ng", "ctime": 1603953521, "item_status": "normal", "status": 1, "condition": 1, "catid": 100535, "description": "\ud83c\udfb6 T\u00cdNH N\u0102NG N\u1ed4I B\u1eacT \n\ud83d\udd0a Tai nghe gaming JBL Quantum 300 \u2013 Tai nghe d\u00e0nh ri\u00eang cho game th\u1ee7. JBL Quantum 300 v\u1edbi thi\u1ebft k\u1ebf nh\u1ecf g\u1ecdn, \u00e2m thanh s\u1ed1ng \u0111\u1ed9ng l\u00e0 m\u1ed9t ph\u1ee5 ki\u1ec7n m\u00e0 c\u00e1c game th\u1ee7 kh\u00f4ng n\u00ean b\u1ecf qua.\n\ud83d\udd0a. S\u1edf h\u1eedu thi\u1ebft k\u1ebf c\u1ef1c k\u00ec nh\u1ecf g\u1ecdn l\u00e0 4mmx1.5mm gi\u00fap ng\u01b0\u1eddi d\u00f9ng d\u1ec5 d\u00e0ng b\u1ecf v\u1eeba ba l\u00f4 hay t\u00fai s\u00e1ch mang theo s\u1eed d\u1ee5ng \u1edf b\u1ea5t c\u1ee9 n\u01a1i n\u00e0o \u0111\u1ec3 th\u01b0 gi\u00e3n m\u00e0 kh\u00f4ng lo t\u00ecnh tr\u1ea1ng c\u1ea5n kh\u00f3 ch\u1ecbu. \n\ud83d\udd0a D\u00e2y tai nghe JBL Quantum 300 c\u00f3 chi\u1ec1u d\u00e0i 1.2m c\u00f9ng b\u1ed9 chuy\u1ec3n \u0111\u1ed5i USB (1.5 m) gi\u00fap ng\u01b0\u1eddi d\u1ec5 d\u00e0ng k\u1ebft n\u1ed1i v\u1edbi c\u00e1c thi\u1ebft b\u1ecb t\u1eeb kho\u1ea3ng c\u00e1ch xa \u0111\u1ec3 nghe nh\u1ea1c hay tr\u00f2 chuy\u1ec7n m\u00e0 kh\u00f4ng g\u1eb7p ph\u1ea3i b\u1ea5t c\u1ee9 kh\u00f3 kh\u0103n g\u00ec.\n\ud83d\udd0a D\u1ea3i tr\u00f9m \u0111\u1ea7u si\u00eau nh\u1eb9, \u0111\u1ec7m tai x\u1ed1p \u00eam \u00e1i cho b\u1ea1n th\u01b0 gi\u00e3n m\u1ed9t c\u00e1ch c\u1ef1c k\u00ec tho\u1ea3i m\u00e1i cho d\u00f9 c\u00f3 \u0111eo trong th\u1eddi gian d\u00e0i. \u0110\u1ec7m tai n\u00e0y c\u00f2n c\u00f3 th\u1ec3 d\u1ec5 d\u00e0ng th\u00e1o r\u1eddi \u0111\u1ec3 ng\u01b0\u1eddi d\u00f9ng c\u00f3 th\u1ec3 v\u1ec7 sinh m\u00e0 kh\u00f4ng g\u00e2y h\u01b0 h\u1ea1i g\u00ec.\n\ud83d\udd0a C\u00f4ng ngh\u1ec7 JBL QuantumSURROUND s\u1ebd mang t\u1edbi cho b\u1ea1n m\u1ed9t kh\u00f4ng gian \u00e2m thanh tuy\u1ec7t v\u1eddi v\u1edbi tr\u01b0\u1eddng kh\u00f4ng gian ch\u00e2n th\u1ef1c. Ch\u01b0a d\u1eebng l\u1ea1i \u1edf \u0111\u00f3 c\u00f4ng ngh\u1ec7 JBL QuantumSOUND Signature c\u00f9ng v\u1edbi driver l\u1edbn t\u1edbi 50mm cho ng\u01b0\u1eddi d\u00f9ng tr\u1ea3i nghi\u1ec7m \u00e2m thanh khi ch\u01a1i game tr\u1edf n\u00ean s\u1ed1ng \u0111\u1ed9ng h\u01a1n.\n\ud83d\udd0a V\u1edbi thi\u1ebft k\u1ebf g\u1ea1t l\u00ean ti\u1ec7n l\u1ee3i, micro \u0111\u1ecbnh h\u01b0\u1edbng t\u1eadp trung gi\u1ecdng n\u00f3i \u0111\u1ec3 giao ti\u1ebfp c\u1ef1c k\u00ec r\u00f5 r\u00e0ng. B\u00ean c\u1ea1nh \u0111\u01b0\u1ee3c thi\u1ebft k\u1ebf d\u00e0ng cho vi\u1ec7c ch\u01a1i game b\u1ea1n c\u0169ng c\u00f3 th\u1ec3 s\u1eed d\u1ee5ng chi\u1ebfc tai nghe n\u00e0y cho Xbox, Play Station, Nintendo Switch, Mobile, Mac, VR. V\u1edbi ph\u1ea7n m\u1ec1m JBL QuantumENGINE giao di\u1ec7n th\u00e2n thi\u1ec7n, d\u1ec5 d\u00e0ng c\u00e0i \u0111\u1eb7t b\u1ea1n c\u0169ng c\u00f3 th\u1ec3 tinh ch\u1ec9nh EQ ho\u1eb7c s\u1eed d\u1ee5ng 6 thi\u1ebft l\u1eadp c\u00f3 s\u1eb5n cho b\u1ea1n tr\u1ea3i nghi\u1ec7m theo c\u00e1ch c\u1ee7a ri\u00eang m\u00ecnh.\n\n...........................................................................................................................................\n\ud83d\udd0eCH\u00cdNH S\u00c1CH B\u1ea2O H\u00c0NH S\u1ea2N PH\u1ea8M\n- Cam k\u1ebft nguy\u00ean h\u1ed9p, \u0111\u1ea7y \u0111\u1ee7 ph\u1ee5 ki\u1ec7n v\u00e0 b\u1ea3o h\u00e0nh tr\u00ean to\u00e0n qu\u1ed1c\n- S\u1ea3n ph\u1ea9m JBL \u0111\u01b0\u1ee3c ph\u00e2n ph\u1ed1i ch\u00ednh h\u00e3ng b\u1edfi C\u00f4ng ty TNHH Ph\u00fac Giang \n- \u0110i\u1ec1u ki\u1ec7n b\u1ea3o h\u00e0nh: B\u1ea3o h\u00e0nh b\u1eb1ng s\u00f4\u0301 series tr\u00ean h\u00f4\u0323p sa\u0309n ph\u00e2\u0309m. \n\ud83d\udccd \u0110\u1ecba ch\u1ec9 trung t\u00e2m b\u1ea3o h\u00e0nh : 10, Tr\u1ecbnh V\u0103n C\u1ea5n, Ph\u01b0\u1eddng C\u1ea7u \u00f4ng l\u00e3nh, qu\u1eadn 1 , TP. HCM\nT\u1ea5t c\u1ea3 s\u1ea3n ph\u1ea9m loa JBL va\u0300 tai nghe  JBL \u0111\u01b0\u1ee3c ph\u00e2n ph\u1ed1i ch\u00ednh h\u00e3ng b\u1edfi c\u00f4ng ty Ph\u00fac Giang \u0111\u01b0\u1ee3c b\u1ea3o h\u00e0nh tr\u00ean to\u00e0n qu\u1ed1c\nCh\u1ebf \u0111\u1ed9 b\u1ea3o h\u00e0nh: Tr\u01b0\u1eddng h\u1ee3p l\u1ed7i do nh\u00e0 s\u1ea3n xu\u1ea5t s\u1ebd \u0111\u01b0\u1ee3c b\u1ea3o ha\u0300nh theo chi\u0301nh sa\u0301ch ba\u0309o ha\u0300nh cu\u0309a c\u00f4ng ty TNHH Phu\u0301c Giang (1 \u0111\u1ed5i 1 trong v\u00f2ng 7 ng\u00e0y k\u1ec3 t\u1eeb ng\u00e0y nh\u1eadn h\u00e0ng)", "is_mart": false, "show_shopee_verified_label": false, "size_chart": null, "reference_item_id": "", "brand": "JBL", "item_rating": {"rating_star": 0, "rating_count": [0, 0, 0, 0, 0, 0]}, "label_ids": [1001051, 1001079, 1000262, 1000255, 1000260, 1000259, 1000254, 1000256, 1000258, 1000257, 1000264, 1000266, 1000270, 1000268, 1000267, 1000263, 1000269, 1000265, 1000271, 1000273, 1000276, 1000275, 1000274, 1000272, 1000277, 1000278, 1000279, 1001321, 1001324, 1001396, 1001549, 1001693, 1001711, 1001728, 1001748, 1001791, 1000752, 1001959, 1002120, 1002130, 1002132, 1002163, 1002181, 1002229, 1002232, 1002278, 1002282, 1002373, 1002343, 1002480, 1002587, 1002597, 1002639, 1002763, 1002762, 1002768, 1002770, 1002772, 1002792, 1002898, 1002899, 1002997, 1002998, 1003133, 1003169, 1003275, 1003322, 1003323, 1003362, 1003464, 1003467, 1003707, 1003751, 1003769, 1000121, 1003819, 1003867, 1000300, 1003886, 1004068, 1004078, 1004069, 1004168, 1004171, 1004211, 1004265, 1004293, 1004672, 1004764, 1004774, 1004921, 1004927, 1005061, 1005083, 1005120, 1005261, 1005490, 1005829, 1006117, 1006306, 1006435, 1006483, 1006624, 1006625, 1006642, 1006669, 1007155, 1007328, 1007394, 1007516, 1007521, 1007546, 1007589, 1007627, 1007765, 1007768, 1006856, 1007457, 1008283, 1008290, 1008313, 1008358, 1008515, 1008529, 1008755, 1008793, 1008875, 1009058, 1009063, 1009226, 1009391, 1009427, 1009489, 1009525, 1009774, 1009763, 1009931, 1010033, 1010111, 1010210, 1010310, 1010449, 1010452, 1010666, 1010668, 1010797, 1010881, 1011072, 1011155, 1011293, 1011470, 1011654, 1011685, 1011843, 1012191, 1012655, 1006825, 1009167, 1009382, 1009687, 1010348, 1004367, 1010425, 1011627, 1011629, 1012011], "attributes": [{"name": "Ki\u1ec3u k\u1ebft n\u1ed1i", "value": "C\u00f3 d\u00e2y", "id": 100408, "is_timestamp": false, "brand_option": null, "val_id": null}, {"name": "Game chuy\u00ean d\u1ee5ng", "value": "C\u00f3", "id": 100381, "is_timestamp": false, "brand_option": null, "val_id": null}], "liked": false, "liked_count": 0, "cmt_count": 0, "flag": 0, "shopee_verified": false, "is_adult": false, "is_preferred_plus_seller": false, "tier_variations": [{"name": "M\u00e0u s\u1eafc", "options": ["Black"], "images": null, "properties": null, "type": 0}], "bundle_deal_id": 0, "can_use_bundle_deal": false, "add_on_deal_info": null, "bundle_deal_info": null, "can_use_wholesale": false, "wholesale_tier_list": [], "is_group_buy_item": null, "group_buy_info": null, "welcome_package_type": 0, "welcome_package_info": null, "tax_code": null, "invoice_option": null, "complaint_policy": null, "images": ["cb78d8bfd79a10af51ea03549e720d18", "3f240881f5432f5991282405be662b42", "8e9f4429516dfd1dd7ebb949474ed22b", "78b197f415892349de102f1f393842dd", "e2acfd08b9acf0e581365d5a27d71f5e", "36e68e432209ccb8af26bdf78f896663", "da3792560ba27d3d9545e82a563823a0", "6f7f1d9264e8cd888de84803f1e5a1b7", "f3452a05a2bc57da366107b132d519dc"], "image": "cb78d8bfd79a10af51ea03549e720d18", "video_info_list": null, "item_type": 0, "is_official_shop": true, "show_official_shop_label_in_title": true, "shop_location": "TP. H\u1ed3 Ch\u00ed Minh", "coin_earn_label": null, "cb_option": 0, "is_pre_order": false, "estimated_days": 2, "badge_icon_type": 0, "show_free_shipping": false, "shipping_icon_type": 0, "cod_flag": 0, "is_service_by_shopee": false, "show_original_guarantee": false, "categories": [{"catid": 100535, "display_name": "Thi\u1ebft B\u1ecb \u00c2m Thanh", "no_sub": false, "is_default_subcat": false}, {"catid": 100578, "display_name": "Tai nghe nh\u00e9t tai & ch\u1ee5p tai", "no_sub": true, "is_default_subcat": false}], "other_stock": 1, "item_has_post": false, "discount_stock": 0, "current_promotion_has_reserve_stock": false, "current_promotion_reserved_stock": 0, "normal_stock": 1, "brand_id": 1146612, "is_alcohol_product": false, "show_recycling_info": false, "coin_info": {"spend_cash_unit": 100000, "coin_earn_items": [{"coin_earn": 0}]}, "models": [{"itemid": 6759842966, "status": 1, "current_promotion_reserved_stock": 0, "name": "Black", "promotionid": 0, "price": 199000000000, "price_stocks": [{"allocated_stock": null, "stock_breakdown_by_location": null}], "current_promotion_has_reserve_stock": false, "normal_stock": 1, "extinfo": {"tier_index": [0], "group_buy_info": null, "is_pre_order": null, "estimated_days": 2}, "price_before_discount": 0, "modelid": 93082066686, "stock": 1, "has_gimmick_tag": false}], "spl_info": {"installment_info": null, "user_credit_info": null, "channel_id": null, "show_spl": false, "show_spl_lite": false}, "preview_info": null, "fe_categories": [{"catid": 11036132, "display_name": "Consumer Electronics", "no_sub": false, "is_default_subcat": false}, {"catid": 11109141, "display_name": "Headphones", "no_sub": true, "is_default_subcat": false}], "presale_info": null, "is_cc_installment_payment_eligible": false, "is_non_cc_installment_payment_eligible": false, "flash_sale": null, "upcoming_flash_sale": null, "deep_discount": null, "has_low_fulfillment_rate": false, "is_partial_fulfilled": false, "makeups": null, "shop_vouchers": null, "global_sold": null, "is_infant_milk_formula_product": false, "should_show_amp_tag": false}