{"itemid": 8236450298, "shopid": 323441691, "userid": 0, "price_max_before_discount": -1, "has_lowest_price_guarantee": false, "price_before_discount": 0, "price_min_before_discount": -1, "exclusive_price_info": null, "hidden_price_display": null, "price_min": 609000000000, "price_max": 609000000000, "price": 609000000000, "stock": 25, "discount": null, "historical_sold": 1, "sold": 0, "show_discount": 0, "raw_discount": 0, "min_purchase_limit": 0, "overall_purchase_limit": {"order_max_purchase_limit": 0, "overall_purchase_limit": null, "item_overall_quota": null, "start_date": null, "end_date": null}, "pack_size": null, "is_live_streaming_price": null, "name": "\u0110\u1ed3ng h\u1ed3 th\u00f4ng minh Garmin Instinct - H\u00e0ng Ch\u00ednh H\u00e3ng.", "ctime": 1617430573, "item_status": "normal", "status": 1, "condition": 1, "catid": 100013, "description": "Thi\u1ebft k\u1ebf \u0111\u1eadm ch\u1ea5t th\u1ec3 thao\n\u0110\u1ed3ng H\u1ed3 Th\u1ec3 Thao Garmin Instinct c\u00f3 thi\u1ebft k\u1ebf tr\u1ebb trung, n\u0103ng \u0111\u1ed9ng v\u1edbi m\u1eb7t \u0111\u1ed3ng h\u1ed3 \u0111\u01b0\u1eddng k\u00ednh kh\u00e1 to l\u00ean \u0111\u1ebfn 42mm. \u0110\u1ed3ng th\u1eddi v\u1ecf \u0111\u1ed3ng h\u1ed3 l\u00e0m t\u1eeb v\u1eadt li\u1ec7u polymer gia c\u1ed1 b\u1eb1ng s\u1ee3i fiber t\u0103ng c\u01b0\u1eddng \u0111\u1ed9 b\u1ec1n b\u00ean ngo\u00e0i gi\u00fap b\u1ea3o v\u1ec7 Garmin Instinct kh\u1ecfi nh\u1eefng t\u00e1c nh\u00e2n b\u00ean ngo\u00e0i nh\u01b0 va \u0111\u1eadp, c\u1ecd x\u00e1t. B\u00ean c\u1ea1nh \u0111\u00f3, s\u1ea3n ph\u1ea9m c\u0169ng \u0111\u01b0\u1ee3c trang b\u1ecb m\u00e0n h\u00ecnh c\u00f3 k\u00edch th\u01b0\u1edbc 1.2 inch \u0111\u01a1n s\u1eafc v\u00e0 \u0111\u01b0\u1ee3c ph\u1ee7 l\u1edbp ch\u1ea5t h\u00f3a h\u1ecdc t\u0103ng kh\u1ea3 n\u0103ng ch\u1ed1ng x\u01b0\u1edbc, v\u1edbi \u0111\u1ed9 t\u01b0\u01a1ng ph\u1ea3n cao \u0111\u1ec3 c\u00f3 th\u1ec3 \u0111\u1ecdc \u0111\u01b0\u1ee3c d\u01b0\u1edbi \u00e1nh s\u00e1ng m\u1eb7t tr\u1eddi.\n\nKh\u1ea3 n\u0103ng \u0111\u1ecbnh v\u1ecb \u1ea5n t\u01b0\u1ee3ng\nV\u1edbi h\u1ec7 th\u1ed1ng \u0111\u1ecbnh v\u1ecb v\u1ec7 tinh GPS, GLONASS v\u00e0 Galileo, \u0111\u1ed3ng h\u1ed3 Garmin Instinct \u0111\u1ea3m b\u1ea3o kh\u1ea3 n\u0103ng x\u00e1c \u0111\u1ecbnh v\u1ecb tr\u00ed ch\u00ednh x\u00e1c k\u1ec3 c\u1ea3 \u1edf nh\u1eefng khu v\u1ef1c h\u1ebbo l\u00e1nh. Ngo\u00e0i ra, n\u00f3 c\u0169ng c\u00f3 th\u00eam t\u00ednh n\u0103ng TrackBack gi\u00fap b\u1ea1n \u0111\u00e1nh d\u1ea5u waypoint \u0111\u1ec3 tr\u1edf v\u1ec1 \u0111i\u1ec3m xu\u1ea5t ph\u00e1t. \n\nGarmin Instinct c\u00f2n \u0111\u01b0\u1ee3c t\u00edch h\u1ee3p la b\u00e0n ba tr\u1ee5c v\u00e0 \u00e1p k\u1ebf \u0111o \u0111\u1ed9 cao \u0111\u1ec3 ph\u00f9 h\u1ee3p h\u01a1n v\u1edbi nh\u1eefng chuy\u1ebfn \u0111i \u0111\u1ebfn nh\u1eefng v\u00f9ng n\u00fai cao. Chi\u1ebfc \u0111\u1ed3ng h\u1ed3 th\u00f4ng minh n\u00e0y c\u00f2n \u0111\u00f3ng vai tr\u00f2 truy\u1ec1n tin v\u1edbi c\u00e1c thi\u1ebft b\u1ecb kh\u00e1c c\u1ee7a Garmin, \u0111i\u1ec3n h\u00ecnh l\u00e0 camera Garmin VIRB.\n\nH\u1ed7 tr\u1ee3 \u0111o nh\u1ecbp tim, theo d\u00f5i t\u1eadp luy\u1ec7n\nNgo\u00e0i \u0111\u00f3ng vai tr\u00f2 c\u1ee7a m\u1ed9t chi\u1ebfc \u0111\u1ed3ng h\u1ed3 th\u00f4ng minh d\u00e0nh cho vi\u1ec7c theo d\u00f5i ho\u1ea1t \u0111\u1ed9ng, \u0111\u1ed3ng h\u1ed3 th\u00f4ng minh Garmin Instinct c\u00f2n \u0111\u01b0\u1ee3c t\u00edch h\u1ee3p c\u1ea3m bi\u1ebfn nh\u1ecbp tim, theo d\u00f5i c\u00e1c ho\u1ea1t \u0111\u1ed9ng h\u00e0ng ng\u00e0y, l\u01b0\u1ee3ng calories, gi\u1ea5c ng\u1ee7 v\u00e0 m\u1ee9c \u0111\u1ed9 stress. H\u01a1n n\u1eefa, thi\u1ebft b\u1ecb c\u0169ng c\u00f3 kh\u1ea3 n\u0103ng k\u1ebft h\u1ee3p v\u1edbi smartphone th\u00f4ng qua bluetooth cho kh\u1ea3 n\u0103ng hi\u1ec7n th\u00f4ng b\u00e1o, tin nh\u1eafn, email m\u00e0 kh\u00f4ng c\u1ea7n m\u1edf \u0111i\u1ec7n tho\u1ea1i.\n\u0110\u1ed3ng h\u1ed3 Garmin Instinct gi\u00e1m s\u00e1t nh\u1ecbp tim, ho\u1ea1t \u0111\u1ed9ng v\u00e0 stress c\u1ee7a b\u1ea1n su\u1ed1t c\u1ea3 ng\u00e0y, v\u00ec v\u1eady b\u1ea1n s\u1ebd bi\u1ebft \u0111\u01b0\u1ee3c m\u00ecnh \u0111\u00e3 luy\u1ec7n t\u1eadp \u0111\u01b0\u1ee3c bao nhi\u00eau v\u00e0 \u0111\u00e3 \u0111ang luy\u1ec7n t\u1eadp ch\u0103m ch\u1ec9 nh\u01b0 th\u1ebf n\u00e0o. B\u1ea1n c\u0169ng c\u00f3 th\u1ec3 b\u1eaft \u0111\u1ea7u c\u00e1c b\u00e0i hu\u1ea5n luy\u1ec7n b\u1ea5t c\u1ee9 l\u00fac n\u00e0o v\u1edbi c\u00e1c h\u1ed3 s\u01a1 ho\u1ea1t \u0111\u1ed9ng \u0111\u01b0\u1ee3c t\u1ea3i tr\u01b0\u1edbc \u0111\u1ec3 ch\u1ea1y, \u0111\u1ea1p xe, b\u01a1i l\u1ed9i v\u00e0 nhi\u1ec1u h\u01a1n n\u1eefa.\n\nTh\u1eddi gian s\u1eed d\u1ee5ng l\u00e2u d\u00e0i\n\u0110\u1ed3ng h\u1ed3 Garmin Instinct c\u00f3 th\u1eddi l\u01b0\u1ee3ng s\u1eed d\u1ee5ng r\u1ea5t t\u1ed1t, l\u00ean \u0111\u1ebfn t\u1ed1i \u0111a 14 ng\u00e0y \u1edf ch\u1ebf \u0111\u1ed9 th\u00f4ng minh, l\u00ean \u0111\u1ebfn 16 gi\u1edd cho ch\u1ebf \u0111\u1ed9 \u0111\u1ecbnh v\u1ecb li\u00ean t\u1ee5c. \u0110\u1eb7c bi\u1ec7t, \u1edf ch\u1ebf \u0111\u1ed9 UltraTrac, Garmin Instinct k\u00e9o d\u00e0i th\u1eddi gian s\u1eed d\u1ee5ng \u0111\u1ebfn 40 gi\u1edd.\n\nB\u1ed9 s\u1ea3n ph\u1ea9m g\u1ed3m: 1 \u0110\u1ed3ng h\u1ed3 th\u00f4ng minh Garmin Instinct - C\u00e1p s\u1ea1c - s\u00e1ch h\u01b0\u1edbng d\u1eabn\n\nB\u1ea3o h\u00e0nh ch\u00ednh h\u00e3ng 12 th\u00e1ng.", "is_mart": false, "show_shopee_verified_label": false, "size_chart": null, "reference_item_id": "", "brand": "Garmin", "item_rating": {"rating_star": 0, "rating_count": [0, 0, 0, 0, 0, 0]}, "label_ids": [1001051, 1001079, 1000262, 1000255, 1000260, 1000259, 1000254, 1000256, 1000258, 1000257, 1000264, 1000266, 1000270, 1000268, 1000267, 1000263, 1000269, 1000265, 1000271, 1000273, 1000276, 1000275, 1000274, 1000272, 1000277, 1000278, 1000279, 1001321, 1001324, 1001396, 1001549, 1001693, 1001711, 1001728, 1001748, 1001791, 1000752, 1001959, 1002120, 1002130, 1002132, 1002163, 1002181, 1002229, 1002232, 1002278, 1002282, 1002373, 1002343, 1002480, 1002587, 1002597, 1002639, 1002763, 1002762, 1002768, 1002770, 1002772, 1002792, 1002898, 1002899, 1002997, 1002998, 1003133, 1003169, 1003275, 1003322, 1003323, 1003362, 1003464, 1003467, 1003707, 1003751, 1003769, 1000121, 1003819, 1003867, 1000300, 1003886, 1004068, 1004078, 1004069, 1004168, 1004171, 1004211, 1004265, 1004293, 1004672, 1004764, 1004774, 1004921, 1004927, 1005061, 1005083, 1005120, 1005261, 1005490, 1005829, 1006117, 1006306, 1006435, 1006483, 1006624, 1006625, 1006642, 1006669, 1007155, 1007328, 1007394, 1007516, 1007521, 1007546, 1007589, 1007627, 1007765, 1007768, 1006856, 1007457, 1008283, 1008290, 1008313, 1008358, 1008515, 1008529, 1008755, 1008793, 1008875, 1009058, 1009063, 1009226, 1009391, 1009427, 1009489, 1009525, 1009774, 1009763, 1009931, 1010033, 1010111, 1010210, 1010310, 1010449, 1010452, 1010666, 1010668, 1010797, 1010881, 1011072, 1011155, 1011293, 1011470, 1011654, 1011685, 1011843, 1012191, 1012655, 1000531, 1003794, 1004367, 1006825, 1001044, 1010425, 1011193, 1011294, 1011519, 1011627, 1011629, 1012011], "attributes": null, "liked": false, "liked_count": 4, "cmt_count": 0, "flag": 524288, "shopee_verified": false, "is_adult": false, "is_preferred_plus_seller": false, "tier_variations": [{"name": "M\u00e0u s\u1eafc", "options": ["\u0110en", "Tr\u1eafng", "\u0110\u1ecf", "V\u00e0ng Cam", "Xanh D\u01b0\u01a1ng \u0110\u1eadm", "Xanh D\u01b0\u01a1ng Nh\u1ea1t", "Coyote Tan", "Graphite"], "images": ["893357c2a0bd07a6461bd549cd8c3c29", "edc7058e1e72d5878dd4143c0a9ef26e", "4188c177f0a73218d7ecf40b0626c820", "6eff03067121752e793b7c3e98033a13", "d1e95bef73929342ab02cca370d0cb57", "4d5764a1910f4cfff2bebbbef81834ab", "e8062629e93124cb6fc45a20ffb37f7e", "cb704e481212ebaeadf42863a98de8b4"], "properties": null, "type": 0}], "bundle_deal_id": 0, "can_use_bundle_deal": false, "add_on_deal_info": null, "bundle_deal_info": null, "can_use_wholesale": false, "wholesale_tier_list": [], "is_group_buy_item": null, "group_buy_info": null, "welcome_package_type": 0, "welcome_package_info": null, "tax_code": null, "invoice_option": null, "complaint_policy": null, "images": ["cb704e481212ebaeadf42863a98de8b4", "765dc042daf33fb5dfb3c62baa102cf3", "46929132bdc1619447fdc72d0300ca69", "b418aae61ce791af9b66aa589ede3933", "e4e892fe81e6fd737f920b22a0eb8a4d", "ff316e18a36d283924a9df18f821ad00"], "image": "cb704e481212ebaeadf42863a98de8b4", "video_info_list": null, "item_type": 0, "is_official_shop": true, "show_official_shop_label_in_title": true, "shop_location": "TP. H\u1ed3 Ch\u00ed Minh", "coin_earn_label": null, "cb_option": 0, "is_pre_order": false, "estimated_days": 2, "badge_icon_type": 0, "show_free_shipping": false, "shipping_icon_type": 0, "cod_flag": 0, "is_service_by_shopee": false, "show_original_guarantee": false, "categories": [{"catid": 100013, "display_name": "\u0110i\u1ec7n Tho\u1ea1i & Ph\u1ee5 Ki\u1ec7n", "no_sub": false, "is_default_subcat": false}, {"catid": 100074, "display_name": "Thi\u1ebft b\u1ecb \u0111eo th\u00f4ng minh", "no_sub": false, "is_default_subcat": false}, {"catid": 100270, "display_name": "\u0110\u1ed3ng h\u1ed3 th\u00f4ng minh & V\u00f2ng \u0111eo tay s\u1ee9c kh\u1ecfe", "no_sub": true, "is_default_subcat": false}], "other_stock": 25, "item_has_post": false, "discount_stock": 0, "current_promotion_has_reserve_stock": false, "current_promotion_reserved_stock": 0, "normal_stock": 25, "brand_id": 1695348, "is_alcohol_product": false, "show_recycling_info": false, "coin_info": {"spend_cash_unit": 100000, "coin_earn_items": [{"coin_earn": 0}, {"coin_earn": 0}, {"coin_earn": 0}, {"coin_earn": 0}, {"coin_earn": 0}, {"coin_earn": 0}, {"coin_earn": 0}, {"coin_earn": 0}]}, "models": [{"itemid": 8236450298, "status": 1, "current_promotion_reserved_stock": 0, "name": "Coyote Tan", "promotionid": 0, "price": 609000000000, "price_stocks": [{"allocated_stock": null, "stock_breakdown_by_location": null}], "current_promotion_has_reserve_stock": false, "normal_stock": 0, "extinfo": {"tier_index": [6], "group_buy_info": null, "is_pre_order": false, "estimated_days": 2}, "price_before_discount": 0, "modelid": 65985529919, "stock": 0, "has_gimmick_tag": false}, {"itemid": 8236450298, "status": 1, "current_promotion_reserved_stock": 0, "name": "Graphite", "promotionid": 0, "price": 689000000000, "price_stocks": [{"allocated_stock": null, "stock_breakdown_by_location": null}], "current_promotion_has_reserve_stock": false, "normal_stock": 0, "extinfo": {"tier_index": [7], "group_buy_info": null, "is_pre_order": false, "estimated_days": 2}, "price_before_discount": 0, "modelid": 65985529920, "stock": 0, "has_gimmick_tag": false}, {"itemid": 8236450298, "status": 1, "current_promotion_reserved_stock": 0, "name": "Xanh D\u01b0\u01a1ng Nh\u1ea1t", "promotionid": 0, "price": 609000000000, "price_stocks": [{"allocated_stock": null, "stock_breakdown_by_location": null}], "current_promotion_has_reserve_stock": false, "normal_stock": 5, "extinfo": {"tier_index": [5], "group_buy_info": null, "is_pre_order": false, "estimated_days": 2}, "price_before_discount": 0, "modelid": 91343215831, "stock": 5, "has_gimmick_tag": false}, {"itemid": 8236450298, "status": 1, "current_promotion_reserved_stock": 0, "name": "\u0110en", "promotionid": 0, "price": 609000000000, "price_stocks": [{"allocated_stock": null, "stock_breakdown_by_location": null}], "current_promotion_has_reserve_stock": false, "normal_stock": 5, "extinfo": {"tier_index": [0], "group_buy_info": null, "is_pre_order": false, "estimated_days": 2}, "price_before_discount": 0, "modelid": 91343215832, "stock": 5, "has_gimmick_tag": false}, {"itemid": 8236450298, "status": 1, "current_promotion_reserved_stock": 0, "name": "Tr\u1eafng", "promotionid": 0, "price": 609000000000, "price_stocks": [{"allocated_stock": null, "stock_breakdown_by_location": null}], "current_promotion_has_reserve_stock": false, "normal_stock": 5, "extinfo": {"tier_index": [1], "group_buy_info": null, "is_pre_order": false, "estimated_days": 2}, "price_before_discount": 0, "modelid": 91343215833, "stock": 5, "has_gimmick_tag": false}, {"itemid": 8236450298, "status": 1, "current_promotion_reserved_stock": 0, "name": "\u0110\u1ecf", "promotionid": 0, "price": 609000000000, "price_stocks": [{"allocated_stock": null, "stock_breakdown_by_location": null}], "current_promotion_has_reserve_stock": false, "normal_stock": 5, "extinfo": {"tier_index": [2], "group_buy_info": null, "is_pre_order": false, "estimated_days": 2}, "price_before_discount": 0, "modelid": 91343215834, "stock": 5, "has_gimmick_tag": false}, {"itemid": 8236450298, "status": 1, "current_promotion_reserved_stock": 0, "name": "V\u00e0ng Cam", "promotionid": 0, "price": 609000000000, "price_stocks": [{"allocated_stock": null, "stock_breakdown_by_location": null}], "current_promotion_has_reserve_stock": false, "normal_stock": 5, "extinfo": {"tier_index": [3], "group_buy_info": null, "is_pre_order": false, "estimated_days": 2}, "price_before_discount": 0, "modelid": 91343215835, "stock": 5, "has_gimmick_tag": false}, {"itemid": 8236450298, "status": 1, "current_promotion_reserved_stock": 0, "name": "Xanh D\u01b0\u01a1ng \u0110\u1eadm", "promotionid": 0, "price": 689000000000, "price_stocks": [{"allocated_stock": null, "stock_breakdown_by_location": null}], "current_promotion_has_reserve_stock": false, "normal_stock": 0, "extinfo": {"tier_index": [4], "group_buy_info": null, "is_pre_order": false, "estimated_days": 2}, "price_before_discount": 0, "modelid": 91343215836, "stock": 0, "has_gimmick_tag": false}], "spl_info": {"installment_info": null, "user_credit_info": null, "channel_id": null, "show_spl": false, "show_spl_lite": false}, "preview_info": null, "fe_categories": [{"catid": 11036132, "display_name": "Consumer Electronics", "no_sub": false, "is_default_subcat": false}, {"catid": 11036160, "display_name": "Wearable Devices", "no_sub": false, "is_default_subcat": false}, {"catid": 11036164, "display_name": "Smartwatches & Fitness Trackers", "no_sub": true, "is_default_subcat": false}], "presale_info": null, "is_cc_installment_payment_eligible": true, "is_non_cc_installment_payment_eligible": false, "flash_sale": null, "upcoming_flash_sale": null, "deep_discount": null, "has_low_fulfillment_rate": false, "is_partial_fulfilled": false, "makeups": null, "shop_vouchers": null, "global_sold": null, "is_infant_milk_formula_product": false, "should_show_amp_tag": false}