{"itemid": 6576956857, "shopid": 323441691, "userid": 0, "price_max_before_discount": -1, "has_lowest_price_guarantee": false, "price_before_discount": 0, "price_min_before_discount": -1, "exclusive_price_info": null, "hidden_price_display": null, "price_min": 89000000000, "price_max": 89000000000, "price": 89000000000, "stock": 60, "discount": null, "historical_sold": 0, "sold": 0, "show_discount": 0, "raw_discount": 0, "min_purchase_limit": 0, "overall_purchase_limit": {"order_max_purchase_limit": 0, "overall_purchase_limit": null, "item_overall_quota": null, "start_date": null, "end_date": null}, "pack_size": null, "is_live_streaming_price": null, "name": "Tai Nghe Bluetooth Nh\u00e9t Tai Th\u1ec3 Thao JBL T115BT - H\u00e0ng Ch\u00ednh H\u00e3ng", "ctime": 1610952443, "item_status": "normal", "status": 1, "condition": 1, "catid": 100535, "description": "\ud83d\uded1 GI\u1edaI THI\u1ec6U S\u1ea2N PH\u1ea8M: Tai Nghe Bluetooth JBL Tune 115 BT - T115BT\n\n\ud83d\uded1 \u0110\u1eb6C \u0110I\u1ec2M N\u1ed4I B\u1eacT\n\u26a1\ufe0fTh\u01b0\u01a1ng hi\u1ec7u JBL n\u1ed5i ti\u1ebfng \u0111\u1ebfn t\u1eeb M\u1ef9\nJBL l\u00e0 nh\u00e0 s\u1ea3n xu\u1ea5t c\u00e1c thi\u1ebft b\u1ecb \u00e2m thanh tai nghe n\u1ed5i ti\u1ebfng tr\u00ean th\u1ebf gi\u1edbi \u0111\u1ebfn t\u1eeb M\u1ef9. Cu\u0300ng nhi\u00ea\u0300u do\u0300ng tai nghe chuy\u00ean bi\u00ea\u0323t phu\u0323c vu\u0323 cho t\u01b0\u0300ng mu\u0323c \u0111i\u0301ch s\u01b0\u0309 du\u0323ng kha\u0301c nhau va\u0300 trong \u0111o\u0301 tai nghe s\u01b0\u0309 du\u0323ng khi t\u00e2\u0323p luy\u00ea\u0323n th\u00ea\u0309 thao la\u0300 m\u00f4\u0323t do\u0300ng r\u00e2\u0301t \u0111\u01b0\u01a1\u0323c nhi\u00ea\u0300u ng\u01b0\u01a1\u0300i y\u00eau thi\u0301ch th\u00ea\u0309 thao l\u01b0\u0323a cho\u0323n, n\u00f4\u0309i b\u00e2\u0323t \u0111o\u0301 chi\u0301nh la\u0300 tai nghe JBL Tune 115 BT mang trong mi\u0300nh thi\u00ea\u0301t k\u00ea\u0301 tre\u0309 trung va\u0300 phu\u0300 h\u01a1\u0323p v\u01a1\u0301i nhi\u00ea\u0300u m\u00f4i tr\u01b0\u01a1\u0300ng hoa\u0323t \u0111\u00f4\u0323ng.\n\n\u26a1\ufe0fC\u00f4ng ngh\u1ec7 \u00e2m thanh \u0111\u1ed9c quy\u1ec1n JBL Pure Bass Sound, Driver 8.6mm cho ch\u1ea5t \u00e2m s\u1ed1ng \u0111\u1ed9ng\nTai nghe JBL T115BT t\u00edch h\u1ee3p c\u00f4ng ngh\u1ec7 \u00e2m thanh \u0111\u1ed9c quy\u1ec1n JBL Pure Bass Sound, cho \u00e2m thanh s\u00f4\u0301ng \u0111\u00f4\u0323ng va\u0300 ch\u00e2n th\u01b0\u0323c, mang \u00e2m nh\u1ea1c \u0111i kh\u1eafp m\u1ecdi n\u01a1i, gi\u1ea3i ph\u00e1p gi\u1ea3i to\u1ea3 m\u1ecdi c\u0103ng th\u1eb1ng m\u1ec7t m\u00f5i trong c\u00f4ng vi\u1ec7c, h\u1ecdc t\u1eadp.\n\n\u26a1\ufe0fS\u1edf h\u1eefu thi\u1ebft k\u1ebf m\u1ecfng nh\u1eb9, c\u00e1c n\u00fat ch\u1ee9c n\u0103ng b\u1ed1 tr\u00ed g\u1ecdn g\u00e0ng\nTai nghe bluetooth JBL T115BT s\u1edf h\u1eefu thi\u1ebft k\u1ebf m\u1ecfng nh\u1eb9 nh\u01b0ng v\u00f4 cu\u0300ng ch\u1eafc ch\u1eafn, d\u00ea\u0303 da\u0300ng b\u1ecf v\u01b0\u0300a t\u00fai qu\u1ea7n hay t\u00fai x\u00e1ch, th\u00edch h\u1ee3p v\u1edbi c\u00e1c b\u1ea1n hay di chuy\u1ec3n. Ph\u1ea7n \u0111\u1ec7m tai c\u00f3 thi\u1ebft k\u1ebf \u00eam a\u0301i, t\u01b0\u01a1ng th\u00edch v\u1edbi t\u1eebng k\u00edch c\u1ee1 tai mang l\u1ea1i c\u1ea3m gi\u00e1c \u0111eo tho\u1ea3i m\u00e1i, kh\u00f4ng b\u1ecb \u0111au khi t\u1eadp luy\u1ec7n hay nghe nh\u1ea1c th\u1eddi gian d\u00e0i.\n\n\u26a1\ufe0fT\u00edch h\u1ee3p h\u1ee3p b\u1ed9 \u0111i\u1ec1u khi\u1ec3n\nC\u00e1c n\u00fat t\u0103ng/gi\u1ea3m \u00e2m l\u01b0\u1ee3ng v\u00e0 micro \u0111\u01b0\u1ee3c b\u1ed1 tr\u00ed g\u1ecdn g\u00e0ng, r\u1ea5t d\u1ec5 b\u1ea5m, ti\u1ec7n l\u1ee3i cho b\u1ea1n s\u1eed d\u1ee5ng, tr\u00e1nh l\u1eabn l\u1ed9n c\u00e1c ph\u00edm ch\u1ee9c n\u0103ng. Ngo\u00e0i ra, c\u00e1c t\u00ednh n\u0103ng qua b\u00e0i hay nghe l\u1ea1i v\u00e0 ph\u00e1t & d\u1eebng nh\u1ea1c s\u1ebd t\u00edch h\u1ee3p chung v\u1edbi ph\u00edm t\u0103ng/gi\u1ea3m \u00e2m l\u01b0\u1ee3ng v\u00e0 ph\u00edm micro.\n\n\u26a1\ufe0fS\u1eed d\u1ee5ng tho\u1ea3i m\u00e1i \u0111\u1ebfn 8 gi\u1edd, s\u1ea1c nhanh 15 ph\u00fat\nPin c\u1ee7a chi\u1ebfc tai nghe c\u00f3 th\u1ec3 ho\u1ea1t \u0111\u1ed9ng li\u00ean t\u1ee5c trong v\u00f2ng 8 ti\u1ebfng v\u00e0 s\u1ebd ch\u1ec9 m\u1ea5t 2 ti\u1ebfng \u0111\u1ec3 s\u1ea1c \u0111\u1ea7y. S\u1ea1c nhanh 15 ph\u00fat cho 1 ti\u1ebfng s\u1eed d\u1ee5ng. C\u1ef1c k\u1ef3 tho\u1ea3i m\u00e1i v\u00e0 ti\u1ec7n l\u1ee3i.\n\n\u26a1\ufe0fK\u1ebft n\u1ed1i bluetooth 4.0 ti\u00ean ti\u1ebfn\nJBL Tune 115 BT trang b\u1ecb chu\u1ea9n bluetooth 4.2 ho\u00e0n to\u00e0n t\u01b0\u01a1ng th\u00edch v\u1edbi c\u00e1c thi\u1ebft b\u1ecb c\u00f3 h\u1ed7 tr\u1ee3 bluetooth tr\u00ean th\u1ecb tr\u01b0\u1eddng. K\u1ebft n\u1ed1i nhanh ch\u00f3ng, \u1ed5n \u0111\u1ecbnh v\u00e0 \u0111\u01a1n gi\u1ea3n. Tai nghe c\u0169ng h\u1ed7 tr\u1ee3 k\u1ebft n\u1ed1i v\u1edbi 2 thi\u1ebft b\u1ecb.\n---------------------------------------------------------------------------\n\ud83d\udd0eCH\u00cdNH S\u00c1CH B\u1ea2O H\u00c0NH S\u1ea2N PH\u1ea8M\n- Cam k\u1ebft nguy\u00ean h\u1ed9p, \u0111\u1ea7y \u0111\u1ee7 ph\u1ee5 ki\u1ec7n v\u00e0 b\u1ea3o h\u00e0nh tr\u00ean to\u00e0n qu\u1ed1c\n- S\u1ea3n ph\u1ea9m JBL \u0111\u01b0\u1ee3c ph\u00e2n ph\u1ed1i ch\u00ednh h\u00e3ng b\u1edfi C\u00f4ng ty TNHH Ph\u00fac Giang \n- \u0110i\u1ec1u ki\u1ec7n b\u1ea3o h\u00e0nh: B\u1ea3o h\u00e0nh b\u1eb1ng s\u00f4\u0301 series tr\u00ean h\u00f4\u0323p sa\u0309n ph\u00e2\u0309m. \n\ud83d\udccd \u0110\u1ecba ch\u1ec9 trung t\u00e2m b\u1ea3o h\u00e0nh : 10, Tr\u1ecbnh V\u0103n C\u1ea5n, Ph\u01b0\u1eddng C\u1ea7u \u00f4ng l\u00e3nh, qu\u1eadn 1 , TP. HCM\nT\u1ea5t c\u1ea3 s\u1ea3n ph\u1ea9m loa JBL va\u0300 tai nghe  JBL \u0111\u01b0\u1ee3c ph\u00e2n ph\u1ed1i ch\u00ednh h\u00e3ng b\u1edfi c\u00f4ng ty Ph\u00fac Giang \u0111\u01b0\u1ee3c b\u1ea3o h\u00e0nh tr\u00ean to\u00e0n qu\u1ed1c\nCh\u1ebf \u0111\u1ed9 b\u1ea3o h\u00e0nh: Tr\u01b0\u1eddng h\u1ee3p l\u1ed7i do nh\u00e0 s\u1ea3n xu\u1ea5t s\u1ebd \u0111\u01b0\u1ee3c b\u1ea3o ha\u0300nh theo chi\u0301nh sa\u0301ch ba\u0309o ha\u0300nh cu\u0309a c\u00f4ng ty TNHH Phu\u0301c Giang (1 \u0111\u1ed5i 1 trong v\u00f2ng 7 ng\u00e0y k\u1ec3 t\u1eeb ng\u00e0y nh\u1eadn h\u00e0ng).", "is_mart": false, "show_shopee_verified_label": false, "size_chart": null, "reference_item_id": "", "brand": "JBL", "item_rating": {"rating_star": 0, "rating_count": [0, 0, 0, 0, 0, 0]}, "label_ids": [1001051, 1001079, 1000262, 1000255, 1000260, 1000259, 1000254, 1000256, 1000258, 1000257, 1000264, 1000266, 1000270, 1000268, 1000267, 1000263, 1000269, 1000265, 1000271, 1000273, 1000276, 1000275, 1000274, 1000272, 1000277, 1000278, 1000279, 1001321, 1001324, 1001396, 1001549, 1001693, 1001711, 1001728, 1001748, 1001791, 1000752, 1001959, 1002120, 1002130, 1002132, 1002163, 1002181, 1002229, 1002232, 1002278, 1002282, 1002373, 1002343, 1002480, 1002587, 1002597, 1002639, 1002763, 1002762, 1002768, 1002770, 1002772, 1002792, 1002898, 1002899, 1002997, 1002998, 1003133, 1003169, 1003275, 1003322, 1003323, 1003362, 1003464, 1003467, 1003707, 1003751, 1003769, 1000121, 1003819, 1003867, 1000300, 1003886, 1004068, 1004078, 1004069, 1004168, 1004171, 1004211, 1004265, 1004293, 1004672, 1004764, 1004774, 1004921, 1004927, 1005061, 1005083, 1005120, 1005261, 1005490, 1005829, 1006117, 1006306, 1006435, 1006483, 1006624, 1006625, 1006642, 1006669, 1007155, 1007328, 1007394, 1007516, 1007521, 1007546, 1007589, 1007627, 1007765, 1007768, 1006856, 1007457, 1008283, 1008290, 1008313, 1008358, 1008515, 1008529, 1008755, 1008793, 1008875, 1009058, 1009063, 1009226, 1009391, 1009427, 1009489, 1009525, 1009774, 1009763, 1009931, 1010033, 1010111, 1010210, 1010310, 1010449, 1010452, 1010666, 1010668, 1010797, 1010881, 1011072, 1011155, 1011293, 1011470, 1011654, 1011685, 1011843, 1012191, 1012655, 1001044, 1010425, 1011627, 1011629, 1012011], "attributes": [{"name": "Ki\u1ec3u k\u1ebft n\u1ed1i", "value": "Kh\u00f4ng d\u00e2y", "id": 100408, "is_timestamp": false, "brand_option": null, "val_id": null}, {"name": "C\u00e1c lo\u1ea1i tai nghe", "value": "Nh\u00e9t tai", "id": 100519, "is_timestamp": false, "brand_option": null, "val_id": null}], "liked": false, "liked_count": 0, "cmt_count": 0, "flag": 0, "shopee_verified": false, "is_adult": false, "is_preferred_plus_seller": false, "tier_variations": [{"name": "M\u00e0u s\u1eafc", "options": ["\u0110en", "Xanh D\u01b0\u01a1ng", "\u0110\u1ecf", "Tr\u1eafng", "Xa\u0301m", "Xanh Ngo\u0323c"], "images": ["3bc002aa1371d494d118cf7deb3e4ba7", "4b77398b48b46d0153476f6eba5b4418", "a79f7a9a5ce29614a55c3bba98c815ad", "38098bb935ac4ea07b601844ee45c91a", "1ad438f92b8d03202026694afcc73adf", "0ceff1264ffbbf990a206f99a2c330c2"], "properties": null, "type": 0}], "bundle_deal_id": 0, "can_use_bundle_deal": false, "add_on_deal_info": null, "bundle_deal_info": null, "can_use_wholesale": false, "wholesale_tier_list": [], "is_group_buy_item": null, "group_buy_info": null, "welcome_package_type": 0, "welcome_package_info": null, "tax_code": null, "invoice_option": null, "complaint_policy": null, "images": ["bab806f1d165f782d5a6dd9c8b249543", "0ceff1264ffbbf990a206f99a2c330c2", "38098bb935ac4ea07b601844ee45c91a", "4b77398b48b46d0153476f6eba5b4418", "1ad438f92b8d03202026694afcc73adf", "3bc002aa1371d494d118cf7deb3e4ba7", "a79f7a9a5ce29614a55c3bba98c815ad"], "image": "bab806f1d165f782d5a6dd9c8b249543", "video_info_list": null, "item_type": 0, "is_official_shop": true, "show_official_shop_label_in_title": true, "shop_location": "TP. H\u1ed3 Ch\u00ed Minh", "coin_earn_label": null, "cb_option": 0, "is_pre_order": false, "estimated_days": 2, "badge_icon_type": 0, "show_free_shipping": false, "shipping_icon_type": 0, "cod_flag": 0, "is_service_by_shopee": false, "show_original_guarantee": false, "categories": [{"catid": 100535, "display_name": "Thi\u1ebft B\u1ecb \u00c2m Thanh", "no_sub": false, "is_default_subcat": false}, {"catid": 100578, "display_name": "Tai nghe nh\u00e9t tai & ch\u1ee5p tai", "no_sub": true, "is_default_subcat": false}], "other_stock": 60, "item_has_post": false, "discount_stock": 0, "current_promotion_has_reserve_stock": false, "current_promotion_reserved_stock": 0, "normal_stock": 60, "brand_id": 1146612, "is_alcohol_product": false, "show_recycling_info": false, "coin_info": {"spend_cash_unit": 100000, "coin_earn_items": [{"coin_earn": 0}, {"coin_earn": 0}, {"coin_earn": 0}, {"coin_earn": 0}, {"coin_earn": 0}, {"coin_earn": 0}]}, "models": [{"itemid": 6576956857, "status": 1, "current_promotion_reserved_stock": 0, "name": "\u0110en", "promotionid": 0, "price": 89000000000, "price_stocks": [{"allocated_stock": null, "stock_breakdown_by_location": null}], "current_promotion_has_reserve_stock": false, "normal_stock": 10, "extinfo": {"tier_index": [0], "group_buy_info": null, "is_pre_order": null, "estimated_days": 2}, "price_before_discount": 0, "modelid": 53446550068, "stock": 10, "has_gimmick_tag": false}, {"itemid": 6576956857, "status": 1, "current_promotion_reserved_stock": 0, "name": "Xanh D\u01b0\u01a1ng", "promotionid": 0, "price": 89000000000, "price_stocks": [{"allocated_stock": null, "stock_breakdown_by_location": null}], "current_promotion_has_reserve_stock": false, "normal_stock": 10, "extinfo": {"tier_index": [1], "group_buy_info": null, "is_pre_order": null, "estimated_days": 2}, "price_before_discount": 0, "modelid": 53446550069, "stock": 10, "has_gimmick_tag": false}, {"itemid": 6576956857, "status": 1, "current_promotion_reserved_stock": 0, "name": "\u0110\u1ecf", "promotionid": 0, "price": 89000000000, "price_stocks": [{"allocated_stock": null, "stock_breakdown_by_location": null}], "current_promotion_has_reserve_stock": false, "normal_stock": 10, "extinfo": {"tier_index": [2], "group_buy_info": null, "is_pre_order": null, "estimated_days": 2}, "price_before_discount": 0, "modelid": 66166498424, "stock": 10, "has_gimmick_tag": false}, {"itemid": 6576956857, "status": 1, "current_promotion_reserved_stock": 0, "name": "Tr\u1eafng", "promotionid": 0, "price": 89000000000, "price_stocks": [{"allocated_stock": null, "stock_breakdown_by_location": null}], "current_promotion_has_reserve_stock": false, "normal_stock": 10, "extinfo": {"tier_index": [3], "group_buy_info": null, "is_pre_order": null, "estimated_days": 2}, "price_before_discount": 0, "modelid": 66166498425, "stock": 10, "has_gimmick_tag": false}, {"itemid": 6576956857, "status": 1, "current_promotion_reserved_stock": 0, "name": "Xa\u0301m", "promotionid": 0, "price": 89000000000, "price_stocks": [{"allocated_stock": null, "stock_breakdown_by_location": null}], "current_promotion_has_reserve_stock": false, "normal_stock": 10, "extinfo": {"tier_index": [4], "group_buy_info": null, "is_pre_order": null, "estimated_days": 2}, "price_before_discount": 0, "modelid": 78312943921, "stock": 10, "has_gimmick_tag": false}, {"itemid": 6576956857, "status": 1, "current_promotion_reserved_stock": 0, "name": "Xanh Ngo\u0323c", "promotionid": 0, "price": 89000000000, "price_stocks": [{"allocated_stock": null, "stock_breakdown_by_location": null}], "current_promotion_has_reserve_stock": false, "normal_stock": 10, "extinfo": {"tier_index": [5], "group_buy_info": null, "is_pre_order": null, "estimated_days": 2}, "price_before_discount": 0, "modelid": 78312943922, "stock": 10, "has_gimmick_tag": false}], "spl_info": {"installment_info": null, "user_credit_info": null, "channel_id": null, "show_spl": false, "show_spl_lite": false}, "preview_info": null, "fe_categories": [{"catid": 11036132, "display_name": "Consumer Electronics", "no_sub": false, "is_default_subcat": false}, {"catid": 11036143, "display_name": "Earphones", "no_sub": true, "is_default_subcat": false}], "presale_info": null, "is_cc_installment_payment_eligible": false, "is_non_cc_installment_payment_eligible": false, "flash_sale": null, "upcoming_flash_sale": null, "deep_discount": null, "has_low_fulfillment_rate": false, "is_partial_fulfilled": false, "makeups": null, "shop_vouchers": null, "global_sold": null, "is_infant_milk_formula_product": false, "should_show_amp_tag": false}