{"itemid": 9515779907, "shopid": 323441691, "userid": 0, "price_max_before_discount": -1, "has_lowest_price_guarantee": false, "price_before_discount": 0, "price_min_before_discount": -1, "exclusive_price_info": null, "hidden_price_display": null, "price_min": 24000000000, "price_max": 24000000000, "price": 24000000000, "stock": 1, "discount": null, "historical_sold": 1, "sold": 0, "show_discount": 0, "raw_discount": 0, "min_purchase_limit": 0, "overall_purchase_limit": {"order_max_purchase_limit": 0, "overall_purchase_limit": null, "item_overall_quota": null, "start_date": null, "end_date": null}, "pack_size": null, "is_live_streaming_price": null, "name": "D\u00e2y C\u00e1p S\u1ea1c Lightning Cho Iphone RAVPower 0.9m RP-CB019 Chu\u1ea9n MFi - H\u00e0ng Ch\u00ednh H\u00e3ng", "ctime": 1613531267, "item_status": "normal", "status": 1, "condition": 1, "catid": 100013, "description": "\u2705 S\u1ea3n ph\u1ea9m th\u01b0\u01a1ng hi\u1ec7u RAVPower B\u00e1n ch\u1ea1y tr\u00ean Amazon M\u1ef9 v\u1edbi tr\u00ean 100.000+ \u0111\u00e1nh gi\u00e1 t\u1ed1t & nh\u1eadn x\u00e9t 5*.\nD\u00e2y C\u00e1p S\u1ea1c Lightning Cho iPhone, iPad RAVPower 1m,MFI, S\u1ee3i Nylon - RP-CB019 - H\u00e0ng Ph\u00e2n Ph\u1ed1i Ch\u00ednh H\u00e3ng\n===============================================\n\ud83d\udd30 TH\u00d4NG S\u1ed0 K\u1ef8 THU\u1eacT\n1. C\u00f3 th\u1ec3 u\u1ed1n cong h\u01a1n 12,000 l\u1ea7n v\u1eabn ho\u1ea1t \u0111\u1ed9ng b\u00ecnh th\u01b0\u1eddng\n2. \u0110\u1ed9 b\u1ec1n cao (Chu\u1ea9n qu\u00e2n \u0111\u1ed9i, \u0111\u1ee7 b\u1ec1n \u0111\u1ec3 k\u00e9o xe)\n3. S\u1ea1c nhanh 2.4 A\n4. \u0110\u1ed3 b\u1ec1n \u0111\u1eb7c bi\u1ec7t nh\u1edd l\u00f5i s\u1ee3i Kevlar\n5. B\u1ecdc nylon t\u0103ng \u0111\u1ed9 b\u1ec1n\n6. Chu\u1ea9n MFI \n\ud83d\udd30 \u0110\u1eb6C T\u00cdNH S\u1ea2N PH\u1ea8M\n\u2705 T\u01b0\u01a1ng th\u00edch v\u1edbi h\u1ea7u h\u1ebft thi\u1ebft b\u1ecb c\u1ee7a Apple\nD\u00e2y C\u00e1p S\u1ea1c Lightning Cho Iphone RAVPower 0.9m RP-CB019 \u0111\u00e3 \u0111\u01b0\u1ee3c Apple c\u1ea5p ch\u1ee9ng nh\u1eadn, \u0111i\u1ec1u n\u00e0y \u0111\u1ea3m b\u1ea3o cho chi\u1ebfc c\u00e1p Lightning t\u01b0\u01a1ng th\u00edch 100% v\u1edbi t\u1ea5t c\u1ea3 thi\u1ebft b\u1ecb c\u1ee7a Apple s\u1eed d\u1ee5ng c\u1ed5ng \u0111\u1ea7u ra Lightning.\n\u2705 Ch\u1ea5t li\u1ec7u l\u00f5i s\u1ee3i Kevlar cao c\u1ea5p\nChi\u1ebfc c\u00e1p Ravpower \u0111\u01b0\u1ee3c trang b\u1ecb nh\u1eefng l\u00f5i c\u00e1p si\u00eau b\u1ec1n, n\u00f3 \u0111\u01b0\u1ee3c gia c\u1ed1 b\u1edfi S\u1ee3i Kevlar, \u0111\u00e2y l\u00e0 m\u1ed9t ch\u1ea5t li\u1ec7u \u0111\u01b0\u1ee3c s\u1eed d\u1ee5ng trong qu\u00e2n s\u1ef1 l\u00e0m \u00e1o ch\u1ed1ng \u0111\u1ea1n, ch\u00ednh v\u00ec th\u1ebf c\u00e1p c\u00f3 kh\u1ea3 n\u0103ng ch\u1ecbu g\u1eadp, xo\u1eafn v\u00e0 u\u1ed1n cong h\u01a1n 12,000 l\u1ea7n v\u00e0 kh\u1ea3 n\u0103ng t\u1ef1 ph\u1ee5c h\u1ed3i cao nh\u1ea5t.\n\u2705 RAVPower Type-A to Lightning h\u1ed7 tr\u1ee3 s\u1ea1c l\u00ean \u0111\u1ebfn 18W cho iPhone XS Max, iPhone X.\n\u2705 Chi\u1ec1u d\u00e0i d\u00e2y 0.9m\nD\u00e2y k\u1ebft n\u1ed1i nh\u1ecf g\u1ecdn gi\u00fap b\u1ea1n k\u1ebft n\u1ed1i v\u1edbi nhi\u1ec1u \u1ed5 \u0111i\u1ec7n, thi\u1ebft b\u1ecb kh\u00e1c nhau \u1edf kho\u1ea3ng c\u00e1ch xa, ph\u1ee5c v\u1ee5 t\u1ed1i \u0111a nhu c\u1ea7u s\u1eed d\u1ee5ng c\u1ee7a b\u1ea1n.\n\u2705 Ti\u00eau Chu\u1ea9n an to\u00e0n: C\u00e1p RAVPower \u0111\u1ec1u c\u00f3 nh\u1eefng ch\u1ee9ng ch\u1ec9 an to\u00e0n ch\u1ed1ng ch\u00e1y n\u1ed5 c\u1ee7a Qu\u1ed1c t\u1ebf: EAC, CE, REACH, RoHS,\u2026n\u00ean ng\u01b0\u1eddi d\u00f9ng c\u00f3 th\u1ec3 ho\u00e0n to\u00e0n an t\u00e2m khi s\u1eed d\u1ee5ng.\n\ud83c\udf0fTH\u00d4NG TIN B\u1ea2O H\u00c0NH\n\u2705 B\u1ea3o h\u00e0nh 18 th\u00e1ng", "is_mart": false, "show_shopee_verified_label": false, "size_chart": null, "reference_item_id": "", "brand": "ravpower", "item_rating": {"rating_star": 0, "rating_count": [0, 0, 0, 0, 0, 0]}, "label_ids": [1001051, 1001079, 1000262, 1000255, 1000260, 1000259, 1000254, 1000256, 1000258, 1000257, 1000264, 1000266, 1000270, 1000268, 1000267, 1000263, 1000269, 1000265, 1000271, 1000273, 1000276, 1000275, 1000274, 1000272, 1000277, 1000278, 1000279, 1001321, 1001324, 1001396, 1001549, 1001693, 1001711, 1001728, 1001748, 1001791, 1000752, 1001959, 1002120, 1002130, 1002132, 1002163, 1002181, 1002229, 1002232, 1002278, 1002282, 1002373, 1002343, 1002480, 1002587, 1002597, 1002639, 1002763, 1002762, 1002768, 1002770, 1002772, 1002792, 1002898, 1002899, 1002997, 1002998, 1003133, 1003169, 1003275, 1003322, 1003323, 1003362, 1003464, 1003467, 1003707, 1003751, 1003769, 1000121, 1003819, 1003867, 1000300, 1003886, 1004068, 1004078, 1004069, 1004168, 1004171, 1004211, 1004265, 1004293, 1004672, 1004764, 1004774, 1004921, 1004927, 1005061, 1005083, 1005120, 1005261, 1005490, 1005829, 1006117, 1006306, 1006435, 1006483, 1006624, 1006625, 1006642, 1006669, 1007155, 1007328, 1007394, 1007516, 1007521, 1007546, 1007589, 1007627, 1007765, 1007768, 1006856, 1007457, 1008283, 1008290, 1008313, 1008358, 1008515, 1008529, 1008755, 1008793, 1008875, 1009058, 1009063, 1009226, 1009391, 1009427, 1009489, 1009525, 1009774, 1009763, 1009931, 1010033, 1010111, 1010210, 1010310, 1010449, 1010452, 1010666, 1010668, 1010797, 1010881, 1011072, 1011155, 1011293, 1011470, 1011654, 1011685, 1011843, 1012191, 1012655, 1009167, 1001044, 1009382, 1010425, 1011627, 1011629, 1012011], "attributes": [{"name": "Lo\u1ea1i c\u00e1p \u0111i\u1ec7n tho\u1ea1i", "value": "Lightning", "id": 100481, "is_timestamp": false, "brand_option": null, "val_id": null}], "liked": false, "liked_count": 1, "cmt_count": 0, "flag": 0, "shopee_verified": false, "is_adult": false, "is_preferred_plus_seller": false, "tier_variations": [{"name": "M\u00e0u s\u1eafc", "options": ["Black"], "images": null, "properties": null, "type": 0}], "bundle_deal_id": 0, "can_use_bundle_deal": false, "add_on_deal_info": null, "bundle_deal_info": null, "can_use_wholesale": false, "wholesale_tier_list": [], "is_group_buy_item": null, "group_buy_info": null, "welcome_package_type": 0, "welcome_package_info": null, "tax_code": null, "invoice_option": null, "complaint_policy": null, "images": ["6d29d5a69199fdf7d30d2ba60fe40bc1", "5b4a92ea3db976ade8109792adb35af0", "8d86a8941cd62662486789714f9eacad", "4a3c7d8516f554cca285f2d43d537c10", "5292dcc1dec1c8b521507946404592bb", "0770c4bb79847b7db2868814abdaee47"], "image": "6d29d5a69199fdf7d30d2ba60fe40bc1", "video_info_list": null, "item_type": 0, "is_official_shop": true, "show_official_shop_label_in_title": true, "shop_location": "TP. H\u1ed3 Ch\u00ed Minh", "coin_earn_label": null, "cb_option": 0, "is_pre_order": false, "estimated_days": 2, "badge_icon_type": 0, "show_free_shipping": false, "shipping_icon_type": 0, "cod_flag": 0, "is_service_by_shopee": false, "show_original_guarantee": false, "categories": [{"catid": 100013, "display_name": "\u0110i\u1ec7n Tho\u1ea1i & Ph\u1ee5 Ki\u1ec7n", "no_sub": false, "is_default_subcat": false}, {"catid": 100075, "display_name": "Ph\u1ee5 ki\u1ec7n", "no_sub": false, "is_default_subcat": false}, {"catid": 100284, "display_name": "C\u00e1p, s\u1ea1c & b\u1ed9 chuy\u1ec3n \u0111\u1ed5i", "no_sub": false, "is_default_subcat": false}, {"catid": 100481, "display_name": "C\u00e1p & B\u1ed9 chuy\u1ec3n \u0111\u1ed5i di \u0111\u1ed9ng", "no_sub": true, "is_default_subcat": false}], "other_stock": 1, "item_has_post": false, "discount_stock": 0, "current_promotion_has_reserve_stock": false, "current_promotion_reserved_stock": 0, "normal_stock": 1, "brand_id": 1802333, "is_alcohol_product": false, "show_recycling_info": false, "coin_info": {"spend_cash_unit": 100000, "coin_earn_items": [{"coin_earn": 0}]}, "models": [{"itemid": 9515779907, "status": 1, "current_promotion_reserved_stock": 0, "name": "Black", "promotionid": 0, "price": 24000000000, "price_stocks": [{"allocated_stock": null, "stock_breakdown_by_location": null}], "current_promotion_has_reserve_stock": false, "normal_stock": 1, "extinfo": {"tier_index": [0], "group_buy_info": null, "is_pre_order": null, "estimated_days": 2}, "price_before_discount": 0, "modelid": 83099180005, "stock": 1, "has_gimmick_tag": false}], "spl_info": {"installment_info": null, "user_credit_info": null, "channel_id": null, "show_spl": false, "show_spl_lite": false}, "preview_info": null, "fe_categories": [{"catid": 11036030, "display_name": "Mobile & Gadgets", "no_sub": false, "is_default_subcat": false}, {"catid": 11036054, "display_name": "Batteries, Cables & Charger", "no_sub": false, "is_default_subcat": false}, {"catid": 11036056, "display_name": "Cables & Converters", "no_sub": true, "is_default_subcat": false}], "presale_info": null, "is_cc_installment_payment_eligible": false, "is_non_cc_installment_payment_eligible": false, "flash_sale": null, "upcoming_flash_sale": null, "deep_discount": null, "has_low_fulfillment_rate": false, "is_partial_fulfilled": false, "makeups": null, "shop_vouchers": null, "global_sold": null, "is_infant_milk_formula_product": false, "should_show_amp_tag": false}