{"itemid": 3673424387, "shopid": 326323525, "userid": 0, "price_max_before_discount": -1, "has_lowest_price_guarantee": false, "price_before_discount": 0, "price_min_before_discount": -1, "exclusive_price_info": null, "hidden_price_display": null, "price_min": 45000000000, "price_max": 45000000000, "price": 45000000000, "stock": 5, "discount": null, "historical_sold": 175, "sold": 8, "show_discount": 0, "raw_discount": 0, "min_purchase_limit": 0, "overall_purchase_limit": {"order_max_purchase_limit": 0, "overall_purchase_limit": null, "item_overall_quota": null, "start_date": null, "end_date": null}, "pack_size": null, "is_live_streaming_price": null, "name": "N\u1ed3i n\u1ea5u ch\u1eadm c\u00e1ch th\u1ee7y 0.8L Bear SUBE001 - B\u1ea3n Qu\u1ed1c T\u1ebf Ti\u1ebfng Anh - H\u00e0ng ch\u00ednh h\u00e3ng", "ctime": 1609827461, "item_status": "normal", "status": 1, "condition": 1, "catid": 100010, "description": "S\u1ea3n ph\u1ea9m \u0111\u01b0\u1ee3c giao m\u00e0u ng\u1eabu nhi\u00ean \u0111\u1ebfn kh\u00e1ch h\u00e0ng: h\u1ed3ng / v\u00e0ng / n\u00e2u\r\nThi\u1ebft k\u1ebf nh\u1ecf g\u1ecdn - hi\u1ec7n \u0111\u1ea1i\r\nRu\u1ed9t n\u1ed3i b\u1eb1ng s\u1ee9 cao c\u1ea5p gi\u1eef nhi\u1ec7t l\u00e2u\r\n\u0110i k\u00e8m l\u1ed3ng h\u1ea5p ti\u1ec7n l\u1ee3i\r\nDung t\u00edch 0.8L\r\nT\u00edch h\u1ee3p 6 ch\u1ee9c n\u0103ng d\u1ec5 d\u00e0ng n\u1ea5u \u0103n h\u01a1n\r\nH\u1eb9n gi\u1edd tr\u01b0\u1edbc 9.5 gi\u1edd th\u00f4ng minh \r\n\r\nTH\u00d4NG TIN B\u1ea2O H\u00c0NH:\r\n\r\nCH\u00cdNH S\u00c1CH B\u1ea2O H\u00c0NH\r\n1. H\u00e0ng n\u1ed9i \u0111\u1ecba\r\n- B\u1ea3o h\u00e0nh 12 th\u00e1ng n\u1ebfu c\u00f3 l\u1ed7i k\u1ef9 thu\u1eadt t\u1eeb nh\u00e0 s\u1ea3n xu\u1ea5t\r\n- B\u1ea3o h\u00e0nh 1 \u0111\u1ed5i 1 trong 3 th\u00e1ng n\u1ebfu c\u00f3 l\u1ed7i k\u1ef9 thu\u1eadt t\u1eeb nh\u00e0 s\u1ea3n xu\u1ea5t\r\n2. H\u00e0ng qu\u1ed1c t\u1ebf\r\n- B\u1ea3o h\u00e0nh 1 \u0111\u1ed5i 1 trong 12 th\u00e1ng n\u1ebfu c\u00f3 l\u1ed7i k\u1ef9 thu\u1eadt t\u1eeb nh\u00e0 s\u1ea3n xu\u1ea5t.\r\n\r\nB\u1ea3o h\u00e0nh b\u1eb1ng phi\u1ebfu b\u1ea3o h\u00e0nh \u0111i k\u00e8m s\u1ea3n ph\u1ea9m\r\n\u0110\u1ecba ch\u1ec9 kho b\u1ea3o h\u00e0nh: \r\nT\u1ea1i H\u00e0 N\u1ed9i: S\u1ed1 164 Nguy\u1ec5n L\u01b0\u01a1ng B\u1eb1ng, Ph\u01b0\u1eddng Quang Trung, Qu\u1eadn \u0110\u1ed1ng \u0110a, H\u00e0 N\u1ed9i.\r\nS\u1ed1 \u0111i\u1ec7n tho\u1ea1i li\u00ean h\u1ec7 b\u1ea3o h\u00e0nh: 0948360133 - Mr Tu\u1ea5n \r\nT\u1ea1i Th\u00e0nh Ph\u1ed1 H\u1ed3 Ch\u00ed Minh: 342 C\u1ed9ng Ho\u00e0, Ph\u01b0\u1eddng 13, Qu\u1eadn T\u00e2n B\u00ecnh, TPHCM\r\nS\u1ed1 \u0111i\u1ec7n tho\u1ea1i li\u00ean h\u1ec7 b\u1ea3o h\u00e0nh: 0939460688 - Mr S\u01a1n", "is_mart": false, "show_shopee_verified_label": false, "size_chart": null, "reference_item_id": "", "brand": "Bear", "item_rating": {"rating_star": 4.857142857142857, "rating_count": [57, 0, 2, 2, 1, 52]}, "label_ids": [1000182, 1002768, 1002770, 1003258, 1003259, 1000121, 1000279, 1000265, 1006117, 1006306, 1006642, 1006669, 1007155, 1007190, 1007328, 1007394, 1007516, 1007546, 1007765, 1007768, 1006856, 1008283, 1008290, 1008313, 1008515, 1008793, 1009058, 1009063, 1000264, 1009190, 1009427, 1009489, 1009763, 1010033, 1010111, 1010449, 1010668, 1010797, 1011155, 1011654, 1011843, 1012191, 1003744, 1004370, 1004371, 1001044, 1004432, 1004542, 1004700, 1004709, 1004487, 1005269, 1005342, 1005460, 1005496, 1006037, 1006129, 1006454, 1006825, 1007182, 1007414, 1007861, 1008562, 1008842, 1010348, 1010738, 1011193, 1011378, 1012107, 1012539, 1011387], "attributes": null, "liked": false, "liked_count": 123, "cmt_count": 57, "flag": 268435458, "shopee_verified": false, "is_adult": false, "is_preferred_plus_seller": false, "tier_variations": [{"name": "", "options": [""], "images": null, "properties": null, "type": 0}], "bundle_deal_id": 0, "can_use_bundle_deal": false, "add_on_deal_info": null, "bundle_deal_info": null, "can_use_wholesale": false, "wholesale_tier_list": [], "is_group_buy_item": null, "group_buy_info": null, "welcome_package_type": 0, "welcome_package_info": null, "tax_code": null, "invoice_option": null, "complaint_policy": null, "images": ["9a371faeb9090f4802812cc77d8cc6a3", "69a112e3fccebe143dc0de1cba1e69b5", "857a6c57b5842debde5b2cdb951bf682", "7eb056e0e103969f2f06abd0fe8d7ac5", "feba6635aa65c5a7fdba7b35bbfbfe68", "c6232198404730d4ccec6ca648200ef6", "f1ff53177c3f960fb80e4fe9b045b9ff", "f52867fe4db129c9d42d666cf1e75559", "37a4f2a9f31db4f4ce6d021195c3b476"], "image": "9a371faeb9090f4802812cc77d8cc6a3", "video_info_list": null, "item_type": 0, "is_official_shop": true, "show_official_shop_label_in_title": true, "shop_location": "H\u00e0 N\u1ed9i", "coin_earn_label": null, "cb_option": 0, "is_pre_order": false, "estimated_days": 2, "badge_icon_type": 6, "show_free_shipping": true, "shipping_icon_type": 0, "cod_flag": 0, "is_service_by_shopee": true, "show_original_guarantee": false, "categories": [{"catid": 100010, "display_name": "Thi\u1ebft B\u1ecb \u0110i\u1ec7n Gia D\u1ee5ng", "no_sub": false, "is_default_subcat": false}, {"catid": 100041, "display_name": "\u0110\u1ed3 gia d\u1ee5ng nh\u00e0 b\u1ebfp", "no_sub": false, "is_default_subcat": false}, {"catid": 100206, "display_name": "N\u1ed3i n\u1ea5u ch\u1eadm & D\u1ee5ng c\u1ee5 n\u1ea5u ch\u00e2n kh\u00f4ng", "no_sub": true, "is_default_subcat": false}], "other_stock": 5, "item_has_post": false, "discount_stock": 0, "current_promotion_has_reserve_stock": false, "current_promotion_reserved_stock": 0, "normal_stock": 5, "brand_id": 1247566, "is_alcohol_product": false, "show_recycling_info": false, "coin_info": {"spend_cash_unit": 100000, "coin_earn_items": [{"coin_earn": 0}]}, "models": [{"itemid": 3673424387, "status": 1, "current_promotion_reserved_stock": 0, "name": "", "promotionid": 0, "price": 45000000000, "price_stocks": [{"allocated_stock": null, "stock_breakdown_by_location": [{"location_id": "VNN", "available_stock": 5, "fulfilment_type": 1, "address_id": 38200025}, {"location_id": "VNZ", "available_stock": 0, "fulfilment_type": 2, "address_id": null}]}], "current_promotion_has_reserve_stock": false, "normal_stock": 5, "extinfo": {"tier_index": [0], "group_buy_info": null, "is_pre_order": null, "estimated_days": 2}, "price_before_discount": 0, "modelid": 63064888741, "stock": 5, "has_gimmick_tag": false}], "spl_info": {"installment_info": null, "user_credit_info": null, "channel_id": null, "show_spl": false, "show_spl_lite": false}, "preview_info": null, "fe_categories": [{"catid": 11036971, "display_name": "Home Appliances", "no_sub": false, "is_default_subcat": false}, {"catid": 11111620, "display_name": "Electric Cookers", "no_sub": false, "is_default_subcat": false}, {"catid": 11111628, "display_name": "Slow Cookers", "no_sub": true, "is_default_subcat": false}], "presale_info": null, "is_cc_installment_payment_eligible": false, "is_non_cc_installment_payment_eligible": false, "flash_sale": null, "upcoming_flash_sale": null, "deep_discount": null, "has_low_fulfillment_rate": false, "is_partial_fulfilled": false, "makeups": null, "shop_vouchers": null, "global_sold": null, "is_infant_milk_formula_product": false, "should_show_amp_tag": false}