{"itemid": 6589820307, "shopid": 331346099, "userid": 0, "price_max_before_discount": -1, "has_lowest_price_guarantee": false, "price_before_discount": 0, "price_min_before_discount": -1, "exclusive_price_info": null, "hidden_price_display": null, "price_min": 2099000000000, "price_max": 2099000000000, "price": 2099000000000, "stock": 20, "discount": null, "historical_sold": 0, "sold": 0, "show_discount": 0, "raw_discount": 0, "min_purchase_limit": 0, "overall_purchase_limit": {"order_max_purchase_limit": 0, "overall_purchase_limit": null, "item_overall_quota": null, "start_date": null, "end_date": null}, "pack_size": null, "is_live_streaming_price": null, "name": "M\u00e1y r\u1eeda ch\u00e9n Electrolux ESF5512LOX", "ctime": 1621915870, "item_status": "normal", "status": 1, "condition": 1, "catid": 100010, "description": "TH\u00d4NG TIN S\u1ea2N PH\u1ea8M:\nTh\u01b0\u01a1ng hi\u1ec7u: Electrolux\nModel: ESF5512LOX\nLo\u1ea1i m\u00e1y: M\u00e1y r\u1eeda ch\u00e9n \u0111\u1ed9c l\u1eadp\nC\u00f4ng su\u1ea5t: 1950W\nTi\u00eau th\u1ee5 n\u01b0\u1edbc: ~ 11 l\u00edt/ l\u1ea7n r\u1eeda\nS\u1ed1 ch\u00e9n b\u00e1t r\u1eeda \u0111\u01b0\u1ee3c: 3-4 b\u1eefa \u0103n Vi\u1ec7t (13 b\u1ed9 Ch\u00e2u \u00c2u)\n\u0110\u1ed9 \u1ed3n: 47 dB\nS\u1ed1 ch\u01b0\u01a1ng tr\u00ecnh ho\u1ea1t \u0111\u1ed9ng: 6 ch\u01b0\u01a1ng tr\u00ecnh\nC\u00f4ng ngh\u1ec7 r\u1eeda: R\u1eeda n\u01b0\u1edbc n\u00f3ng\nTi\u1ec7n \u00edch:\n    Ch\u01b0\u01a1ng tr\u00ecnh r\u1eeda an to\u00e0n cho ly th\u1ee7y tinh 45\u00b0C\n    Ch\u1ee9c n\u0103ng r\u1eeda nhanh\n    Ch\u1ee9c n\u0103ng s\u1ea5y ng\u01b0ng t\u1ee5\n    Gi\u00e1 r\u1ed5 linh \u0111\u1ed9ng c\u00f3 ng\u0103n ch\u1ee9a dao k\u00e9o\n    T\u1ef1 \u0111\u1ed9ng m\u1edf c\u1eeda khi k\u1ebft th\u00fac\n    H\u1eb9n gi\u1edd b\u1eaft \u0111\u1ea7u r\u1eeda (t\u1eeb 1 - 24 ti\u1ebfng)\nT\u00ednh n\u0103ng an to\u00e0n: Ch\u1ed1ng tr\u00e0n v\u00e0 r\u00f2 r\u1ec9\nCh\u1ea5t li\u1ec7u v\u1ecf m\u00e1y: Th\u00e9p kh\u00f4ng g\u1ec9\nCh\u1ea5t li\u1ec7u c\u1eeda: Th\u00e9p kh\u00f4ng g\u1ec9\nB\u1ea3ng \u0111i\u1ec1u khi\u1ec3n: Ti\u1ebfng Anh n\u00fat c\u01a1\nK\u00edch th\u01b0\u1edbc - Kh\u1ed1i l\u01b0\u1ee3ng: Cao 85 cm - R\u1ed9ng 60 cm - S\u00e2u 62.5 cm\nN\u01a1i s\u1ea3n xu\u1ea5t: Ba Lan\nB\u1ea3o h\u00e0nh: 24 th\u00e1ng\n\nM\u00d4 T\u1ea2 S\u1ea2N PH\u1ea8M:\nThi\u1ebft k\u1ebf cao c\u1ea5p, nh\u1ecf g\u1ecdn, d\u1ec5 b\u1ed1 tr\u00ed, ti\u1ebft ki\u1ec7m th\u1eddi gian b\u00ean gia \u0111\u00ecnh, ph\u00f9 h\u1ee3p v\u1edbi ng\u01b0\u1eddi d\u1ecb \u1ee9ng n\u01b0\u1edbc r\u1eeda ch\u00e9n\nM\u00e1y r\u1eeda ch\u00e9n \u0111\u1ed9c l\u1eadp Electrolux ESF5512LOX \u0111\u01b0\u1ee3c thi\u1ebft k\u1ebf \u0111\u1ed9c l\u1eadp, n\u1ed5i b\u1eadt v\u1edbi ch\u1ea5t li\u1ec7u kim lo\u1ea1i m\u00e0u b\u1ea1c ch\u1eafc ch\u1eafn, \u0111em l\u1ea1i v\u1ebb \u0111\u1eb9p c\u1ee9ng c\u00e1p v\u00e0 l\u00e0m n\u1ed5i b\u1eadt kh\u00f4ng gian n\u1ed9i th\u1ea5t c\u1ee7a b\u1ea1n. \nK\u00edch th\u01b0\u1edbc nh\u1ecf g\u1ecdn, gi\u00fap m\u00e1y linh ho\u1ea1t khi b\u1ed1 tr\u00ed, ph\u00f9 h\u1ee3p v\u1edbi nhi\u1ec1u kh\u00f4ng gian n\u1ed9i th\u1ea5t kh\u00e1c nhau, l\u00e0m n\u1ed5i b\u1eadt m\u1ecdi kh\u00f4ng gian ph\u00f2ng b\u1ebfp c\u1ee7a gia \u0111\u00ecnh. S\u1ea3n ph\u1ea9m c\u00f3 th\u1ec3 l\u1eafp v\u00e0o h\u1ed9c t\u1ee7 d\u01b0\u1edbi k\u1ec7 b\u1ebfp (kh\u00f4ng l\u1eafp \u00e2m v\u00e0o t\u01b0\u1eddng) ti\u1ec7n l\u1ee3i\nR\u1eeda s\u1ea1ch ch\u00e9n \u0111\u0129a t\u01b0\u01a1ng \u0111\u01b0\u01a1ng 3 - 4 b\u1eefa \u0103n Vi\u1ec7t c\u1ee7a gia \u0111\u00ecnh t\u1eeb 4 - 5 ng\u01b0\u1eddi \nV\u1edbi hi\u1ec7u su\u1ea5t r\u1eeda l\u1edbn, m\u00e1y r\u1eeda ch\u00e9n gia \u0111\u00ecnh Electrolux c\u00f3 th\u1ec3 r\u1eeda \u0111\u01b0\u1ee3c ch\u00e9n \u0111\u0129a t\u01b0\u01a1ng \u0111\u01b0\u01a1ng 3 - 4 b\u1eefa \u0103n c\u1ee7a gia \u0111\u00ecnh c\u00f3 4 - 5 ng\u01b0\u1eddi Vi\u1ec7t Nam.\nM\u00e1y c\u00f3 ch\u1ee9c n\u0103ng r\u1eeda nhanh, s\u1ea3n ph\u1ea9m s\u1ebd gi\u00fap ti\u1ebft ki\u1ec7m th\u1eddi gian r\u1eeda, t\u1eeb \u0111\u00f3 gi\u1ea3m chi ph\u00ed \u0111i\u1ec7n cho gia \u0111\u00ecnh. Ngo\u00e0i ra v\u1edbi m\u1ed7i l\u1ea7n r\u1eeda ch\u1ec9 ti\u00eau t\u1ed1n ~ 11 l\u00edt n\u01b0\u1edbc, ng\u01b0\u1eddi d\u00f9ng s\u1ebd kh\u00f4ng ph\u1ea3i lo l\u1eafng v\u1ec1 chi ph\u00ed \u0111i\u1ec7n v\u00e0 n\u01b0\u1edbc khi s\u1eed d\u1ee5ng  s\u1ea3n ph\u1ea9m n\u00e0y.\nT\u1ef1 \u0111\u1ed9ng m\u1edf c\u1eeda \u1edf cu\u1ed1i chu k\u00ec r\u1eeda \u0111\u1ec3 gi\u00fap ch\u00e9n d\u0129a mau kh\u00f4 v\u1edbi t\u00ednh n\u0103ng AIRDRY\n\u0110\u1ed9 \u1ed3n th\u1ea5p, \u0111em \u0111\u1ebfn s\u1ef1 h\u00e0i l\u00f2ng nh\u1ea5t \u0111\u1ebfn ng\u01b0\u1eddi d\u00f9ng\nM\u00e1y r\u1eeda ch\u00e9n Electrolux ESF5512LOX 1950W ho\u1ea1t \u0111\u1ed9ng c\u00f3 \u0111\u1ed9 \u1ed3n ch\u1ec9 47 dB - t\u01b0\u01a1ng \u0111\u01b0\u01a1ng v\u1edbi ph\u00f2ng th\u01b0 vi\u1ec7n, v\u0103n ph\u00f2ng l\u00e0m vi\u1ec7c, gia \u0111\u00ecnh c\u00f3 th\u1ec3 y\u00ean t\u00e2m th\u01b0 gi\u00e3n ho\u1eb7c k\u1ec3 c\u1ea3 khi ng\u1ee7.\nCh\u1ed1ng tr\u00e0n v\u00e0 r\u00f2 r\u1ec9 th\u00f4ng minh - t\u1ef1 \u0111\u1ed9ng ng\u1eaft n\u01b0\u1edbc khi c\u1ea5p \u0111\u1ea7y b\u00ecnh\nM\u00e1y r\u1eeda ch\u00e9n Electrolux n\u00e0y c\u00f3 th\u1ec3 ch\u1ee9a t\u1ed1i \u0111a 11 l\u00edt n\u01b0\u1edbc, v\u00ec th\u1ebf khi b\u01a1m \u0111\u1ea7y n\u01b0\u1edbc v\u00e0o m\u00e1y, n\u01b0\u1edbc s\u1ebd t\u1ef1 ng\u1eaft ti\u1ec7n l\u1ee3i, an to\u00e0n.\nL\u01b0u \u00fd khi s\u1eed d\u1ee5ng:\n- S\u1eed d\u1ee5ng ch\u1ea5t t\u1ea9y r\u1eeda chuy\u00ean d\u1ee5ng cho m\u00e1y r\u1eeda ch\u00e9n, kh\u00f4ng s\u1eed d\u1ee5ng c\u00e1c lo\u1ea1i n\u01b0\u1edbc r\u1eeda ch\u00e9n th\u01b0\u1eddng s\u1eed d\u1ee5ng b\u1eb1ng tay.\n- Khi s\u1eed d\u1ee5ng m\u00e1y r\u1eeda ch\u00e9n n\u00ean s\u1eafp x\u1ebfp ch\u00e9n d\u0129a \u00fap xu\u1ed1ng v\u00e0 d\u00e0n \u0111\u1ec1u tr\u00ean c\u00e1c khay, c\u00e1c v\u1eadt d\u1ee5ng n\u1eb7ng \u0111\u1ec3 \u1edf khay d\u01b0\u1edbi c\u00f9ng \u0111\u1ec3 m\u00e1y ho\u1ea1t \u0111\u1ed9ng hi\u1ec7u qu\u1ea3 nh\u1ea5t.\n- N\u00ean v\u1ec7 sinh l\u1ed3ng r\u1eeda h\u1eb1ng ng\u00e0y sau khi s\u1eed d\u1ee5ng, tr\u00e1nh \u0111\u1ec3 th\u1ee9c \u0103n th\u1eeba \u0111\u1ecdng l\u1ea1i \u1edf b\u00ean d\u01b0\u1edbi.\n- V\u1ec7 sinh to\u00e0n b\u1ed9 m\u00e1y \u0111\u1ecbnh k\u1ef3 1 th\u00e1ng \u0111\u1ec3 m\u00e1y lu\u00f4n \u1edf trong t\u00ecnh tr\u1ea1ng t\u1ed1t nh\u1ea5t.\n- Ph\u00e2n lo\u1ea1i ch\u00e9n \u0111\u0129a th\u1ee7y tinh \u0111\u1ec3 r\u1eeda theo ch\u1ebf \u0111\u1ed9 ri\u00eang v\u00ec \u00e1p l\u1ef1c n\u01b0\u1edbc n\u00f3ng c\u00f3 th\u1ec3 l\u00e0m v\u1ee1\nM\u00e1y r\u1eeda ch\u00e9n Electrolux ESF5512LOX 1950W ch\u1eafc ch\u1eafn s\u1ebd mang \u0111\u1ebfn s\u1ef1 ti\u1ec7n nghi, cao c\u1ea5p cho gia \u0111\u00ecnh b\u1ea1n v\u1edbi thi\u1ebft k\u1ebf \u0111\u1ed9c l\u1eadp linh ho\u1ea1t, sang tr\u1ecdng, b\u00ean c\u1ea1nh nh\u1eefng c\u00f4ng ngh\u1ec7 hi\u1ec7n \u0111\u1ea1i v\u00e0 ti\u1ec7n \u00edch c\u1ee7a m\u00ecnh.\n\n\u0110i\u1ec1u kho\u1ea3n b\u1ea3o h\u00e0nh d\u00e0nh cho t\u1eebng s\u1ea3n ph\u1ea9m tham kh\u1ea3o t\u1ea1i \u0111\u00e2y: \nhttps://www.electrolux.vn/ho-tro/dieu-khoan-va-dieu-kien-bao-hanh-chung/\nTrung t\u00e2m Ch\u0103m s\u00f3c Kh\u00e1ch h\u00e0ng Electrolux Vi\u1ec7t Nam:\n\u0110i\u1ec7n tho\u1ea1i: 1800 58 88 99 (mi\u1ec5n c\u01b0\u1edbc cu\u1ed9c g\u1ecdi, t\u1eeb th\u1ee9 Hai \u2013 Th\u1ee9 B\u1ea3y t\u1eeb 8:00 \u0111\u1ebfn 18:00)\n\n *H\u00ecnh th\u1ee9c \u0111\u0103ng k\u00fd b\u1ea3o h\u00e0nh: Kh\u00e1ch h\u00e0ng sau khi mua h\u00e0ng \u0111\u0103ng k\u00fd b\u1ea3o h\u00e0nh theo 1 trong c\u00e1c c\u00e1ch sau:\n- C\u00e1ch 1: Li\u00ean h\u1ec7 t\u1ed5ng \u0111\u00e0i Electrolux 1800 588 899\n- C\u00e1ch 2: Truy c\u1eadp website https://www.electrolux.vn/, nh\u1eadp th\u00f4ng tin kh\u00e1ch h\u00e0ng v\u00e0 s\u1ea3n ph\u1ea9m t\u1ea1i m\u1ee5c \u0110\u0103ng k\u00fd s\u1ea3n ph\u1ea9m, \u0111\u0103ng k\u00ed b\u1ea3o h\u00e0nh cho s\u1ea3n ph\u1ea9m\n\n#kynguyen024 #dienmaykynguyen #mayruachen #mayruachenmini #ruachen #electrolux #mayruachenelectrolux #ESF5512LOX #electroluxESF5512LOX #mayruachenchinhhang #baohanh24thang #baohanh2nam", "is_mart": false, "show_shopee_verified_label": false, "size_chart": null, "reference_item_id": "", "brand": "Electrolux", "item_rating": {"rating_star": 0, "rating_count": [0, 0, 0, 0, 0, 0]}, "label_ids": [1000182, 1000260, 1000254, 1000256, 1000258, 1000262, 1000257, 1000255, 1000259, 1000265, 1000264, 1000267, 1000269, 1000263, 1000266, 1000268, 1000275, 1000271, 1000270, 1000273, 1000276, 1000277, 1000278, 1000274, 1000279, 1000272, 1001946, 1002834, 1002897, 1000121, 1004471, 1006117, 1006306, 1006352, 1006435, 1006483, 1006624, 1006642, 1006669, 1007155, 1007190, 1007328, 1007394, 1007516, 1007546, 1007627, 1007765, 1007768, 1006856, 1008283, 1008290, 1008313, 1008515, 1008793, 1009058, 1009063, 1009427, 1009489, 1009763, 1010033, 1010111, 1010449, 1010668, 1010797, 1011155, 1011654, 1011843, 1012191, 1001044, 1011627, 1011629, 1012011], "attributes": null, "liked": false, "liked_count": 3, "cmt_count": 0, "flag": 0, "shopee_verified": false, "is_adult": false, "is_preferred_plus_seller": false, "tier_variations": [{"name": "", "options": [""], "images": null, "properties": null, "type": 0}], "bundle_deal_id": 0, "can_use_bundle_deal": false, "add_on_deal_info": null, "bundle_deal_info": null, "can_use_wholesale": false, "wholesale_tier_list": [], "is_group_buy_item": null, "group_buy_info": null, "welcome_package_type": 0, "welcome_package_info": null, "tax_code": null, "invoice_option": null, "complaint_policy": null, "images": ["a8dd5e73a41945a859196212abc43ce8", "b1a55f30d81679ef1418ba2f4ce42e67", "ef1c3bde8eeed653b7c4537844e7c7d9", "5690922c8a8b6bc91c4ae75191b850c3", "bfcef68b0055f2a903e36646bafd4468", "d1ef92ade042f19153fc0dad88510572"], "image": "a8dd5e73a41945a859196212abc43ce8", "video_info_list": null, "item_type": 0, "is_official_shop": true, "show_official_shop_label_in_title": true, "shop_location": "TP. H\u1ed3 Ch\u00ed Minh", "coin_earn_label": null, "cb_option": 0, "is_pre_order": false, "estimated_days": 2, "badge_icon_type": 0, "show_free_shipping": false, "shipping_icon_type": 0, "cod_flag": 0, "is_service_by_shopee": false, "show_original_guarantee": false, "categories": [{"catid": 100010, "display_name": "Thi\u1ebft B\u1ecb \u0110i\u1ec7n Gia D\u1ee5ng", "no_sub": false, "is_default_subcat": false}, {"catid": 100041, "display_name": "\u0110\u1ed3 gia d\u1ee5ng nh\u00e0 b\u1ebfp", "no_sub": false, "is_default_subcat": false}, {"catid": 100196, "display_name": "M\u00e1y r\u1eeda b\u00e1t \u0111\u0129a", "no_sub": true, "is_default_subcat": false}], "other_stock": 20, "item_has_post": false, "discount_stock": 0, "current_promotion_has_reserve_stock": false, "current_promotion_reserved_stock": 0, "normal_stock": 20, "brand_id": 1801080, "is_alcohol_product": false, "show_recycling_info": false, "coin_info": {"spend_cash_unit": 100000, "coin_earn_items": [{"coin_earn": 0}]}, "models": [{"itemid": 6589820307, "status": 1, "current_promotion_reserved_stock": 0, "name": "", "promotionid": 0, "price": 2099000000000, "price_stocks": [{"allocated_stock": null, "stock_breakdown_by_location": [{"location_id": "VNZ", "available_stock": 20, "fulfilment_type": 2, "address_id": null}]}], "current_promotion_has_reserve_stock": false, "normal_stock": 20, "extinfo": {"tier_index": [0], "group_buy_info": null, "is_pre_order": false, "estimated_days": 2}, "price_before_discount": 0, "modelid": 35586574294, "stock": 20, "has_gimmick_tag": false}], "spl_info": {"installment_info": null, "user_credit_info": null, "channel_id": null, "show_spl": false, "show_spl_lite": false}, "preview_info": null, "fe_categories": [{"catid": 11036971, "display_name": "Home Appliances", "no_sub": false, "is_default_subcat": false}, {"catid": 11036990, "display_name": "Large Appliance", "no_sub": false, "is_default_subcat": false}, {"catid": 11036998, "display_name": "Dishwashers", "no_sub": true, "is_default_subcat": false}], "presale_info": null, "is_cc_installment_payment_eligible": false, "is_non_cc_installment_payment_eligible": false, "flash_sale": null, "upcoming_flash_sale": null, "deep_discount": null, "has_low_fulfillment_rate": false, "is_partial_fulfilled": true, "makeups": null, "shop_vouchers": null, "global_sold": null, "is_infant_milk_formula_product": false, "should_show_amp_tag": false}