{"itemid": 11406370415, "shopid": 331346099, "userid": 0, "price_max_before_discount": -1, "has_lowest_price_guarantee": false, "price_before_discount": 0, "price_min_before_discount": -1, "exclusive_price_info": null, "hidden_price_display": null, "price_min": 799000000000, "price_max": 799000000000, "price": 799000000000, "stock": 20, "discount": null, "historical_sold": 0, "sold": 0, "show_discount": 0, "raw_discount": 0, "min_purchase_limit": 0, "overall_purchase_limit": {"order_max_purchase_limit": 0, "overall_purchase_limit": null, "item_overall_quota": null, "start_date": null, "end_date": null}, "pack_size": null, "is_live_streaming_price": null, "name": "L\u00f2 vi s\u00f3ng c\u00f3 n\u01b0\u1edbng Electrolux 32 l\u00edt EMS3288X", "ctime": 1621915920, "item_status": "normal", "status": 1, "condition": 1, "catid": 100010, "description": "M\u00d4 T\u1ea2 S\u1ea2N PH\u1ea8M:\nL\u00f2 vi s\u00f3ng Electrolux 32 l\u00edt EMS3288X s\u1edf h\u1eefu thi\u1ebft k\u1ebf sang tr\u1ecdng hi\u1ec7n \u0111\u1ea1i gi\u00fap t\u00f4 \u0111i\u1ec3m cho c\u0103n b\u1ebfp c\u1ee7a gia \u0111\u00ecnh b\u1ea1n. V\u1edbi dung t\u00edch 32 l\u00edt chi\u1ebfc l\u00f2 vi s\u00f3ng th\u00edch h\u1ee3p s\u1eed d\u1ee5ng cho gia \u0111\u00ecnh \u0111\u00f4ng th\u00e0nh vi\u00ean. Nh\u1edd \u0111\u01b0\u1ee3c trang b\u1ecb ch\u1ee9c n\u0103ng r\u00e3 \u0111\u00f4ng nhanh, c\u00e1c ch\u01b0\u01a1ng tr\u00ecnh n\u1ea5u t\u1ef1 \u0111\u1ed9ng k\u1ebft h\u1ee3p v\u1edbi nh\u1eefng ch\u1ee9c n\u0103ng hi\u1ec7n \u0111\u1ecba kh\u00e1c, chi\u1ebfc l\u00f2 vi s\u00f3ng Electrolux s\u1ebd l\u00e0 m\u1ed9t tr\u1ee3 th\u1ee7 \u0111\u1eafc l\u1ef1c cho vi\u1ec7c n\u1ea5u n\u01b0\u1edbng c\u1ee7a gia \u0111\u00ecnh b\u1ea1n. \nL\u00f2 vi s\u00f3ng Electrolux mang \u0111\u1ebfn tr\u1ea3i nghi\u1ec7m n\u1ea5u \u0103n \u0111a d\u1ea1ng v\u1edbi nhi\u1ec1u ch\u1ee9c n\u0103ng n\u1ea5u, n\u01b0\u1edbng, h\u1ea5p. B\u1ea1n c\u00f3 th\u1ec3 n\u1ea5u c\u00e1c m\u00f3n \u0103n dinh d\u01b0\u1ee1ng v\u1edbi ch\u1ebf \u0111\u1ed9 h\u1ea5p v\u1edbi ph\u1ee5 ki\u1ec7n l\u00e0 chi\u1ebfc n\u1ed3i h\u01a1i n\u01b0\u1edbc v\u00e0 ch\u01b0\u01a1ng tr\u00ecnh n\u1ea5u t\u1ef1 \u0111\u1ed9ng, b\u1ea1n c\u00f3 th\u1ec3 ch\u1ebf bi\u1ebfn c\u00e1c m\u00f3n \u0103n r\u1ea5t nhanh v\u00e0 v\u00f4 c\u00f9ng ho\u00e0n h\u1ea3o v\u00e0o b\u1ea5t c\u1ee9 l\u00fac n\u00e0o.\nL\u00f2 vi s\u00f3ng trang b\u1ecb c\u00e1c ch\u01b0\u01a1ng tr\u00ecnh n\u1ea5u t\u1ef1 \u0111\u1ed9ng gi\u00fap b\u1ea1n n\u1ea5u th\u1ee9c \u0103n d\u1ec5 d\u00e0ng, \u0111a d\u1ea1ng c\u00e1c m\u00f3n \u0103n cho gia \u0111\u00ecnh m\u00e0 kh\u00f4ng m\u1ea5t qu\u00e1 nhi\u1ec1u th\u1eddi gian, \u0111\u01a1n gi\u1ea3n ch\u1ec9 v\u1edbi m\u1ed9t v\u00e0i thao t\u00e1c. \nCh\u1ee9c n\u0103ng kh\u00f3a tr\u1ebb em \u0111\u01b0\u1ee3c trang b\u1ecb tr\u00ean l\u00f2 vi s\u00f3ng s\u1ebd kh\u00f3a l\u1ea1i nh\u1eefng thay \u0111\u1ed5i c\u00e0i \u0111\u1eb7t kh\u00f4ng mong mu\u1ed1n cho b\u1ea1n y\u00ean t\u00e2m s\u1eed d\u1ee5ng. \nL\u00f2 vi s\u00f3ng Electrolux trang b\u1ecb b\u1ea3ng \u0111i\u1ec1u khi\u1ec3n n\u00fat nh\u1ea5n \u0111i\u1ec7n t\u1eed k\u1ebft h\u1ee3p n\u00fam v\u1eb7n v\u00e0 m\u00e0n h\u00ecnh LCD hi\u1ec3n th\u1ecb cho b\u1ea1n d\u1ec5 d\u00e0ng quan s\u00e1t v\u00e0 thao t\u00e1c s\u1eed d\u1ee5ng. \nB\u1ea1n kh\u00f4ng m\u1ea5t qu\u00e1 nhi\u1ec1u th\u1eddi gian \u0111\u1ec3 ch\u1ebf bi\u1ebfn th\u1ef1c ph\u1ea9m nh\u1edd ch\u1ee9c n\u0103ng r\u00e3 \u0111\u00f4ng \u0111\u01b0\u1ee3c trang b\u1ecb tr\u00ean l\u00f2 vi s\u00f3ng. Ch\u1ee9c n\u0103ng r\u00e3 \u0111\u00f4ng cho ph\u00e9p b\u1ea1n r\u00e3 \u0111\u00f4ng c\u00e1c lo\u1ea1i th\u1ef1c ph\u1ea9m th\u1ecbt c\u00e1 h\u1ea3i s\u1ea3n m\u1ed9t c\u00e1ch si\u00eau nhanh ch\u1ec9 v\u1edbi v\u00e0i thao t\u00e1c \u0111\u01a1n gi\u1ea3n. \nNgo\u00e0i nh\u1eefng ti\u1ec7n \u00edch tr\u00ean, chi\u1ebfc l\u00f2 vi s\u00f3ng \u0111i\u1ec7n t\u1eed n\u00e0y c\u00f2n trang b\u1ecb t\u00ednh n\u0103ng h\u1eb9n gi\u1edd n\u1ea5u ti\u1ec7n l\u1ee3i gi\u00fap b\u1ea1n ch\u1ee7 \u0111\u1ed9ng v\u1ec1 th\u1eddi gian s\u1eed d\u1ee5ng v\u00e0 n\u1ea5u n\u01b0\u1edbng.\n\nTH\u00d4NG TIN CHI TI\u1ebeT:\nTh\u01b0\u01a1ng hi\u1ec7u: Electrolux\nModel: EMS3288X\nM\u00e0u s\u1eafc:\t\u0110en\nT\u00ednh n\u0103ng L\u00f2 vi s\u00f3ng: Vi s\u00f3ng v\u00e0 n\u01b0\u1edbng\nDung t\u00edch: 32 L\u00edt\nC\u00f4ng su\u1ea5t: 900 W\nC\u00f4ng su\u1ea5t n\u01b0\u1edbng: 1050 W\nCh\u1ee9c n\u0103ng ch\u00ednh:\tH\u00e2m, n\u1ea5u, r\u00e3 \u0111\u00f4ng, n\u01b0\u1edbng\nC\u00f4ng ngh\u1ec7 Inverter: Kh\u00f4ng\nLo\u1ea1i L\u00f2 vi s\u00f3ng: \u0110i\u1ec7n t\u1eed\nM\u00e0n h\u00ecnh hi\u1ec3n th\u1ecb:\tLED\nCh\u1ee9c n\u0103ng kh\u00e1c:\t15 ch\u01b0\u01a1ng tr\u00ecnh n\u1ea5u\nK\u00edch th\u01b0\u1edbc th\u00f9ng:\t570x498x375 mm\nKh\u1ed1i l\u01b0\u1ee3ng th\u00f9ng (kg): 27.9 kg\nB\u1ea3o h\u00e0nh: 24 th\u00e1ng\n\n\u0110i\u1ec1u kho\u1ea3n b\u1ea3o h\u00e0nh d\u00e0nh cho t\u1eebng s\u1ea3n ph\u1ea9m tham kh\u1ea3o t\u1ea1i \u0111\u00e2y: \nhttps://www.electrolux.vn/ho-tro/dieu-khoan-va-dieu-kien-bao-hanh-chung/\nTrung t\u00e2m Ch\u0103m s\u00f3c Kh\u00e1ch h\u00e0ng Electrolux Vi\u1ec7t Nam:\n\u0110i\u1ec7n tho\u1ea1i: 1800 58 88 99 (mi\u1ec5n c\u01b0\u1edbc cu\u1ed9c g\u1ecdi, t\u1eeb th\u1ee9 Hai \u2013 Th\u1ee9 B\u1ea3y t\u1eeb 8:00 \u0111\u1ebfn 18:00)\n\n *H\u00ecnh th\u1ee9c \u0111\u0103ng k\u00fd b\u1ea3o h\u00e0nh: Kh\u00e1ch h\u00e0ng sau khi mua h\u00e0ng \u0111\u0103ng k\u00fd b\u1ea3o h\u00e0nh theo 1 trong c\u00e1c c\u00e1ch sau:\n- C\u00e1ch 1: Li\u00ean h\u1ec7 t\u1ed5ng \u0111\u00e0i Electrolux 1800 588 899\n- C\u00e1ch 2: Truy c\u1eadp website https://www.electrolux.vn/, nh\u1eadp th\u00f4ng tin kh\u00e1ch h\u00e0ng v\u00e0 s\u1ea3n ph\u1ea9m t\u1ea1i m\u1ee5c \u0110\u0103ng k\u00fd s\u1ea3n ph\u1ea9m, \u0111\u0103ng k\u00ed b\u1ea3o h\u00e0nh cho s\u1ea3n ph\u1ea9m\n\n#kynguyen024 #dienmaykynguyen #kynguyen #visong #lovisong #loviba #viba #lonuong #lovisongelectrolux #lovibaelectrolux #32L #900W #1050W #lovisongchinhhang #baohanh24thang #baohanh2nam #EMS3288X #electroluxEMS3288X #lovisongEMS3288X", "is_mart": false, "show_shopee_verified_label": false, "size_chart": null, "reference_item_id": "", "brand": "Electrolux", "item_rating": {"rating_star": 0, "rating_count": [0, 0, 0, 0, 0, 0]}, "label_ids": [1000182, 1000260, 1000254, 1000256, 1000258, 1000262, 1000257, 1000255, 1000259, 1000265, 1000264, 1000267, 1000269, 1000263, 1000266, 1000268, 1000275, 1000271, 1000270, 1000273, 1000276, 1000277, 1000278, 1000274, 1000279, 1000272, 1001946, 1002834, 1002897, 1000121, 1004471, 1006117, 1006306, 1006352, 1006435, 1006483, 1006624, 1006642, 1006669, 1007155, 1007190, 1007328, 1007394, 1007516, 1007546, 1007627, 1007765, 1007768, 1006856, 1008283, 1008290, 1008313, 1008515, 1008793, 1009058, 1009063, 1009427, 1009489, 1009763, 1010033, 1010111, 1010449, 1010668, 1010797, 1011155, 1011654, 1011843, 1012191, 1008842, 1011627, 1011629, 1012011], "attributes": null, "liked": false, "liked_count": 19, "cmt_count": 0, "flag": 0, "shopee_verified": false, "is_adult": false, "is_preferred_plus_seller": false, "tier_variations": [{"name": "", "options": [""], "images": null, "properties": null, "type": 0}], "bundle_deal_id": 0, "can_use_bundle_deal": false, "add_on_deal_info": null, "bundle_deal_info": null, "can_use_wholesale": false, "wholesale_tier_list": [], "is_group_buy_item": null, "group_buy_info": null, "welcome_package_type": 0, "welcome_package_info": null, "tax_code": null, "invoice_option": null, "complaint_policy": null, "images": ["115c08273b96bcfb946b4ede5518f172", "b4ddb68abc5f177a7e76daa7c2cc8ad4", "f25fbb7fe82bd720f3511d3497573674", "d54f5df99914a882d7f54bf652839d0e", "cd716d22a722c2e77efa258fa491a93f", "7464590e2ba490ee601ddda46b601b72", "c91b5b1b0938180d017d16835437212f"], "image": "115c08273b96bcfb946b4ede5518f172", "video_info_list": null, "item_type": 0, "is_official_shop": true, "show_official_shop_label_in_title": true, "shop_location": "TP. H\u1ed3 Ch\u00ed Minh", "coin_earn_label": null, "cb_option": 0, "is_pre_order": false, "estimated_days": 2, "badge_icon_type": 0, "show_free_shipping": false, "shipping_icon_type": 0, "cod_flag": 0, "is_service_by_shopee": false, "show_original_guarantee": false, "categories": [{"catid": 100010, "display_name": "Thi\u1ebft B\u1ecb \u0110i\u1ec7n Gia D\u1ee5ng", "no_sub": false, "is_default_subcat": false}, {"catid": 100041, "display_name": "\u0110\u1ed3 gia d\u1ee5ng nh\u00e0 b\u1ebfp", "no_sub": false, "is_default_subcat": false}, {"catid": 100200, "display_name": "L\u00f2 vi s\u00f3ng", "no_sub": true, "is_default_subcat": false}], "other_stock": 20, "item_has_post": false, "discount_stock": 0, "current_promotion_has_reserve_stock": false, "current_promotion_reserved_stock": 0, "normal_stock": 20, "brand_id": 1801080, "is_alcohol_product": false, "show_recycling_info": false, "coin_info": {"spend_cash_unit": 100000, "coin_earn_items": [{"coin_earn": 0}]}, "models": [{"itemid": 11406370415, "status": 1, "current_promotion_reserved_stock": 0, "name": "", "promotionid": 0, "price": 799000000000, "price_stocks": [{"allocated_stock": null, "stock_breakdown_by_location": [{"location_id": "VNZ", "available_stock": 20, "fulfilment_type": 2, "address_id": null}]}], "current_promotion_has_reserve_stock": false, "normal_stock": 20, "extinfo": {"tier_index": [0], "group_buy_info": null, "is_pre_order": false, "estimated_days": 2}, "price_before_discount": 0, "modelid": 82251449844, "stock": 20, "has_gimmick_tag": false}], "spl_info": {"installment_info": null, "user_credit_info": null, "channel_id": null, "show_spl": false, "show_spl_lite": false}, "preview_info": null, "fe_categories": [{"catid": 11036971, "display_name": "Home Appliances", "no_sub": false, "is_default_subcat": false}, {"catid": 11036972, "display_name": "Kitchen Appliances", "no_sub": false, "is_default_subcat": false}, {"catid": 11036978, "display_name": "Microwaves & Ovens", "no_sub": true, "is_default_subcat": false}], "presale_info": null, "is_cc_installment_payment_eligible": false, "is_non_cc_installment_payment_eligible": false, "flash_sale": null, "upcoming_flash_sale": null, "deep_discount": null, "has_low_fulfillment_rate": false, "is_partial_fulfilled": true, "makeups": null, "shop_vouchers": null, "global_sold": null, "is_infant_milk_formula_product": false, "should_show_amp_tag": false}