{"itemid": 9258815742, "shopid": 331346099, "userid": 0, "price_max_before_discount": -1, "has_lowest_price_guarantee": false, "price_before_discount": 0, "price_min_before_discount": -1, "exclusive_price_info": null, "hidden_price_display": null, "price_min": 899000000000, "price_max": 899000000000, "price": 899000000000, "stock": 20, "discount": null, "historical_sold": 0, "sold": 0, "show_discount": 0, "raw_discount": 0, "min_purchase_limit": 0, "overall_purchase_limit": {"order_max_purchase_limit": 0, "overall_purchase_limit": null, "item_overall_quota": null, "start_date": null, "end_date": null}, "pack_size": null, "is_live_streaming_price": null, "name": "B\u1ebfp ga \u00e2m Electrolux EHG9360BS", "ctime": 1621915853, "item_status": "normal", "status": 1, "condition": 1, "catid": 100010, "description": "TH\u00d4NG TIN S\u1ea2N PH\u1ea8M:\nTh\u01b0\u01a1ng hi\u1ec7u: Electrolux\nModel: EHG9360BS\nLo\u1ea1i b\u1ebfp: B\u1ebfp \u00e2m\nS\u1ed1 b\u1ebfp: 3 b\u1ebfp\nL\u01b0\u1ee3ng gas ti\u00eau th\u1ee5: 0.35 kg/h/l\u00f2\nM\u1eb7t b\u1ebfp: K\u00ednh c\u01b0\u1eddng l\u1ef1c, ch\u1ecbu nhi\u1ec7t cao\nKi\u1ec1ng b\u1ebfp: Gang, ki\u1ec1ng b\u1ebfp c\u00f3 th\u1ec3 th\u00e1o r\u1eddi \u0111\u01b0\u1ee3c\n\u0110\u1ea7u h\u00e2m: Ch\u1ec9 c\u00f3 1 b\u1ebfp\nC\u00f4ng su\u1ea5t: 4.8 kW/h/l\u00f2\nTi\u1ec7n \u00edch: M\u1eb7t b\u1ebfp d\u1ec5 v\u1ec7 sinh\u0110\u1ea7u \u0111\u1ed1t ti\u1ebft ki\u1ec7m ga\nK\u00edch th\u01b0\u1edbc: Ngang 90 cm - D\u1ecdc 50.8 cm - Cao 13 cm\nKh\u1ed1i l\u01b0\u1ee3ng: 18.9 kg\nK\u00edch th\u01b0\u1edbc l\u1ed7 \u0111\u00e1: Ngang 83.2 cm - D\u1ecdc 47 cm\nTh\u01b0\u01a1ng hi\u1ec7u c\u1ee7a: Th\u1ee5y \u0110i\u1ec3n\nS\u1ea3n xu\u1ea5t t\u1ea1i: Trung Qu\u1ed1c\nB\u1ea3o h\u00e0nh: 24 th\u00e1ng\n\nM\u00d4 T\u1ea2 S\u1ea2N PH\u1ea8M:\nB\u1ebfp ga \u00e2m Electrolux c\u00f3 thi\u1ebft k\u1ebf \u0111\u1eb9p m\u1eaft, sang tr\u1ecdng, t\u1ea1o \u0111i\u1ec3m nh\u1ea5n cho m\u1ecdi kh\u00f4ng gian b\u1ebfp\nThi\u1ebft k\u1ebf 3 b\u1ebfp g\u1ed3m 2 b\u1ebfp ga, 1 b\u1ebfp h\u1ea5p ti\u1ec7n l\u1ee3i, n\u1ea5u \u0111\u01b0\u1ee3c nhi\u1ec1u m\u00f3n c\u00f9ng l\u00fac, ti\u1ebft ki\u1ec7m th\u1eddi gian hi\u1ec7u qu\u1ea3.\nM\u1eb7t b\u1ebfp ga b\u1eb1ng k\u00ednh c\u01b0\u1eddng l\u1ef1c s\u00e1ng b\u00f3ng, ch\u1ecbu l\u1ef1c ch\u1ecbu nhi\u1ec7t t\u1ed1t, d\u1ec5 v\u1ec7 sinh\nN\u00fam v\u1eb7n xoay g\u00f3c 170 \u0111\u1ed9 \u0111i\u1ec1u ch\u1ec9nh \u0111\u1ed9 l\u1eeda, b\u1eadt t\u1eaft b\u1ebfp d\u1ec5 d\u00e0ng\nS\u1eed d\u1ee5ng h\u1ec7 th\u1ed1ng \u0111\u00e1nh l\u1eeda xung \u0111i\u1ec7n si\u00eau nh\u1ea1y t\u1ed1i \u01b0u hi\u1ec7u qu\u1ea3 l\u00e0m n\u00f3ng, r\u00fat g\u1ecdn th\u1eddi gian n\u1ea5u n\u01b0\u1edbng.\nB\u1ebfp ga \u00e2m cho hi\u1ec7u su\u1ea5t ng\u1ecdn l\u1eeda l\u00ean t\u1edbi 57% cho hi\u1ec7u qu\u1ea3 l\u00e0m n\u00f3ng cao v\u00e0 kh\u1ea3 n\u0103ng t\u0103ng nhi\u1ec7t m\u1ea1nh m\u1ebd. C\u00f4ng su\u1ea5t \u0111\u1ea1t 4.8 kW/h/l\u00f2, l\u01b0\u1ee3ng ga ti\u00eau th\u1ee5 698.6g/h, d\u00f9ng ti\u1ebft ki\u1ec7m ga. \nThi\u1ebft k\u1ebf \u0111a \u0111\u1ea7u \u0111\u1ed1t gi\u00fap n\u1ea5u n\u01b0\u1edbng nhanh v\u00e0 linh ho\u1ea1t\nC\u00f3 1 \u0111\u1ea7u h\u00e2m ti\u1ec7n l\u1ee3i cho h\u1ea7m, h\u00e2m th\u1ee9c \u0103n v\u1edbi ng\u1ecdn l\u1eeda nh\u1ecf\nB\u1ebfp h\u1ea5p trung t\u00e2m n\u1ea5u trong th\u1eddi gian t\u1ed1i thi\u1ec3u 45 ph\u00fat ch\u1ec9 v\u1edbi m\u1ed9t l\u1ea7n \u0111\u1ed5\nH\u1ea5p nhi\u1ec1u m\u00f3n kh\u00e1c nhau nh\u01b0 x\u00edu m\u1ea1i, c\u00e1 h\u1ea5p,... h\u1ea5p d\u1eabn, th\u01a1m ngon. B\u1ebfp h\u1ea5p \u0111i k\u00e8m n\u1ed3i h\u1ea5p ti\u1ec7n l\u1ee3i.\nKi\u1ec1ng b\u1ebfp l\u00e0m t\u1eeb gang h\u00ecnh vu\u00f4ng \u0111\u1ed9c \u0111\u00e1o, ph\u00f9 h\u1ee3p v\u1edbi c\u1ea3 c\u00e1c lo\u1ea1i ch\u1ea3o \u0111\u00e1y cong\nCh\u1ea5t li\u1ec7u ki\u1ec1ng b\u1ebfp b\u1ec1n b\u1ec9, th\u00e1o r\u1eddi v\u00e0 l\u00e0m s\u1ea1ch \u0111\u01a1n gi\u1ea3n.\nAn to\u00e0n v\u1edbi ch\u1ebf \u0111\u1ed9 ng\u1eaft ga t\u1ef1 \u0111\u1ed9ng\nKhi c\u00f3 gi\u00f3 l\u1edbn th\u1ed5i qua ho\u1eb7c khi c\u00f3 ch\u1ea5t l\u1ecfng ch\u1ea3y xu\u1ed1ng m\u1eb7t b\u1ebfp s\u1ebd \u0111\u01b0\u1ee3c ng\u1eaft ga ngay l\u1eadp t\u1ee9c, h\u1ea1n ch\u1ebf r\u1ee7i ro, ch\u00e1y n\u1ed5, an to\u00e0n cho gia \u0111\u00ecnh.\nB\u1ebfp gas \u00e2m Electrolux EHG9360BS c\u00f3 ki\u1ec3u d\u00e1ng ch\u00e2u \u00c2u sang tr\u1ecdng, ch\u1ea5t li\u1ec7u cao c\u1ea5p, b\u1ec1n b\u1ec9, n\u1ea5u \u0103n nhanh ch\u00f3ng \u0111\u1ebfn t\u1eeb th\u01b0\u01a1ng hi\u1ec7u Electrolux uy t\u00edn l\u00e0 l\u1ef1a ch\u1ecdn ho\u00e0n h\u1ea3o cho c\u0103n b\u1ebfp gia \u0111\u00ecnh.\n\n\u0110i\u1ec1u kho\u1ea3n b\u1ea3o h\u00e0nh d\u00e0nh cho t\u1eebng s\u1ea3n ph\u1ea9m tham kh\u1ea3o t\u1ea1i \u0111\u00e2y: \nhttps://www.electrolux.vn/ho-tro/dieu-khoan-va-dieu-kien-bao-hanh-chung/\nTrung t\u00e2m Ch\u0103m s\u00f3c Kh\u00e1ch h\u00e0ng Electrolux Vi\u1ec7t Nam:\n\u0110i\u1ec7n tho\u1ea1i: 1800 58 88 99 (mi\u1ec5n c\u01b0\u1edbc cu\u1ed9c g\u1ecdi, t\u1eeb th\u1ee9 Hai \u2013 Th\u1ee9 B\u1ea3y t\u1eeb 8:00 \u0111\u1ebfn 18:00)\n\n *H\u00ecnh th\u1ee9c \u0111\u0103ng k\u00fd b\u1ea3o h\u00e0nh: Kh\u00e1ch h\u00e0ng sau khi mua h\u00e0ng \u0111\u0103ng k\u00fd b\u1ea3o h\u00e0nh theo 1 trong c\u00e1c c\u00e1ch sau:\n- C\u00e1ch 1: Li\u00ean h\u1ec7 t\u1ed5ng \u0111\u00e0i Electrolux 1800 588 899\n- C\u00e1ch 2: Truy c\u1eadp website https://www.electrolux.vn/, nh\u1eadp th\u00f4ng tin kh\u00e1ch h\u00e0ng v\u00e0 s\u1ea3n ph\u1ea9m t\u1ea1i m\u1ee5c \u0110\u0103ng k\u00fd s\u1ea3n ph\u1ea9m, \u0111\u0103ng k\u00ed b\u1ea3o h\u00e0nh cho s\u1ea3n ph\u1ea9m\n\n#dienmaykynguyen #kynguyen024 #bepgas #gas #electrolux #bepgasam #EHG9360BS #electroluxEHG9360BS #bepgasEHG9360BS #bepgasamEHG9360BS #baohanh2nam baohanh24thang", "is_mart": false, "show_shopee_verified_label": false, "size_chart": null, "reference_item_id": "", "brand": "Electrolux", "item_rating": {"rating_star": 0, "rating_count": [0, 0, 0, 0, 0, 0]}, "label_ids": [1000182, 1000260, 1000254, 1000256, 1000258, 1000262, 1000257, 1000255, 1000259, 1000265, 1000264, 1000267, 1000269, 1000263, 1000266, 1000268, 1000275, 1000271, 1000270, 1000273, 1000276, 1000277, 1000278, 1000274, 1000279, 1000272, 1001946, 1002834, 1002897, 1000121, 1004471, 1006117, 1006306, 1006352, 1006435, 1006483, 1006624, 1006642, 1006669, 1007155, 1007190, 1007328, 1007394, 1007516, 1007546, 1007627, 1007765, 1007768, 1006856, 1008283, 1008290, 1008313, 1008515, 1008793, 1009058, 1009063, 1009427, 1009489, 1009763, 1010033, 1010111, 1010449, 1010668, 1010797, 1011155, 1011654, 1011843, 1012191, 1009687, 1010348, 1011627, 1011629, 1012011], "attributes": [{"name": "Lo\u1ea1i b\u1ebfp", "value": "ga", "id": 100300, "is_timestamp": false, "brand_option": null, "val_id": null}], "liked": false, "liked_count": 8, "cmt_count": 0, "flag": 0, "shopee_verified": false, "is_adult": false, "is_preferred_plus_seller": false, "tier_variations": [{"name": "", "options": [""], "images": null, "properties": null, "type": 0}], "bundle_deal_id": 0, "can_use_bundle_deal": false, "add_on_deal_info": null, "bundle_deal_info": null, "can_use_wholesale": false, "wholesale_tier_list": [], "is_group_buy_item": null, "group_buy_info": null, "welcome_package_type": 0, "welcome_package_info": null, "tax_code": null, "invoice_option": null, "complaint_policy": null, "images": ["fc1695fb58791372e959e09300d10625", "4c95e6d7048e3c315853b2140c83a379", "628119c72d492cd8a2e4e6004cfac0fc", "dd98070c21da5d78b640df4f32967763", "d1b6a0f120a09294edbce8ccf71abb05", "76794d328376e3696e156fd06fdc369b", "bcc0738a4ead4ea5f900cc2dcdfd02ef"], "image": "fc1695fb58791372e959e09300d10625", "video_info_list": null, "item_type": 0, "is_official_shop": true, "show_official_shop_label_in_title": true, "shop_location": "TP. H\u1ed3 Ch\u00ed Minh", "coin_earn_label": null, "cb_option": 0, "is_pre_order": false, "estimated_days": 2, "badge_icon_type": 0, "show_free_shipping": false, "shipping_icon_type": 0, "cod_flag": 0, "is_service_by_shopee": false, "show_original_guarantee": false, "categories": [{"catid": 100010, "display_name": "Thi\u1ebft B\u1ecb \u0110i\u1ec7n Gia D\u1ee5ng", "no_sub": false, "is_default_subcat": false}, {"catid": 100041, "display_name": "\u0110\u1ed3 gia d\u1ee5ng nh\u00e0 b\u1ebfp", "no_sub": false, "is_default_subcat": false}, {"catid": 100197, "display_name": "L\u00f2 s\u01b0\u1edfi, B\u1ebfp t\u1eeb & B\u1ed9 \u0111i\u1ec1u ch\u1ec9nh gas", "no_sub": true, "is_default_subcat": false}], "other_stock": 20, "item_has_post": false, "discount_stock": 0, "current_promotion_has_reserve_stock": false, "current_promotion_reserved_stock": 0, "normal_stock": 20, "brand_id": 1801080, "is_alcohol_product": false, "show_recycling_info": false, "coin_info": {"spend_cash_unit": 100000, "coin_earn_items": [{"coin_earn": 0}]}, "models": [{"itemid": 9258815742, "status": 1, "current_promotion_reserved_stock": 0, "name": "", "promotionid": 0, "price": 899000000000, "price_stocks": [{"allocated_stock": null, "stock_breakdown_by_location": [{"location_id": "VNZ", "available_stock": 20, "fulfilment_type": 2, "address_id": null}]}], "current_promotion_has_reserve_stock": false, "normal_stock": 20, "extinfo": {"tier_index": [0], "group_buy_info": null, "is_pre_order": false, "estimated_days": 2}, "price_before_discount": 0, "modelid": 65586532479, "stock": 20, "has_gimmick_tag": false}], "spl_info": {"installment_info": null, "user_credit_info": null, "channel_id": null, "show_spl": false, "show_spl_lite": false}, "preview_info": null, "fe_categories": [{"catid": 11036971, "display_name": "Home Appliances", "no_sub": false, "is_default_subcat": false}, {"catid": 11036972, "display_name": "Kitchen Appliances", "no_sub": false, "is_default_subcat": false}, {"catid": 11036984, "display_name": "Gas cookers & Accessories", "no_sub": true, "is_default_subcat": false}], "presale_info": null, "is_cc_installment_payment_eligible": false, "is_non_cc_installment_payment_eligible": false, "flash_sale": null, "upcoming_flash_sale": null, "deep_discount": null, "has_low_fulfillment_rate": false, "is_partial_fulfilled": true, "makeups": null, "shop_vouchers": null, "global_sold": null, "is_infant_milk_formula_product": false, "should_show_amp_tag": false}