{"itemid": 4710745396, "shopid": 34896130, "userid": 0, "price_max_before_discount": 899000000000, "has_lowest_price_guarantee": false, "price_before_discount": 899000000000, "price_min_before_discount": 899000000000, "exclusive_price_info": null, "hidden_price_display": null, "price_min": 889000000000, "price_max": 889000000000, "price": 889000000000, "stock": 9, "discount": "1%", "historical_sold": 12, "sold": 0, "show_discount": 1, "raw_discount": 1, "min_purchase_limit": 0, "overall_purchase_limit": {"order_max_purchase_limit": 0, "overall_purchase_limit": null, "item_overall_quota": null, "start_date": null, "end_date": null}, "pack_size": null, "is_live_streaming_price": null, "name": "M\u00e1y l\u1ecdc kh\u00f4ng kh\u00ed v\u00e0 t\u1ea1o \u1ea9m Sharp KC-G40EV-W", "ctime": 1575967501, "item_status": "normal", "status": 1, "condition": 1, "catid": 100010, "description": "M\u00d4 T\u1ea2 S\u1ea2N PH\u1ea8M:\r\n- M\u00e1y l\u1ecdc kh\u00f4ng kh\u00ed v\u00e0 t\u1ea1o \u1ea9m Sharp KC-G40EV-W l\u00e0 s\u1ef1 k\u1ebft h\u1ee3p 2 trong 1 c\u1ee7a m\u00e1y l\u1ecdc kh\u00f4ng kh\u00ed gia \u0111\u00ecnh v\u00e0 m\u00e1y t\u1ea1o \u0111\u1ed9 \u1ea9m. S\u1eed d\u1ee5ng m\u00e1y, b\u1ea1n s\u1ebd c\u00f3 \u0111\u01b0\u1ee3c kh\u00f4ng gian tho\u00e1ng m\u00e1t, s\u1ea1ch khu\u1ea9n c\u1ef1c an to\u00e0n cho s\u1ee9c kh\u1ecfe, \u0111\u1eb7c bi\u1ec7t l\u00e0 \u0111\u1ed1i v\u1edbi nh\u1eefng n\u01a1i c\u00f3 b\u1ea7u kh\u00f4ng kh\u00ed \u00f4 nhi\u1ec5m.\r\n- M\u00e1y l\u1ecdc kh\u00f4ng kh\u00ed v\u00e0 t\u1ea1o \u1ea9m Sharp th\u00edch h\u1ee3p \u0111\u1ec3 s\u1eed d\u1ee5ng cho kh\u00f4ng gian ph\u00f2ng c\u00f3 di\u1ec7n t\u00edch d\u01b0\u1edbi 28m2. V\u1edbi thi\u1ebft k\u1ebf g\u1ecdn nh\u1ecf chi\u1ebfc m\u00e1y c\u00f3 th\u1ec3 \u0111\u1eb7t \u0111\u01b0\u1ee3c \u1edf b\u1ea5t k\u1ef3 v\u1ecb tr\u00ed n\u00e0o trong ph\u00f2ng.\r\n- M\u00e1y l\u1ecdc kh\u00f4ng kh\u00ed v\u00e0 t\u1ea1o \u1ea9m Sharp KC-G40EV-W s\u1eed d\u1ee5ng m\u00e1y n\u00e9n Inverter gi\u00fap \u0111\u1ed9ng c\u01a1 m\u00e1y ho\u1ea1t \u0111\u1ed9ng \u00eam v\u00e0 b\u1ec1n b\u1ec9, \u0111\u1ed3ng th\u1eddi c\u0169ng gi\u00fap cho l\u01b0\u1ee3ng \u0111i\u1ec7n n\u0103ng ti\u00eau th\u1ee5 \u0111\u01b0\u1ee3c gi\u1ea3m thi\u1ec3u \u0111\u00e1ng k\u1ec3.\r\n- - B\u1ed9 l\u1ecdc HEPA (Gi\u1ea3m ph\u1ea5n hoa v\u00e0 n\u1ea5m m\u1ed1c): C\u00f3 kh\u1ea3 n\u0103ng h\u00fat 99,97% h\u1ea1t c\u00f3 c\u1ee1 nh\u1ecf kho\u1ea3ng 0,3 micro.\r\n- B\u1ed9 l\u1ecdc PANDA (Kh\u1eed m\u00f9i): C\u00f3 t\u00e1c d\u1ee5ng kh\u1eed m\u00f9i k\u00e9p\r\n- B\u1ed9 l\u1ecdc b\u1ee5i th\u00f4 th\u1ebf h\u1ec7 m\u1edbi (H\u00fat b\u1ee5i): C\u00f3 kh\u1ea3 n\u0103ng gi\u1eef c\u00e1c h\u1ea1t b\u1ee5i l\u1edbn trong kh\u00f4ng kh\u00ed h\u01a1n 1.3 l\u1ea7n so v\u1edbi b\u1ed9 l\u1ecdc c\u0169.\r\nM\u00e1y t\u1ea1o \u0111\u1ed9 \u1ea9m\r\n- C\u1ea3m bi\u1ebfn b\u1ee5i (Dust): M\u00e1y t\u1ef1 \u0111\u1ed9ng c\u1ea3m bi\u1ebfn \u0111\u1ed9 b\u1ee5i trong kh\u00f4ng kh\u00ed \u0111\u1ec3 \u0111i\u1ec1u ch\u1ec9nh ch\u1ebf \u0111\u1ed9 ph\u00f9 h\u1ee3p.\r\n- C\u1ea3m bi\u1ebfn PM 2.5: Ph\u00e1t hi\u1ec7n c\u00e1c h\u1ea1t b\u1ee5i c\u1ef1c nh\u1ecf trong kh\u00f4ng kh\u00ed v\u00e0 \u0111i\u1ec1u ch\u1ec9nh ch\u1ebf \u0111\u1ed9 ph\u00f9 h\u1ee3p.\r\n- C\u1ea3m bi\u1ebfn nhi\u1ec7t \u0111\u1ed9 v\u00e0 \u0111\u1ed9 \u1ea9m: Duy tr\u00ec \u0111\u1ed9 \u1ea9m ph\u00f9 h\u1ee3p \u0111\u1ec3 gi\u1eef \u1ea9m da, kh\u00f4ng g\u00e2y kh\u00f4 c\u1ed5, \u1ee9c ch\u1ebf vi r\u00fat v\u00e0 n\u1ea5m m\u1ed1c ph\u00e1t tri\u1ec3n.\r\n- B\u1ed9 l\u1ecdc c\u1ee7a m\u00e1y c\u00f3 tu\u1ed5i th\u1ecd l\u00ean t\u1edbi 10 n\u0103m s\u1ebd gi\u00fap ng\u01b0\u1eddi d\u00f9ng ti\u1ebft ki\u1ec7m \u0111\u01b0\u1ee3c kho\u1ea3n chi ph\u00ed \u0111\u00e1ng k\u1ec3 v\u00e0 gi\u00fap m\u00e1y ho\u1ea1t \u0111\u1ed9ng \u1ed5n \u0111\u1ecbnh b\u1ec1n b\u1ec9 h\u01a1n.\r\n\r\nTH\u00d4NG TIN CHI TI\u1ebeT:\r\n- Th\u01b0\u01a1ng hi\u1ec7u: Sharp\r\n- Model: KC-G40EV-W\r\n- C\u00f4ng su\u1ea5t: 24/15/6.5 W\r\n- Inverter: C\u00f3\r\n- C\u1ea3m bi\u1ebfn: C\u1ea3m bi\u1ebfn b\u1ee5i PM2.5, \u0111\u1ed9 \u1ea9m, nhi\u1ec7t \u0111\u1ed9, \u00e1nh s\u00e1ng\r\n- \u0110\u1ed9 \u1ed3n: 24/14/6.5 dB\r\n- B\u1ea3o h\u00e0nh:12 th\u00e1ng\r\n\r\n#baohanhchinhhang #baohanh12thang #baohanh1nam #maylockhongkhi #maylockhongkhisharp #lockhongkhisharp #sharpKC-G40EV-W #KC-G40EV-W #maytaoamsharp #maytaoamKC-G40EV-W", "is_mart": false, "show_shopee_verified_label": false, "size_chart": null, "reference_item_id": "", "brand": "Sharp", "item_rating": {"rating_star": 5, "rating_count": [4, 0, 0, 0, 0, 4]}, "label_ids": [1003958, 1001051, 1001057, 1001054, 1001075, 1001077, 1001078, 1001084, 1001086, 1001087, 1001089, 1000959, 1000963, 1000976, 1000975, 1000988, 1001001, 1001033, 1001037, 1001038, 1001039, 1001040, 1000260, 1000262, 1000259, 1000258, 1000256, 1000255, 1000254, 1000257, 1000266, 1000269, 1000267, 1000270, 1000268, 1000272, 1000275, 1000274, 1000273, 1000276, 1000278, 1000277, 44, 1000595, 1000604, 1000615, 1000630, 1000652, 1000660, 1000697, 1000710, 1000716, 1000746, 1000748, 1000749, 1000759, 1000768, 1000767, 1000790, 1000279, 1000339, 1000347, 1000333, 1000359, 1000389, 1000430, 1000445, 1000451, 1000847, 1000856, 1000867, 1000477, 1000904, 1000911, 1000924, 1000939, 1000946, 1000070, 1000071, 1000075, 1000085, 1000088, 1000122, 1000125, 1000126, 1000127, 1000128, 1000153, 1000161, 1000163, 1000164, 1000230, 1000263, 1000265, 1000264, 1000271, 1001321, 1001324, 1001352, 1000086, 1000098, 1000329, 1000334, 1000558, 1000455, 1000650, 1000735, 1000878, 1000951, 1000956, 1000983, 1000984, 1001396, 1001399, 1001043, 1001411, 1001549, 1001597, 1001693, 1001711, 1001727, 1001733, 1001732, 1001734, 1001738, 1001748, 1001791, 1001827, 1001948, 1002113, 1002172, 1002263, 1002283, 1002296, 1002343, 1002410, 1002422, 1002433, 1002501, 1002587, 1002683, 1002695, 1002756, 1002763, 1002762, 1002785, 1002789, 1002790, 1002822, 1002835, 1002847, 1002895, 1002900, 1002908, 1002909, 1002945, 1002993, 1003002, 1003110, 1003133, 1003159, 1003167, 1003235, 1003238, 1003239, 1003261, 1003275, 1003322, 1003323, 1003362, 1003443, 1003464, 1003467, 1003532, 1003533, 1003567, 1003709, 1003751, 1003769, 1000121, 1003834, 1003867, 1000300, 1003928, 1004130, 1004169, 1004213, 1004220, 1004265, 1004373, 1004590, 1004670, 1004764, 1004774, 1004879, 1004894, 1004927, 1004929, 1004963, 1005061, 1005120, 1005490, 1005829, 1005868, 1005951, 1006016, 1006117, 1006199, 1006306, 1006642, 1006669, 1007155, 1007190, 1007328, 1007394, 1007516, 1007546, 1007525, 1007765, 1007768, 1007773, 1006856, 1007908, 1008283, 1008290, 1008313, 1008515, 1008529, 1008755, 1008793, 1008875, 1009058, 1009063, 1009427, 1009525, 1009763, 1010033, 1010111, 1010210, 1010310, 1010449, 1010452, 1010666, 1010668, 1010797, 1010881, 1011155, 1011293, 1011470, 1011654, 1011685, 1011909, 1012191, 1012192, 1012514, 1000228, 1000248, 1000352, 1000414, 1000442, 1000464, 1000466, 1000521, 1000565, 1000593, 1000836, 1000620, 1003744, 1004709, 1004870, 1004997, 1005158, 1005269, 1005329, 1006476, 1006641, 1006660], "attributes": null, "liked": false, "liked_count": 20, "cmt_count": 4, "flag": 524290, "shopee_verified": false, "is_adult": false, "is_preferred_plus_seller": false, "tier_variations": [{"name": "", "options": [""], "images": null, "properties": null, "type": 0}], "bundle_deal_id": 0, "can_use_bundle_deal": false, "add_on_deal_info": null, "bundle_deal_info": null, "can_use_wholesale": false, "wholesale_tier_list": [], "is_group_buy_item": null, "group_buy_info": null, "welcome_package_type": 0, "welcome_package_info": null, "tax_code": null, "invoice_option": null, "complaint_policy": null, "images": ["a701b05e0f6b7343b2370c6fda4520a3", "a8c50dc00e4b7b400d87288366eb859a", "a2d6db7ceef7eb945fc5ac2328f48959", "d7d51618ac88959a0776261c4c53c8c2", "4fdb44a6fcf74a85919334ce80ed9cf2"], "image": "a701b05e0f6b7343b2370c6fda4520a3", "video_info_list": null, "item_type": 0, "is_official_shop": true, "show_official_shop_label_in_title": true, "shop_location": "TP. H\u1ed3 Ch\u00ed Minh", "coin_earn_label": null, "cb_option": 0, "is_pre_order": false, "estimated_days": 2, "badge_icon_type": 0, "show_free_shipping": true, "shipping_icon_type": 0, "cod_flag": 0, "is_service_by_shopee": false, "show_original_guarantee": false, "categories": [{"catid": 100010, "display_name": "Thi\u1ebft B\u1ecb \u0110i\u1ec7n Gia D\u1ee5ng", "no_sub": false, "is_default_subcat": false}, {"catid": 100038, "display_name": "Thi\u1ebft b\u1ecb \u0111i\u1ec7n gia d\u1ee5ng nh\u1ecf", "no_sub": false, "is_default_subcat": false}, {"catid": 100176, "display_name": "Thi\u1ebft b\u1ecb x\u1eed l\u00ed kh\u00f4ng kh\u00ed", "no_sub": false, "is_default_subcat": false}, {"catid": 100458, "display_name": "M\u00e1y l\u1ecdc kh\u00f4ng kh\u00ed", "no_sub": true, "is_default_subcat": false}], "other_stock": 0, "item_has_post": false, "discount_stock": 9, "current_promotion_has_reserve_stock": false, "current_promotion_reserved_stock": 0, "normal_stock": 9, "brand_id": 1695295, "is_alcohol_product": false, "show_recycling_info": false, "coin_info": {"spend_cash_unit": 100000, "coin_earn_items": [{"coin_earn": 0}]}, "models": [{"itemid": 4710745396, "status": 1, "current_promotion_reserved_stock": 0, "name": "", "promotionid": 1296043343, "price": 889000000000, "price_stocks": [{"allocated_stock": 0, "stock_breakdown_by_location": null}, {"allocated_stock": null, "stock_breakdown_by_location": null}], "current_promotion_has_reserve_stock": false, "normal_stock": 9, "extinfo": {"tier_index": [0], "group_buy_info": null, "is_pre_order": null, "estimated_days": 2}, "price_before_discount": 899000000000, "modelid": 62112844461, "stock": 9, "has_gimmick_tag": false}], "spl_info": {"installment_info": null, "user_credit_info": null, "channel_id": null, "show_spl": false, "show_spl_lite": false}, "preview_info": null, "fe_categories": [{"catid": 11036971, "display_name": "Home Appliances", "no_sub": false, "is_default_subcat": false}, {"catid": 11037007, "display_name": "Air Conditioners & Fans", "no_sub": false, "is_default_subcat": false}, {"catid": 11037011, "display_name": "Air Purifiers, Dehumidifiers", "no_sub": true, "is_default_subcat": false}], "presale_info": null, "is_cc_installment_payment_eligible": true, "is_non_cc_installment_payment_eligible": false, "flash_sale": null, "upcoming_flash_sale": null, "deep_discount": null, "has_low_fulfillment_rate": false, "is_partial_fulfilled": false, "makeups": null, "shop_vouchers": null, "global_sold": null, "is_infant_milk_formula_product": false, "should_show_amp_tag": false}