{"itemid": 7366731831, "shopid": 34896130, "userid": 0, "price_max_before_discount": 81900000000, "has_lowest_price_guarantee": false, "price_before_discount": 81900000000, "price_min_before_discount": 81900000000, "exclusive_price_info": null, "hidden_price_display": null, "price_min": 80800000000, "price_max": 80800000000, "price": 80800000000, "stock": 7, "discount": "1%", "historical_sold": 7, "sold": 0, "show_discount": 1, "raw_discount": 1, "min_purchase_limit": 0, "overall_purchase_limit": {"order_max_purchase_limit": 0, "overall_purchase_limit": null, "item_overall_quota": null, "start_date": null, "end_date": null}, "pack_size": null, "is_live_streaming_price": null, "name": "M\u00e1y s\u1ea5y t\u00f3c Panasonic EH-NE20-K645 - H\u00e0ng Ch\u00ednh H\u00e3ng", "ctime": 1606732839, "item_status": "normal", "status": 1, "condition": 1, "catid": 100630, "description": "Th\u01b0\u01a1ng hi\u1ec7u: Panasonic\nModel: EH-NE20-K645\nC\u00f4ng su\u1ea5t:1800W\nT\u1ed1c \u0111\u1ed9 s\u1ea5y:2 t\u1ed1c \u0111\u1ed9, c\u00f3 s\u1ea5y m\u00e1t\nKi\u1ec3u d\u00e1ng:Tay c\u1ea7m g\u1ea5p g\u1ecdn\nTi\u1ec7n \u00edch:S\u1ea5y ion l\u00e0m m\u01b0\u1ee3t t\u00f3c\nT\u1ea1o ion:T\u1ea1o h\u1ea1t ion bao b\u1ecdc b\u00ean ngo\u00e0i t\u00f3c\nCh\u1ed1ng n\u00f3ng: C\u00f3\nC\u1ef1c m\u00e1t: C\u00f3\nPh\u1ee5 ki\u1ec7n \u0111i k\u00e8m: \u1ed0ng th\u1ed5i t\u1eadp trung\nMade in Thailand\nB\u1ea3o h\u00e0nh: 12 th\u00e1ng\n\nM\u00d4 T\u1ea2 S\u1ea2N PH\u1ea8M:\nM\u00e1y s\u1ea5y t\u00f3c Panasonic EH-NE20-K645 s\u1ea5y t\u00f3c kh\u00f4 nhanh h\u01a1n, \u0111\u1ec1u h\u01a1n v\u1edbi c\u00f4ng su\u1ea5t l\u00ean \u0111\u1ebfn 1800W. Ngo\u00e0i ra, thi\u1ebft b\u1ecb l\u00e0m \u0111\u1eb9p c\u0169ng s\u1edf h\u1eefu thi\u1ebft k\u1ebf sang tr\u1ecdng \u0111i c\u00f9ng k\u00edch th\u01b0\u1edbc nh\u1ecf g\u1ecdn gi\u00fap b\u1ea1n lu\u00f4n \u0111\u1ec3 trong t\u00fai x\u00e1ch m\u1ed9t c\u00e1ch d\u1ec5 d\u00e0ng\nM\u00e1y s\u1ea5y t\u00f3c c\u00f3 ch\u1ebf \u0111\u1ed9 \u0111\u1ea3m b\u1ea3o lu\u1ed3ng kh\u00ed n\u00f3ng \u0111\u01b0\u1ee3c gi\u1eef \u1edf m\u1ee9c nhi\u1ec7t \u0111\u1ed9 cho ph\u00e9p, b\u1ea3o v\u1ec7 da \u0111\u1ea7u v\u00e0 t\u00f3c kh\u00f4ng b\u1ecb t\u1ed5n th\u01b0\u01a1ng do nhi\u1ec7t. V\u1edbi kh\u1ea3 n\u0103ng phun c\u00e1c h\u1ea1t ion trung h\u00f2a \u0111i\u1ec7n t\u00edch d\u01b0\u01a1ng c\u1ee7a t\u00f3c, m\u00e1y gi\u00fap m\u00e1i t\u00f3c lu\u00f4n \u0111\u01b0\u1ee3c \u00f3ng \u1ea3, su\u00f4ng m\u01b0\u1ee3t.\nS\u1ea3n ph\u1ea9m nh\u1ecf g\u1ecdn m\u00e0u m\u00e0u s\u1eafc hi\u1ec7n \u0111\u1ea1i, tay c\u1ea7m c\u00f3 th\u1ec3 x\u1ebfp g\u1ecdn, k\u00e8m th\u00eam m\u00f3c treo r\u1ea5t ti\u1ec7n d\u1ee5ng cho c\u1ea5t gi\u1eef v\u00e0 c\u1ea3 mang theo khi \u0111i du l\u1ecbch...\nM\u00e1y s\u1ea5y t\u00f3c trang b\u1ecb ch\u1ebf \u0111\u1ed9 s\u1ea5y ion t\u1ea1o ra lu\u1ed3ng kh\u00ed v\u1edbi c\u00e1c ion \u00e2m th\u1ea5m s\u00e2u v\u00e0o t\u00f3c, lo\u1ea1i b\u1ecf hi\u1ec7n t\u01b0\u1ee3ng t\u0129nh \u0111i\u1ec7n, ch\u0103m s\u00f3c t\u00f3c v\u00e0 \u00e9p ph\u1eb3ng c\u00e1c bi\u1ec3u b\u00ec t\u00f3c mang l\u1ea1i m\u00e1i t\u00f3c b\u00f3ng m\u01b0\u1ee3t v\u00e0 kh\u00f4ng b\u1ecb xo\u0103n r\u1ed1i hay l\u00e0m kh\u00f4 t\u00f3c.\nM\u00e1y s\u1ea5y t\u00f3c Panasonic c\u00f2n \u0111\u01b0\u1ee3c trang b\u1ecb ch\u1ebf \u0111\u1ed9 s\u1ea5y m\u00e1t ph\u00f9 h\u1ee3p s\u1ea5y t\u00f3c m\u1ecfng y\u1ebfu, t\u00f3c c\u1ee7a tr\u1ebb nh\u1ecf... cho ng\u01b0\u1eddi d\u00f9ng t\u00f9y ch\u1ecdn theo t\u1eebng lo\u1ea1i t\u00f3c v\u00e0 theo nhu c\u1ea7u s\u1eed d\u1ee5ng, b\u1ea3o v\u1ec7 s\u1ee9c kh\u1ecfe m\u00e1i t\u00f3c t\u1ed1t h\u01a1n.\nKhi m\u00e1y ho\u1ea1t \u0111\u1ed9ng li\u00ean t\u1ee5c trong th\u1eddi gian d\u00e0i, nhi\u1ec7t \u0111\u1ed9 t\u0103ng cao h\u01a1n m\u1ee9c an to\u00e0n quy \u0111\u1ecbnh c\u1ee7a nh\u00e0 s\u1ea3n xu\u1ea5t, ch\u1ebf \u0111\u1ed9 t\u1ef1 ng\u1eaft s\u1ebd ho\u1ea1t \u0111\u1ed9ng. Nh\u1edd \u0111\u00f3 t\u0103ng t\u00ednh an to\u00e0n cho ng\u01b0\u1eddi d\u00f9ng v\u00e0 b\u1ea3o v\u1ec7 \u0111\u1ed9 b\u1ec1n s\u1ea3n ph\u1ea9m t\u1ed1t h\u01a1n.\n\n#kynguyen #kynguyen024 #dienmaykynguyen #saytoc #maysaytoc #maysaytocchinhhang #maysaytocpanasonic #panasonic #saytocpanasonic #panasonic #EH-NE20-K645 #saytocEH-NE20-K645 #panasonicEH-NE20-K645 #EH-NE20-K645 #saytocion #sayion #ion #baohanh12thang #baohanh1nam #1800W #saytocthailan #madeinthailand", "is_mart": false, "show_shopee_verified_label": false, "size_chart": null, "reference_item_id": "", "brand": "Panasonic", "item_rating": {"rating_star": 5, "rating_count": [3, 0, 0, 0, 0, 3]}, "label_ids": [1003958, 1001051, 1001057, 1001054, 1001075, 1001077, 1001078, 1001084, 1001086, 1001087, 1001089, 1000959, 1000963, 1000976, 1000975, 1000988, 1001001, 1001033, 1001037, 1001038, 1001039, 1001040, 1000260, 1000262, 1000259, 1000258, 1000256, 1000255, 1000254, 1000257, 1000266, 1000269, 1000267, 1000270, 1000268, 1000272, 1000275, 1000274, 1000273, 1000276, 1000278, 1000277, 44, 1000595, 1000604, 1000615, 1000630, 1000652, 1000660, 1000697, 1000710, 1000716, 1000746, 1000748, 1000749, 1000759, 1000768, 1000767, 1000790, 1000279, 1000339, 1000347, 1000333, 1000359, 1000389, 1000430, 1000445, 1000451, 1000847, 1000856, 1000867, 1000477, 1000904, 1000911, 1000924, 1000939, 1000946, 1000070, 1000071, 1000075, 1000085, 1000088, 1000122, 1000125, 1000126, 1000127, 1000128, 1000153, 1000161, 1000163, 1000164, 1000230, 1000263, 1000265, 1000264, 1000271, 1001321, 1001324, 1001352, 1000086, 1000098, 1000329, 1000334, 1000558, 1000455, 1000650, 1000735, 1000878, 1000951, 1000956, 1000983, 1000984, 1001396, 1001399, 1001043, 1001411, 1001549, 1001597, 1001693, 1001711, 1001727, 1001733, 1001732, 1001734, 1001738, 1001748, 1001791, 1001827, 1001948, 1002113, 1002172, 1002263, 1002283, 1002296, 1002343, 1002410, 1002422, 1002433, 1002501, 1002587, 1002683, 1002695, 1002756, 1002763, 1002762, 1002785, 1002789, 1002790, 1002822, 1002835, 1002847, 1002895, 1002900, 1002908, 1002909, 1002945, 1002993, 1003002, 1003110, 1003133, 1003159, 1003167, 1003235, 1003238, 1003239, 1003261, 1003275, 1003322, 1003323, 1003362, 1003443, 1003464, 1003467, 1003532, 1003533, 1003567, 1003709, 1003751, 1003769, 1000121, 1003834, 1003867, 1000300, 1003928, 1004130, 1004169, 1004213, 1004220, 1004265, 1004373, 1004590, 1004670, 1004764, 1004774, 1004879, 1004894, 1004927, 1004929, 1004963, 1005061, 1005120, 1005490, 1005829, 1005868, 1005951, 1006016, 1006117, 1006199, 1006306, 1006642, 1006669, 1007155, 1007190, 1007328, 1007394, 1007516, 1007546, 1007525, 1007765, 1007768, 1007773, 1006856, 1007908, 1008283, 1008290, 1008313, 1008515, 1008529, 1008755, 1008793, 1008875, 1009058, 1009063, 1009427, 1009525, 1009763, 1010033, 1010111, 1010210, 1010310, 1010449, 1010452, 1010666, 1010668, 1010797, 1010881, 1011155, 1011293, 1011470, 1011654, 1011685, 1011909, 1012191, 1012192, 1012514, 1003794], "attributes": null, "liked": false, "liked_count": 6, "cmt_count": 3, "flag": 0, "shopee_verified": false, "is_adult": false, "is_preferred_plus_seller": false, "tier_variations": [{"name": "", "options": [""], "images": null, "properties": null, "type": 0}], "bundle_deal_id": 14273210, "can_use_bundle_deal": true, "add_on_deal_info": null, "bundle_deal_info": {"bundle_deal_id": 14273210, "bundle_deal_label": "Mua 2 & gi\u1ea3m \u20ab20.000"}, "can_use_wholesale": false, "wholesale_tier_list": [], "is_group_buy_item": null, "group_buy_info": null, "welcome_package_type": 0, "welcome_package_info": null, "tax_code": null, "invoice_option": null, "complaint_policy": null, "images": ["0e9f856b4699edd5096882343c3f4e12", "349d8d988ee61be60ec30d3d55712656", "55f45640ad8ae68677d90d5970e7a1b4", "bb95913f5dfa79b04b7441480e232d3d", "1715a67472a0c1fb4093e25ba2959600", "1850bcebed71669c9a9e6a64ed3bd7c4"], "image": "0e9f856b4699edd5096882343c3f4e12", "video_info_list": null, "item_type": 0, "is_official_shop": true, "show_official_shop_label_in_title": true, "shop_location": "TP. H\u1ed3 Ch\u00ed Minh", "coin_earn_label": null, "cb_option": 0, "is_pre_order": false, "estimated_days": 2, "badge_icon_type": 0, "show_free_shipping": false, "shipping_icon_type": 0, "cod_flag": 0, "is_service_by_shopee": false, "show_original_guarantee": false, "categories": [{"catid": 100630, "display_name": "S\u1eafc \u0110\u1eb9p", "no_sub": false, "is_default_subcat": false}, {"catid": 100663, "display_name": "D\u1ee5ng c\u1ee5 l\u00e0m \u0111\u1eb9p", "no_sub": false, "is_default_subcat": false}, {"catid": 100889, "display_name": "D\u1ee5ng c\u1ee5 ch\u0103m s\u00f3c t\u00f3c", "no_sub": false, "is_default_subcat": false}, {"catid": 101665, "display_name": "M\u00e1y s\u1ea5y t\u00f3c", "no_sub": true, "is_default_subcat": false}], "other_stock": 0, "item_has_post": false, "discount_stock": 7, "current_promotion_has_reserve_stock": false, "current_promotion_reserved_stock": 0, "normal_stock": 7, "brand_id": 1695290, "is_alcohol_product": false, "show_recycling_info": false, "coin_info": {"spend_cash_unit": 100000, "coin_earn_items": [{"coin_earn": 0}]}, "models": [{"itemid": 7366731831, "status": 1, "current_promotion_reserved_stock": 0, "name": "", "promotionid": 1296043343, "price": 80800000000, "price_stocks": [{"allocated_stock": 0, "stock_breakdown_by_location": null}, {"allocated_stock": null, "stock_breakdown_by_location": null}], "current_promotion_has_reserve_stock": false, "normal_stock": 7, "extinfo": {"tier_index": [0], "group_buy_info": null, "is_pre_order": null, "estimated_days": 2}, "price_before_discount": 81900000000, "modelid": 42179784928, "stock": 7, "has_gimmick_tag": false}], "spl_info": {"installment_info": null, "user_credit_info": null, "channel_id": null, "show_spl": false, "show_spl_lite": false}, "preview_info": null, "fe_categories": [{"catid": 11036279, "display_name": "Beauty & Personal Care", "no_sub": false, "is_default_subcat": false}, {"catid": 11036321, "display_name": "Beauty Tools & Accessories", "no_sub": false, "is_default_subcat": false}, {"catid": 11036326, "display_name": "Hair Tools", "no_sub": true, "is_default_subcat": false}], "presale_info": null, "is_cc_installment_payment_eligible": false, "is_non_cc_installment_payment_eligible": false, "flash_sale": null, "upcoming_flash_sale": null, "deep_discount": null, "has_low_fulfillment_rate": false, "is_partial_fulfilled": false, "makeups": null, "shop_vouchers": null, "global_sold": null, "is_infant_milk_formula_product": false, "should_show_amp_tag": false}