{"itemid": 3008922594, "shopid": 365903060, "userid": 0, "price_max_before_discount": -1, "has_lowest_price_guarantee": false, "price_before_discount": 0, "price_min_before_discount": -1, "exclusive_price_info": null, "hidden_price_display": null, "price_min": 2280000000000, "price_max": 2280000000000, "price": 2280000000000, "stock": 100, "discount": null, "historical_sold": 0, "sold": 0, "show_discount": 0, "raw_discount": 0, "min_purchase_limit": 0, "overall_purchase_limit": {"order_max_purchase_limit": 0, "overall_purchase_limit": null, "item_overall_quota": null, "start_date": null, "end_date": null}, "pack_size": null, "is_live_streaming_price": null, "name": "M\u00e1y l\u1ecdc n\u01b0\u1edbc Coway Villaem 2 CHP-18AR", "ctime": 1614769577, "item_status": "normal", "status": 1, "condition": 1, "catid": 100010, "description": "M\u00c1Y L\u1eccC N\u01af\u1edaC COWAY VILLAEM 2 CHP-18AR\n\u273f M\u00e1y l\u1ecdc n\u01b0\u1edbc th\u00f4ng minh theo tr\u01b0\u1eddng ph\u00e1i t\u1ed1i gi\u1ea3n cho cu\u1ed9c s\u1ed1ng hi\u1ec7n \u0111\u1ea1i \u273f\n\n\u2764 T\u00cdNH N\u0102NG N\u1ed4I B\u1eacT\n- Thi\u1ebft k\u1ebf tr\u1ebb trung, tinh t\u1ebf cho nh\u1eefng gia \u0111\u00ecnh tr\u1ebb\n- 4 ch\u1ebf \u0111\u1ed9 n\u01b0\u1edbc \u0111\u00e1p \u1ee9ng m\u1ecdi nhu c\u1ea7u s\u1eed d\u1ee5ng: N\u01b0\u1edbc N\u00f3ng \u2013 N\u01b0\u1edbc \u1ea4m \u2013 N\u01b0\u1edbc Th\u01b0\u1eddng \u2013 N\u01b0\u1edbc L\u1ea1nh\n- H\u1ec7 th\u1ed1ng l\u1ecdc 5 b\u01b0\u1edbc t\u00edch h\u1ee3p th\u00f4ng minh trong 4 l\u00f5i l\u1ecdc lo\u1ea1i b\u1ecf c\u00e1c t\u1ea1p ch\u1ea5t \u0111\u1ed9c h\u1ea1i theo ti\u00eau chu\u1ea9n qu\u1ed1c t\u1ebf\n- L\u00f5i l\u1ecdc RO cao c\u1ea5p \u0111em l\u1ea1i ngu\u1ed3n n\u01b0\u1edbc s\u1ea1ch, tinh khi\u1ebft\n- L\u00f5i l\u1ecdc kh\u00e1ng khu\u1ea9n ch\u1ed1ng l\u1ea1i t\u00e1i nhi\u1ec5m khu\u1ea9n ngay trong b\u00ecnh ch\u1ee9a n\u01b0\u1edbc\n- M\u00e0n h\u00ecnh LED hi\u1ec3n th\u1ecb nhi\u1ec7t \u0111\u1ed9 n\u01b0\u1edbc\n- L\u1ea5y n\u01b0\u1edbc ch\u1ea3y li\u00ean t\u1ee5c v\u1edbi thao t\u00e1c g\u1ea1t c\u1ea7n \u0111\u01a1n gi\u1ea3n\n- \u0110\u00e8n chi\u1ebfu s\u00e1ng ch\u1ec9 d\u1eabn cho thi\u1ebft b\u1ecb khi kh\u00f4ng \u0111\u1ee7 \u00e1nh s\u00e1ng v\u00e0o ban \u0111\u00eam s\u1eed d\u1ee5ng c\u1ea3m bi\u1ebfn \u00e1nh s\u00e1ng\n- L\u1ea5y n\u01b0\u1edbc theo nhi\u1ec7t \u0111\u1ed9 mong mu\u1ed1n ch\u1ec9 v\u1edbi m\u1ed9t b\u01b0\u1edbc xoay chi\u1ec1u \u0111\u01a1n gi\u1ea3n\n- Ch\u1ebf \u0111\u1ed9 Ti\u1ebft ki\u1ec7m \u0111i\u1ec7n (ECO) v\u00e0o ban \u0111\u00eam\n- Hi\u1ec7n th\u1ecb m\u1ee9c n\u01b0\u1edbc khi g\u1ea7n h\u1ebft gi\u00fap ng\u01b0\u1eddi d\u00f9ng d\u1ec5 nh\u1eadn bi\u1ebft\n- D\u1ec5 d\u00e0ng t\u1ef1 v\u1ec7 sinh v\u1edbi \u0111\u1ea7u v\u00f2i th\u00e1o r\u1eddi\n- Kh\u00f3a an to\u00e0n tr\u00e1nh b\u1ecfng n\u01b0\u1edbc n\u00f3ng, ph\u00f9 h\u1ee3p v\u1edbi c\u00e1c gia \u0111\u00ecnh c\u00f3 tr\u1ebb nh\u1ecf\n- H\u00e0ng ch\u00ednh h\u00e3ng, xu\u1ea5t x\u1ee9 t\u1eeb H\u00e0n Qu\u1ed1c\n\n\u2764 M\u00d4 T\u1ea2 CHUNG\n\u2605 M\u00e1y l\u1ecdc n\u01b0\u1edbc VILLAEM CHP-18AR \u0111\u01b0\u1ee3c trang b\u1ecb h\u1ec7 th\u1ed1ng 4 l\u00f5i l\u1ecdc bao g\u1ed3m 5 b\u01b0\u1edbc:\nB\u01b0\u1edbc 1+2: L\u00f5i Neo-Sense \u0111\u01b0\u1ee3c thi\u1ebft k\u1ebf ph\u00f9 h\u1ee3p cho \u0111i\u1ec1u ki\u1ec7n m\u00f4i tr\u01b0\u1eddng trong nh\u00e0 v\u1edbi s\u1ef1 t\u00edch h\u1ee3p c\u1ee7a 2 L\u00f5i l\u1ecdc Plus-Sediment (lo\u1ea1i b\u1ecf c\u00e1c t\u1ea1p ch\u1ea5t d\u1ea1ng th\u00f4) v\u00e0 L\u00f5i Pre-Carbon (lo\u1ea1i b\u1ecf Clo t\u1ed3n d\u01b0 trong n\u01b0\u1edbc m\u00e1y v\u00e0 c\u00e1c h\u1ee3p ch\u1ea5t h\u1eefu c\u01a1 kh\u00e1c)\nB\u01b0\u1edbc 3: L\u00f5i RO Membrane l\u1ecdc s\u1ea1ch c\u00e1c t\u1ea1p ch\u1ea5t, c\u1eb7n b\u1ea9n h\u00f2a tan trong n\u01b0\u1edbc\nB\u01b0\u1edbc 4: L\u00f5i Plus Inno-Sense kh\u1eed m\u00f9i h\u00f4i cho n\u01b0\u1edbc v\u00e0 t\u0103ng v\u1ecb ng\u1ecdt t\u1ef1 nhi\u00ean c\u1ee7a n\u01b0\u1edbc\nB\u01b0\u1edbc 5: L\u00f5i Anti-Bacterial v\u1edbi t\u00e1c d\u1ee5ng kh\u00e1ng khu\u1ea9n, gi\u00fap l\u1ecdc s\u1ea1ch nh\u1eefng vi khu\u1ea9n c\u00f3 trong b\u00ecnh ch\u1ee9a v\u00e0 \u0111\u1ea3m b\u1ea3o n\u01b0\u1edbc trong b\u00ecnh lu\u00f4n s\u1ea1ch, kh\u00f4ng b\u1ecb \u00f4 nhi\u1ec5m th\u1ee9 c\u1ea5p.\n\u2605 Ch\u1ebf \u0111\u1ed9 ch\u1ed1ng b\u1ecfng n\u01b0\u1edbc n\u00f3ng an to\u00e0n cho gia \u0111\u00ecnh c\u00f3 tr\u1ebb em\n\n\u2764 TH\u00d4NG S\u1ed0 K\u1ef8 THU\u1eacT \n\nC\u00f4ng su\u1ea5t l\u1ecdc 7,9 \u2113 ~ 2,09 gal/gi\u1edd\nDung t\u00edch b\u00ecnh ch\u1ee9a:\nN\u01b0\u1edbc th\u01b0\u1eddng 6.4L\nN\u01b0\u1edbc l\u1ea1nh: 3.7L\nN\u01b0\u1edbc n\u00f3ng: 1.2L\nT\u1ed5ng: 11.3L\n\u0110i\u1ec7n \u00e1p 220 V, 50 Hz\n\u0110i\u1ec7n n\u0103ng ti\u00eau th\u1ee5 t\u1ed1i \u0111a \nN\u01b0\u1edbc l\u1ea1nh 0.7A\nN\u01b0\u1edbc n\u00f3ng 320W\nT\u1ed5ng 474W\n\u0110\u00e8n b\u00e1o nhi\u1ec7t \u0111\u1ed9 n\u01b0\u1edbc C\u00f3\nCh\u1ee9c n\u0103ng r\u00f3t n\u01b0\u1edbc li\u00ean t\u1ee5c C\u00f3\nKh\u00f3a an to\u00e0n n\u01b0\u1edbc n\u00f3ng C\u00f3\nB\u1eadt/t\u1eaft ch\u1ebf \u0111\u1ed9 n\u01b0\u1edbc N\u00f3ng-L\u1ea1nh C\u00f3\n\u0110\u00e8n c\u1ea3m bi\u1ebfn C\u00f3\nC\u1ea3nh b\u00e1o m\u1ef1c n\u01b0\u1edbc th\u1ea5p C\u00f3\nCh\u1ebf \u0111\u1ed9 Ti\u1ebft ki\u1ec7m \u0111i\u1ec7n C\u00f3\nK\u00edch th\u01b0\u1edbc (R x C x S) 340 x 518 x 523 mm ~ 13,4 x 20,4 x 20,6 inch\nTr\u1ecdng l\u01b0\u1ee3ng t\u1ecbnh 20,2 kg ~ 44,5 lb\n\n\u2764 PH\u01af\u01a0NG TH\u1ee8C \u0110\u0102NG K\u00dd B\u1ea2O H\u00c0NH \nKh\u00e1ch h\u00e0ng \u0111\u0103ng k\u00fd b\u1ea3o h\u00e0nh b\u1eb1ng c\u00e1c c\u00e1ch sau:\n\u27a8 C\u00e1ch 1: Kh\u00e1ch h\u00e0ng qu\u00e9t m\u00e3 QR tr\u00ean Th\u1ebb b\u1ea3o h\u00e0nh ho\u1eb7c Tem b\u1ea3o h\u00e0nh \u0111i k\u00e8m s\u1ea3n ph\u1ea9m v\u00e0 \u0111i\u1ec1n th\u00f4ng tin \u0111\u0103ng k\u00fd b\u1ea3o h\u00e0nh tr\u00ean website Coway Vina. \n\u27a8 C\u00e1ch 2: Kh\u00e1ch h\u00e0ng g\u1ecdi \u0111\u1ebfn t\u1ed5ng \u0111\u00e0i mi\u1ec5n ph\u00ed 1800 556 892 v\u00e0 l\u00e0m theo h\u01b0\u1edbng d\u1eabn.\nL\u01b0u \u00fd: \u0110\u1ec3 \u0111\u1ea3m b\u1ea3o quy\u1ec1n l\u1ee3i c\u1ee7a kh\u00e1ch h\u00e0ng, C\u00f4ng ty TNHH Coway Vina ch\u1ec9 nh\u1eadn \u0111\u0103ng k\u00fd b\u1ea3o h\u00e0nh trong v\u00f2ng 05 ng\u00e0y sau khi mua h\u00e0ng.\n\n\u2764 KHU V\u1ef0C MI\u1ec4N PH\u00cd GIAO H\u00c0NG V\u00c0 L\u1eaeP \u0110\u1eb6T:\n\u27a8 Mi\u1ec1n B\u1eafc: H\u00e0 N\u1ed9i, B\u1eafc Ninh, B\u1eafc Giang, H\u01b0ng Y\u00ean, V\u0129nh Ph\u00fac, H\u1ea3i D\u01b0\u01a1ng, H\u00e0 Nam, Nam \u0110\u1ecbnh, Th\u00e1i B\u00ecnh, Ninh B\u00ecnh, Th\u00e1i Nguy\u00ean, H\u1ea3i Ph\u00f2ng, Qu\u1ea3ng Ninh, Ho\u00e0 B\u00ecnh, Ph\u00fa Th\u1ecd, Thanh H\u00f3a, Tuy\u00ean Quang (Chi\u00eam H\u00f3a, H\u00e0m Y\u00ean, Th\u00e0nh ph\u1ed1 Tuy\u00ean Quang, Y\u00ean S\u01a1n, S\u01a1n D\u01b0\u01a1ng), Y\u00ean B\u00e1i (V\u0103n Ch\u1ea5n, Tr\u1ea5n Y\u00ean, Y\u00ean B\u00ecnh, Th\u00e0nh ph\u1ed1 Y\u00ean B\u00e1i, V\u0103n Y\u00ean), B\u1eafc K\u1ea1n (Ch\u1ee3 M\u1edbi, B\u1ea1ch Th\u00f4ng, Na R\u00ec, Th\u00e0nh ph\u1ed1 B\u1eafc C\u1ea1n, Ch\u1ee3 \u0110\u1ed3n), L\u1ea1ng S\u01a1n (H\u1eefu L\u0169ng, Chi L\u0103ng, L\u1ed9c B\u00ecnh, Th\u00e0nh ph\u1ed1 L\u1ea1ng S\u01a1n, Cao L\u1ed9c, V\u0103n Quan, B\u1eafc S\u01a1n)\n\n\u27a8 Mi\u1ec1n Nam: H\u1ed3 Ch\u00ed Minh, \u0110\u1ed3ng Nai, B\u00ecnh D\u01b0\u01a1ng, B\u00e0 R\u1ecba - V\u0169ng T\u00e0u, Long An, Ti\u1ec1n Giang, C\u1ea7n Th\u01a1, V\u0129nh Long, B\u1ebfn Tre, T\u00e2y Ninh, \u0110\u1ed3ng Th\u00e1p, B\u00ecnh Ph\u01b0\u1edbc, Tr\u00e0 Vinh, B\u00ecnh Thu\u1eadn (H\u00e0m T\u00e2n, B\u00ecnh Thu\u1eadn Nam, T\u00e1nh Linh, \u0110\u1ee9c Linh), L\u00e2m \u0110\u1ed3ng (\u0110\u1ea1 Huoai, B\u1ea3o L\u1ed9c, \u0110\u1ea1 T\u1ebbh, C\u00e1t Ti\u00ean), An Giang (Ch\u1ee3 M\u1edbi, Long Xuy\u00ean, Ph\u00fa T\u00e2n), H\u1eadu Giang (Ch\u00e2u Th\u00e0nh, Th\u1ecb x\u00e3 Ng\u00e3 B\u1ea3y, Ch\u00e2u Th\u00e0nh A, Ph\u1ee5ng Hi\u1ec7p)\n\n\u27a8 C\u00e1c khu v\u1ef1c c\u00f2n l\u1ea1i: kh\u00f4ng h\u1ed7 tr\u1ee3 mi\u1ec5n ph\u00ed v\u1eadn chuy\u1ec3n v\u00e0 l\u1eafp \u0111\u1eb7t\n\n\u2764TH\u00d4NG TIN QU\u00c0 T\u1eb6NG\n\u2605 D\u1ecbch v\u1ee5 Heart Service\n- D\u1ecbch v\u1ee5 b\u1ea3o d\u01b0\u1ee1ng v\u00e0 v\u1ec7 sinh m\u00e1y t\u1ea1i nh\u00e0\n- \u0110\u1ecbnh k\u00ec m\u1ed7i 3 th\u00e1ng 1 l\u1ea7n\n- Ch\u1ec9 \u00e1p d\u1ee5ng cho kh\u00e1ch h\u00e0ng \u1edf H\u00e0 N\u1ed9i v\u00e0 H\u1ed3 Ch\u00ed Minh\n", "is_mart": false, "show_shopee_verified_label": false, "size_chart": null, "reference_item_id": "", "brand": "Coway", "item_rating": {"rating_star": 0, "rating_count": [0, 0, 0, 0, 0, 0]}, "label_ids": [1000121, 1000300, 1000279, 1000265, 1006117, 1006306, 1006331, 1000272, 1006625, 1006642, 1006669, 1000264, 1007155, 1007190, 1007328, 1007394, 1007516, 1007546, 1007765, 1007768, 1006856, 1008283, 1008290, 1008313, 1008515, 1008793, 1009063, 1009489, 1009427, 1009763, 1010033, 1010111, 1010449, 1010668, 1010797, 1011155, 1011654, 1012191, 1004367, 1006825, 1007861, 1010999, 1011010, 1010738], "attributes": [{"name": "Xu\u1ea5t x\u1ee9", "value": "H\u00e0n Qu\u1ed1c", "id": 100037, "is_timestamp": false, "brand_option": null, "val_id": null}, {"name": "H\u1ea1n b\u1ea3o h\u00e0nh", "value": "12 th\u00e1ng", "id": 100121, "is_timestamp": false, "brand_option": null, "val_id": null}, {"name": "T\u00ednh n\u0103ng m\u00e1y l\u1ecdc n\u01b0\u1edbc n\u00f3ng l\u1ea1nh", "value": "Kh\u00f3a an to\u00e0n cho tr\u1ebb em, N\u01b0\u1edbc l\u1ea1nh, L\u00e0m n\u00f3ng nhanh, L\u1ecdc n\u01b0\u1edbc", "id": 100374, "is_timestamp": false, "brand_option": null, "val_id": null}, {"name": "Ti\u00eau th\u1ee5 \u0111i\u1ec7n n\u0103ng", "value": "474W", "id": 100355, "is_timestamp": false, "brand_option": null, "val_id": null}, {"name": "Lo\u1ea1i b\u1ea3o h\u00e0nh", "value": "B\u1ea3o h\u00e0nh \u0111i\u1ec7n t\u1eed", "id": 100370, "is_timestamp": false, "brand_option": null, "val_id": null}, {"name": "Dung t\u00edch", "value": "11.3L", "id": 100278, "is_timestamp": false, "brand_option": null, "val_id": null}, {"name": "\u0110i\u1ec7n \u00e1p \u0111\u1ea7u v\u00e0o", "value": "220V", "id": 100323, "is_timestamp": false, "brand_option": null, "val_id": null}], "liked": false, "liked_count": 23, "cmt_count": 0, "flag": 524290, "shopee_verified": false, "is_adult": false, "is_preferred_plus_seller": false, "tier_variations": [{"name": "", "options": [""], "images": null, "properties": null, "type": 0}], "bundle_deal_id": 0, "can_use_bundle_deal": false, "add_on_deal_info": null, "bundle_deal_info": null, "can_use_wholesale": false, "wholesale_tier_list": [], "is_group_buy_item": null, "group_buy_info": null, "welcome_package_type": 0, "welcome_package_info": null, "tax_code": null, "invoice_option": null, "complaint_policy": null, "images": ["2d2e1636b1e9c88432a95d0f60cab227", "031c484cd62dfe6a13cd6c94bcc389f9", "57d5663f79b36ace145ef8addaeeab84", "b0dc83c26ddb8a1f122bef6e689427a2", "ec7d8c29491953ac48bf5e4b3c83ad3b", "3e8ca148f29ddd736813f958d0baafee"], "image": "2d2e1636b1e9c88432a95d0f60cab227", "video_info_list": [{"video_id": "a0bc9375d4f4a66de3299058e6da7632", "thumb_url": "8bd90c718391c284de99651df895c2ef", "duration": 24, "version": 2, "vid": "sg_58111c23-f476-4305-bfa3-672a8d88f8cf_000060", "formats": [], "default_format": {"format": 600001, "defn": "ORI", "profile": "MP4", "path": "", "url": "http://play-aka.vod.shopee.com/c3/98934353/107/YzQsMTk4LTQ1NTcyLDE0MzAyMjUwMDgzNzE2MTc3OTIsMg.mp4", "width": 1280, "height": 720}}], "item_type": 0, "is_official_shop": true, "show_official_shop_label_in_title": true, "shop_location": "H\u00e0 N\u1ed9i", "coin_earn_label": null, "cb_option": 0, "is_pre_order": false, "estimated_days": 2, "badge_icon_type": 0, "show_free_shipping": true, "shipping_icon_type": 0, "cod_flag": 0, "is_service_by_shopee": false, "show_original_guarantee": false, "categories": [{"catid": 100010, "display_name": "Thi\u1ebft B\u1ecb \u0110i\u1ec7n Gia D\u1ee5ng", "no_sub": false, "is_default_subcat": false}, {"catid": 100041, "display_name": "\u0110\u1ed3 gia d\u1ee5ng nh\u00e0 b\u1ebfp", "no_sub": false, "is_default_subcat": false}, {"catid": 100190, "display_name": "M\u00e1y l\u1ecdc n\u01b0\u1edbc", "no_sub": true, "is_default_subcat": false}], "other_stock": 100, "item_has_post": true, "discount_stock": 0, "current_promotion_has_reserve_stock": false, "current_promotion_reserved_stock": 0, "normal_stock": 100, "brand_id": 1071775, "is_alcohol_product": false, "show_recycling_info": false, "coin_info": {"spend_cash_unit": 100000, "coin_earn_items": [{"coin_earn": 0}]}, "models": [{"itemid": 3008922594, "status": 1, "current_promotion_reserved_stock": 0, "name": "", "promotionid": 0, "price": 2280000000000, "price_stocks": [{"allocated_stock": null, "stock_breakdown_by_location": null}], "current_promotion_has_reserve_stock": false, "normal_stock": 100, "extinfo": {"tier_index": [0], "group_buy_info": null, "is_pre_order": false, "estimated_days": 2}, "price_before_discount": 0, "modelid": 43898561299, "stock": 100, "has_gimmick_tag": false}], "spl_info": {"installment_info": null, "user_credit_info": null, "channel_id": null, "show_spl": false, "show_spl_lite": false}, "preview_info": null, "fe_categories": [{"catid": 11036971, "display_name": "Home Appliances", "no_sub": false, "is_default_subcat": false}, {"catid": 11036990, "display_name": "Large Appliance", "no_sub": false, "is_default_subcat": false}, {"catid": 11036995, "display_name": "Water Filters", "no_sub": true, "is_default_subcat": false}], "presale_info": null, "is_cc_installment_payment_eligible": true, "is_non_cc_installment_payment_eligible": false, "flash_sale": null, "upcoming_flash_sale": null, "deep_discount": null, "has_low_fulfillment_rate": false, "is_partial_fulfilled": false, "makeups": null, "shop_vouchers": null, "global_sold": null, "is_infant_milk_formula_product": false, "should_show_amp_tag": false}