{"itemid": 9037357509, "shopid": 365903060, "userid": 0, "price_max_before_discount": -1, "has_lowest_price_guarantee": false, "price_before_discount": 0, "price_min_before_discount": -1, "exclusive_price_info": null, "hidden_price_display": null, "price_min": 145000000000, "price_max": 145000000000, "price": 145000000000, "stock": 39, "discount": null, "historical_sold": 15, "sold": 0, "show_discount": 0, "raw_discount": 0, "min_purchase_limit": 0, "overall_purchase_limit": {"order_max_purchase_limit": 0, "overall_purchase_limit": null, "item_overall_quota": null, "start_date": null, "end_date": null}, "pack_size": null, "is_live_streaming_price": null, "name": "M\u00e0ng l\u1ecdc HEPA cho M\u00e1y l\u1ecdc kh\u00f4ng kh\u00ed Coway Storm AP-1516D", "ctime": 1617676185, "item_status": "normal", "status": 1, "condition": 1, "catid": 100010, "description": "Ch\u1ee9c n\u0103ng: lo\u1ea1i b\u1ecf hi\u1ec7u qu\u1ea3 b\u1ee5i m\u1ecbn v\u00e0 kh\u00f3i thu\u1ed1c l\u00e1. Trong khi c\u00e1c vi tr\u00f9ng v\u00e0 n\u1ea5m m\u1ed1c \u0111\u01b0\u1ee3c lo\u1ea1i b\u1ecf b\u1edfi c\u00e1c v\u1eadt li\u1ec7u h\u1eefu c\u01a1 c\u00f3 ch\u1ee9c n\u0103ng kh\u00e1ng khu\u1ea9n v\u00e0 ch\u1ed1ng n\u1ea5m m\u1ed1c\n\nCh\u1ea5t li\u1ec7u: Nh\u1ef1a PP, keo d\u00ednh nh\u1ef1a EVA, vi\u1ec1n gi\u1ea5y\n\nTh\u1eddi gian thay th\u1ebf: 12 th\u00e1ng\n\nThay th\u1ebf m\u00e0ng l\u1ecdc kh\u1eed m\u00f9i, m\u00e0ng l\u1ecdc HEPA\u2122\n1. M\u1edf n\u1eafp tr\u01b0\u1edbc, th\u00e1o m\u00e0ng l\u1ecdc th\u00f4 v\u00e0 m\u00e0ng l\u1ecdc b\u1ee5i m\u1ecbn ra ngo\u00e0i, l\u1ea5y m\u00e0ng l\u1ecdc kh\u1eed m\u00f9i v\u00e0 m\u00e0ng HEPA\u2122 ra.\n2. B\u1ecf nilon b\u1ecdc m\u00e0ng, sau \u0111\u00f3 thay m\u00e0ng l\u1ecdc kh\u1eed m\u00f9i v\u00e0 HEPA\u2122 m\u1edbi v\u00e0o trong m\u00e1y. L\u1eafp m\u00e0ng v\u00e0o m\u00e1y theo th\u1ee9 t\u1ef1 ng\u01b0\u1ee3c l\u1ea1i so v\u1edbi khi th\u00e1o ra v\u00e0 \u0111\u00f3ng n\u1eafp tr\u01b0\u1edbc l\u1ea1i.\n\n\u2764 Mi\u1ec5n ph\u00ed v\u1eadn chuy\u1ec3n to\u00e0n qu\u1ed1c", "is_mart": false, "show_shopee_verified_label": false, "size_chart": null, "reference_item_id": "", "brand": "Coway", "item_rating": {"rating_star": 5, "rating_count": [8, 0, 0, 0, 0, 8]}, "label_ids": [1000121, 1000300, 1000279, 1000265, 1006117, 1006306, 1006331, 1000272, 1006625, 1006642, 1006669, 1000264, 1007155, 1007190, 1007328, 1007394, 1007516, 1007546, 1007765, 1007768, 1006856, 1008283, 1008290, 1008313, 1008515, 1008793, 1009063, 1009489, 1009427, 1009763, 1010033, 1010111, 1010449, 1010668, 1010797, 1011155, 1011654, 1012191, 1007414, 1007861, 1009167, 1011193, 1011294, 1011378], "attributes": null, "liked": false, "liked_count": 3, "cmt_count": 8, "flag": 0, "shopee_verified": false, "is_adult": false, "is_preferred_plus_seller": false, "tier_variations": [{"name": "", "options": [""], "images": null, "properties": null, "type": 0}], "bundle_deal_id": 0, "can_use_bundle_deal": false, "add_on_deal_info": null, "bundle_deal_info": null, "can_use_wholesale": false, "wholesale_tier_list": [], "is_group_buy_item": null, "group_buy_info": null, "welcome_package_type": 0, "welcome_package_info": null, "tax_code": null, "invoice_option": null, "complaint_policy": null, "images": ["84803d578d4a47314a4fa99c89dcb36f", "b4834f810616a81d5afb85afd488ad6a", "0a8ebbd5daf46efbed64e15c055180ea", "6285ded8346ea7bab60600cb4ff7d17d", "51f94dd84f00fb33587c8a5de08e1c1e"], "image": "84803d578d4a47314a4fa99c89dcb36f", "video_info_list": null, "item_type": 0, "is_official_shop": true, "show_official_shop_label_in_title": true, "shop_location": "H\u00e0 N\u1ed9i", "coin_earn_label": null, "cb_option": 0, "is_pre_order": false, "estimated_days": 2, "badge_icon_type": 0, "show_free_shipping": false, "shipping_icon_type": 0, "cod_flag": 0, "is_service_by_shopee": false, "show_original_guarantee": false, "categories": [{"catid": 100010, "display_name": "Thi\u1ebft B\u1ecb \u0110i\u1ec7n Gia D\u1ee5ng", "no_sub": false, "is_default_subcat": false}, {"catid": 100038, "display_name": "Thi\u1ebft b\u1ecb \u0111i\u1ec7n gia d\u1ee5ng nh\u1ecf", "no_sub": false, "is_default_subcat": false}, {"catid": 100176, "display_name": "Thi\u1ebft b\u1ecb x\u1eed l\u00ed kh\u00f4ng kh\u00ed", "no_sub": false, "is_default_subcat": false}, {"catid": 100458, "display_name": "M\u00e1y l\u1ecdc kh\u00f4ng kh\u00ed", "no_sub": true, "is_default_subcat": false}], "other_stock": 39, "item_has_post": true, "discount_stock": 0, "current_promotion_has_reserve_stock": false, "current_promotion_reserved_stock": 0, "normal_stock": 39, "brand_id": 1071775, "is_alcohol_product": false, "show_recycling_info": false, "coin_info": {"spend_cash_unit": 100000, "coin_earn_items": [{"coin_earn": 0}]}, "models": [{"itemid": 9037357509, "status": 1, "current_promotion_reserved_stock": 0, "name": "", "promotionid": 0, "price": 145000000000, "price_stocks": [{"allocated_stock": null, "stock_breakdown_by_location": null}], "current_promotion_has_reserve_stock": false, "normal_stock": 39, "extinfo": {"tier_index": [0], "group_buy_info": null, "is_pre_order": false, "estimated_days": 2}, "price_before_discount": 0, "modelid": 54640856631, "stock": 39, "has_gimmick_tag": false}], "spl_info": {"installment_info": null, "user_credit_info": null, "channel_id": null, "show_spl": false, "show_spl_lite": false}, "preview_info": null, "fe_categories": [{"catid": 11036971, "display_name": "Home Appliances", "no_sub": false, "is_default_subcat": false}, {"catid": 11037007, "display_name": "Air Conditioners & Fans", "no_sub": false, "is_default_subcat": false}, {"catid": 11037011, "display_name": "Air Purifiers, Dehumidifiers", "no_sub": true, "is_default_subcat": false}], "presale_info": null, "is_cc_installment_payment_eligible": false, "is_non_cc_installment_payment_eligible": false, "flash_sale": null, "upcoming_flash_sale": null, "deep_discount": null, "has_low_fulfillment_rate": false, "is_partial_fulfilled": false, "makeups": null, "shop_vouchers": null, "global_sold": null, "is_infant_milk_formula_product": false, "should_show_amp_tag": false}