{"itemid": 9128538542, "shopid": 394941304, "userid": 0, "price_max_before_discount": -1, "has_lowest_price_guarantee": false, "price_before_discount": 0, "price_min_before_discount": -1, "exclusive_price_info": null, "hidden_price_display": null, "price_min": 79900000000, "price_max": 79900000000, "price": 79900000000, "stock": 49, "discount": null, "historical_sold": 1, "sold": 0, "show_discount": 0, "raw_discount": 0, "min_purchase_limit": 0, "overall_purchase_limit": {"order_max_purchase_limit": 0, "overall_purchase_limit": null, "item_overall_quota": null, "start_date": null, "end_date": null}, "pack_size": null, "is_live_streaming_price": null, "name": "TAI NGHE BLUTOOTH TRUE WIRELESS EARLDOM BH34", "ctime": 1616144814, "item_status": "normal", "status": 1, "condition": 1, "catid": 100535, "description": "\u272a Ch\u00e0o m\u1eebng b\u1ea1n \u0111\u1ebfn v\u1edbi Earldom Official Store\n\u272a Earldom Official Store hi\u1ec7n l\u00e0 nh\u00e0 ph\u00e2n ph\u1ed1i ch\u00ednh th\u1ee9c tr\u00ean c\u00e1c s\u00e0n TM\u0110T c\u1ee7a Earldom Vi\u1ec7t Nam\n\u272a Earldom Vi\u1ec7t Nam hi\u1ec7n c\u00f3 20 \u0111\u1ea1i l\u00fd l\u1edbn tr\u00ean 20 t\u1ec9nh th\u00e0nh, v\u00e0 nhi\u1ec1u \u0111\u1ea1i l\u00fd nh\u1ecf tr\u00ean kh\u1eafp c\u1ea3 n\u01b0\u1edbc.\n\n\u272a tai nghe blutooth true wireless earldom bh34\n- th\u00e1ng 12/2020 earldom ra m\u1eaft s\u1ea3n ph\u1ea9m tai nghe bluetooth bh34 v\u1edbi nh\u1eefng t\u00ednh n\u0103ng v\u00f4 c\u00f9ng th\u00f4ng minh, ti\u1ec7n l\u1ee3i cho ng\u01b0\u1eddi d\u00f9ng\n- v\u1edbi thi\u1ebft k\u1ebf nh\u1ecf g\u1ecdn, ki\u1ec3u d\u00e1ng t\u01b0\u01a1ng t\u1ef1 d\u00f2ng tai airpod pro \u0111ang l\u00e0m m\u01b0a l\u00e0m gi\u00f3 tr\u00ean th\u1ecb tr\u01b0\u1eddng\n- s\u1ea3n ph\u1ea9m th\u00edch h\u1ee3p khi mang \u0111i du l\u1ecbch, t\u1eadp gym, ch\u1ea1y b\u1ed9 hay nh\u1eefng ho\u1ea1t \u0111\u1ed9ng ngo\u00e0i tr\u1eddi kh\u00e1c n\u1eefa\n- ch\u1ea5t l\u01b0\u1ee3ng \u00e2m thanh c\u1ee7a s\u1ea3n ph\u1ea9m c\u1ef1c k\u1ef3 t\u1ed1t v\u1edbi gi\u1ea3i \u00e2m bass v\u00e0 chess r\u1ea5t \u0111\u1ec1u gi\u00fap b\u1ea1n th\u01b0 gi\u00e3n sau nh\u01b0ng gi\u00e2y ph\u00fat l\u00e0m vi\u1ec7c c\u0103ng th\u1eb3ng v\u00e0 m\u1ec7t m\u1ecfi\n- s\u1ea3n ph\u1ea9m \u0111\u01b0\u1ee3c t\u00edch h\u1ee3p h\u1ed7 tr\u1ee3 nhi\u1ec1u ch\u1ee9c n\u0103ng v\u01b0\u1ee3t tr\u1ed9i nh\u01b0\n+ h\u1ed7 tr\u1ee3 \u0111\u00e0m tho\u1ea1i\n+ c\u1ea3m bi\u1ebfn tai nghe t\u0103ng gi\u1ea3m \u00e2m l\u01b0\u1ee3ng, d\u1eebng ph\u00e1t nh\u1ea1c\n- s\u1ea3n ph\u1ea9m c\u00f3 h\u1ed9p pin dung l\u01b0\u1ee3ng l\u1edbn 350mah v\u00e0 tai nghe l\u00e0 55mah v\u1edbi dung l\u01b0\u1ee3ng pin n\u00e0y b\u1ea1n c\u00f3 th\u1ec3 \u0111\u00e0m tho\u1ea1i v\u00e0 nghe nh\u1ea1c li\u00ean t\u1ee5c \u0111\u1ebfn 5h.\n- th\u1eddi gian s\u1ea1c \u0111\u1ea7y h\u1ed9p \u0111\u1ef1ng l\u00e0 2h v\u00e0 ch\u1ec9 v\u1edbi 1,5h l\u00e0 b\u1ea1n \u0111\u00e3 c\u00f3 th\u1ec3 s\u1ea1c \u0111\u1ea7y 2 chi\u1ebfc tai nghe.\nTh\u00f4ng s\u1ed1 k\u1ef9 thu\u1eadt\n         + phi\u00ean b\u1ea3n bluetooth: v5.0\n         + ph\u1ea1m vi ho\u1ea1t \u0111\u1ed9ng: 10m\n         + b\u1ea3n \u00e2m thanh: \u00e2m thanh n\u1ed5i song ph\u01b0\u01a1ng\n         + d\u1ea3i t\u1ea7n s\u1ed1 \u0111\u00e1p \u1ee9ng: 20hz-20khz\n         + dung l\u01b0\u1ee3ng pin tai nghe: 55mah x 2\n         + dung l\u01b0\u1ee3ng pin h\u1ed9p s\u1ea1c: 350mah\n         + th\u1eddi gian nghe nh\u1ea1c li\u00ean t\u1ee5c: 5h\n         + th\u1eddi gian s\u1ea1c tai nghe: 1,5h\n         + th\u1eddi gian s\u1ea1c h\u1ed9p s\u1ea1c: 2h\n\u272a th\u00f4ng s\u1ed1 s\u1ea3n ph\u1ea9m:\n\n\u272a H\u01b0\u1edbng d\u1eabn mua s\u1ea3n ph\u1ea9m v\u00e0 c\u00e1c v\u1ea5n \u0111\u1ec1 li\u00ean quan: \n\u2714\ufe0f C\u00e1c b\u1ea1n \u0111\u1eb7t \u0111\u00fang s\u1ea3n ph\u1ea9m m\u00ecnh th\u00edch, kh\u00f4ng \u0111\u1eb7t h\u00e0ng qua GHI CH\u00da. N\u1ebfu l\u01b0u \u00fd \u0111\u1eb7c bi\u1ec7t h\u00e3y inbox cho Earldom, Earldom lu\u00f4n s\u1eb5n s\u00e0ng h\u1ed7 tr\u1ee3 b\u1ea1n. \n\u2714\ufe0f Shop c\u00f3 Freeship Extra, h\u00e3y s\u1eed d\u1ee5ng m\u00e3 mi\u1ec5n ph\u00ed v\u1eadn chuy\u1ec3n n\u1ebfu c\u00f3 ph\u1ea7n thanh to\u00e1n nh\u00e9. \n\u2714\ufe0f Th\u1eddi gian giao cho \u0111\u01a1n v\u1ecb v\u1eadn chuy\u1ec3n trung b\u00ecnh l\u00e0 1 ng\u00e0y. \n\u2714\ufe0f V\u1eadn chuy\u1ec3n l\u00e0 c\u1ee7a shopee n\u00ean n\u1ebfu c\u00f3 v\u1ea5n \u0111\u1ec1 b\u1ea1n h\u00e3y li\u00ean l\u1ea1c hotline c\u1ee7a \u0111\u01a1n v\u1ecb v\u1eadn chuy\u1ec3n t\u01b0\u01a1ng \u1ee9ng nh\u00e9 \n\u272aCh\u00ednh s\u00e1ch b\u00e1n h\u00e0ng t\u1ea1i Earldom Official Store:\n - Cam k\u1ebft gi\u00e1 t\u1ed1t nh\u1ea5t th\u1ecb tr\u01b0\u1eddng, ch\u1ea5t l\u01b0\u1ee3ng tuy\u1ec7t v\u1eddi \n- S\u1ea3n ph\u1ea9m cam k\u1ebft nh\u01b0 h\u00ecnh th\u1eadt 100% \n- Tr\u1ea3 h\u00e0ng ho\u00e0n ti\u1ec1n 100% n\u1ebfu h\u00e0ng l\u1ed7i, sai s\u1ea3n ph\u1ea9m cho qu\u00fd kh\u00e1ch \n- Earldom lu\u00f4n \u0111\u1ed3ng h\u00e0nh b\u00ean b\u1ea1n\n\n", "is_mart": false, "show_shopee_verified_label": false, "size_chart": null, "reference_item_id": "", "brand": "Earldom", "item_rating": {"rating_star": 0, "rating_count": [0, 0, 0, 0, 0, 0]}, "label_ids": [1003985, 44, 1003777, 1003322, 1004067, 1004068, 1004212, 1004213, 1004211, 1004293, 1004344, 1004423, 1000270, 1000279, 1004894, 1005026, 1005147, 1005495, 1006331, 1006625, 1006826, 1000259, 1007155, 1007191, 1007328, 1007394, 1007516, 1007521, 1007525, 1000265, 1007589, 1007695, 1007765, 1007768, 1007773, 1008271, 1008290, 1008313, 1008358, 1008515, 1008529, 1008755, 1008793, 1008875, 1009058, 1009063, 1009064, 1008283, 1009226, 1009372, 1009427, 1009489, 1009525, 1009763, 1009931, 1009932, 1010033, 1006856, 1010111, 1010206, 1010210, 1010310, 1010350, 1010449, 1010452, 1010516, 1010518, 1010666, 1010668, 1010765, 1010797, 1010881, 1011072, 1011081, 1011155, 1000300, 1011229, 1011293, 1011361, 1011470, 1011654, 1011685, 1011843, 1011909, 1012191, 1012192, 1012514, 1003916, 1008264, 1008454, 1008455, 1008614, 1008609, 1008833, 1009687, 1010348], "attributes": [{"name": "Ki\u1ec3u k\u1ebft n\u1ed1i", "value": "Kh\u00f4ng d\u00e2y", "id": 100408, "is_timestamp": false, "brand_option": null, "val_id": null}], "liked": false, "liked_count": 2, "cmt_count": 0, "flag": 0, "shopee_verified": false, "is_adult": false, "is_preferred_plus_seller": false, "tier_variations": [{"name": "", "options": [""], "images": null, "properties": null, "type": 0}], "bundle_deal_id": 0, "can_use_bundle_deal": false, "add_on_deal_info": null, "bundle_deal_info": null, "can_use_wholesale": false, "wholesale_tier_list": [], "is_group_buy_item": null, "group_buy_info": null, "welcome_package_type": 0, "welcome_package_info": null, "tax_code": null, "invoice_option": null, "complaint_policy": null, "images": ["8e488a135b8f4f37f70925210e704bc7", "eab508808426c32f9c9ece488fec8f06", "acb529b65711f9787e9f2cdd8bb77a89", "9d463add975c1b740a99cdb72cac96b5", "cf3178f2746158917a7e2f2e54b59960", "b3044b669f5b23ef87816320f8ac330e", "f73d3c9c74258cf9878ec4cc5dcbf7c9", "3b2fadf9f8288635d8a9b852b8c0d5d5", "743aecb26c6f7fbb2cc0040f5e863e46"], "image": "8e488a135b8f4f37f70925210e704bc7", "video_info_list": [{"video_id": "88bae44a03867703e0bbf67ef3ed8972", "thumb_url": "40c5c0427d89e89f113fa7d3e0d012d3", "duration": 60, "version": 2, "vid": "sg_8a518e98-a737-4433-8464-4de7f56df0f7_000055", "formats": [], "default_format": {"format": 600001, "defn": "ORI", "profile": "MP4", "path": "", "url": "http://play-ws.vod.shopee.com/c3/98934353/107/YzQsOTMtNDM5ODgsMTQyMjgyOTYwMjgyMDAzODY1Niwy.mp4", "width": 1280, "height": 720}}], "item_type": 0, "is_official_shop": true, "show_official_shop_label_in_title": true, "shop_location": "H\u00e0 N\u1ed9i", "coin_earn_label": null, "cb_option": 0, "is_pre_order": false, "estimated_days": 2, "badge_icon_type": 0, "show_free_shipping": false, "shipping_icon_type": 0, "cod_flag": 0, "is_service_by_shopee": false, "show_original_guarantee": false, "categories": [{"catid": 100535, "display_name": "Thi\u1ebft B\u1ecb \u00c2m Thanh", "no_sub": false, "is_default_subcat": false}, {"catid": 100578, "display_name": "Tai nghe nh\u00e9t tai & ch\u1ee5p tai", "no_sub": true, "is_default_subcat": false}], "other_stock": 49, "item_has_post": true, "discount_stock": 0, "current_promotion_has_reserve_stock": false, "current_promotion_reserved_stock": 0, "normal_stock": 49, "brand_id": 1801053, "is_alcohol_product": false, "show_recycling_info": false, "coin_info": {"spend_cash_unit": 100000, "coin_earn_items": [{"coin_earn": 0}]}, "models": [{"itemid": 9128538542, "status": 1, "current_promotion_reserved_stock": 0, "name": "", "promotionid": 0, "price": 79900000000, "price_stocks": [{"allocated_stock": null, "stock_breakdown_by_location": null}], "current_promotion_has_reserve_stock": false, "normal_stock": 49, "extinfo": {"tier_index": [0], "group_buy_info": null, "is_pre_order": null, "estimated_days": 2}, "price_before_discount": 0, "modelid": 64269067769, "stock": 49, "has_gimmick_tag": false}], "spl_info": {"installment_info": null, "user_credit_info": null, "channel_id": null, "show_spl": false, "show_spl_lite": false}, "preview_info": null, "fe_categories": [{"catid": 11036132, "display_name": "Consumer Electronics", "no_sub": false, "is_default_subcat": false}, {"catid": 11109141, "display_name": "Headphones", "no_sub": true, "is_default_subcat": false}], "presale_info": null, "is_cc_installment_payment_eligible": false, "is_non_cc_installment_payment_eligible": false, "flash_sale": null, "upcoming_flash_sale": null, "deep_discount": null, "has_low_fulfillment_rate": false, "is_partial_fulfilled": false, "makeups": null, "shop_vouchers": null, "global_sold": null, "is_infant_milk_formula_product": false, "should_show_amp_tag": false}