{"itemid": 9678775121, "shopid": 394941304, "userid": 0, "price_max_before_discount": -1, "has_lowest_price_guarantee": false, "price_before_discount": 0, "price_min_before_discount": -1, "exclusive_price_info": null, "hidden_price_display": null, "price_min": 500000000000, "price_max": 500000000000, "price": 500000000000, "stock": 78, "discount": null, "historical_sold": 191, "sold": 0, "show_discount": 0, "raw_discount": 0, "min_purchase_limit": 0, "overall_purchase_limit": {"order_max_purchase_limit": 0, "overall_purchase_limit": null, "item_overall_quota": null, "start_date": null, "end_date": null}, "pack_size": null, "is_live_streaming_price": null, "name": "Loa Bluetooth karaoke Earldom LK01 \u00e2m thanh s\u1ed1ng \u0111\u1ed9ng t\u1eb7ng k\u00e8m 2 mic kh\u00f4ng d\u00e2y", "ctime": 1626419422, "item_status": "normal", "status": 1, "condition": 1, "catid": 100535, "description": "\u272a Ch\u00e0o m\u1eebng b\u1ea1n \u0111\u1ebfn v\u1edbi Earldom Official Store\n\u272a Earldom Official Store hi\u1ec7n l\u00e0 nh\u00e0 ph\u00e2n ph\u1ed1i ch\u00ednh th\u1ee9c tr\u00ean c\u00e1c s\u00e0n TM\u0110T c\u1ee7a Earldom Vi\u1ec7t Nam\n\u272a Earldom Vi\u1ec7t Nam hi\u1ec7n c\u00f3 20 \u0111\u1ea1i l\u00fd l\u1edbn tr\u00ean 20 t\u1ec9nh th\u00e0nh, v\u00e0 nhi\u1ec1u \u0111\u1ea1i l\u00fd nh\u1ecf tr\u00ean kh\u1eafp c\u1ea3 n\u01b0\u1edbc.\n\u272a Loa Bluetooth Di \u0110\u1ed9ng Earldom ET-LK1 ( K\u00e8m 2 Mic Kh\u00f4ng D\u00e2y)\n- Thi\u1ebft k\u1ebf ph\u1ea7n quai x\u00e1ch ch\u1eafc ch\u1eafn gi\u00fap b\u1ea1n c\u00f3 th\u1ec3 mang \u0111i \u0111\u1ebfn b\u1ea5t c\u1ee9 \u0111\u00e2u\n- M\u00e0ng loa \u0111\u01b0\u1ee3c l\u00e0m t\u1eeb gi\u1ea5y cho kh\u1ea3 n\u0103ng t\u00e1i t\u1ea1o \u00e2m thanh t\u1ed1t, ch\u1ea5t l\u01b0\u1ee3ng \u00e2m thanh s\u1ed1ng \u0111\u1ed9ng, trung th\u1ef1c, ch\u1ea5t \u00e2m \u1ea5m c\u00f3 \u0111\u1ed9 chi ti\u1ebft cao\n- V\u1ebb ngo\u00e0i \u1ea5n t\u01b0\u1ee3ng: Thi\u1ebft k\u1ebf sang tr\u1ecdng, nh\u1ecf g\u1ecdn\n- Loa k\u00e9o \u0111\u01b0\u1ee3c l\u00e0m t\u1eeb nh\u1ef1a ABS mang l\u1ea1i \u0111\u1ed9 c\u1ee9ng c\u00e1p, kh\u00f4ng th\u1ea5m n\u01b0\u1edbc, ch\u1ed1ng va \u0111\u1eadp v\u00e0 kh\u1ea3 n\u0103ng ch\u1ecbu nhi\u1ec7t cao \n- C\u00f4ng ngh\u1ec7 k\u1ebft n\u1ed1i kh\u00f4ng d\u00e2y Bluetooth V5.0 gi\u00fap k\u1ebft n\u1ed1i d\u1ec5 d\u00e0ng v\u1edbi c\u00e1c thi\u1ebft b\u1ecb smartphone, laptop, m\u00e1y t\u00ednh... cho t\u1ed1c \u0111\u1ed9 truy\u1ec1n t\u1ea3i d\u1eef li\u1ec7u nhanh v\u00e0 \u1ed5n \u0111\u1ecbnh\n- H\u1ed7 tr\u1ee3 c\u00e1c c\u1ed5ng k\u1ebft n\u1ed1i: Khe c\u1eafm th\u1ebb USB/ SD, 1 c\u1ed5ng AUX,1 c\u1ed5ng k\u1ebft n\u1ed1i Guitar v\u00e0 1 Mic c\u00f3 d\u00e2y\n- Ch\u1ea5t l\u01b0\u1ee3ng \u00e2m thanh: Tuy\u1ec7t v\u1eddi v\u1edbi \u00e2m bass s\u00e2u kh\u00f4ng g\u00e2y ch\u00f3i tai, th\u00edch h\u1ee3p \u0111\u1ec3 nghe nh\u1eefng b\u1ea3n nh\u1ea1c Ballad hay nh\u1ea1c s\u00f4i \u0111\u1ed9ng \n-  Dung l\u01b0\u1ee3ng pin l\u00ean t\u1edbi 4500mAh c\u00f3 th\u1ec3 s\u1eed d\u1ee5ng li\u00ean t\u1ee5c trong kho\u1ea3ng t\u1eeb 2-5h \u0111\u1ed3ng h\u1ed3 ph\u1ee5 thu\u1ed9c v\u00e0o kh\u00f4ng gian v\u00e0 \u00e2m l\u01b0\u1ee3ng \n- Ch\u1ee9c n\u0103ng: H\u00e1t karaoke, nghe nh\u1ea1c, h\u1ed7 tr\u1ee3 ph\u00e1t \u00e2m thanh khi ch\u01a1i Guitar  \n- \u0110i k\u00e8m s\u1ea3n ph\u1ea9m l\u00e0 2 Mic kh\u00f4ng d\u00e2y gi\u00fap b\u1ea1n c\u00f3 th\u1ec3 h\u00e1t karaoke ti\u1ec7n l\u1ee3i \n\n\u272a H\u01b0\u1edbng d\u1eabn mua s\u1ea3n ph\u1ea9m v\u00e0 c\u00e1c v\u1ea5n \u0111\u1ec1 li\u00ean quan: \n\u2714\ufe0f C\u00e1c b\u1ea1n \u0111\u1eb7t \u0111\u00fang s\u1ea3n ph\u1ea9m m\u00ecnh th\u00edch, kh\u00f4ng \u0111\u1eb7t h\u00e0ng qua GHI CH\u00da. N\u1ebfu l\u01b0u \u00fd \u0111\u1eb7c bi\u1ec7t h\u00e3y inbox cho Earldom, Earldom lu\u00f4n s\u1eb5n s\u00e0ng h\u1ed7 tr\u1ee3 b\u1ea1n. \n\u2714\ufe0f Shop c\u00f3 Freeship Extra, h\u00e3y s\u1eed d\u1ee5ng m\u00e3 mi\u1ec5n ph\u00ed v\u1eadn chuy\u1ec3n n\u1ebfu c\u00f3 ph\u1ea7n thanh to\u00e1n nh\u00e9. \n\u2714\ufe0f Th\u1eddi gian giao cho \u0111\u01a1n v\u1ecb v\u1eadn chuy\u1ec3n trung b\u00ecnh l\u00e0 1 ng\u00e0y. \n\u2714\ufe0f V\u1eadn chuy\u1ec3n l\u00e0 c\u1ee7a shopee n\u00ean n\u1ebfu c\u00f3 v\u1ea5n \u0111\u1ec1 b\u1ea1n h\u00e3y li\u00ean l\u1ea1c hotline c\u1ee7a \u0111\u01a1n v\u1ecb v\u1eadn chuy\u1ec3n t\u01b0\u01a1ng \u1ee9ng nh\u00e9 \n\u272aCh\u00ednh s\u00e1ch b\u00e1n h\u00e0ng t\u1ea1i Earldom Official Store:\n - Cam k\u1ebft gi\u00e1 t\u1ed1t nh\u1ea5t th\u1ecb tr\u01b0\u1eddng, ch\u1ea5t l\u01b0\u1ee3ng tuy\u1ec7t v\u1eddi \n- S\u1ea3n ph\u1ea9m cam k\u1ebft nh\u01b0 h\u00ecnh th\u1eadt 100% \n- \u0110\u1ed5i tr\u1ea3 trong v\u00f2ng 3 ng\u00e0y n\u1ebfu h\u00e0ng l\u1ed7i, sai s\u1ea3n ph\u1ea9m cho qu\u00fd kh\u00e1ch \n- Earldom lu\u00f4n \u0111\u1ed3ng h\u00e0nh b\u00ean b\u1ea1n\n", "is_mart": false, "show_shopee_verified_label": false, "size_chart": null, "reference_item_id": "", "brand": "Earldom", "item_rating": {"rating_star": 4.918918918918919, "rating_count": [37, 0, 0, 0, 3, 34]}, "label_ids": [1003985, 44, 1003777, 1003322, 1004067, 1004068, 1004212, 1004213, 1004211, 1004293, 1004344, 1004423, 1000270, 1000279, 1004894, 1005026, 1005147, 1005495, 1006331, 1006625, 1006826, 1000259, 1007155, 1007191, 1007328, 1007394, 1007516, 1007521, 1007525, 1000265, 1007589, 1007695, 1007765, 1007768, 1007773, 1008271, 1008290, 1008313, 1008358, 1008515, 1008529, 1008755, 1008793, 1008875, 1009058, 1009063, 1009064, 1008283, 1009226, 1009372, 1009427, 1009489, 1009525, 1009763, 1009931, 1009932, 1010033, 1006856, 1010111, 1010206, 1010210, 1010310, 1010350, 1010449, 1010452, 1010516, 1010518, 1010666, 1010668, 1010765, 1010797, 1010881, 1011072, 1011081, 1011155, 1000300, 1011229, 1011293, 1011361, 1011470, 1011654, 1011685, 1011843, 1011909, 1012191, 1012192, 1012514, 1007141, 1008264, 1008454, 1008455, 1008457, 1008542, 1008608, 1008614, 1008609, 1008790, 1008833, 1009167], "attributes": [{"name": "H\u1ea1n b\u1ea3o h\u00e0nh", "value": "12 th\u00e1ng", "id": 100121, "is_timestamp": false, "brand_option": null, "val_id": null}, {"name": "Lo\u1ea1i b\u1ea3o h\u00e0nh", "value": "B\u1ea3o h\u00e0nh nh\u00e0 cung c\u1ea5p", "id": 100370, "is_timestamp": false, "brand_option": null, "val_id": null}, {"name": "Ch\u1ee9c n\u0103ng bluetooth", "value": "C\u00f3", "id": 100525, "is_timestamp": false, "brand_option": null, "val_id": null}, {"name": "Loa th\u00f4ng minh", "value": "Kh\u00f4ng", "id": 100527, "is_timestamp": false, "brand_option": null, "val_id": null}, {"name": "Ki\u1ec3u k\u1ebft n\u1ed1i", "value": "Kh\u00f4ng d\u00e2y", "id": 100408, "is_timestamp": false, "brand_option": null, "val_id": null}], "liked": false, "liked_count": 10, "cmt_count": 37, "flag": 0, "shopee_verified": false, "is_adult": false, "is_preferred_plus_seller": false, "tier_variations": [{"name": "Ph\u00e2n Lo\u1ea1i", "options": ["ET - LK01"], "images": ["5464c569e02f73ff9c64d5ac2ca3f160"], "properties": null, "type": 0}], "bundle_deal_id": 0, "can_use_bundle_deal": false, "add_on_deal_info": null, "bundle_deal_info": null, "can_use_wholesale": false, "wholesale_tier_list": [], "is_group_buy_item": null, "group_buy_info": null, "welcome_package_type": 0, "welcome_package_info": null, "tax_code": null, "invoice_option": null, "complaint_policy": null, "images": ["152d728f4f833b78d338891c7c9f62eb", "eab508808426c32f9c9ece488fec8f06", "8f68528bb5c9df196112bf1e780a7140", "39fb9c6f1f112e6a5cde2f1a775c91d9", "bfc622506c842da21912485e285343f1", "7ce2f7e02e16867ae591ab94adff0988", "dadae263051160460fc4fe5d9463431d", "5464c569e02f73ff9c64d5ac2ca3f160"], "image": "152d728f4f833b78d338891c7c9f62eb", "video_info_list": null, "item_type": 0, "is_official_shop": true, "show_official_shop_label_in_title": true, "shop_location": "H\u00e0 N\u1ed9i", "coin_earn_label": null, "cb_option": 0, "is_pre_order": false, "estimated_days": 2, "badge_icon_type": 0, "show_free_shipping": false, "shipping_icon_type": 0, "cod_flag": 0, "is_service_by_shopee": false, "show_original_guarantee": false, "categories": [{"catid": 100535, "display_name": "Thi\u1ebft B\u1ecb \u00c2m Thanh", "no_sub": false, "is_default_subcat": false}, {"catid": 100582, "display_name": "D\u00e0n \u00e2m thanh", "no_sub": false, "is_default_subcat": false}, {"catid": 100625, "display_name": "Loa", "no_sub": true, "is_default_subcat": false}], "other_stock": 78, "item_has_post": true, "discount_stock": 0, "current_promotion_has_reserve_stock": false, "current_promotion_reserved_stock": 0, "normal_stock": 78, "brand_id": 1801053, "is_alcohol_product": false, "show_recycling_info": false, "coin_info": {"spend_cash_unit": 100000, "coin_earn_items": [{"coin_earn": 0}]}, "models": [{"itemid": 9678775121, "status": 1, "current_promotion_reserved_stock": 0, "name": "ET - LK01", "promotionid": 0, "price": 500000000000, "price_stocks": [{"allocated_stock": null, "stock_breakdown_by_location": null}], "current_promotion_has_reserve_stock": false, "normal_stock": 78, "extinfo": {"tier_index": [0], "group_buy_info": null, "is_pre_order": false, "estimated_days": 2}, "price_before_discount": 0, "modelid": 84301585673, "stock": 78, "has_gimmick_tag": false}], "spl_info": {"installment_info": null, "user_credit_info": null, "channel_id": null, "show_spl": false, "show_spl_lite": false}, "preview_info": null, "fe_categories": [{"catid": 11036132, "display_name": "Consumer Electronics", "no_sub": false, "is_default_subcat": false}, {"catid": 11036135, "display_name": "Audio", "no_sub": false, "is_default_subcat": false}, {"catid": 11036139, "display_name": "Bluetooth speakers", "no_sub": true, "is_default_subcat": false}], "presale_info": null, "is_cc_installment_payment_eligible": false, "is_non_cc_installment_payment_eligible": false, "flash_sale": null, "upcoming_flash_sale": null, "deep_discount": null, "has_low_fulfillment_rate": false, "is_partial_fulfilled": false, "makeups": null, "shop_vouchers": null, "global_sold": null, "is_infant_milk_formula_product": false, "should_show_amp_tag": false}