{"itemid": 7094025104, "shopid": 397705144, "userid": 0, "price_max_before_discount": 599000000000, "has_lowest_price_guarantee": false, "price_before_discount": 599000000000, "price_min_before_discount": 599000000000, "exclusive_price_info": null, "hidden_price_display": null, "price_min": 595000000000, "price_max": 595000000000, "price": 595000000000, "stock": 49, "discount": "1%", "historical_sold": 106, "sold": 11, "show_discount": 1, "raw_discount": 1, "min_purchase_limit": 0, "overall_purchase_limit": {"order_max_purchase_limit": 0, "overall_purchase_limit": null, "item_overall_quota": null, "start_date": null, "end_date": null}, "pack_size": null, "is_live_streaming_price": null, "name": "Loa Harman Kardon Onyx Studio 7 - H\u00e0ng ch\u00ednh h\u00e3ng", "ctime": 1625814632, "item_status": "normal", "status": 1, "condition": 1, "catid": 100535, "description": "M\u00d4 T\u1ea2 S\u1ea2N PH\u1ea8M\r\nSi\u00eau ph\u1ea9m Loa Harman Kardon Onyx Studio 7 - chi\u1ebfc loa bluetooth di \u0111\u1ed9ng \u0111\u1ec9nh cao c\u00f3 thi\u1ebft k\u1ebf m\u1edbi l\u1ea1 c\u00f9ng \u00e2m thanh \u0111\u01b0\u1ee3c ph\u00e1t tri\u1ec3n ho\u00e0n h\u1ea3o. \r\nThi\u1ebft k\u1ebf m\u1edbi l\u1ea1, pin 8 gi\u1edd c\u00f9ng c\u00f9ng h\u00e0ng lo\u1ea1t c\u00e1c c\u00f4ng ngh\u1ec7 \u0111\u01b0\u1ee3c c\u1ea3i ti\u1ebfn cho \u00e2m thanh th\u00eam ho\u00e0n h\u1ea3o, k\u1ebft h\u1ee3p c\u00f9ng kh\u1ea3 n\u0103ng k\u1ebft n\u1ed1i bluetooth kh\u00f4ng d\u00e2y 4.2  ti\u00ean ti\u1ebfn v\u01b0\u1ee3t tr\u1ed9i. \r\nThi\u1ebft k\u1ebf m\u1edbi l\u1ea1 h\u00ecnh tr\u00f2n v\u1edbi tay c\u1ea7m b\u1eb1ng nh\u00f4m anodized \u0111\u00fac ki\u1ec3u d\u00e1ng \u0111\u1eb9p \u0111\u1ec3 d\u1ec5 d\u00e0ng di chuy\u1ec3n\r\nT\u00e1i hi\u1ec7n \u00e2m thanh chi ti\u1ebft ho\u00e0n h\u1ea3o v\u1edbi hai loa tweeter k\u00e9p 25mm cho \u00e2m thanh n\u1ed5i trung th\u1ef1c, k\u1ebft h\u1ee3p v\u1edbi \u00e2m tr\u1ea7m m\u1ea1nh m\u1ebd th\u01b0\u01a1ng hi\u1ec7u Harman Kardon\r\nC\u00f4ng ngh\u1ec7 k\u1ebft n\u1ed1i bluetooth kh\u00f4ng d\u00e2y 4.2 gi\u00fap t\u1ed1i \u01b0u kh\u1ea3 n\u0103ng truy\u1ec1n ph\u00e1t kh\u00f4ng d\u00e2y, c\u0169ng nh\u01b0 ch\u1ea5t l\u01b0\u1ee3ng \u00e2m thanh, c\u00f3 th\u1ec3 k\u1ebft n\u1ed1i 2 ngu\u1ed3n nh\u1ea1c c\u00f9ng l\u00fac.\r\nK\u1ebft n\u1ed1i AUX 3,5mm qua c\u1ed5ng ph\u00eda sau\r\nPin l\u00ean t\u1edbi 8 gi\u1edd m\u1ea1nh m\u1ebd (s\u1ea1c l\u1ea1i trong 5 gi\u1edd)\r\nC\u00f3 th\u1ec3 gh\u00e9p n\u1ed1i d\u1ec5 d\u00e0ng 2 loa Harman Kardon Onyx Studio 7 l\u1ea1i v\u1edbi nhau th\u00f4ng qua t\u00ednh n\u0103ng \"Harman Kardon wireless Dual Sound\" \u0111\u01b0\u1ee3c t\u00edch h\u1ee3p\r\nS\u1ea3n ph\u1ea9m c\u00f3 3 m\u00e0u s\u1eafc bao g\u1ed3m: Charcoal Black, Marine Blue, Winter Gray (\u0110en than, Xanh bi\u1ec3n v\u00e0 X\u00e1m m\u00f9a \u0111\u00f4ng)\r\n\r\nTH\u00d4NG S\u1ed0 K\u1ef8 THU\u1eacT\r\nModel: Onyx Studio 7\r\nM\u00e3 s\u1ea3n ph\u1ea9m: M\u00e0u \u0110en - HKOS7BLKAS \r\n                        M\u00e0u X\u00e1m - HKOS7GRY\r\n                        M\u00e0u Xanh D\u01b0\u01a1ng - HKOS7BLU\r\nLo\u1ea1i: Loa bluetooth di d\u1ed9ng, th\u00f4ng minh\r\nH\u1ec7 th\u1ed1ng c\u1ee7 loa: Loa tweeter k\u00e9p 25mm, Loa tr\u1ea7m 1 x 120mm cho \u00e2m thanh n\u1ed5i trung th\u1ef1c, k\u1ebft h\u1ee3p v\u1edbi \u00e2m tr\u1ea7m m\u1ea1nh m\u1ebd th\u01b0\u01a1ng hi\u1ec7u Harman Kardon\r\nC\u00f4ng su\u1ea5t \u0111\u1ea7u ra \u0111\u1ecbnh m\u1ee9c: 50W RMS\r\nNgu\u1ed3n \u0111i\u1ec7n: 19V / 2A\r\n\u0110\u00e1p \u1ee9ng t\u1ea7n s\u1ed1: 50Hz - 20kHz (-6dB)\r\nT\u1ef7 l\u1ec7 t\u00edn hi\u1ec7u tr\u00ean nhi\u1ec5u:> 80dB\r\nLo\u1ea1i pin: Li-ion polymer 11.70Wh (t\u01b0\u01a1ng \u0111\u01b0\u01a1ng 3.6V / 3250mAh) Th\u1eddi gian ch\u01a1i nh\u1ea1c 8 gi\u1edd (s\u1ea1c l\u1ea1i trogn 5 gi\u1edd)\r\nBluetooth: 4.2\r\nAUX: c\u00f3\r\nHarman Kardon wireless Dual Sound: c\u00f3\r\nM\u00e0u s\u1eafc bao g\u1ed3m: Charcoal Black, Marine Blue, Winter Gray (\u0110en than, Xanh bi\u1ec3n v\u00e0 X\u00e1m m\u00f9a \u0111\u00f4ng)\r\nK\u00edch th\u01b0\u1edbc (R\u1ed9ng x Cao x D\u00e0y): 268,0 x 302,5 x 159,5mm\r\nTr\u1ecdng l\u01b0\u1ee3ng: 3.295kg\r\n \r\nTH\u00d4NG TIN B\u1ea2O H\u00c0NH:\r\nTh\u1eddi gian b\u1ea3o h\u00e0nh: 12 Th\u00e1ng\r\nK\u00edch ho\u1ea1t b\u1ea3o h\u00e0nh \u0111i\u1ec7n t\u1eed: https://pgi.com.vn/bao-hanh\r\nS\u1ed1 \u0111i\u1ec7n tho\u1ea1i trung t\u00e2m b\u1ea3o h\u00e0nh:\r\nG\u1ecdi b\u1ea3o h\u00e0nh (8h-17h30): 028 6299 0552 s\u1ed1 m\u00e1y l\u1ebb 0\r\nG\u1ecdi k\u1ef9 thu\u1eadt (8h-17h30): 028 6299 0552 s\u1ed1 m\u00e1y l\u1ebb 103\r\n", "is_mart": false, "show_shopee_verified_label": false, "size_chart": null, "reference_item_id": "", "brand": "harman/kardon", "item_rating": {"rating_star": 4.966666666666667, "rating_count": [30, 0, 0, 0, 1, 29]}, "label_ids": [1000182, 1000259, 1000279, 1006306, 1006331, 1006352, 1006435, 1006483, 1006624, 1006625, 1007155, 1007328, 1007394, 1007516, 1007546, 1007589, 1007627, 1007765, 1007768, 1006856, 1008283, 1008290, 1008313, 1008515, 1008793, 1009058, 1009063, 1009427, 1009489, 1009763, 1010033, 1010111, 1010449, 1010668, 1010797, 1011155, 1000258, 1011654, 1012191, 1004367, 1006619, 1007696, 1001044, 1008842, 1010348, 1010425, 1010506, 1010507, 1010999, 1011010, 1010738, 1011156, 1011193, 1011294, 1011378, 1011519, 1010484, 1011627, 1011629, 1012011, 1011387, 1012107, 1012539, 1012551], "attributes": [{"name": "Ki\u1ec3u k\u1ebft n\u1ed1i", "value": "Kh\u00f4ng d\u00e2y", "id": 100408, "is_timestamp": false, "brand_option": null, "val_id": null}], "liked": false, "liked_count": 39, "cmt_count": 30, "flag": 268959746, "shopee_verified": false, "is_adult": false, "is_preferred_plus_seller": false, "tier_variations": [{"name": "M\u00e0u", "options": ["\u0110en", "X\u00e1m ", "Xanh D\u01b0\u01a1ng "], "images": ["0f6d0d6fdf38df1dadfbb1ac5f39b896", "299701ae51b4dc59615f7093b39c7ff6", "f16702aff43e6bd024de810a0784f77c"], "properties": null, "type": 0}], "bundle_deal_id": 0, "can_use_bundle_deal": false, "add_on_deal_info": null, "bundle_deal_info": null, "can_use_wholesale": false, "wholesale_tier_list": [], "is_group_buy_item": null, "group_buy_info": null, "welcome_package_type": 0, "welcome_package_info": null, "tax_code": null, "invoice_option": null, "complaint_policy": null, "images": ["0f6d0d6fdf38df1dadfbb1ac5f39b896", "f16702aff43e6bd024de810a0784f77c", "299701ae51b4dc59615f7093b39c7ff6", "3b1ce9df10fdaca98ca207123bf39ab1", "03af03501ea7d26d880bb0bd8c229485", "6b7705e067d5acf909578cf8becc738c", "a608f1ae613147dbe8810feeaecf26d3"], "image": "0f6d0d6fdf38df1dadfbb1ac5f39b896", "video_info_list": null, "item_type": 0, "is_official_shop": true, "show_official_shop_label_in_title": true, "shop_location": "TP. H\u1ed3 Ch\u00ed Minh", "coin_earn_label": null, "cb_option": 0, "is_pre_order": false, "estimated_days": 2, "badge_icon_type": 6, "show_free_shipping": true, "shipping_icon_type": 0, "cod_flag": 0, "is_service_by_shopee": true, "show_original_guarantee": false, "categories": [{"catid": 100535, "display_name": "Thi\u1ebft B\u1ecb \u00c2m Thanh", "no_sub": false, "is_default_subcat": false}, {"catid": 100582, "display_name": "D\u00e0n \u00e2m thanh", "no_sub": false, "is_default_subcat": false}, {"catid": 100625, "display_name": "Loa", "no_sub": true, "is_default_subcat": false}], "other_stock": 0, "item_has_post": false, "discount_stock": 49, "current_promotion_has_reserve_stock": false, "current_promotion_reserved_stock": 0, "normal_stock": 49, "brand_id": 1143485, "is_alcohol_product": false, "show_recycling_info": false, "coin_info": {"spend_cash_unit": 100000, "coin_earn_items": [{"coin_earn": 0}, {"coin_earn": 0}, {"coin_earn": 0}]}, "models": [{"itemid": 7094025104, "status": 1, "current_promotion_reserved_stock": 0, "name": "\u0110en", "promotionid": 1311568104, "price": 595000000000, "price_stocks": [{"allocated_stock": 0, "stock_breakdown_by_location": null}, {"allocated_stock": null, "stock_breakdown_by_location": [{"location_id": "VNW", "available_stock": 27, "fulfilment_type": 1, "address_id": 38200026}, {"location_id": "VNZ", "available_stock": 0, "fulfilment_type": 2, "address_id": null}]}], "current_promotion_has_reserve_stock": false, "normal_stock": 27, "extinfo": {"tier_index": [0], "group_buy_info": null, "is_pre_order": null, "estimated_days": 2}, "price_before_discount": 599000000000, "modelid": 56332347621, "stock": 27, "has_gimmick_tag": false}, {"itemid": 7094025104, "status": 1, "current_promotion_reserved_stock": 0, "name": "X\u00e1m ", "promotionid": 1311568104, "price": 595000000000, "price_stocks": [{"allocated_stock": 0, "stock_breakdown_by_location": null}, {"allocated_stock": null, "stock_breakdown_by_location": [{"location_id": "VNW", "available_stock": 7, "fulfilment_type": 1, "address_id": 38200026}, {"location_id": "VNZ", "available_stock": 0, "fulfilment_type": 2, "address_id": null}]}], "current_promotion_has_reserve_stock": false, "normal_stock": 7, "extinfo": {"tier_index": [1], "group_buy_info": null, "is_pre_order": null, "estimated_days": 2}, "price_before_discount": 599000000000, "modelid": 56332347622, "stock": 7, "has_gimmick_tag": false}, {"itemid": 7094025104, "status": 1, "current_promotion_reserved_stock": 0, "name": "Xanh D\u01b0\u01a1ng ", "promotionid": 1311568104, "price": 595000000000, "price_stocks": [{"allocated_stock": 0, "stock_breakdown_by_location": null}, {"allocated_stock": null, "stock_breakdown_by_location": [{"location_id": "VNW", "available_stock": 15, "fulfilment_type": 1, "address_id": 38200026}, {"location_id": "VNZ", "available_stock": 0, "fulfilment_type": 2, "address_id": null}]}], "current_promotion_has_reserve_stock": false, "normal_stock": 15, "extinfo": {"tier_index": [2], "group_buy_info": null, "is_pre_order": null, "estimated_days": 2}, "price_before_discount": 599000000000, "modelid": 56332347623, "stock": 15, "has_gimmick_tag": false}], "spl_info": {"installment_info": null, "user_credit_info": null, "channel_id": null, "show_spl": false, "show_spl_lite": false}, "preview_info": null, "fe_categories": [{"catid": 11036132, "display_name": "Consumer Electronics", "no_sub": false, "is_default_subcat": false}, {"catid": 11036135, "display_name": "Audio", "no_sub": false, "is_default_subcat": false}, {"catid": 11036140, "display_name": "Portable speakers", "no_sub": true, "is_default_subcat": false}], "presale_info": null, "is_cc_installment_payment_eligible": true, "is_non_cc_installment_payment_eligible": false, "flash_sale": null, "upcoming_flash_sale": null, "deep_discount": null, "has_low_fulfillment_rate": false, "is_partial_fulfilled": false, "makeups": null, "shop_vouchers": null, "global_sold": null, "is_infant_milk_formula_product": false, "should_show_amp_tag": false}