{"itemid": 11274976382, "shopid": 397705144, "userid": 0, "price_max_before_discount": 799000000000, "has_lowest_price_guarantee": false, "price_before_discount": 799000000000, "price_min_before_discount": 799000000000, "exclusive_price_info": null, "hidden_price_display": null, "price_min": 767000000000, "price_max": 767000000000, "price": 767000000000, "stock": 6, "discount": "4%", "historical_sold": 14, "sold": 5, "show_discount": 4, "raw_discount": 4, "min_purchase_limit": 0, "overall_purchase_limit": {"order_max_purchase_limit": 0, "overall_purchase_limit": null, "item_overall_quota": null, "start_date": null, "end_date": null}, "pack_size": null, "is_live_streaming_price": null, "name": "Loa Bluetooth Harman Kardon SoundSticks 4 - H\u00e0ng ch\u00ednh h\u00e3ng", "ctime": 1638158899, "item_status": "normal", "status": 1, "condition": 1, "catid": 100535, "description": "M\u00d4 T\u1ea2 S\u1ea2N PH\u1ea8M\n- Loa Harman Kardon SoundSticks 4 l\u00e0 s\u1ef1 l\u1ef1a ch\u1ecdn tuy\u1ec7t v\u1eddi \u0111\u1ec3 \u0111\u1eb7t b\u00e0n trong ph\u00f2ng l\u00e0m vi\u1ec7c ho\u1eb7c ph\u00f2ng kh\u00e1ch gia \u0111\u00ecnh b\u1ea1n, v\u1edbi thi\u1ebft k\u1ebf c\u1ef1c \u0111\u1eb9p k\u1ebft h\u1ee3p nhi\u1ec1u c\u00f4ng ngh\u1ec7 ti\u00ean ti\u1ebfn \u0111em \u0111\u1ebfn \u00e2m thanh \u0111\u1ec9nh cao, c\u00f3 th\u1ec3 nghe m\u1ecdi th\u1ec3 lo\u1ea1i nh\u1ea1c v\u00e0 kh\u1ea3 n\u0103ng k\u1ebft n\u1ed1i \u0111a d\u1ea1ng d\u1ec5 d\u00e0ng v\u1edbi m\u1ecdi ngu\u1ed3n \u00e2m thanh y\u00eau th\u00edch c\u1ee7a b\u1ea1n.\n- C\u00f3 th\u1ec3 l\u00e0m loa nghe nh\u1ea1c, loa vi t\u00ednh v\u00f4 c\u00f9ng \u0111a d\u1ee5ng, m\u1eabu Loa bluetooth Harman Kardon Soundsticks 4 hi\u1ec7n \u0111ang \u0111\u01b0\u1ee3c gi\u1edbi tr\u1ebb y\u00eau c\u00f4ng ngh\u1ec7 Vi\u1ec7t Nam y\u00eau th\u00edch. S\u1ea3n ph\u1ea9m hi\u1ec7n \u0111ang \u0111\u01b0\u1ee3c b\u00e1n ch\u00ednh h\u00e3ng v\u1edbi gi\u00e1 t\u1ed1t k\u00e8m nhi\u1ec1u \u01b0u \u0111\u00e3i nh\u1ea5t Vi\u1ec7t Nam t\u1ea1i HDRADIO.\n- \u0110\u1eb7c \u0111i\u1ec3m n\u1ed5i b\u1eadt c\u1ee7a loa Harman Kardon SoundSticks 4\nThi\u1ebft k\u1ebf sang tr\u1ecdng mang \u0111\u1eb7c tr\u01b0ng c\u1ee7a d\u00f2ng loa SoundSticks c\u1ef1c \u0111\u1eb9p\nNh\u1ecf g\u1ecdn ph\u00f9 h\u1ee3p \u0111\u1ec3 \u0111\u1eb7t b\u00e0n, k\u1ec7 trong c\u00e1c kh\u00f4ng gian ph\u00f2ng.\n \u00c2m thanh c\u1ef1c hay v\u00e0 \u1ea5n t\u01b0\u1ee3ng mang th\u01b0\u01a1ng hi\u1ec7u h\u00e3ng Harman Kardon \nT\u1ed5ng c\u00f4ng su\u1ea5t l\u00ean t\u1edbi 140W v\u00f4 c\u00f9ng m\u1ea1nh m\u1ebd\nK\u1ebft n\u1ed1i kh\u00f4ng d\u00e2y: Bluetooth 4.2\nK\u1ebft n\u1ed1i c\u00f3 d\u00e2y qua c\u1ed5ng AUX (3,5 mm).\n\u0110i\u1ec1u khi\u1ec3n d\u1ec5 d\u00e0ng v\u00e0 tinh t\u1ebf v\u1edbi b\u1ea3ng \u0111i\u1ec1u khi\u1ec3n tr\u1ef1c ti\u1ebfp \u1edf vi\u1ec1n loa sub.\nC\u00f3 th\u1ec3 \u0111i\u1ec1u khi\u1ec3n t\u1eeb xa: \u00e2m l\u01b0\u1ee3ng, play pause... tr\u1ef1c ti\u1ebfp tr\u00ean c\u00e1c \u0111i\u1ec7n tho\u1ea1i th\u00f4ng minh \u0111\u01b0\u1ee3c k\u1ebft n\u1ed1i\nLoa c\u00f3 hai m\u00e0u \u0111en v\u00e0 tr\u1eafng gi\u00fap b\u1ea1n d\u1ec5 d\u00e0ng t\u00f9y ch\u1ecdn v\u1edbi kh\u00f4ng gian ph\u00f2ng\n- \u0110em \u0111\u1ebfn m\u1ed9t thi\u1ebft k\u1ebf m\u1edbi, mang y\u1ebfu t\u1ed1 trong su\u1ed1t \u0111\u1eb7c tr\u01b0ng c\u1ee7a si\u00eau ph\u1ea9m SoundSticks ban \u0111\u1ea7u v\u1edbi v\u1edbi 2 loa v\u1ec1 tinh 1 loa sub c\u00f3 v\u1ecf trong su\u1ed1t c\u1ef1c \u0111\u1eb9p mang t\u00ednh bi\u1ec3u t\u01b0\u1ee3ng c\u1ee7a d\u00f2ng SoundSticks.\n- C\u00f3 h\u1ec7 th\u1ed1ng \u00e2m thanh to\u00e0n d\u1ea3i \u1ea5n t\u01b0\u1ee3ng v\u1edbi 2 loa v\u1ec7 tinh v\u00e0 m\u1ed9t subwoofer. C\u1ee5 th\u1ec3 Harman Kardon SoundSticks 4 l\u00e0 s\u1ef1 k\u1ebft h\u1ee3p gi\u1eefa h\u1ec7 th\u1ed1ng loa si\u00eau tr\u1ea7m ki\u1ec3u m\u1edbi c\u00f3 k\u00edch th\u01b0\u1edbc 5,25 inch d\u1ea1ng v\u00f2m h\u01b0\u1edbng s\u00e0n, k\u1ebft h\u1ee3p c\u00f9ng hai loa v\u1ec7 tinh, m\u1ed7i loa c\u00f3 b\u1ed1n c\u1ee7 to\u00e0n d\u1ea3i 1,4 inch cho \u00e2m thanh r\u00f5 r\u00e0ng, s\u1ed1ng \u0111\u1ed9ng mang \u0111\u1eb7c tr\u01b0ng c\u1ee7a h\u00e3ng H/K v\u1edbi \u00e2m tr\u1ea7m s\u00e2u d\u00e0i, \u00e2m trung, cao r\u00f5 r\u00e0ng, chi ti\u1ebft.\n- C\u00f3 th\u1ec3 k\u1ebft n\u1ed1i v\u1edbi c\u00e1c thi\u1ebft b\u1ecb th\u00f4ng minh kh\u00e1c ho\u00e0n h\u1ea3o th\u00f4ng qua c\u1ea3 k\u1ebft n\u1ed1i kh\u00f4ng d\u00e2y bluetooth v\u00e0 k\u1ebft n\u1ed1i c\u00f3 d\u00e2y th\u00f4ng qua c\u1ed5ng AUX (3,5mm). V\u1edbi Bluetooth 4.2, Harman Kardon SoundSticks 4 c\u00f3 th\u1ec3 k\u1ebft n\u1ed1i kh\u00f4ng d\u00e2y ch\u1ea5t l\u01b0\u1ee3ng v\u1edbi m\u00e1y vi t\u00ednh, laptop hay c\u00e1c thi\u1ebft b\u1ecb th\u00f4ng minh kh\u00e1c v\u1edbi kho\u1ea3ng c\u00e1ch c\u00f3 th\u1ec3 l\u00ean t\u1edbi 10m\n\nTH\u00d4NG S\u1ed0 K\u1ef8 THU\u1eacT\n- Model: SoundSticks 4\n- Lo\u1ea1i: loa bluetooth \u0111\u1ec3 b\u00e0n (c\u00f3 th\u1ec3 s\u1eed d\u1ee5ng l\u00e0m loa vi t\u00ednh kh\u00f4ng d\u00e2y ti\u1ec7n d\u1ee5ng)\n- C\u1ea5u tr\u00fac: 1 loa sub 5,25 inch v\u00e0 1 c\u1eb7p loa v\u1ec7 tinh v\u1edbi 4 c\u1ee7 loa to\u00e0n d\u1ea3i m\u1ed7i chi\u1ebfc(t\u1ed5ng c\u1ed9ng 8 c\u1ee7) v\u1edbi k\u00edch th\u01b0\u1edbc m\u1ed7i c\u1ee7 l\u00e0 1,4 inch.\n- T\u1ea7n s\u1ed1 \u0111\u00e1p \u1ee9ng: 40Hz -20kHz\n- Signal to noise Ratio: 80dB\n- T\u1ed5ng c\u00f4ng su\u1ea5t: 140W (C\u00f4ng su\u1ea5t loa sub: 100W; C\u00f4ng su\u1ea5t 2 loa v\u1ec7 tinh: 40W)\n- K\u1ebft n\u1ed1i v\u1edbi ngu\u1ed3n 220V th\u00f4ng qua m\u1ed9t adapter \u0111i k\u00e8m c\u00f3 \u0111i\u1ec7n \u0111\u1ea7u v\u00e0o: 24V/3.7A\n- Bluetooth: 4.2\n- Kho\u1ea3ng c\u00e1ch Bluetooth: 10 m\n- C\u1ed5ng AUX (3,5mm): C\u00f3\n- K\u00edch th\u01b0\u1edbc (W x H x D): Loa sub: 231 x276 x231 mm; Loa V\u1ec7 tinh: 271 x 84 x 84 mm\n- Tr\u1ecdng l\u01b0\u1ee3ng (c\u1ea3 b\u1ed9): 4,432 kg\n***M\u00c0U S\u1eaeC: BLK=BLACK=\u0110EN", "is_mart": false, "show_shopee_verified_label": false, "size_chart": null, "reference_item_id": "", "brand": "harman/kardon", "item_rating": {"rating_star": 5, "rating_count": [2, 0, 0, 0, 0, 2]}, "label_ids": [1000182, 1000259, 1000279, 1006306, 1006331, 1006352, 1006435, 1006483, 1006624, 1006625, 1007155, 1007328, 1007394, 1007516, 1007546, 1007589, 1007627, 1007765, 1007768, 1006856, 1008283, 1008290, 1008313, 1008515, 1008793, 1009058, 1009063, 1009427, 1009489, 1009763, 1010033, 1010111, 1010449, 1010668, 1010797, 1011155, 1000258, 1011654, 1012191, 1011627, 1011629, 1001044, 1012011, 1006619, 1011387, 1012107, 1012539], "attributes": [{"name": "Ki\u1ec3u k\u1ebft n\u1ed1i", "value": "Kh\u00f4ng d\u00e2y", "id": 100408, "is_timestamp": false, "brand_option": null, "val_id": null}], "liked": false, "liked_count": 7, "cmt_count": 2, "flag": 268959744, "shopee_verified": false, "is_adult": false, "is_preferred_plus_seller": false, "tier_variations": [{"name": "Ph\u00e2n Lo\u1ea1i", "options": ["\u0110en", "Tr\u1eafng"], "images": null, "properties": null, "type": 0}], "bundle_deal_id": 0, "can_use_bundle_deal": false, "add_on_deal_info": null, "bundle_deal_info": null, "can_use_wholesale": false, "wholesale_tier_list": [], "is_group_buy_item": null, "group_buy_info": null, "welcome_package_type": 0, "welcome_package_info": null, "tax_code": null, "invoice_option": null, "complaint_policy": null, "images": ["a8047cbe10281f0212e4df21fbb38eaf", "09330b2446e64976f1077625c1f057fb", "c434ddf905c5dd05ba522f7e930be7d5", "b54a4141034ef7119515768f5bdbc9b7", "819123a7768aa4640a8dd5a47ba27d13", "289a6da3f07c79775e4987d9142af2fc", "10a18da2419f675bc3592f5a208a4377"], "image": "a8047cbe10281f0212e4df21fbb38eaf", "video_info_list": null, "item_type": 0, "is_official_shop": true, "show_official_shop_label_in_title": true, "shop_location": "TP. H\u1ed3 Ch\u00ed Minh", "coin_earn_label": null, "cb_option": 0, "is_pre_order": false, "estimated_days": 2, "badge_icon_type": 6, "show_free_shipping": false, "shipping_icon_type": 0, "cod_flag": 0, "is_service_by_shopee": true, "show_original_guarantee": false, "categories": [{"catid": 100535, "display_name": "Thi\u1ebft B\u1ecb \u00c2m Thanh", "no_sub": false, "is_default_subcat": false}, {"catid": 100582, "display_name": "D\u00e0n \u00e2m thanh", "no_sub": false, "is_default_subcat": false}, {"catid": 100625, "display_name": "Loa", "no_sub": true, "is_default_subcat": false}], "other_stock": 0, "item_has_post": false, "discount_stock": 6, "current_promotion_has_reserve_stock": false, "current_promotion_reserved_stock": 0, "normal_stock": 6, "brand_id": 1143485, "is_alcohol_product": false, "show_recycling_info": false, "coin_info": {"spend_cash_unit": 100000, "coin_earn_items": [{"coin_earn": 0}, {"coin_earn": 0}]}, "models": [{"itemid": 11274976382, "status": 1, "current_promotion_reserved_stock": 0, "name": "\u0110en", "promotionid": 1311568104, "price": 767000000000, "price_stocks": [{"allocated_stock": 0, "stock_breakdown_by_location": null}, {"allocated_stock": null, "stock_breakdown_by_location": [{"location_id": "VNW", "available_stock": 6, "fulfilment_type": 1, "address_id": 38200026}, {"location_id": "VNZ", "available_stock": 0, "fulfilment_type": 2, "address_id": null}]}], "current_promotion_has_reserve_stock": false, "normal_stock": 6, "extinfo": {"tier_index": [0], "group_buy_info": null, "is_pre_order": null, "estimated_days": 2}, "price_before_discount": 799000000000, "modelid": 57910773834, "stock": 6, "has_gimmick_tag": false}, {"itemid": 11274976382, "status": 1, "current_promotion_reserved_stock": 0, "name": "Tr\u1eafng", "promotionid": 0, "price": 799000000000, "price_stocks": [{"allocated_stock": null, "stock_breakdown_by_location": [{"location_id": "VNZ", "available_stock": 0, "fulfilment_type": 2, "address_id": null}]}], "current_promotion_has_reserve_stock": false, "normal_stock": 0, "extinfo": {"tier_index": [1], "group_buy_info": null, "is_pre_order": null, "estimated_days": 2}, "price_before_discount": 0, "modelid": 57910773835, "stock": 0, "has_gimmick_tag": false}], "spl_info": {"installment_info": null, "user_credit_info": null, "channel_id": null, "show_spl": false, "show_spl_lite": false}, "preview_info": null, "fe_categories": [{"catid": 11036132, "display_name": "Consumer Electronics", "no_sub": false, "is_default_subcat": false}, {"catid": 11036135, "display_name": "Audio", "no_sub": false, "is_default_subcat": false}, {"catid": 11036140, "display_name": "Portable speakers", "no_sub": true, "is_default_subcat": false}], "presale_info": null, "is_cc_installment_payment_eligible": true, "is_non_cc_installment_payment_eligible": false, "flash_sale": null, "upcoming_flash_sale": null, "deep_discount": null, "has_low_fulfillment_rate": false, "is_partial_fulfilled": false, "makeups": null, "shop_vouchers": null, "global_sold": null, "is_infant_milk_formula_product": false, "should_show_amp_tag": false}