{"itemid": 10271138239, "shopid": 407195860, "userid": 0, "price_max_before_discount": -1, "has_lowest_price_guarantee": false, "price_before_discount": 0, "price_min_before_discount": -1, "exclusive_price_info": null, "hidden_price_display": null, "price_min": 55000000000, "price_max": 55000000000, "price": 55000000000, "stock": 236, "discount": null, "historical_sold": 3, "sold": 1, "show_discount": 0, "raw_discount": 0, "min_purchase_limit": 0, "overall_purchase_limit": {"order_max_purchase_limit": 0, "overall_purchase_limit": null, "item_overall_quota": null, "start_date": null, "end_date": null}, "pack_size": null, "is_live_streaming_price": null, "name": "[M\u00e3 BMBAU50 gi\u1ea3m 50K \u0111\u01a1n 150K] \u0110\u1ebf H\u00e2m N\u00f3ng Gi\u1eef Nhi\u1ec7t \u0110a N\u0103ng Mokkom L\u00e0m \u1ea4m M\u1ecdi Ch\u1ea5t Li\u1ec7u", "ctime": 1636694694, "item_status": "normal", "status": 1, "condition": 1, "catid": 100636, "description": "\u2714\ufe0f \u01afU \u0110I\u1ec2M S\u1ea2N PH\u1ea8M\n\ud83c\udf3f Kh\u00f4ng k\u00e9n h\u00ecnh d\u1ea1ng c\u1ed1c, c\u00f3 th\u1ec3 gi\u1eef nhi\u1ec7t b\u1eb1ng nhi\u1ec1u ch\u1ea5t li\u1ec7u kh\u00e1c nhau (nh\u01b0 th\u1ee7y tinh, g\u1ed1m, nh\u1ef1a, h\u1ed9p gi\u1ea5y, inox, nh\u00f4m, s\u1eaft, v.v.);\n\ud83c\udf3f Ngo\u00e0i c\u1ed1c, nh\u1eefng th\u1ee9 kh\u00e1c c\u0169ng c\u00f3 th\u1ec3 \u0111\u01b0\u1ee3c h\u00e2m n\u00f3ng (ch\u1eb3ng h\u1ea1n nh\u01b0 \u0111\u1ed3 tr\u00e1ng mi\u1ec7ng, kh\u0103n lau, m\u1eb7t n\u1ea1, tr\u00e1i c\u00e2y, v.v.);\n\ud83c\udf3f Ba m\u1ee9c \u0111i\u1ec1u ch\u1ec9nh, t\u1ef1 \u0111\u1ed9ng ng\u1eaft \u0111i\u1ec7n 12 gi\u1edd \u0111\u1ec3 \u0111\u00e1p \u1ee9ng nhu c\u1ea7u nhi\u1ec7t \u0111\u1ed9 n\u01b0\u1edbc c\u1ee7a b\u1ea1n trong nhi\u1ec1u m\u00f9a, \u0111\u1ea3m b\u1ea3o an to\u00e0n;\n\ud83c\udf3fThi\u1ebft k\u1ebf tinh t\u1ebf, ba m\u00e0u t\u00f9y ch\u1ecdn S\u1ea3n ph\u1ea9m \u0111\u01a1n \u0111\u1ec3 b\u00e0n mini tinh t\u1ebf, d\u1ec5 th\u01b0\u01a1ng;\n\u2714\ufe0f \u0110I\u1ec0U KI\u1ec6N B\u1ea2O H\u00c0NH\n- 1 \u0110\u1ed5i 1 trong v\u00f2ng 7 ng\u00e0y\n- B\u1ea3o h\u00e0nh ch\u00ednh h\u00e3ng 12 th\u00e1ng.", "is_mart": false, "show_shopee_verified_label": false, "size_chart": null, "reference_item_id": "", "brand": "Mokkom", "item_rating": {"rating_star": 0, "rating_count": [0, 0, 0, 0, 0, 0]}, "label_ids": [1000279, 1000265, 1006306, 1006435, 1006483, 1006624, 1006625, 1007155, 1007286, 1007328, 1007394, 1007516, 1007546, 1007765, 1007768, 1006856, 1008283, 1008290, 1008313, 1008515, 1008793, 1000264, 1009063, 1009391, 1009427, 1009489, 1009763, 1010033, 1010111, 1010449, 1010668, 1010797, 1011155, 1011654, 1012191], "attributes": [{"name": "H\u1ea1n b\u1ea3o h\u00e0nh", "value": "12 th\u00e1ng", "id": 100121, "is_timestamp": false, "brand_option": null, "val_id": null}, {"name": "Lo\u1ea1i b\u1ea3o h\u00e0nh", "value": "B\u1ea3o h\u00e0nh nh\u00e0 cung c\u1ea5p", "id": 100370, "is_timestamp": false, "brand_option": null, "val_id": null}, {"name": "Lo\u1ea1i ph\u1ee5 ki\u1ec7n nh\u00e0 b\u1ebfp", "value": "Kh\u00e1c", "id": 100790, "is_timestamp": false, "brand_option": null, "val_id": null}, {"name": "Xu\u1ea5t x\u1ee9", "value": "Trung Qu\u1ed1c", "id": 100037, "is_timestamp": false, "brand_option": null, "val_id": null}, {"name": "Dung t\u00edch", "value": "350ml", "id": 100278, "is_timestamp": false, "brand_option": null, "val_id": null}], "liked": false, "liked_count": 2, "cmt_count": 0, "flag": 0, "shopee_verified": false, "is_adult": false, "is_preferred_plus_seller": false, "tier_variations": [{"name": "M\u00e0u s\u1eafc", "options": ["Xanh L\u00e1", "Xanh D\u01b0\u01a1ng", "T\u00edm"], "images": ["98e178bb3a37d67f1b801108825643cf", "5d9b6a44f491e17d7191e68d11f01d05", "3c1da6eae4169f357fc0685147d17091"], "properties": null, "type": 0}], "bundle_deal_id": 0, "can_use_bundle_deal": false, "add_on_deal_info": null, "bundle_deal_info": null, "can_use_wholesale": false, "wholesale_tier_list": [], "is_group_buy_item": null, "group_buy_info": null, "welcome_package_type": 0, "welcome_package_info": null, "tax_code": null, "invoice_option": null, "complaint_policy": null, "images": ["3e96932e9dd7b2bd1f12026a44198b6e", "e0e1a21e75b2dd2ba39c9b5de7c485ea", "cfa149bcbebbe44df6b3e344884296dc", "849864a77f0d248b44dd32d66cc6de05", "ac70858e4787f215e279d0cdef46a463", "238b7d60e938083b70be2a53dc704a32", "6dd87601a5e4b9f9cd9257cef2198b11", "187b01c3863bffc3316cb31179a971c8", "40676b1aa9369e1f81360520cb94eded"], "image": "3e96932e9dd7b2bd1f12026a44198b6e", "video_info_list": null, "item_type": 0, "is_official_shop": true, "show_official_shop_label_in_title": true, "shop_location": "H\u00e0 N\u1ed9i", "coin_earn_label": null, "cb_option": 0, "is_pre_order": false, "estimated_days": 2, "badge_icon_type": 0, "show_free_shipping": false, "shipping_icon_type": 0, "cod_flag": 0, "is_service_by_shopee": false, "show_original_guarantee": false, "categories": [{"catid": 100636, "display_name": "Nh\u00e0 c\u1eeda & \u0110\u1eddi s\u1ed1ng", "no_sub": false, "is_default_subcat": false}, {"catid": 100717, "display_name": "D\u1ee5ng c\u1ee5 nh\u00e0 b\u1ebfp", "no_sub": false, "is_default_subcat": false}, {"catid": 101223, "display_name": "D\u1ee5ng c\u1ee5 pha tr\u00e0, c\u00e0 ph\u00ea", "no_sub": true, "is_default_subcat": false}], "other_stock": 236, "item_has_post": false, "discount_stock": 0, "current_promotion_has_reserve_stock": false, "current_promotion_reserved_stock": 0, "normal_stock": 236, "brand_id": 1250369, "is_alcohol_product": false, "show_recycling_info": false, "coin_info": {"spend_cash_unit": 100000, "coin_earn_items": [{"coin_earn": 0}, {"coin_earn": 0}, {"coin_earn": 0}]}, "models": [{"itemid": 10271138239, "status": 1, "current_promotion_reserved_stock": 0, "name": "Xanh L\u00e1", "promotionid": 0, "price": 55000000000, "price_stocks": [{"allocated_stock": null, "stock_breakdown_by_location": null}], "current_promotion_has_reserve_stock": false, "normal_stock": 131, "extinfo": {"tier_index": [0], "group_buy_info": null, "is_pre_order": null, "estimated_days": 2}, "price_before_discount": 0, "modelid": 103847942515, "stock": 131, "has_gimmick_tag": false}, {"itemid": 10271138239, "status": 1, "current_promotion_reserved_stock": 0, "name": "Xanh D\u01b0\u01a1ng", "promotionid": 0, "price": 55000000000, "price_stocks": [{"allocated_stock": null, "stock_breakdown_by_location": null}], "current_promotion_has_reserve_stock": false, "normal_stock": 0, "extinfo": {"tier_index": [1], "group_buy_info": null, "is_pre_order": null, "estimated_days": 2}, "price_before_discount": 0, "modelid": 103847942516, "stock": 0, "has_gimmick_tag": false}, {"itemid": 10271138239, "status": 1, "current_promotion_reserved_stock": 0, "name": "T\u00edm", "promotionid": 0, "price": 55000000000, "price_stocks": [{"allocated_stock": null, "stock_breakdown_by_location": null}], "current_promotion_has_reserve_stock": false, "normal_stock": 105, "extinfo": {"tier_index": [2], "group_buy_info": null, "is_pre_order": null, "estimated_days": 2}, "price_before_discount": 0, "modelid": 103847942517, "stock": 105, "has_gimmick_tag": false}], "spl_info": {"installment_info": null, "user_credit_info": null, "channel_id": null, "show_spl": false, "show_spl_lite": false}, "preview_info": null, "fe_categories": [{"catid": 11036670, "display_name": "Home & Living", "no_sub": false, "is_default_subcat": false}, {"catid": 11111666, "display_name": "Drinkware", "no_sub": false, "is_default_subcat": false}, {"catid": 11111710, "display_name": "Tea, Coffee & Bartending Equipments", "no_sub": true, "is_default_subcat": false}], "presale_info": null, "is_cc_installment_payment_eligible": false, "is_non_cc_installment_payment_eligible": false, "flash_sale": null, "upcoming_flash_sale": null, "deep_discount": null, "has_low_fulfillment_rate": false, "is_partial_fulfilled": false, "makeups": null, "shop_vouchers": null, "global_sold": null, "is_infant_milk_formula_product": false, "should_show_amp_tag": false}