{"itemid": 685323540, "shopid": 43536544, "userid": 0, "price_max_before_discount": -1, "has_lowest_price_guarantee": false, "price_before_discount": 0, "price_min_before_discount": -1, "exclusive_price_info": null, "hidden_price_display": null, "price_min": 30900000000, "price_max": 30900000000, "price": 30900000000, "stock": 19, "discount": null, "historical_sold": 206, "sold": 0, "show_discount": 0, "raw_discount": 0, "min_purchase_limit": 0, "overall_purchase_limit": {"order_max_purchase_limit": 0, "overall_purchase_limit": null, "item_overall_quota": null, "start_date": null, "end_date": null}, "pack_size": null, "is_live_streaming_price": null, "name": "H\u00e3ng ph\u00e2n ph\u1ed1i ch\u00ednh th\u1ee9c - M\u00e1y s\u1ea5y t\u00f3c Philips BHC010 - B\u1ea3o h\u00e0nh 24 th\u00e1ng", "ctime": 1510731818, "item_status": "normal", "status": 1, "condition": 1, "catid": 100630, "description": "M\u00e1y s\u1ea5y t\u00f3c Philips BHC010 thi\u1ebft k\u1ebf 2 m\u1ee9c nhi\u1ec7t \u0111\u1ed9 gi\u00fap \u0111\u00e1p \u1ee9ng nhi\u1ec1u nhu c\u1ea7u s\u1ea5y kh\u00e1c nhau c\u1ee7a ng\u01b0\u1eddi s\u1eed d\u1ee5ng. Ch\u1ebf \u0111\u1ed9 s\u1ea5y b\u1ea3o v\u1ec7 t\u00f3c Thermoprotect (k\u00ed hi\u1ec7u TP) v\u1edbi nhi\u1ec7t \u0111\u1ed9 s\u1ea5y t\u1ed1i \u01b0u \u1ed5n \u0111\u1ecbnh \u1edf 57 \u0111\u1ed9 C, gi\u00fap b\u1ea1n s\u1ea5y t\u00f3c nhanh kh\u00f4 m\u00e0 kh\u00f4ng l\u00e0m t\u00f3c h\u01b0 t\u1ed5n.\nCh\u1ebf \u0111\u1ed9 s\u1ea5y m\u00e1t (k\u00ed hi\u1ec7u h\u00ecnh hoa tuy\u1ebft) h\u1ea1n ch\u1ebf t\u1ed5n th\u01b0\u01a1ng t\u1ed1i \u0111a cho t\u00f3c v\u1edbi m\u1ee9c nhi\u1ec7t \u0111\u1ed9 v\u1eeba ph\u1ea3i ph\u00f9 h\u1ee3p v\u1edbi t\u00f3c m\u1ea3nh, kh\u00f4, d\u1ec5 b\u1ecb h\u01b0 t\u1ed5n. Ch\u1ebf \u0111\u1ed9 s\u1ea5y n\u00f3ng th\u00f4ng th\u01b0\u1eddng (k\u00ed hi\u1ec7u 2 v\u1ea1ch) gi\u00fap t\u00f3c mau kh\u00f4, t\u1ea1o ki\u1ec3u nhanh ch\u00f3ng h\u01a1n.\n\nC\u00f4ng su\u1ea5t m\u1ea1nh m\u1ebd 1200W l\u00e0m kh\u00f4 t\u00f3c nhanh ch\u00f3ng, ti\u1ebft ki\u1ec7m th\u1eddi gian.\n2 m\u1ee9c nhi\u1ec7t s\u1ea5y, c\u00f3 ch\u1ebf \u0111\u1ed9 b\u1ea3o v\u1ec7 qu\u00e1 nhi\u1ec7t, s\u1ea5y m\u00e1t.\nM\u00e1y s\u1ea5y t\u00f3c c\u00f3 m\u00f3c treo ti\u1ec7n d\u1ee5ng gi\u00fap b\u1ea1n b\u1ea3o qu\u1ea3n m\u00e1y d\u1ec5 d\u00e0ng h\u01a1n.\nM\u1eb7t sau m\u00e1y s\u1ea5y thi\u1ebft k\u1ebf d\u1ea1ng t\u1ed5 ong gi\u00fap h\u00fat kh\u00f4ng kh\u00ed hi\u1ec7u qu\u1ea3, d\u1ec5 v\u1ec7 sinh\nAn to\u00e0n khi s\u1eed d\u1ee5ng\nS\u1ea3n ph\u1ea9m c\u00f3 ch\u1ebf \u0111\u1ed9 t\u1ef1 ng\u1eaft \u0111i\u1ec7n khi m\u00e1y qu\u00e1 n\u00f3ng, gi\u00fap b\u1ea3o v\u1ec7 \u0111\u1ed9ng c\u01a1, t\u0103ng tu\u1ed5i th\u1ecd cho s\u1ea3n ph\u1ea9m, \u0111\u1ea3m b\u1ea3o an to\u00e0n cho ng\u01b0\u1eddi s\u1eed d\u1ee5ng.\nM\u00e1y s\u1ea5y t\u00f3c Philips BHC010 th\u01b0\u01a1ng hi\u1ec7u Philips n\u1ed5i ti\u1ebfng uy t\u00edn c\u1ee7a H\u00e0 Lan, s\u1ea5y t\u00f3c hi\u1ec7u qu\u1ea3 k\u00e8m m\u1ee9c gi\u00e1 ph\u1ea3i ch\u0103ng \u0111\u01b0\u1ee3c nhi\u1ec1u ng\u01b0\u1eddi l\u1ef1a ch\u1ecdn, tin d\u00f9ng.\nTh\u01b0\u01a1ng hi\u1ec7u n\u1ed5i ti\u1ebfng Philips s\u1ea3n ph\u1ea9m ch\u1ea5t l\u01b0\u1ee3ng t\u1ed1t.\nTh\u00f4ng s\u1ed1 k\u1ef9 thu\u1eadt\n\nKi\u1ec3u d\u00e1ng:M\u00e1y s\u1ea5y v\u1edbi tay c\u1ea7m c\u00f3 th\u1ec3 g\u1ea5p g\u1ecdn\nC\u00f4ng su\u1ea5t:1200 W\nT\u1ed1c \u0111\u1ed9 s\u1ea5y:2 t\u1ed1c \u0111\u1ed9, c\u00f3 s\u1ea5y m\u00e1t\nTi\u1ec7n \u00edch:M\u00f3c treo ti\u1ec7n d\u1ee5ng\nCh\u1ebf \u0111\u1ed9 s\u1ea5y b\u1ea3o v\u1ec7:T\u1ef1 ng\u1eaft khi qu\u00e1 nhi\u1ec7t\nTr\u1ecdng l\u01b0\u1ee3ng:300 g\nTh\u01b0\u01a1ng hi\u1ec7u c\u1ee7a:H\u00e0 Lan\nS\u1ea3n xu\u1ea5t t\u1ea1i:Trung Qu\u1ed1c, H\u00e0ng ph\u00e2n ph\u1ed1i t\u1ea1i Vi\u1ec7t Nam\nB\u1ea3o h\u00e0nh 2 n\u0103m t\u1ea1i c\u00e1c tr\u1ea1m b\u1ea3o h\u00e0nh \u1ee7y quy\u1ec1n tr\u00ean to\u00e0n qu\u1ed1c", "is_mart": false, "show_shopee_verified_label": false, "size_chart": null, "reference_item_id": "", "brand": "PHILIPS", "item_rating": {"rating_star": 4.988505747126437, "rating_count": [87, 0, 0, 0, 1, 86]}, "label_ids": [1001057, 1000959, 1000259, 1000262, 1000258, 1000260, 1000254, 1000256, 1000257, 1000497, 1000499, 1000267, 1000270, 1000268, 1000277, 1000276, 1000278, 1000275, 1000535, 1000501, 1000511, 1000627, 1000630, 1000637, 1000651, 1000660, 1000672, 1000707, 1000710, 1000715, 1000723, 1000724, 1000740, 1000747, 1000748, 1000758, 1000771, 1000764, 1000766, 1000767, 1000770, 1000788, 1000279, 1000335, 1000339, 1000349, 1000333, 1000356, 1000378, 1000379, 1000383, 1000388, 1000429, 1000430, 1000815, 1000602, 1000070, 1000071, 1000075, 1000085, 1000088, 1000100, 1000103, 1000122, 1000125, 1000126, 1000127, 1000137, 1000146, 1000151, 1000153, 1000154, 1000161, 1000163, 1000164, 1000253, 1000255, 1000263, 1000265, 1000264, 1000266, 1000269, 1000271, 1000273, 1000272, 1000274, 1000086, 1000098, 1000185, 1000329, 1000355, 1000655, 1000735, 1000984, 1001412, 1001411, 1001734, 1001740, 1002373, 1002639, 1002768, 1002770, 1002898, 1003238, 1003258, 1003259, 1003262, 1000121, 1000300, 1004929, 1005829, 1005951, 1006016, 1006306, 1006625, 1007155, 1007190, 1007328, 1007394, 1007516, 1007546, 1007765, 1007768, 1006856, 1008283, 1008290, 1008313, 1008515, 1008793, 1009058, 1009063, 1009391, 1009427, 1009763, 1010033, 1010111, 1010449, 1010668, 1010797, 1011155, 1011654, 1012191, 1000248, 1000352, 1000836], "attributes": [{"name": "H\u1ea1n b\u1ea3o h\u00e0nh", "value": "24 th\u00e1ng", "id": 100121, "is_timestamp": false, "brand_option": null, "val_id": null}, {"name": "Lo\u1ea1i b\u1ea3o h\u00e0nh", "value": "B\u1ea3o h\u00e0nh nh\u00e0 cung c\u1ea5p", "id": 100370, "is_timestamp": false, "brand_option": null, "val_id": null}, {"name": "Xu\u1ea5t x\u1ee9", "value": "Trung Qu\u1ed1c", "id": 100037, "is_timestamp": false, "brand_option": null, "val_id": null}], "liked": false, "liked_count": 71, "cmt_count": 89, "flag": 2, "shopee_verified": false, "is_adult": false, "is_preferred_plus_seller": false, "tier_variations": [{"name": "", "options": [""], "images": null, "properties": null, "type": 0}], "bundle_deal_id": 0, "can_use_bundle_deal": false, "add_on_deal_info": null, "bundle_deal_info": null, "can_use_wholesale": false, "wholesale_tier_list": [], "is_group_buy_item": null, "group_buy_info": null, "welcome_package_type": 0, "welcome_package_info": null, "tax_code": null, "invoice_option": null, "complaint_policy": null, "images": ["dc2bec609f72e663ec5804e230a7e547", "b34196ed50cd9280a831a8e3d290c3f6", "aacbd73f729f8031c5c6aacbc79ecda4", "4d9adfb24cafd7a405ce5b3064c32d3a", "69893f62cc518db1d4cf25ad10e70dc8"], "image": "dc2bec609f72e663ec5804e230a7e547", "video_info_list": [{"video_id": "31cf6fa8b8709db81c37350c52e6a091", "thumb_url": "81fc7a7f2b5dd838266d14ee1cdf40c1", "duration": 24, "version": 2, "vid": "sg_3882c341-a2ec-417e-a715-688fda24fb71_000093", "formats": [{"format": 1600008, "defn": "V720P", "profile": "MP4", "path": "", "url": "http://play-aka.vod.shopee.com/c3/98934353/105/AmM1jAkAsF6EMvchXwEGGOBG.mp4", "width": 640, "height": 1136}, {"format": 1600008, "defn": "V720P", "profile": "MP4", "path": "", "url": "http://play-aka.vod.shopee.com/c3/98934353/105/AmM1jAkAsF6EMvchXwEGGOBG.mp4", "width": 640, "height": 1136}, {"format": 1600008, "defn": "V720P", "profile": "MP4", "path": "", "url": "http://play-aka.vod.shopee.com/c3/98934353/105/AmM1jAkAsF6EMvchXwEGGOBG.mp4", "width": 640, "height": 1136}], "default_format": {"format": 100001, "defn": "ORI", "profile": "MP4", "path": "", "url": "http://1500000774.vod2.myqcloud.com/14092670vodsgp1500000774/20a63e19387702293064764790/7jXEuD5EirgA.mp4", "width": 640, "height": 1136}}], "item_type": 0, "is_official_shop": true, "show_official_shop_label_in_title": true, "shop_location": "H\u00e0 N\u1ed9i", "coin_earn_label": null, "cb_option": 0, "is_pre_order": false, "estimated_days": 2, "badge_icon_type": 0, "show_free_shipping": true, "shipping_icon_type": 0, "cod_flag": 0, "is_service_by_shopee": false, "show_original_guarantee": false, "categories": [{"catid": 100630, "display_name": "S\u1eafc \u0110\u1eb9p", "no_sub": false, "is_default_subcat": false}, {"catid": 100663, "display_name": "D\u1ee5ng c\u1ee5 l\u00e0m \u0111\u1eb9p", "no_sub": false, "is_default_subcat": false}, {"catid": 100889, "display_name": "D\u1ee5ng c\u1ee5 ch\u0103m s\u00f3c t\u00f3c", "no_sub": false, "is_default_subcat": false}, {"catid": 101665, "display_name": "M\u00e1y s\u1ea5y t\u00f3c", "no_sub": true, "is_default_subcat": false}], "other_stock": 19, "item_has_post": false, "discount_stock": 0, "current_promotion_has_reserve_stock": false, "current_promotion_reserved_stock": 0, "normal_stock": 19, "brand_id": 1146897, "is_alcohol_product": false, "show_recycling_info": false, "coin_info": {"spend_cash_unit": 100000, "coin_earn_items": [{"coin_earn": 0}]}, "models": [{"itemid": 685323540, "status": 1, "current_promotion_reserved_stock": 0, "name": "", "promotionid": 0, "price": 30900000000, "price_stocks": [{"allocated_stock": null, "stock_breakdown_by_location": null}], "current_promotion_has_reserve_stock": false, "normal_stock": 19, "extinfo": {"tier_index": [0], "group_buy_info": null, "is_pre_order": false, "estimated_days": 2}, "price_before_discount": 0, "modelid": 52115626329, "stock": 19, "has_gimmick_tag": false}], "spl_info": {"installment_info": null, "user_credit_info": null, "channel_id": null, "show_spl": false, "show_spl_lite": false}, "preview_info": null, "fe_categories": [{"catid": 11036279, "display_name": "Beauty & Personal Care", "no_sub": false, "is_default_subcat": false}, {"catid": 11036321, "display_name": "Beauty Tools & Accessories", "no_sub": false, "is_default_subcat": false}, {"catid": 11036326, "display_name": "Hair Tools", "no_sub": true, "is_default_subcat": false}], "presale_info": null, "is_cc_installment_payment_eligible": false, "is_non_cc_installment_payment_eligible": false, "flash_sale": null, "upcoming_flash_sale": null, "deep_discount": null, "has_low_fulfillment_rate": false, "is_partial_fulfilled": false, "makeups": null, "shop_vouchers": null, "global_sold": null, "is_infant_milk_formula_product": false, "should_show_amp_tag": false}