{"itemid": 707011466, "shopid": 43536544, "userid": 0, "price_max_before_discount": -1, "has_lowest_price_guarantee": false, "price_before_discount": 0, "price_min_before_discount": -1, "exclusive_price_info": null, "hidden_price_display": null, "price_min": 165000000000, "price_max": 165000000000, "price": 165000000000, "stock": 3, "discount": null, "historical_sold": 635, "sold": 3, "show_discount": 0, "raw_discount": 0, "min_purchase_limit": 0, "overall_purchase_limit": {"order_max_purchase_limit": 0, "overall_purchase_limit": null, "item_overall_quota": null, "start_date": null, "end_date": null}, "pack_size": null, "is_live_streaming_price": null, "name": "M\u00e1y xay sinh t\u1ed1 Philips HR2118 - B\u1ea3o h\u00e0nh 24 th\u00e1ng - H\u00e3ng ph\u00e2n ph\u1ed1i ch\u00ednh th\u1ee9c", "ctime": 1511412351, "item_status": "normal", "status": 1, "condition": 1, "catid": 100010, "description": "M\u00e1y xay sinh t\u1ed1 Philips HR2118 - H\u00e3ng ph\u00e2n ph\u1ed1i ch\u00ednh th\u1ee9c:\r\n\r\n- M\u00e1y xay sinh t\u1ed1 ng\u00e0y c\u00e0ng tr\u1edf n\u00ean ph\u1ed5 bi\u1ebfn trong c\u00e1c gia \u0111\u00ecnh, kh\u00f4ng ch\u1ec9 gi\u00fap mang \u0111\u1ebfn cho b\u1ea1n nh\u1eefng ly sinh t\u1ed1 th\u01a1m m\u00e1t, b\u1ed5 d\u01b0\u1ee1ng m\u00e0 c\u00f2n gi\u00fap b\u1ea1n ch\u1ebf bi\u1ebfn c\u00e1c m\u00f3n \u0103n ngon th\u1eadt nhanh ch\u00f3ng, ti\u1ec7n l\u1ee3i. M\u00e1y xay sinh t\u1ed1 Philips HR2118 \u0111\u01b0\u1ee3c thi\u1ebft k\u1ebf v\u1edbi l\u01b0\u1ee1i dao c\u00f3 th\u1ec3 th\u00e1o r\u1eddi gi\u00fap vi\u1ec7c v\u1ec7 sinh c\u1ed1i d\u1ec5 d\u00e0ng. M\u00e1y xay sinh t\u1ed1 Philips HR2118 s\u1ebd l\u00e0 m\u1ed9t s\u1ef1 l\u1ef1a ch\u1ecdn ho\u00e0n h\u1ea3o cho gian b\u1ebfp nh\u00e0 b\u1ea1n.\r\n\r\n- T\u00cdNH N\u0102NG N\u1ed4I B\u1eacT \r\n + M\u00e1y c\u00f3 nhi\u1ec1u ch\u1ee9c n\u0103ng nh\u01b0: ch\u1ee9c n\u0103ng th\u00e1i nh\u1ecf, ch\u1ee9c n\u0103ng nghi\u1ec1n nh\u1ecf,\r\nch\u1ee9c n\u0103ng tr\u1ed9n, ch\u1ee9c n\u0103ng l\u1ecdc b\u1ecf b\u00e3, r\u1ea5t thu\u1eadn ti\u1ec7n trong qu\u00e1 tr\u00ecnh ch\u1ebf\r\nbi\u1ebfn th\u1ee9c \u0103n, ti\u1ebft ki\u1ec7m nhi\u1ec1u th\u1eddi gian.\r\n + M\u00e1y c\u00f3 nhi\u1ec1u c\u1ed1i xay ri\u00eang, gi\u00fap b\u1ea1n xay ri\u00eang t\u1eebng th\u1ef1c ph\u1ea9m s\u1ed1ng, ch\u00edn kh\u00e1c nhau \u0111\u1ec3 \u0111\u1ea3m b\u1ea3o v\u1ec7 sinh.\r\n+ L\u01b0\u1ee1i c\u1eaft \u0111\u01b0\u1ee3c l\u00e0m t\u1eeb ch\u1ea5t li\u1ec7u th\u00e9p kh\u00f4ng g\u1ec9, c\u00f3 th\u1ec3 th\u00e1o r\u1eddi ho\u1eb7c thay th\u1ebf n\u00ean b\u1ea1n c\u00f3 th\u1ec3 y\u00ean t\u00e2m s\u1eed d\u1ee5ng.\r\n+ S\u1ea3n ph\u1ea9m \u0111\u01b0\u1ee3c thi\u1ebft k\u1ebf \u0111\u1eb7c bi\u1ec7t v\u1edbi b\u00e0n ph\u00edm ch\u1ed1ng n\u01b0\u1edbc, b\u1ea1n kh\u00f4ng c\u1ea7n lo ng\u1ea1i m\u00e1y b\u1ecb d\u01b0 h\u1ecfng.\r\n+ M\u00e1y thi\u1ebft k\u1ebf v\u1edbi 5 t\u1ed1c \u0111\u1ed9 xay kh\u00e1c nhau ph\u00f9 h\u1ee3p v\u1edbi nhi\u1ec1u m\u1ee5c \u0111\u00edch xay\r\n\r\n- M\u00e1y xay sinh t\u1ed1 Philips HR2118 s\u1ebd gi\u00fap b\u1ea1n ch\u1ebf bi\u1ebfn c\u00e1c m\u00f3n sinh t\u1ed1, n\u01b0\u1edbc \u00e9p tr\u00e1i c\u00e2y cho c\u1ea3 gia \u0111\u00ecnh m\u1ed9t c\u00e1ch d\u1ec5 d\u00e0ng v\u00e0 nhanh ch\u00f3ng. M\u00e1y \u0111\u01b0\u1ee3c thi\u1ebft k\u1ebf v\u1edbi c\u1ed1i nh\u1ef1a cao c\u1ea5p ch\u1ed1ng v\u1ee1 n\u00ean b\u1ea1n c\u00f3 th\u1ec3 xay \u0111\u01b0\u1ee3c \u0111\u00e1 v\u00e0 c\u00e1c lo\u1ea1i hoa qu\u1ea3 c\u1ee9ng kh\u00e1c.\r\n- V\u1edbi \u0111\u1ed9ng c\u01a1 600W, m\u00e1y xay sinh t\u1ed1 philips r\u1ea5t m\u1ea1nh m\u1ebd \u0111\u1ec3 xay v\u00e0 tr\u1ed9n d\u1ec5 d\u00e0ng. B\u1ea1n c\u00f3 th\u1ec3 t\u00f9y ch\u1ecdn v\u1edbi nhi\u1ec1u t\u1ed1c \u0111\u1ed9 xay kh\u00e1c nhau v\u1edbi l\u01b0\u1ee1i c\u1eaft r\u0103ng c\u01b0a si\u00eau b\u1ec1n v\u00e0 s\u1eafc b\u00e9n.\r\n- Ngo\u00e0i ra m\u00e1y xay Philips HR2118 c\u00f2n k\u00e8m theo ph\u1ee5 ki\u1ec7n c\u1ed1i xay \u0111a n\u0103ng, c\u00f3 th\u1ec3 xay th\u1ecbt v\u00e0 c\u00e1c lo\u1ea1i rau, c\u1ee7, qu\u1ea3 m\u1ec1m. B\u1ed9 l\u01b0\u1ee1i c\u1eaft c\u00f3 th\u1ec3 th\u00e1o r\u1eddi ra kh\u1ecfi c\u1ed1i xay \u0111\u1ec3 c\u00f3 th\u1ec3 d\u1ec5 d\u00e0ng v\u1ec7 sinh sau khi s\u1eed d\u1ee5ng.\r\n- B\u00ean c\u1ea1nh \u0111\u00f3, v\u1edbi l\u01b0\u1edbi l\u1ecdc \u0111i k\u00e8m b\u1ea1n c\u00f3 th\u1ec3 d\u1ec5 d\u00e0ng lo\u1ea1i b\u1ecf x\u00e1c b\u00e3 v\u00e0 h\u1ea1t tr\u00e1i c\u00e2y ra kh\u1ecfi n\u01b0\u1edbc \u00e9p b\u1eb1ng b\u1ed9 l\u1ecdc ti\u1ec7n l\u1ee3i n\u00e0y. C\u1ed1i xay kh\u00f4 gi\u00fap b\u1ea1n d\u1ec5 d\u00e0ng xay c\u00e1c lo\u1ea1i h\u1ea1t kh\u00f4 nh\u01b0 l\u1ea1c, v\u1eebng, ti\u00eau, t\u1ecfi, \u1edbt, \u0111\u1eadu ph\u1ed9ng...\r\n\r\n- Th\u00f4ng s\u1ed1 k\u1ef9 thu\u1eadt Philips HR2118:\r\n+ Dung t\u00edch 1.5L\r\n+ Ngu\u1ed3n \u0111i\u1ec7n 220V ~ 240V 50Hz/ 60Hz\r\n+ C\u00f4ng su\u1ea5t 600W\r\n+ Xu\u1ea5t x\u1ee9: Indonesia\r\n+ B\u1ea3o h\u00e0nh 2 n\u0103m t\u1ea1i c\u00e1c tr\u1ea1m b\u1ea3o h\u00e0nh \u1ee7y quy\u1ec1n tr\u00ean to\u00e0n qu\u1ed1c\r\n#hr2118 #philips", "is_mart": false, "show_shopee_verified_label": false, "size_chart": null, "reference_item_id": "", "brand": "PHILIPS", "item_rating": {"rating_star": 4.891696750902527, "rating_count": [277, 1, 2, 4, 12, 258]}, "label_ids": [1001057, 1000959, 1000259, 1000262, 1000258, 1000260, 1000254, 1000256, 1000257, 1000497, 1000499, 1000267, 1000270, 1000268, 1000277, 1000276, 1000278, 1000275, 1000535, 1000501, 1000511, 1000627, 1000630, 1000637, 1000651, 1000660, 1000672, 1000707, 1000710, 1000715, 1000723, 1000724, 1000740, 1000747, 1000748, 1000758, 1000771, 1000764, 1000766, 1000767, 1000770, 1000788, 1000279, 1000335, 1000339, 1000349, 1000333, 1000356, 1000378, 1000379, 1000383, 1000388, 1000429, 1000430, 1000815, 1000602, 1000070, 1000071, 1000075, 1000085, 1000088, 1000100, 1000103, 1000122, 1000125, 1000126, 1000127, 1000137, 1000146, 1000151, 1000153, 1000154, 1000161, 1000163, 1000164, 1000253, 1000255, 1000263, 1000265, 1000264, 1000266, 1000269, 1000271, 1000273, 1000272, 1000274, 1000086, 1000098, 1000185, 1000329, 1000355, 1000655, 1000735, 1000984, 1001412, 1001411, 1001734, 1001740, 1002373, 1002639, 1002768, 1002770, 1002898, 1003238, 1003258, 1003259, 1003262, 1000121, 1000300, 1004929, 1005829, 1005951, 1006016, 1006306, 1006625, 1007155, 1007190, 1007328, 1007394, 1007516, 1007546, 1007765, 1007768, 1006856, 1008283, 1008290, 1008313, 1008515, 1008793, 1009058, 1009063, 1009391, 1009427, 1009763, 1010033, 1010111, 1010449, 1010668, 1010797, 1011155, 1011654, 1012191, 1000032, 1000041, 1000044, 1000064, 1000065, 1000112, 1000138, 1000205, 1000208, 1000226, 1000228, 1000248, 1000315, 1000352, 1000414, 1000442, 1000464, 1000521, 1000565, 1000593, 1000675, 1000779, 1000817, 1000819, 1000821, 1000825, 1000836, 1000850, 1000919, 1000960, 1000971, 15, 69, 1001943, 1001950, 1001965, 1001975, 1002087, 1002190, 1002256, 1002262, 1002698, 1002932, 1003165, 1003170, 1003321, 1003695, 1003698, 1004146, 1004349, 1006825, 1007414, 1007861, 1008542, 1009687, 1010348], "attributes": [{"name": "Tr\u1ecdng l\u01b0\u1ee3ng", "value": "3kg", "id": 100095, "is_timestamp": false, "brand_option": null, "val_id": null}, {"name": "Xu\u1ea5t x\u1ee9", "value": "Trung Qu\u1ed1c", "id": 100037, "is_timestamp": false, "brand_option": null, "val_id": null}, {"name": "H\u1ea1n b\u1ea3o h\u00e0nh", "value": "24 th\u00e1ng", "id": 100121, "is_timestamp": false, "brand_option": null, "val_id": null}, {"name": "Lo\u1ea1i b\u1ea3o h\u00e0nh", "value": "B\u1ea3o h\u00e0nh nh\u00e0 cung c\u1ea5p", "id": 100370, "is_timestamp": false, "brand_option": null, "val_id": null}, {"name": "Lo\u1ea1i m\u00e1y xay", "value": "M\u00e1y xay countertop", "id": 100275, "is_timestamp": false, "brand_option": null, "val_id": null}, {"name": "Ch\u1ee9c n\u0103ng m\u00e1y xay", "value": "L\u01b0\u1ee1i dao c\u00f3 th\u1ec3 th\u00e1o r\u1eddi, Nghi\u1ec1n \u0111\u00e1, Nhi\u1ec1u t\u1ed1c \u0111\u1ed9", "id": 100274, "is_timestamp": false, "brand_option": null, "val_id": null}, {"name": "Ch\u1ea5t li\u1ec7u", "value": "Kim lo\u1ea1i, Nh\u1ef1a", "id": 100134, "is_timestamp": false, "brand_option": null, "val_id": null}, {"name": "T\u00ednh n\u0103ng m\u00e1y \u00e9p tr\u00e1i c\u00e2y", "value": "Ch\u1ed1ng tr\u01b0\u1ee3t", "id": 100303, "is_timestamp": false, "brand_option": null, "val_id": null}, {"name": "Dung t\u00edch", "value": "1.5L", "id": 100278, "is_timestamp": false, "brand_option": null, "val_id": null}, {"name": "\u0110i\u1ec7n \u00e1p \u0111\u1ea7u v\u00e0o", "value": "220V", "id": 100323, "is_timestamp": false, "brand_option": null, "val_id": null}, {"name": "Ti\u00eau th\u1ee5 \u0111i\u1ec7n n\u0103ng", "value": "700W", "id": 100355, "is_timestamp": false, "brand_option": null, "val_id": null}, {"name": "K\u00edch th\u01b0\u1edbc (d\u00e0i x r\u1ed9ng x cao)", "value": "24 x 31 x 36.5 cm", "id": 100942, "is_timestamp": false, "brand_option": null, "val_id": null}], "liked": false, "liked_count": 352, "cmt_count": 298, "flag": 65538, "shopee_verified": false, "is_adult": false, "is_preferred_plus_seller": false, "tier_variations": [{"name": "Philips", "options": ["HR2118 - 600W", "HR2223 - 700W"], "images": ["dddfbe06cb396f6d9d4a70903bb91eab", "bf494d7b77674334a98bab4d7951daad"], "properties": null, "type": 0}], "bundle_deal_id": 0, "can_use_bundle_deal": false, "add_on_deal_info": null, "bundle_deal_info": null, "can_use_wholesale": false, "wholesale_tier_list": [], "is_group_buy_item": null, "group_buy_info": null, "welcome_package_type": 0, "welcome_package_info": null, "tax_code": null, "invoice_option": null, "complaint_policy": null, "images": ["1bba7c67c170aac5f1d3f7453a700de3", "09bf72bdff8b2f31c06dcb08f828b6c7", "f6d277bf0f7687d1bb7fea00b9a94c65", "0c2f55804e57b92714dd1ac151e8cf40", "0e38529f4e460198ce09508a48849da7", "0e02f706a6fd08f7d0736663c76a5793"], "image": "1bba7c67c170aac5f1d3f7453a700de3", "video_info_list": [{"video_id": "139cc2915e7b70afd4cffbacd879987c", "thumb_url": "259ce88a9f191dbedc74b92fbd309a49", "duration": 19, "version": 2, "vid": "sg_0d1394c3-7c01-4b19-81a3-8f99dbc8ad3d_000097", "formats": [{"format": 1100008, "defn": "V720P", "profile": "MP4", "path": "", "url": "http://1500000774.vod2.myqcloud.com/c830c918vodtranssgp1500000774/5b5c4472387702293880195113/v.f1046142.mp4", "width": 640, "height": 856}, {"format": 1100008, "defn": "V720P", "profile": "MP4", "path": "", "url": "http://1500000774.vod2.myqcloud.com/c830c918vodtranssgp1500000774/5b5c4472387702293880195113/v.f1046142.mp4", "width": 640, "height": 856}, {"format": 1100008, "defn": "V720P", "profile": "MP4", "path": "", "url": "http://1500000774.vod2.myqcloud.com/c830c918vodtranssgp1500000774/5b5c4472387702293880195113/v.f1046142.mp4", "width": 640, "height": 856}], "default_format": {"format": 100001, "defn": "ORI", "profile": "MP4", "path": "", "url": "http://1500000774.vod2.myqcloud.com/14092670vodsgp1500000774/5b5c4472387702293880195113/nEJkEGJb9kAA.mp4", "width": 640, "height": 856}}], "item_type": 0, "is_official_shop": true, "show_official_shop_label_in_title": true, "shop_location": "H\u00e0 N\u1ed9i", "coin_earn_label": null, "cb_option": 0, "is_pre_order": false, "estimated_days": 2, "badge_icon_type": 0, "show_free_shipping": true, "shipping_icon_type": 0, "cod_flag": 0, "is_service_by_shopee": false, "show_original_guarantee": false, "categories": [{"catid": 100010, "display_name": "Thi\u1ebft B\u1ecb \u0110i\u1ec7n Gia D\u1ee5ng", "no_sub": false, "is_default_subcat": false}, {"catid": 100041, "display_name": "\u0110\u1ed3 gia d\u1ee5ng nh\u00e0 b\u1ebfp", "no_sub": false, "is_default_subcat": false}, {"catid": 100193, "display_name": "M\u00e1y \u00e9p, Xay sinh t\u1ed1 & M\u00e1y l\u00e0m s\u1eefa \u0111\u1eadu n\u00e0nh", "no_sub": true, "is_default_subcat": false}], "other_stock": 3, "item_has_post": true, "discount_stock": 0, "current_promotion_has_reserve_stock": false, "current_promotion_reserved_stock": 0, "normal_stock": 3, "brand_id": 1146897, "is_alcohol_product": false, "show_recycling_info": false, "coin_info": {"spend_cash_unit": 100000, "coin_earn_items": [{"coin_earn": 0}, {"coin_earn": 0}]}, "models": [{"itemid": 707011466, "status": 1, "current_promotion_reserved_stock": 0, "name": "HR2118 - 600W", "promotionid": 0, "price": 165000000000, "price_stocks": [{"allocated_stock": null, "stock_breakdown_by_location": null}], "current_promotion_has_reserve_stock": false, "normal_stock": 0, "extinfo": {"tier_index": [0], "group_buy_info": null, "is_pre_order": false, "estimated_days": 2}, "price_before_discount": 0, "modelid": 60919636527, "stock": 0, "has_gimmick_tag": false}, {"itemid": 707011466, "status": 1, "current_promotion_reserved_stock": 0, "name": "HR2223 - 700W", "promotionid": 0, "price": 165000000000, "price_stocks": [{"allocated_stock": null, "stock_breakdown_by_location": null}], "current_promotion_has_reserve_stock": false, "normal_stock": 3, "extinfo": {"tier_index": [1], "group_buy_info": null, "is_pre_order": false, "estimated_days": 2}, "price_before_discount": 0, "modelid": 60919636528, "stock": 3, "has_gimmick_tag": false}], "spl_info": {"installment_info": null, "user_credit_info": null, "channel_id": null, "show_spl": false, "show_spl_lite": false}, "preview_info": null, "fe_categories": [{"catid": 11036971, "display_name": "Home Appliances", "no_sub": false, "is_default_subcat": false}, {"catid": 11111623, "display_name": "Blenders, Mixers & Grinders", "no_sub": false, "is_default_subcat": false}, {"catid": 11111629, "display_name": "Blenders, Mixers & Grinders", "no_sub": true, "is_default_subcat": false}], "presale_info": null, "is_cc_installment_payment_eligible": false, "is_non_cc_installment_payment_eligible": false, "flash_sale": null, "upcoming_flash_sale": null, "deep_discount": null, "has_low_fulfillment_rate": false, "is_partial_fulfilled": false, "makeups": null, "shop_vouchers": null, "global_sold": null, "is_infant_milk_formula_product": false, "should_show_amp_tag": false}