{"itemid": 991941000, "shopid": 43536544, "userid": 0, "price_max_before_discount": -1, "has_lowest_price_guarantee": false, "price_before_discount": 0, "price_min_before_discount": -1, "exclusive_price_info": null, "hidden_price_display": null, "price_min": 30900000000, "price_max": 30900000000, "price": 30900000000, "stock": 7, "discount": null, "historical_sold": 431, "sold": 14, "show_discount": 0, "raw_discount": 0, "min_purchase_limit": 0, "overall_purchase_limit": {"order_max_purchase_limit": 0, "overall_purchase_limit": null, "item_overall_quota": null, "start_date": null, "end_date": null}, "pack_size": null, "is_live_streaming_price": null, "name": "M\u00e1y s\u1ea5y t\u00f3c du l\u1ecbch Philips BHC010 1200W", "ctime": 1521277255, "item_status": "normal", "status": 1, "condition": 1, "catid": 100630, "description": "M\u00e1y s\u1ea5y t\u00f3c du l\u1ecbch Philips BHC010 (H\u1ed3ng) - H\u00e0ng nh\u1eadp kh\u1ea9u:\nC\u00f4ng su\u1ea5t m\u1ea1nh m\u1ebd 1200W l\u00e0m kh\u00f4 t\u00f3c nhanh ch\u00f3ng, ti\u1ebft ki\u1ec7m th\u1eddi gian.\n2 m\u1ee9c nhi\u1ec7t s\u1ea5y, c\u00f3 ch\u1ebf \u0111\u1ed9 b\u1ea3o v\u1ec7 qu\u00e1 nhi\u1ec7t, s\u1ea5y m\u00e1t.\nThi\u1ebft k\u1ebf g\u1eadp ti\u1ec7n d\u1ee5ng trong vi\u1ec7c b\u1ea3o qu\u1ea3n, s\u1eed d\u1ee5ng.\nTh\u01b0\u01a1ng hi\u1ec7u n\u1ed5i ti\u1ebfng Philips s\u1ea3n ph\u1ea9m ch\u1ea5t l\u01b0\u1ee3ng t\u1ed1t.\nTh\u00f4ng s\u1ed1 k\u1ef9 thu\u1eadt\n\nKi\u1ec3u d\u00e1ng:M\u00e1y s\u1ea5y v\u1edbi tay c\u1ea7m c\u00f3 th\u1ec3 g\u1ea5p g\u1ecdn\nC\u00f4ng su\u1ea5t:1200 W\nT\u1ed1c \u0111\u1ed9 s\u1ea5y:2 t\u1ed1c \u0111\u1ed9, c\u00f3 s\u1ea5y m\u00e1t\nTi\u1ec7n \u00edch:M\u00f3c treo ti\u1ec7n d\u1ee5ng\nCh\u1ebf \u0111\u1ed9 s\u1ea5y b\u1ea3o v\u1ec7:T\u1ef1 ng\u1eaft khi qu\u00e1 nhi\u1ec7t\nTr\u1ecdng l\u01b0\u1ee3ng:300 g\nTh\u01b0\u01a1ng hi\u1ec7u c\u1ee7a:H\u00e0 Lan\nS\u1ea3n xu\u1ea5t t\u1ea1i:Trung Qu\u1ed1c ( H\u00e0ng cao c\u1ea5p xu\u1ea5t ri\u00eang cho th\u1ecb tr\u01b0\u1eddng n\u1ed9i \u0111\u1ecba )\nB\u1ea3o h\u00e0nh 2 n\u0103m t\u1ea1i \u0110i\u1ec7n m\u00e1y V\u00c0NG Vi\u1ec7t Nam\n#bhc010 #s\u1ea5y #Philips #hp8108 #hr2118 #hr2115 #hd9220", "is_mart": false, "show_shopee_verified_label": false, "size_chart": null, "reference_item_id": "", "brand": "PHILIPS", "item_rating": {"rating_star": 4.958549222797927, "rating_count": [193, 0, 0, 1, 6, 186]}, "label_ids": [1001057, 1000959, 1000259, 1000262, 1000258, 1000260, 1000254, 1000256, 1000257, 1000497, 1000499, 1000267, 1000270, 1000268, 1000277, 1000276, 1000278, 1000275, 1000535, 1000501, 1000511, 1000627, 1000630, 1000637, 1000651, 1000660, 1000672, 1000707, 1000710, 1000715, 1000723, 1000724, 1000740, 1000747, 1000748, 1000758, 1000771, 1000764, 1000766, 1000767, 1000770, 1000788, 1000279, 1000335, 1000339, 1000349, 1000333, 1000356, 1000378, 1000379, 1000383, 1000388, 1000429, 1000430, 1000815, 1000602, 1000070, 1000071, 1000075, 1000085, 1000088, 1000100, 1000103, 1000122, 1000125, 1000126, 1000127, 1000137, 1000146, 1000151, 1000153, 1000154, 1000161, 1000163, 1000164, 1000253, 1000255, 1000263, 1000265, 1000264, 1000266, 1000269, 1000271, 1000273, 1000272, 1000274, 1000086, 1000098, 1000185, 1000329, 1000355, 1000655, 1000735, 1000984, 1001412, 1001411, 1001734, 1001740, 1002373, 1002639, 1002768, 1002770, 1002898, 1003238, 1003258, 1003259, 1003262, 1000121, 1000300, 1004929, 1005829, 1005951, 1006016, 1006306, 1006625, 1007155, 1007190, 1007328, 1007394, 1007516, 1007546, 1007765, 1007768, 1006856, 1008283, 1008290, 1008313, 1008515, 1008793, 1009058, 1009063, 1009391, 1009427, 1009763, 1010033, 1010111, 1010449, 1010668, 1010797, 1011155, 1011654, 1012191, 1000248, 1000352, 1000552, 1000553, 1000554, 1000836], "attributes": [{"name": "H\u1ea1n b\u1ea3o h\u00e0nh", "value": "24 th\u00e1ng", "id": 100121, "is_timestamp": false, "brand_option": null, "val_id": null}, {"name": "Lo\u1ea1i b\u1ea3o h\u00e0nh", "value": "B\u1ea3o h\u00e0nh nh\u00e0 cung c\u1ea5p", "id": 100370, "is_timestamp": false, "brand_option": null, "val_id": null}, {"name": "Xu\u1ea5t x\u1ee9", "value": "Trung Qu\u1ed1c", "id": 100037, "is_timestamp": false, "brand_option": null, "val_id": null}], "liked": false, "liked_count": 106, "cmt_count": 192, "flag": 65538, "shopee_verified": false, "is_adult": false, "is_preferred_plus_seller": false, "tier_variations": [{"name": "", "options": [""], "images": null, "properties": null, "type": 0}], "bundle_deal_id": 0, "can_use_bundle_deal": false, "add_on_deal_info": null, "bundle_deal_info": null, "can_use_wholesale": false, "wholesale_tier_list": [], "is_group_buy_item": null, "group_buy_info": null, "welcome_package_type": 0, "welcome_package_info": null, "tax_code": null, "invoice_option": null, "complaint_policy": null, "images": ["4ccd1ca97b93df9579d1f67f239724df", "6fdf10517b2152efdf3edd27cf0fa3c5", "953c562f2c842dd59b04e3aa97659481", "d2aafe3e138b6e0d2c8b8392ac8fa3e9", "83c9a6a62e889b41775bbe3afc2504f5", "04b5369a0ffab3b5f386b39c5f87b3c9"], "image": "4ccd1ca97b93df9579d1f67f239724df", "video_info_list": [{"video_id": "9ec376ccc36fce5df974061d301e54e1", "thumb_url": "ad1bd6f6453176934c58f20886ebf135", "duration": 24, "version": 2, "vid": "sg_b788458b-2d18-401b-b8a7-c8da89d119a1_000093", "formats": [{"format": 1600008, "defn": "V720P", "profile": "MP4", "path": "", "url": "http://play-ws.vod.shopee.com/c3/98934353/105/AmM1nAcA=LdvMvchXwEMGOBG.mp4", "width": 640, "height": 1136}, {"format": 1600008, "defn": "V720P", "profile": "MP4", "path": "", "url": "http://play-ws.vod.shopee.com/c3/98934353/105/AmM1nAcA=LdvMvchXwEMGOBG.mp4", "width": 640, "height": 1136}, {"format": 1600008, "defn": "V720P", "profile": "MP4", "path": "", "url": "http://play-ws.vod.shopee.com/c3/98934353/105/AmM1nAcA=LdvMvchXwEMGOBG.mp4", "width": 640, "height": 1136}], "default_format": {"format": 100001, "defn": "ORI", "profile": "MP4", "path": "", "url": "http://1500000774.vod2.myqcloud.com/14092670vodsgp1500000774/61e35f86387702293065252004/t41J6OPHls4A.mp4", "width": 640, "height": 1136}}], "item_type": 0, "is_official_shop": true, "show_official_shop_label_in_title": true, "shop_location": "H\u00e0 N\u1ed9i", "coin_earn_label": null, "cb_option": 0, "is_pre_order": false, "estimated_days": 2, "badge_icon_type": 0, "show_free_shipping": true, "shipping_icon_type": 0, "cod_flag": 0, "is_service_by_shopee": false, "show_original_guarantee": false, "categories": [{"catid": 100630, "display_name": "S\u1eafc \u0110\u1eb9p", "no_sub": false, "is_default_subcat": false}, {"catid": 100663, "display_name": "D\u1ee5ng c\u1ee5 l\u00e0m \u0111\u1eb9p", "no_sub": false, "is_default_subcat": false}, {"catid": 100889, "display_name": "D\u1ee5ng c\u1ee5 ch\u0103m s\u00f3c t\u00f3c", "no_sub": false, "is_default_subcat": false}, {"catid": 101665, "display_name": "M\u00e1y s\u1ea5y t\u00f3c", "no_sub": true, "is_default_subcat": false}], "other_stock": 7, "item_has_post": false, "discount_stock": 0, "current_promotion_has_reserve_stock": false, "current_promotion_reserved_stock": 0, "normal_stock": 7, "brand_id": 1146897, "is_alcohol_product": false, "show_recycling_info": false, "coin_info": {"spend_cash_unit": 100000, "coin_earn_items": [{"coin_earn": 0}]}, "models": [{"itemid": 991941000, "status": 1, "current_promotion_reserved_stock": 0, "name": "", "promotionid": 0, "price": 30900000000, "price_stocks": [{"allocated_stock": null, "stock_breakdown_by_location": null}], "current_promotion_has_reserve_stock": false, "normal_stock": 7, "extinfo": {"tier_index": [0], "group_buy_info": null, "is_pre_order": false, "estimated_days": 2}, "price_before_discount": 0, "modelid": 32115663195, "stock": 7, "has_gimmick_tag": false}], "spl_info": {"installment_info": null, "user_credit_info": null, "channel_id": null, "show_spl": false, "show_spl_lite": false}, "preview_info": null, "fe_categories": [{"catid": 11036279, "display_name": "Beauty & Personal Care", "no_sub": false, "is_default_subcat": false}, {"catid": 11036321, "display_name": "Beauty Tools & Accessories", "no_sub": false, "is_default_subcat": false}, {"catid": 11036326, "display_name": "Hair Tools", "no_sub": true, "is_default_subcat": false}], "presale_info": null, "is_cc_installment_payment_eligible": false, "is_non_cc_installment_payment_eligible": false, "flash_sale": null, "upcoming_flash_sale": null, "deep_discount": null, "has_low_fulfillment_rate": false, "is_partial_fulfilled": false, "makeups": null, "shop_vouchers": null, "global_sold": null, "is_infant_milk_formula_product": false, "should_show_amp_tag": false}