{"itemid": 10983037103, "shopid": 457378832, "userid": 0, "price_max_before_discount": 100000000000, "has_lowest_price_guarantee": false, "price_before_discount": 100000000000, "price_min_before_discount": 100000000000, "exclusive_price_info": null, "hidden_price_display": null, "price_min": 54900000000, "price_max": 54900000000, "price": 54900000000, "stock": 38, "discount": "45%", "historical_sold": 1, "sold": 1, "show_discount": 45, "raw_discount": 45, "min_purchase_limit": 0, "overall_purchase_limit": {"order_max_purchase_limit": 0, "overall_purchase_limit": null, "item_overall_quota": null, "start_date": null, "end_date": null}, "pack_size": null, "is_live_streaming_price": null, "name": "B\u00e0n Ph\u00edm Bluetooth Kh\u00f4ng D\u00e2y ZIYOU 308i B\u1ea3n N\u00e2ng C\u1ea5p 2022 Thi\u1ebft K\u1ebf M\u1ecfng C\u1ef1c \u0110\u1eb9p, T\u01b0\u01a1ng Th\u00edch M\u00e1y T\u00ednh, \u0110i\u1ec7n Tho\u1ea1i, Ipad", "ctime": 1642127402, "item_status": "normal", "status": 1, "condition": 1, "catid": 100644, "description": "ZIYOU CAM K\u1ebeT\n-------------\n\nTO\u00c0N B\u1ed8 S\u1ea2N PH\u1ea8M G\u1eecI \u0110I \u0110\u1ec0U \u0110\u00c3 \u0110\u01af\u1ee2C KI\u1ec2M TRA K\u1ef8 100% TR\u01af\u1edaC KHI \u0110\u00d3NG G\u00d3I\n\nCAM K\u1ebeT B\u1ea2O H\u00c0NH \u0110\u00daNG THEO TH\u00d4NG TIN\n\nHO\u00c0N 100% TI\u1ec0N N\u1ebeU NH\u1eacN H\u00c0NG B\u1eca L\u1ed6I, GIAO NH\u1ea6M\n\nHI\u1ec6N T\u1ea0I C\u00d3 R\u1ea4T NHI\u1ec0U S\u1ea2N PH\u1ea8M GI\u1ed0NG M\u1eaaU M\u00c3 NH\u01afNG CH\u1ea4T L\u01af\u1ee2NG K\u00c9M H\u01a0N -> ZIYOU CAM K\u1ebeT LU\u00d4N B\u00c1N S\u1ea2N PH\u1ea8M C\u00d3 CH\u1ea4T L\u01af\u1ee2NG T\u1ed0T NH\u1ea4T\nH\u01af\u1edaNG D\u1eaaN K\u1ebeT N\u1ed0I\n1. Nh\u1ea5n gi\u1eef t\u1ed5 h\u1ee3p ph\u00edm \"FN + C\" trong v\u00f2ng 2 gi\u00e2y cho \u0111\u1ebfn khi \u0111\u00e8n t\u00edn hi\u1ec7u pin nh\u1ea5p nh\u00e1y m\u00e0u \u0111\u1ecf.  \n2. M\u1edf m\u00e1y t\u00ednh ho\u1eb7c thi\u1ebft b\u1ecb kh\u00e1c, d\u00f9ng bluetooth \u0111\u1ec3 t\u00ecm ki\u1ebfm v\u00e0 k\u1ebft n\u1ed1i v\u1edbi b\u00e0n ph\u00edm.\n3. D\u00f9ng t\u1ed5 h\u1ee3p ph\u00edm FN + Q/W/E \u0111\u1ec3 chuy\u1ec3n \u0111\u1ed5i h\u1ec7 \u0111i\u1ec1u h\u00e0nh. Trong \u0111\u00f3, Q: Android, W: Windows, E: IOS\nK\u00edch th\u01b0\u1edbc: Nh\u1ecf g\u1ecdn 24.5 x 15 x 6MM\n\ud83d\udc9f Thi\u1ebft k\u1ebf th\u1eddi trang , ph\u00eda \u0111\u1ea7u \u0111\u01b0\u1ee3c bo tr\u00f2n m\u1ec1m m\u1ea1i. \n\n\ud83d\udc9f K\u00edch th\u01b0\u1edbc nh\u1ecf g\u1ecdn ti\u1ebft ki\u1ec7m di\u1ec7n t\u00edch ,ko c\u00f2n d\u00e2y l\u1eb1ng nh\u1eb1ng nh\u01b0 b\u00e0n ph\u00edm truy\u1ec1n th\u1ed3ng.\n\n\ud83d\udc9f Ch\u1ebf \u0111\u1ed9 t\u1ef1 ngh\u1ec9 ti\u1ebft ki\u1ec7m pin ti\u1ec7n l\u1ee3iN\u00fat \u1ea5n \u0111\u1ed9 n\u1ea3y t\u1ed1t, t\u01b0\u01a1ng t\u00e1c t\u1ee9c th\u00ec v\u1edbi thi\u1ebft b\u1ecb.\n      \n       B\u00e0n Ph\u00edm bluetooth kh\u00f4ng d\u00e2y mini T\u01b0\u01a1ng th\u00edch g\u1ea7n nh\u01b0 h\u1ea7u h\u1ebft h\u1ec7 \u0111i\u1ec1u h\u00e0nh hi\u1ec7n nay.\n       B\u00e0n Ph\u00edm bluetooth kh\u00f4ng d\u00e2y mini  L\u00e0 b\u00e0n ph\u00edm \u0111\u00fang chu\u1ea9n d\u00e0nh cho laptop B\u00e0n ph\u00edm mini  s\u1ebd m\u1ed9t l\u1ef1a ch\u1ecdn kh\u00f4ng th\u1ec3 b\u1ecf qua d\u00e0nh cho b\u1ea1n nh\u1eb1m ho\u00e0n th\u00e0nh t\u1ed1t c\u00f4ng vi\u1ec7c c\u0169ng nh\u01b0 gi\u1ea3i tr\u00ed sau nh\u1eefng gi\u1edd l\u00e0m vi\u1ec7c c\u0103ng th\u1eb3ng. C\u00e1c ph\u00edm \u1ea5n \u0111\u01b0\u1ee3c thi\u1ebft k\u1ebf v\u1edbi tr\u01b0\u1eddng ph\u00edm ng\u1eafn; nh\u1ea1y v\u00e0 \u00eam mang l\u1ea1i c\u1ea3m gi\u00e1c tho\u1ea3i m\u00e1i khi s\u1eed d\u1ee5ng; \u0111\u1ed3ng th\u1eddi gi\u1ea3m m\u1ecfi tay khi b\u1ea1n ph\u1ea3i l\u00e0m vi\u1ec7c v\u1edbi th\u1eddi gian d\u00e0i. K\u1ebft n\u1ed1i nhanh ch\u00f3ng nh\u1edd BLUEOOTH 5.0 th\u00f4ng d\u1ee5ng gi\u00fap b\u1ea1n s\u1eed d\u1ee5ng nhanh ch\u00f3ng v\u00e0 t\u1ee9c th\u00ec c\u00f9ng thi\u1ebft b\u1ecb m\u00e0 kh\u00f4ng ph\u1ea3i c\u00e0i \u0111\u1eb7t th\u00eam b\u1ea5t c\u1ee9 ph\u1ea7n m\u1ec1m n\u00e0o kh\u00e1c. Ngo\u00e0i ra B\u00e0n ph\u00edm mini t\u01b0\u01a1ng th\u00edch v\u1edbi nhi\u1ec1u h\u1ec7 \u0111i\u1ec1u h\u00e0nh nh\u01b0 Windows 7; Windows 8; window 10, MAC\u2026 cho b\u1ea1n th\u1ecfa s\u1ee9c k\u1ebft n\u1ed1i.\n#banphimkhongday #banphimbluetooth #banphimmacbook #banphim #banphimipad #banphimdienthoai #bluetooth #khongday #chuotkhongday #chuotbluetooth #banphimlogitech #banphimfuhlen #xsmart", "is_mart": false, "show_shopee_verified_label": false, "size_chart": null, "reference_item_id": "", "brand": "Ziyou", "item_rating": {"rating_star": 0, "rating_count": [0, 0, 0, 0, 0, 0]}, "label_ids": [44, 1007525, 1007773, 1008529, 1009058, 1000279, 1000258, 1009427, 1009396, 1009525, 1009774, 1000742, 1002603, 1000512, 1010210, 1010310, 1010452, 1010666, 1010881, 1011293, 1011470, 1011685, 1011909, 1000264, 1000259, 1009063, 1012192, 1012514, 1012655, 1009763, 1012627], "attributes": [{"name": "Ki\u1ec3u k\u1ebft n\u1ed1i", "value": "Kh\u00f4ng d\u00e2y", "id": 100408, "is_timestamp": false, "brand_option": null, "val_id": null}, {"name": "B\u1ed9 s\u1ea3n ph\u1ea9m", "value": "Kh\u00f4ng", "id": 100391, "is_timestamp": false, "brand_option": null, "val_id": null}, {"name": "Lo\u1ea1i b\u00e0n ph\u00edm", "value": "B\u00e0n ph\u00edm c\u00f3 m\u00e0n che", "id": 100429, "is_timestamp": false, "brand_option": null, "val_id": null}, {"name": "H\u1ea1n b\u1ea3o h\u00e0nh", "value": "12 th\u00e1ng", "id": 100121, "is_timestamp": false, "brand_option": null, "val_id": null}, {"name": "Lo\u1ea1i b\u1ea3o h\u00e0nh", "value": "B\u1ea3o h\u00e0nh nh\u00e0 s\u1ea3n xu\u1ea5t", "id": 100370, "is_timestamp": false, "brand_option": null, "val_id": null}, {"name": "Game chuy\u00ean d\u1ee5ng", "value": "C\u00f3", "id": 100381, "is_timestamp": false, "brand_option": null, "val_id": null}, {"name": "Model b\u00e0n ph\u00edm & chu\u1ed9t", "value": "2022", "id": 100386, "is_timestamp": false, "brand_option": null, "val_id": null}, {"name": "B\u00e0n ph\u00edm t\u01b0\u01a1ng th\u00edch", "value": "m\u00e1y t\u00ednh, laptop, \u0111i\u1ec7n tho\u1ea1i, ipad", "id": 100401, "is_timestamp": false, "brand_option": null, "val_id": null}], "liked": false, "liked_count": 0, "cmt_count": 0, "flag": 0, "shopee_verified": false, "is_adult": false, "is_preferred_plus_seller": false, "tier_variations": [{"name": "M\u00e0u S\u1eafc", "options": ["X\u00e1m Tr\u1eafng \u0110\u1eb7c Bi\u1ec7t", "V\u00e0ng Cute"], "images": ["cc256bb232230d9b432a5a3755b4b1fc", "7ca37931bad0233755182c53dbed124e"], "properties": null, "type": 0}], "bundle_deal_id": 15855973, "can_use_bundle_deal": true, "add_on_deal_info": null, "bundle_deal_info": {"bundle_deal_id": 15855973, "bundle_deal_label": "Mua 2 & gi\u1ea3m 5%"}, "can_use_wholesale": false, "wholesale_tier_list": [], "is_group_buy_item": null, "group_buy_info": null, "welcome_package_type": 0, "welcome_package_info": null, "tax_code": null, "invoice_option": null, "complaint_policy": null, "images": ["4a15ff6dbd844f80a5144a77cdfcc8b9", "5ac2993824bf686d8e7c4a7bf6638c94", "f63899a997f0a913ea29dea46737c1ec", "3628d31a2b92720226a882111349c19a", "b9c29ace973e88da8165f5c7a025e1a5", "3a31fdef8719543025b8c5621005ad98", "f49c7ba9c954b7bc97416605551646ab", "ef140415b351d3b312bf5d60ba92f3d1", "ca0fafb9d8605937fd0a9613905769ad"], "image": "4a15ff6dbd844f80a5144a77cdfcc8b9", "video_info_list": [{"video_id": "4226f7b4ab90d27762d43d8c64931985", "thumb_url": "3567826702b348438434e18bb18b4d77", "duration": 60, "version": 2, "vid": "sg_4266dfaf-2cb6-4402-a43f-c03424cbef1f_000104", "formats": [{"format": 1600008, "defn": "V720P", "profile": "MP4", "path": "", "url": "http://play-ws.vod.shopee.com/c3/98934353/105/AnoywtcAOHuEPPohxwEKAEY.mp4", "width": 1280, "height": 720}, {"format": 1600008, "defn": "V720P", "profile": "MP4", "path": "", "url": "http://play-ws.vod.shopee.com/c3/98934353/105/AnoywtcAOHuEPPohxwEKAEY.mp4", "width": 1280, "height": 720}, {"format": 1600008, "defn": "V720P", "profile": "MP4", "path": "", "url": "http://play-ws.vod.shopee.com/c3/98934353/105/AnoywtcAOHuEPPohxwEKAEY.mp4", "width": 1280, "height": 720}], "default_format": {"format": 100001, "defn": "ORI", "profile": "MP4", "path": "", "url": "http://1500000774.vod2.myqcloud.com/14092670vodsgp1500000774/d8970870387702295117126176/kw6gY0XXcYMA.mp4", "width": 1280, "height": 720}}], "item_type": 0, "is_official_shop": true, "show_official_shop_label_in_title": true, "shop_location": "H\u00e0 N\u1ed9i", "coin_earn_label": null, "cb_option": 0, "is_pre_order": false, "estimated_days": 2, "badge_icon_type": 0, "show_free_shipping": false, "shipping_icon_type": 0, "cod_flag": 0, "is_service_by_shopee": false, "show_original_guarantee": false, "categories": [{"catid": 100644, "display_name": "M\u00e1y t\u00ednh & Laptop", "no_sub": false, "is_default_subcat": false}, {"catid": 101941, "display_name": "Chu\u1ed9t & B\u00e0n Ph\u00edm", "no_sub": false, "is_default_subcat": false}, {"catid": 101999, "display_name": "B\u00e0n Ph\u00edm M\u00e1y T\u00ednh", "no_sub": true, "is_default_subcat": false}], "other_stock": 0, "item_has_post": false, "discount_stock": 38, "current_promotion_has_reserve_stock": false, "current_promotion_reserved_stock": 0, "normal_stock": 38, "brand_id": 2388765, "is_alcohol_product": false, "show_recycling_info": false, "coin_info": {"spend_cash_unit": 100000, "coin_earn_items": [{"coin_earn": 0}, {"coin_earn": 0}]}, "models": [{"itemid": 10983037103, "status": 1, "current_promotion_reserved_stock": 0, "name": "X\u00e1m Tr\u1eafng \u0110\u1eb7c Bi\u1ec7t", "promotionid": 1300342573, "price": 54900000000, "price_stocks": [{"allocated_stock": 0, "stock_breakdown_by_location": null}, {"allocated_stock": null, "stock_breakdown_by_location": null}], "current_promotion_has_reserve_stock": false, "normal_stock": 18, "extinfo": {"tier_index": [0], "group_buy_info": null, "is_pre_order": null, "estimated_days": 2}, "price_before_discount": 100000000000, "modelid": 123698722498, "stock": 18, "has_gimmick_tag": false}, {"itemid": 10983037103, "status": 1, "current_promotion_reserved_stock": 0, "name": "V\u00e0ng Cute", "promotionid": 1300342573, "price": 54900000000, "price_stocks": [{"allocated_stock": 0, "stock_breakdown_by_location": null}, {"allocated_stock": null, "stock_breakdown_by_location": null}], "current_promotion_has_reserve_stock": false, "normal_stock": 20, "extinfo": {"tier_index": [1], "group_buy_info": null, "is_pre_order": null, "estimated_days": 2}, "price_before_discount": 100000000000, "modelid": 123698722499, "stock": 20, "has_gimmick_tag": false}], "spl_info": {"installment_info": null, "user_credit_info": null, "channel_id": null, "show_spl": false, "show_spl_lite": false}, "preview_info": null, "fe_categories": [{"catid": 11035954, "display_name": "Computer & Accessories", "no_sub": false, "is_default_subcat": false}, {"catid": 11036023, "display_name": "Gaming", "no_sub": false, "is_default_subcat": false}, {"catid": 11036025, "display_name": "Keyboards", "no_sub": true, "is_default_subcat": false}], "presale_info": null, "is_cc_installment_payment_eligible": false, "is_non_cc_installment_payment_eligible": false, "flash_sale": null, "upcoming_flash_sale": null, "deep_discount": null, "has_low_fulfillment_rate": false, "is_partial_fulfilled": false, "makeups": null, "shop_vouchers": null, "global_sold": null, "is_infant_milk_formula_product": false, "should_show_amp_tag": false}