{"itemid": 9480485295, "shopid": 492683372, "userid": 0, "price_max_before_discount": -1, "has_lowest_price_guarantee": false, "price_before_discount": 0, "price_min_before_discount": -1, "exclusive_price_info": null, "hidden_price_display": null, "price_min": 329900000000, "price_max": 329900000000, "price": 329900000000, "stock": 19, "discount": null, "historical_sold": 0, "sold": 0, "show_discount": 0, "raw_discount": 0, "min_purchase_limit": 0, "overall_purchase_limit": {"order_max_purchase_limit": 0, "overall_purchase_limit": null, "item_overall_quota": null, "start_date": null, "end_date": null}, "pack_size": null, "is_live_streaming_price": null, "name": "Tai Nghe Sennheiser HD 350BT", "ctime": 1626774340, "item_status": "normal", "status": 1, "condition": 1, "catid": 100535, "description": "M\u00d4 T\u1ea2\nK\u1ebft n\u1ed1i Bluetooth 5.0.\nH\u1ed7 tr\u1ee3 nhi\u1ec1u b\u1ed9 codec ch\u1ea5t l\u01b0\u1ee3ng cao nh\u01b0 AAC v\u00e0 aptX\u2122 Low Latency.\nTh\u1eddi l\u01b0\u1ee3ng pin tai nghe t\u1edbi 30 ti\u1ebfng.\nT\u01b0\u01a1ng th\u00edch v\u1edbi ph\u1ea7n m\u1ec1m Sennheiser Smart Control.\nB\u1ea3o h\u00e0nh 24 Th\u00e1ng.\nTh\u00f4ng s\u1ed1 k\u1ef9 thu\u1eadt c\u1ee7a Sennheiser HD 350BT:\nT\u1ea7n s\u1ed1 ph\u1ea3n h\u1ed3i (Microphone): 80 Hz - 6,000 Hz (-3 dB)\nTHD: < 0.3 % (1 kHz, 100 dB)\nSPL: 108 dB (1 kHz/0 dBFS)\nTransducer principle: Dynamic, closed\nPick-up pattern: Dual Beamforming\nTransducer principle (Microphone): MEMS\nBluetooth: 5.0\nT\u1ea7n s\u1ed1 ph\u1ea3n h\u1ed3i: 18 Hz - 22,000 Hz (-10 dB)\nModulation scheme: GFSK, \u03c0/4 DQPSK, 8DPSK\nAudio codec: SBC, AAC, AptX\u2122, AptX\u2122 Low Latency\nProfiles: HSP, HFP, AVRCP, A2DP\nEar coupling: Around Ear\nTransmission frequency: 2,402 MHz - 2,480 MHz\nPin: Lithium-Polymer 3.7 V \u2393, dung l\u01b0\u1ee3ng 300mAh\nD\u00f2ng \u0111i\u1ec7n s\u1ea1c: t\u1ed1i \u0111a 320 mA | 5V, DC\nTh\u1eddi l\u01b0\u1ee3ng pin: 30 ti\u1ebfng (nghe nh\u1ea1c qua Bluetooth)\nTh\u1eddi gian s\u1ea1c \u0111\u1ea7y pin: kho\u1ea3ng 2 ti\u1ebfng\nKh\u1ed1i l\u01b0\u1ee3ng: ~238 gram\nPh\u1ee5 ki\u1ec7n trong h\u1ed9p Sennheiser HD 350BT g\u1ed3m: \nTai nghe HD 350 BT Wireless\nC\u00e1p s\u1ea1c USB-C\nQuick Guide\nSafety Guide", "is_mart": false, "show_shopee_verified_label": false, "size_chart": null, "reference_item_id": "", "brand": "SENNHEISER", "item_rating": {"rating_star": 0, "rating_count": [0, 0, 0, 0, 0, 0]}, "label_ids": [1000279, 1000259, 1000258, 1000270, 1000264, 1009396, 1000255, 1000256, 1000268, 1000269, 1000254, 1000263, 1000271, 1000278, 1000277, 1009063, 1010668, 1000257, 1010797, 1009427, 1011155, 1011654, 1009763, 1012191], "attributes": [{"name": "Ki\u1ec3u k\u1ebft n\u1ed1i", "value": "Kh\u00f4ng d\u00e2y", "id": 100408, "is_timestamp": false, "brand_option": null, "val_id": null}, {"name": "C\u00e1c lo\u1ea1i tai nghe", "value": "On Ear", "id": 100519, "is_timestamp": false, "brand_option": null, "val_id": null}, {"name": "Thi\u1ebft b\u1ecb \u00e2m thanh t\u01b0\u01a1ng th\u00edch", "value": "\u0111i\u1ec7n tho\u1ea1i di \u0111\u1ed9ng, PC & Laptop", "id": 100516, "is_timestamp": false, "brand_option": null, "val_id": null}, {"name": "T\u00ednh n\u0103ng c\u00e1c lo\u1ea1i tai nghe", "value": "T\u00edch h\u1ee3p micro, C\u1ea3n ti\u1ebfng \u1ed3n, \u0110i\u1ec1u ch\u1ec9nh \u00e2m l\u01b0\u1ee3ng", "id": 100523, "is_timestamp": false, "brand_option": null, "val_id": null}, {"name": "Ki\u1ec3u k\u1ebft n\u1ed1i headphone", "value": "Bluetooth", "id": 100522, "is_timestamp": false, "brand_option": null, "val_id": null}, {"name": "H\u1ea1n b\u1ea3o h\u00e0nh", "value": "24 th\u00e1ng", "id": 100121, "is_timestamp": false, "brand_option": null, "val_id": null}, {"name": "Lo\u1ea1i b\u1ea3o h\u00e0nh", "value": "B\u1ea3o h\u00e0nh nh\u00e0 cung c\u1ea5p", "id": 100370, "is_timestamp": false, "brand_option": null, "val_id": null}], "liked": false, "liked_count": 0, "cmt_count": 0, "flag": 2, "shopee_verified": false, "is_adult": false, "is_preferred_plus_seller": false, "tier_variations": [{"name": "M\u00c0U S\u1eaeC", "options": ["\u0110EN", "TR\u1eaeNG"], "images": ["fc77631dd404209ef0d4f550d08f380a", "e4e269dbd7f21bc8271470d3b627b4c7"], "properties": null, "type": 0}], "bundle_deal_id": 0, "can_use_bundle_deal": false, "add_on_deal_info": null, "bundle_deal_info": null, "can_use_wholesale": false, "wholesale_tier_list": [], "is_group_buy_item": null, "group_buy_info": null, "welcome_package_type": 0, "welcome_package_info": null, "tax_code": null, "invoice_option": null, "complaint_policy": null, "images": ["22dd8c4c6aeaf7f7507177ff6ef012ae", "80f46bf9be29513fe3dced52647630ec", "7eab212e7f44cb96d53ed0859a6fc68c", "c1ff0f46d79a3aaa6de3ca45cee88d7f", "fc77631dd404209ef0d4f550d08f380a", "9c8b316c1f6aeee5e1fa926edf838e7a", "e4e269dbd7f21bc8271470d3b627b4c7"], "image": "22dd8c4c6aeaf7f7507177ff6ef012ae", "video_info_list": null, "item_type": 0, "is_official_shop": true, "show_official_shop_label_in_title": true, "shop_location": "H\u00e0 N\u1ed9i", "coin_earn_label": null, "cb_option": 0, "is_pre_order": false, "estimated_days": 2, "badge_icon_type": 0, "show_free_shipping": true, "shipping_icon_type": 0, "cod_flag": 0, "is_service_by_shopee": false, "show_original_guarantee": false, "categories": [{"catid": 100535, "display_name": "Thi\u1ebft B\u1ecb \u00c2m Thanh", "no_sub": false, "is_default_subcat": false}, {"catid": 100578, "display_name": "Tai nghe nh\u00e9t tai & ch\u1ee5p tai", "no_sub": true, "is_default_subcat": false}], "other_stock": 19, "item_has_post": false, "discount_stock": 0, "current_promotion_has_reserve_stock": false, "current_promotion_reserved_stock": 0, "normal_stock": 19, "brand_id": 1695336, "is_alcohol_product": false, "show_recycling_info": false, "coin_info": {"spend_cash_unit": 100000, "coin_earn_items": [{"coin_earn": 0}, {"coin_earn": 0}]}, "models": [{"itemid": 9480485295, "status": 1, "current_promotion_reserved_stock": 0, "name": "\u0110EN", "promotionid": 0, "price": 329900000000, "price_stocks": [{"allocated_stock": null, "stock_breakdown_by_location": null}], "current_promotion_has_reserve_stock": false, "normal_stock": 8, "extinfo": {"tier_index": [0], "group_buy_info": null, "is_pre_order": null, "estimated_days": 2}, "price_before_discount": 0, "modelid": 66529066192, "stock": 8, "has_gimmick_tag": false}, {"itemid": 9480485295, "status": 1, "current_promotion_reserved_stock": 0, "name": "TR\u1eaeNG", "promotionid": 0, "price": 329900000000, "price_stocks": [{"allocated_stock": null, "stock_breakdown_by_location": null}], "current_promotion_has_reserve_stock": false, "normal_stock": 11, "extinfo": {"tier_index": [1], "group_buy_info": null, "is_pre_order": null, "estimated_days": 2}, "price_before_discount": 0, "modelid": 66529066193, "stock": 11, "has_gimmick_tag": false}], "spl_info": {"installment_info": null, "user_credit_info": null, "channel_id": null, "show_spl": false, "show_spl_lite": false}, "preview_info": null, "fe_categories": [{"catid": 11036132, "display_name": "Consumer Electronics", "no_sub": false, "is_default_subcat": false}, {"catid": 11109141, "display_name": "Headphones", "no_sub": true, "is_default_subcat": false}], "presale_info": null, "is_cc_installment_payment_eligible": false, "is_non_cc_installment_payment_eligible": false, "flash_sale": null, "upcoming_flash_sale": null, "deep_discount": null, "has_low_fulfillment_rate": false, "is_partial_fulfilled": false, "makeups": null, "shop_vouchers": null, "global_sold": null, "is_infant_milk_formula_product": false, "should_show_amp_tag": false}