{"itemid": 10224560251, "shopid": 492683372, "userid": 0, "price_max_before_discount": -1, "has_lowest_price_guarantee": false, "price_before_discount": 0, "price_min_before_discount": -1, "exclusive_price_info": null, "hidden_price_display": null, "price_min": 19900000000, "price_max": 19900000000, "price": 19900000000, "stock": 10, "discount": null, "historical_sold": 0, "sold": 0, "show_discount": 0, "raw_discount": 0, "min_purchase_limit": 0, "overall_purchase_limit": {"order_max_purchase_limit": 0, "overall_purchase_limit": null, "item_overall_quota": null, "start_date": null, "end_date": null}, "pack_size": null, "is_live_streaming_price": null, "name": "T\u00daI \u0110\u1ef1ng Ph\u1ee5 Ki\u1ec7n Elecom BMA-GP04BK", "ctime": 1628412073, "item_status": "normal", "status": 1, "condition": 1, "catid": 100013, "description": "Thi\u1ebft k\u1ebf th\u1eddi trang\nT\u00fai \u0110\u1ef1ng Ph\u1ee5 Ki\u1ec7n Elecom BMA-GP04BK \u0110en\nthi\u1ebft k\u1ebf ki\u1ec3u d\u00e1ng tr\u1ebb trung,m\u00e0u \u0111en kh\u1ecfe kho\u1eafn n\u0103ng \u0111\u1ed9ng ph\u00f9 h\u1ee3p trong nhi\u1ec1u ho\u00e0n c\u1ea3nh kh\u00e1c nhau.\n\nCh\u1ea5t li\u1ec7u cao c\u1ea5p\nT\u00fai \u0110\u1ef1ng Ph\u1ee5 Ki\u1ec7n Elecom\nb\u00ean ngo\u00e0i \u0111\u01b0\u1ee3c l\u00e0m b\u1eb1ng ch\u1ea5t li\u1ec7u\n\nNg\u0103n chia ti\u1ec7n d\u1ee5ng\nB\u00ean trong t\u00fai \u0111\u1ef1ng ph\u1ee5 ki\u1ec7n Elecom BMA-GP04BK c\u00f2n c\u00f3 t\u00fai l\u01b0\u1edbi thu\u1eadn ti\u1ec7n cho ng\u01b0\u1eddi d\u00f9ng \u0111\u1ef1ng c\u00e1c \u0111\u1ed3 ri\u00eang bi\u1ec7t nh\u01b0 USB, c\u00e1p, s\u1ea1c\u2026\n\n", "is_mart": false, "show_shopee_verified_label": false, "size_chart": null, "reference_item_id": "", "brand": "ELECOM", "item_rating": {"rating_star": 0, "rating_count": [0, 0, 0, 0, 0, 0]}, "label_ids": [1000279, 1000259, 1000258, 1000270, 1000264, 1009396, 1000255, 1000256, 1000268, 1000269, 1000254, 1000263, 1000271, 1000278, 1000277, 1009063, 1010668, 1000257, 1010797, 1009427, 1011155, 1011654, 1009763, 1012191], "attributes": null, "liked": false, "liked_count": 0, "cmt_count": 0, "flag": 0, "shopee_verified": false, "is_adult": false, "is_preferred_plus_seller": false, "tier_variations": [{"name": "", "options": [""], "images": null, "properties": null, "type": 0}], "bundle_deal_id": 0, "can_use_bundle_deal": false, "add_on_deal_info": null, "bundle_deal_info": null, "can_use_wholesale": false, "wholesale_tier_list": [], "is_group_buy_item": null, "group_buy_info": null, "welcome_package_type": 0, "welcome_package_info": null, "tax_code": null, "invoice_option": null, "complaint_policy": null, "images": ["928a704a65f911a585ca35110b5a5363", "e52068e1e8d0a7e44c88c467609c2bce", "a92515330b802a58a6b41fbd3a6aa1e2"], "image": "928a704a65f911a585ca35110b5a5363", "video_info_list": null, "item_type": 0, "is_official_shop": true, "show_official_shop_label_in_title": true, "shop_location": "H\u00e0 N\u1ed9i", "coin_earn_label": null, "cb_option": 0, "is_pre_order": false, "estimated_days": 2, "badge_icon_type": 0, "show_free_shipping": false, "shipping_icon_type": 0, "cod_flag": 0, "is_service_by_shopee": false, "show_original_guarantee": false, "categories": [{"catid": 100013, "display_name": "\u0110i\u1ec7n Tho\u1ea1i & Ph\u1ee5 Ki\u1ec7n", "no_sub": false, "is_default_subcat": false}, {"catid": 100077, "display_name": "Kh\u00e1c", "no_sub": true, "is_default_subcat": false}], "other_stock": 10, "item_has_post": false, "discount_stock": 0, "current_promotion_has_reserve_stock": false, "current_promotion_reserved_stock": 0, "normal_stock": 10, "brand_id": 1801079, "is_alcohol_product": false, "show_recycling_info": false, "coin_info": {"spend_cash_unit": 100000, "coin_earn_items": [{"coin_earn": 0}]}, "models": [{"itemid": 10224560251, "status": 1, "current_promotion_reserved_stock": 0, "name": "", "promotionid": 0, "price": 19900000000, "price_stocks": [{"allocated_stock": null, "stock_breakdown_by_location": null}], "current_promotion_has_reserve_stock": false, "normal_stock": 10, "extinfo": {"tier_index": [0], "group_buy_info": null, "is_pre_order": false, "estimated_days": 2}, "price_before_discount": 0, "modelid": 101354644566, "stock": 10, "has_gimmick_tag": false}], "spl_info": {"installment_info": null, "user_credit_info": null, "channel_id": null, "show_spl": false, "show_spl_lite": false}, "preview_info": null, "fe_categories": [{"catid": 11036030, "display_name": "Mobile & Gadgets", "no_sub": false, "is_default_subcat": false}, {"catid": 11036091, "display_name": "Others", "no_sub": false, "is_default_subcat": false}, {"catid": 11036096, "display_name": "Others", "no_sub": true, "is_default_subcat": false}], "presale_info": null, "is_cc_installment_payment_eligible": false, "is_non_cc_installment_payment_eligible": false, "flash_sale": null, "upcoming_flash_sale": null, "deep_discount": null, "has_low_fulfillment_rate": false, "is_partial_fulfilled": false, "makeups": null, "shop_vouchers": null, "global_sold": null, "is_infant_milk_formula_product": false, "should_show_amp_tag": false}