{"itemid": 9280814648, "shopid": 492683372, "userid": 0, "price_max_before_discount": -1, "has_lowest_price_guarantee": false, "price_before_discount": 0, "price_min_before_discount": -1, "exclusive_price_info": null, "hidden_price_display": null, "price_min": 99000000000, "price_max": 99000000000, "price": 99000000000, "stock": 34, "discount": null, "historical_sold": 0, "sold": 0, "show_discount": 0, "raw_discount": 0, "min_purchase_limit": 0, "overall_purchase_limit": {"order_max_purchase_limit": 0, "overall_purchase_limit": null, "item_overall_quota": null, "start_date": null, "end_date": null}, "pack_size": null, "is_live_streaming_price": null, "name": "Pin d\u1ef1 ph\u00f2ng si\u00eau nh\u1ecf 10.000mAh typeC ZENDURE ZDSM10PD", "ctime": 1626856210, "item_status": "normal", "status": 1, "condition": 1, "catid": 100013, "description": "Pin d\u1ef1 ph\u00f2ng si\u00eau nh\u1ecf 10.000mAh typeC ZENDURE ZDSM10PD l\u00e0 lo\u1ea1i pin s\u1ea1c d\u1ef1 ph\u00f2ng c\u00f3 k\u00edch th\u01b0\u1edbc si\u00eau nh\u1ecf g\u1ecdn ch\u1ec9 b\u1eb1ng m\u1ed9t chi\u1ebfc th\u1ebb ATM/ Credit nh\u01b0ng dung l\u01b0\u1ee3ng l\u00ean \u0111\u1ebfn 10.000mAh, gi\u00fap b\u1ea1n c\u00f3 th\u1ec3 d\u1ec5 d\u00e0ng b\u1ecf v\u00e0o t\u00fai qu\u1ea7n \u00e1o, ti\u1ec7n l\u1ee3i \u0111em theo \u0111\u1ebfn m\u1ecdi n\u01a1i.\n\n\n\n\n\nK\u00edch th\u01b0\u1edbc nh\u1ecf g\u1ecdn nh\u01b0ng s\u1ef1 ti\u1ec7n d\u1ee5ng kh\u00f4ng h\u1ec1 \u201cg\u1ecdn nh\u1ecf\u201d\n\nPin s\u1ea1c d\u1ef1 ph\u00f2ng Zendure SuperMini c\u00f3 k\u00edch th\u01b0\u1edbc nh\u1ecf h\u01a1n 30% so v\u1edbi pin ngo\u00e0i 10.000mAh truy\u1ec1n th\u1ed1ng, gi\u00fap b\u1ea1n c\u00f3 th\u1ec3 b\u1ecf v\u00e0o t\u00fai qu\u1ea7n \u00e1o, gi\u1ecf x\u00e1ch m\u00e0 t\u1ed1n kh\u00f4ng qua nhi\u1ec1u di\u1ec7n t\u00edch.\n\n\n\n\n\n\nL\u00f5i c\u1ee7a Zendure SuperMini l\u00e0 l\u00e0 2 vi\u00ean pin c\u00f3 t\u00ean l\u00e0 21700, kh\u00e1c v\u1edbi lo\u1ea1i pin 18650 th\u01b0\u1eddng d\u00f9ng trong c\u00e1c pin s\u1ea1c d\u1ef1 ph\u00f2ng truy\u1ec1n th\u1ed1ng (d\u00f9ng 3 pin), gi\u00fap cho pin s\u1ea1c d\u1ef1 ph\u00f2ng n\u00e0y d\u00f9 nh\u1ecf g\u1ecdn nh\u01b0 v\u1eabn \u0111\u1ea3m b\u1ea3o t\u1ed1i \u0111a ngu\u1ed3n n\u0103ng l\u01b0\u1ee3ng.\n\nNgu\u1ed3n n\u0103ng l\u01b0\u1ee3ng 18W Power Delivery (PD)\n\nPin s\u1ea1c d\u1ef1 ph\u00f2ng Zendure SuperMini c\u00f3 c\u00f4ng su\u1ea5t l\u00ean \u0111\u00ean 18W, c\u00f3 kh\u1ea3 n\u0103ng s\u1ea1c nhanh th\u00f4ng qua c\u1ea3 2 c\u1ed5ng USB-C v\u00e0 c\u1ed5ng USB-A.\n\n* Output:\n\nUSB-C: 5V-3A // 9V-2A // 12V-1.5A, 18W max.\nUSB-A: 5V-3A // 9V-2A // 12V-1.5A, 18W max.\n\n\nV\u1edbi 18W Power Delivery, Zendure SuperMini c\u00f3 th\u1ec3 s\u1ea1c nhanh iPhone X c\u1ee7a b\u1ea1n l\u00ean t\u1edbi 50% trong v\u00f2ng 30 ph\u00fat (khi s\u1eed d\u1ee5ng d\u00e2y c\u00e1p USB-C to Lightning)\n\n\n\nTuy nhi\u00ean trong c\u00f9ng 1 th\u1eddi \u0111i\u1ec3m, pin s\u1ea1c d\u1ef1 ph\u00f2ng Zendure SuperMini kh\u00f4ng th\u1ec3 s\u1ea1c nhanh \u0111\u1ed3ng th\u1eddi c\u1ea3 2 c\u1ed5ng USB-C v\u00e0 USB-A (USB-A l\u00fac \u0111\u00f3 s\u1ebd chuy\u1ec3n sang s\u1ea1c th\u01b0\u1eddng).\n\nPin s\u1ea1c d\u1ef1 ph\u00f2ng Zendure SuperMini c\u00f2n c\u00f3 h\u1ed7 tr\u1ee3 s\u1ea1c nhanh \u0111\u1ea7u v\u00e0o USB-C (PD) \u1edf \u0111\u1ea7u v\u00e0o n\u00ean c\u1ee5c s\u1ea1c n\u00e0y c\u00f3 th\u1ec3 s\u1ea1c l\u1ea1i \u0111\u1ea7y kh\u00e1 nhanh, trong v\u00f2ng kho\u1ea3ng 3h.\n\n* Input USB-C: 5V-3A // 9V-2A, 18W max.\n\n\n\nNgo\u00e0i ra, Zendure Supermini c\u00f3 th\u00eam m\u1ed9t ch\u1ee9c n\u0103ng g\u1ecdi l\u00e0 X-charge mode \u2013 d\u00f9ng \u0111\u1ec3 s\u1ea1c cho c\u00e1c thi\u1ebft b\u1ecb c\u00f3 c\u01b0\u1eddng \u0111\u1ed9 d\u00f2ng \u0111i\u1ec7n th\u1ea5p nh\u01b0 \u0111\u1ed3ng h\u1ed3 th\u00f4ng minh hay tai nghe kh\u00f4ng d\u00e2y. Ch\u1ec9 c\u1ea7n b\u1ea5m n\u00fat ngu\u1ed3n 2 l\u1ea7n l\u00e0 s\u1ebd k\u00edch ho\u1ea1t \u0111\u01b0\u1ee3c ch\u1ee9c n\u0103ng n\u00e0y, b\u1ea1n s\u1ebd y\u00ean t\u00e2m s\u1ea1c m\u00e0 kh\u00f4ng lo ngu\u1ed3n \u0111i\u1ec7n c\u00f3 c\u00f4ng su\u1ea5t qu\u00e1 l\u1edbn, g\u00e2y h\u1ea1i cho thi\u1ebft b\u1ecb.\n\n\n\nThi\u1ebft k\u1ebf l\u1ea1 m\u1eaft \u2013 m\u00e0u s\u1eafc th\u1eddi th\u01b0\u1ee3ng\n\nV\u1edbi thi\u1ebft k\u1ebf nh\u1eefng \u0111\u01b0\u1eddng v\u00e2n s\u1ecdc d\u1ecdc n\u1ed5i, gi\u00fap b\u1ea1n c\u00f3 c\u1ea3m gi\u00e1c c\u1ea7m n\u1eafm ch\u1eafc ch\u1eafn h\u01a1n v\u00e0 th\u1ec3 hi\u1ec7n c\u00e1 t\u00ednh ng\u01b0\u1eddi d\u00f9ng qua nh\u1eefng gam m\u00e0u \u201csang ch\u1ea3nh\u201d nh\u01b0: Xanh d\u01b0\u01a1ng ch\u00e2n tr\u1eddi (Blue Horizon), B\u1ea1c tr\u1eafng s\u00e1ng (Silver) v\u00e0 \u0110en b\u00ed \u1ea9n (Black).\n\n\n\n\n\nTH\u00d4NG S\u1ed0 K\u1ef8 THU\u1eacT\n\nDung l\u01b0\u1ee3ng: 10,000mAh 3.63V / 36.4Wh\nL\u00f5i pin: 21700/ 5000mAh x 2\nInput USB-C: 5V-3A // 9V-2A, 18W max.\nOutput:\nUSB-C: 5V-3A // 9V-2A // 12V-1.5A, 18W max.\nUSB-A: 5V-3A // 9V-2A // 12V-1.5A, 18W max.\nB\u1ea3o h\u00e0nh: 2 n\u0103m", "is_mart": false, "show_shopee_verified_label": false, "size_chart": null, "reference_item_id": "", "brand": "ZENDURE", "item_rating": {"rating_star": 0, "rating_count": [0, 0, 0, 0, 0, 0]}, "label_ids": [1000279, 1000259, 1000258, 1000270, 1000264, 1009396, 1000255, 1000256, 1000268, 1000269, 1000254, 1000263, 1000271, 1000278, 1000277, 1009063, 1010668, 1000257, 1010797, 1009427, 1011155, 1011654, 1009763, 1012191], "attributes": [{"name": "Dung l\u01b0\u1ee3ng pin s\u1ea1c d\u1ef1 ph\u00f2ng", "value": "> 20000mAh", "id": 100494, "is_timestamp": false, "brand_option": null, "val_id": null}, {"name": "S\u1ed1 c\u1ed5ng k\u1ebft n\u1ed1i", "value": "2", "id": 100936, "is_timestamp": false, "brand_option": null, "val_id": null}, {"name": "T\u00ednh n\u0103ng pin s\u1ea1c d\u1ef1 ph\u00f2ng", "value": "s\u1ea1c nhanh, s\u1ea1c nhi\u1ec1u thi\u1ebft b\u1ecb, s\u1ea1c nhanh 2.0, s\u1ea1c nhanh 3.0", "id": 100499, "is_timestamp": false, "brand_option": null, "val_id": null}, {"name": "Ki\u1ec3u \u0111\u1ea7u v\u00e0o", "value": "Type C", "id": 100475, "is_timestamp": false, "brand_option": null, "val_id": null}, {"name": "Lo\u1ea1i b\u1ea3o h\u00e0nh", "value": "B\u1ea3o h\u00e0nh nh\u00e0 s\u1ea3n xu\u1ea5t", "id": 100370, "is_timestamp": false, "brand_option": null, "val_id": null}, {"name": "H\u1ea1n b\u1ea3o h\u00e0nh", "value": "12 th\u00e1ng", "id": 100121, "is_timestamp": false, "brand_option": null, "val_id": null}, {"name": "Lo\u1ea1i c\u00e1p \u0111i\u1ec7n tho\u1ea1i", "value": "Lightning, Type C, Micro USB", "id": 100481, "is_timestamp": false, "brand_option": null, "val_id": null}], "liked": false, "liked_count": 0, "cmt_count": 0, "flag": 0, "shopee_verified": false, "is_adult": false, "is_preferred_plus_seller": false, "tier_variations": [{"name": "M\u00c0U S\u1eaeC", "options": ["\u0110EN", "\u0110\u1ece", "XANH D\u01af\u01a0NG", "XANH NH\u1ea0T", "H\u00d4NG"], "images": ["e0b5af1df50ee3cca7cfaf475cc9d3b1", "8387c7ec7ad6496e8d25ceef6cc40fe6", "35076e4ab79ab8b6010d2affb1369637", "c219061ef4fed90a6116c4b7eb65683f", "47e50d6bda6d9c89ca924fe6cc9f1acd"], "properties": null, "type": 0}], "bundle_deal_id": 0, "can_use_bundle_deal": false, "add_on_deal_info": null, "bundle_deal_info": null, "can_use_wholesale": false, "wholesale_tier_list": [], "is_group_buy_item": null, "group_buy_info": null, "welcome_package_type": 0, "welcome_package_info": null, "tax_code": null, "invoice_option": null, "complaint_policy": null, "images": ["4b1523ce8ad90593e61c274f350b4aa4", "e0b5af1df50ee3cca7cfaf475cc9d3b1", "35076e4ab79ab8b6010d2affb1369637", "0133866f265fefa60d29f75c68604eef", "80a869cc90020cab32fe66f8cf0e4a02", "8e8c6f9dc19ac324b7a6e0498f4de24f", "c219061ef4fed90a6116c4b7eb65683f", "22eb1626fcfc144109a8d6461e8374dd", "b1775daea88f0e5462a2239b7c8c9bc4"], "image": "4b1523ce8ad90593e61c274f350b4aa4", "video_info_list": null, "item_type": 0, "is_official_shop": true, "show_official_shop_label_in_title": true, "shop_location": "H\u00e0 N\u1ed9i", "coin_earn_label": null, "cb_option": 0, "is_pre_order": false, "estimated_days": 2, "badge_icon_type": 0, "show_free_shipping": false, "shipping_icon_type": 0, "cod_flag": 0, "is_service_by_shopee": false, "show_original_guarantee": false, "categories": [{"catid": 100013, "display_name": "\u0110i\u1ec7n Tho\u1ea1i & Ph\u1ee5 Ki\u1ec7n", "no_sub": false, "is_default_subcat": false}, {"catid": 100075, "display_name": "Ph\u1ee5 ki\u1ec7n", "no_sub": false, "is_default_subcat": false}, {"catid": 100287, "display_name": "S\u1ea1c d\u1ef1 ph\u00f2ng & Pin", "no_sub": false, "is_default_subcat": false}, {"catid": 100486, "display_name": "S\u1ea1c d\u1ef1 ph\u00f2ng", "no_sub": true, "is_default_subcat": false}], "other_stock": 34, "item_has_post": false, "discount_stock": 0, "current_promotion_has_reserve_stock": false, "current_promotion_reserved_stock": 0, "normal_stock": 34, "brand_id": 1250103, "is_alcohol_product": false, "show_recycling_info": false, "coin_info": {"spend_cash_unit": 100000, "coin_earn_items": [{"coin_earn": 0}, {"coin_earn": 0}, {"coin_earn": 0}, {"coin_earn": 0}, {"coin_earn": 0}]}, "models": [{"itemid": 9280814648, "status": 1, "current_promotion_reserved_stock": 0, "name": "\u0110EN", "promotionid": 0, "price": 99000000000, "price_stocks": [{"allocated_stock": null, "stock_breakdown_by_location": null}], "current_promotion_has_reserve_stock": false, "normal_stock": 10, "extinfo": {"tier_index": [0], "group_buy_info": null, "is_pre_order": false, "estimated_days": 2}, "price_before_discount": 0, "modelid": 83623307450, "stock": 10, "has_gimmick_tag": false}, {"itemid": 9280814648, "status": 1, "current_promotion_reserved_stock": 0, "name": "\u0110\u1ece", "promotionid": 0, "price": 99000000000, "price_stocks": [{"allocated_stock": null, "stock_breakdown_by_location": null}], "current_promotion_has_reserve_stock": false, "normal_stock": 10, "extinfo": {"tier_index": [1], "group_buy_info": null, "is_pre_order": false, "estimated_days": 2}, "price_before_discount": 0, "modelid": 83623307451, "stock": 10, "has_gimmick_tag": false}, {"itemid": 9280814648, "status": 1, "current_promotion_reserved_stock": 0, "name": "XANH D\u01af\u01a0NG", "promotionid": 0, "price": 99000000000, "price_stocks": [{"allocated_stock": null, "stock_breakdown_by_location": null}], "current_promotion_has_reserve_stock": false, "normal_stock": 10, "extinfo": {"tier_index": [2], "group_buy_info": null, "is_pre_order": false, "estimated_days": 2}, "price_before_discount": 0, "modelid": 83623307452, "stock": 10, "has_gimmick_tag": false}, {"itemid": 9280814648, "status": 1, "current_promotion_reserved_stock": 0, "name": "XANH NH\u1ea0T", "promotionid": 0, "price": 99000000000, "price_stocks": [{"allocated_stock": null, "stock_breakdown_by_location": null}], "current_promotion_has_reserve_stock": false, "normal_stock": 2, "extinfo": {"tier_index": [3], "group_buy_info": null, "is_pre_order": false, "estimated_days": 2}, "price_before_discount": 0, "modelid": 83623307453, "stock": 2, "has_gimmick_tag": false}, {"itemid": 9280814648, "status": 1, "current_promotion_reserved_stock": 0, "name": "H\u00d4NG", "promotionid": 0, "price": 99000000000, "price_stocks": [{"allocated_stock": null, "stock_breakdown_by_location": null}], "current_promotion_has_reserve_stock": false, "normal_stock": 2, "extinfo": {"tier_index": [4], "group_buy_info": null, "is_pre_order": false, "estimated_days": 2}, "price_before_discount": 0, "modelid": 83623307454, "stock": 2, "has_gimmick_tag": false}], "spl_info": {"installment_info": null, "user_credit_info": null, "channel_id": null, "show_spl": false, "show_spl_lite": false}, "preview_info": null, "fe_categories": [{"catid": 11036030, "display_name": "Mobile & Gadgets", "no_sub": false, "is_default_subcat": false}, {"catid": 11036048, "display_name": "Powerbanks", "no_sub": false, "is_default_subcat": false}, {"catid": 11036052, "display_name": "Above 20.000 mAh", "no_sub": true, "is_default_subcat": false}], "presale_info": null, "is_cc_installment_payment_eligible": false, "is_non_cc_installment_payment_eligible": false, "flash_sale": null, "upcoming_flash_sale": null, "deep_discount": null, "has_low_fulfillment_rate": false, "is_partial_fulfilled": false, "makeups": null, "shop_vouchers": null, "global_sold": null, "is_infant_milk_formula_product": false, "should_show_amp_tag": false}