{"itemid": 12608176151, "shopid": 511068772, "userid": 0, "price_max_before_discount": -1, "has_lowest_price_guarantee": false, "price_before_discount": 0, "price_min_before_discount": -1, "exclusive_price_info": null, "hidden_price_display": null, "price_min": 143000000000, "price_max": 160000000000, "price": 143000000000, "stock": 300000, "discount": null, "historical_sold": 0, "sold": 0, "show_discount": 0, "raw_discount": 0, "min_purchase_limit": 0, "overall_purchase_limit": {"order_max_purchase_limit": 0, "overall_purchase_limit": null, "item_overall_quota": null, "start_date": null, "end_date": null}, "pack_size": null, "is_live_streaming_price": null, "name": "Camera Wifi Outdoor (ngo\u00e0i tr\u1eddi) FPT TELECOM Ch\u00ednh H\u00e3ng - Camera An Ninh - L\u01b0u Tr\u1eef Cloud - C\u1ea3m Bi\u1ebfn Full HD - 1080p", "ctime": 1631384845, "item_status": "normal", "status": 1, "condition": 1, "catid": 100635, "description": "Camera Wifi FPT Telecom Outdoor (ngo\u00e0i tr\u1eddi) Ch\u00ednh H\u00e3ng - Camera An Ninh - L\u01b0u Tr\u1eef Cloud - C\u1ea3m Bi\u1ebfn Full HD - 1080p.\n\nTH\u00d4NG S\u1ed0 K\u1ef8 THU\u1eacT\n\n- C\u1ea3m bi\u1ebfn h\u00ecnh \u1ea3nh 1/2.8\u2033 Sony IMX307\n- T\u1ed1c \u0111\u1ed9 khung h\u00ecnh 24/30fps@2MP ( 1920 x 1080 )\n- Chu\u1ea9n n\u00e9n H264, H264+, H265\n- \u1ed0ng k\u00ednh 2.8mm, cho g\u00f3c nh\u00ecn 95o\n- H\u1ed3ng ngo\u1ea1i t\u1ed1i \u0111a 15m\n- Ch\u1ebf \u0111\u1ed9 ch\u1ed1ng ng\u01b0\u1ee3c s\u00e1ng WDR\n- Ngu\u1ed3n DC 12V, 1A\n- Giao ti\u1ebfp m\u1ea1ng : LAN \n- \u0110\u1ed9 nh\u1ea1y s\u00e1ng m\u00e0u ( EXIR )\n- Hi\u1ec3n th\u1ecb \u0111\u1ea7y \u0111\u1ee7 m\u00e0u s\u1eafc \u1edf c\u01b0\u1eddng \u0111\u1ed9 s\u00e1ng 0.028 Lux@(F2.0, AGC ON)\n- Hi\u1ec3n th\u1ecb h\u00ecnh \u1ea3nh s\u1eafc n\u00e9t v\u1eadt th\u1ec3 trong b\u00f3ng \u0111\u00eam khi ch\u1ebf \u0111\u1ed9 h\u1ed3ng ngo\u1ea1i b\u1eadt \u1edf c\u01b0\u1eddng \u0111\u1ed9 s\u00e1ng b\u1eb1ng 0 Lux with IR\n\nT\u00cdNH N\u0102NG TH\u00d4NG MINH\n\n- Kh\u1ea3 n\u0103ng n\u00e9n h\u00ecnh kh\u00f4ng l\u00e0m gi\u1ea3m ch\u1ea5t l\u01b0\u1ee3ng: L\u00e0 c\u00f4ng ngh\u1ec7 \u00e1p d\u1ee5ng t\u01b0\u01a1ng t\u1ef1 nh\u01b0 Google \u0111ang \u00e1p d\u1ee5ng cho Youtube, h\u00ecnh \u1ea3nh \u0111\u01b0\u1ee3c n\u00e9n l\u1ea1i nh\u01b0ng kh\u00f4ng suy gi\u1ea3m ch\u1ea5t l\u01b0\u1ee3ng. Gi\u00fap truy\u1ec1n t\u1ea3i h\u00ecnh \u1ea3nh s\u1eafc n\u00e9t v\u1edbi dung l\u01b0\u1ee3ng nh\u1ecf. S\u1eed d\u1ee5ng c\u00f4ng ngh\u1ec7 VP9 (s\u1ea3n ph\u1ea9m \u0111\u01b0\u1ee3c mua l\u1ea1i b\u1edfi Google nh\u01b0ng do ng\u01b0\u1eddi Vi\u1ec7t ph\u00e1t tri\u1ec3n). Cloud Camera IP FPT s\u1eed d\u1ee5ng chu\u1ea9n HTML 5 \u0111\u1ec3 l\u00e0m tr\u00ecnh ph\u00e1t video quay b\u1eb1ng Camera tr\u00ean m\u00e1y t\u00ednh, \u0111i\u1ec7n tho\u1ea1i v\u00e0 c\u00e1c thi\u1ebft b\u1ecb quen thu\u1ed9c.\n- Giao di\u1ec7n qu\u1ea3n l\u00fd \u0111\u01a1n gi\u1ea3n: tr\u01b0\u1edbc \u0111\u1ebfn nay, vi\u1ec7c theo d\u00f5i camera t\u1eeb xa g\u1eb7p kh\u00e1 nhi\u1ec1u kh\u00f3 kh\u0103n t\u1ea1i Vi\u1ec7t Nam. Ch\u1ee7 y\u1ebfu l\u00e0 do giao di\u1ec7n ng\u01b0\u1eddi d\u00f9ng kh\u00f4ng th\u1ef1c s\u1ef1 th\u00e2n thi\u1ec7n, Ngay c\u1ea3 nh\u1eefng giao di\u1ec7n h\u01b0\u1edbng ng\u01b0\u1eddi d\u00f9ng c\u1ee7a c\u00e1c h\u00e3ng nh\u01b0 Xiaomi... C\u0169ng kh\u00f4ng th\u1ef1c s\u1ef1 mang l\u1ea1i nh\u1eefng \u0111\u1ed9t ph\u00e1 v\u01b0\u1ee3t tr\u1ed9i. FPT Telecom lu\u00f4n hi\u1ec3u \u0111i\u1ec1u n\u00e0y, t\u1eeb qu\u1ea3n tr\u1ecb Modem wifi \u0111\u1ebfn giao di\u1ec7n ng\u01b0\u1eddi d\u00f9ng truy\u1ec1n h\u00ecnh FPT \u0111\u1ec1u \u0111\u01a1n gi\u1ea3n, tr\u1ef1c quan v\u00e0 d\u1ec5 s\u1eed d\u1ee5ng nh\u1ea5t c\u00f3 th\u1ec3 v\u1edbi ng\u01b0\u1eddi d\u00f9ng.\n- M\u1ed9t s\u1ed1 ch\u1ee9c n\u0103ng s\u1eed d\u1ee5ng AI h\u1ed7 tr\u1ee3: Nh\u1eadn di\u1ec7n khu\u00f4n m\u1eb7t c\u00f3 \u0111i\u1ec1u ki\u1ec7n, c\u1ea3nh b\u00e1o qua email, tin nh\u1eafn ph\u00e1t hi\u1ec7n chuy\u1ec3n \u0111\u1ed9ng \u0111\u00e1ng ng\u1edd.\n- S\u1eed d\u1ee5ng ngay ch\u00ednh \u0111\u01b0\u1eddng truy\u1ec1n Internet c\u00e1p quang FPT \u0111\u1ec3 l\u01b0u chuy\u1ec3n d\u1eef li\u1ec7u l\u00ean m\u00e1y ch\u1ee7 b\u1ea3o m\u1eadt cao c\u1ee7a FPT Telecom. Vi\u1ec7c b\u1ea1n xem camera s\u1eafc n\u00e9t, d\u1ec5 d\u00e0ng v\u00e0 kh\u00f4ng delay (tr\u1ec5) l\u00e0 \u0111i\u1ec1u n\u1eb1m trong t\u1ea7m tay c\u1ee7a b\u1ea1n.\n- Camera c\u00f3 c\u1ea3m bi\u1ebfn chuy\u1ec3n \u0111\u1ed9ng, c\u1ea3m bi\u1ebfn h\u1ed3ng ngo\u1ea1i.\n\nL\u01b0u tr\u1eef Cloud cho ph\u00e9p ng\u01b0\u1eddi d\u00f9ng truy c\u1eadp v\u00e0o d\u1eef li\u1ec7u c\u1ee7a m\u00ecnh t\u1eeb b\u1ea5t c\u1ee9 \u0111\u00e2u th\u00f4ng qua \u1ee9ng d\u1ee5ng tr\u00ean \u0111i\u1ec7n tho\u1ea1i th\u00f4ng minh. C\u00e1c t\u1eadp tin d\u1eef li\u1ec7u \u0111\u01b0\u1ee3c l\u01b0u tr\u1eef an to\u00e0n \u1edf c\u00e1c Data Center (Trung t\u00e2m l\u01b0u tr\u1eef) v\u00e0 c\u00f3 th\u1ec3 \u0111\u01b0\u1ee3c s\u1eed d\u1ee5ng tr\u00ean c\u00e1c thi\u1ebft b\u1ecb di \u0111\u1ed9ng m\u1ecdi l\u00fac \u2013 m\u1ecdi n\u01a1i khi c\u1ea7n thi\u1ebft.\n\nPH\u00cd L\u1eaeP \u0110\u1eb6T\n\n- Kh\u00e1ch h\u00e0ng \u0111ang s\u1eed d\u1ee5ng d\u1ecbch v\u1ee5 m\u1ea1ng wifi FPT: Mi\u1ec5n ph\u00ed l\u1eafp \u0111\u1eb7t.\n- Kh\u00e1ch h\u00e0ng ch\u01b0a s\u1eed d\u1ee5ng d\u1ecbch v\u1ee5 m\u1ea1ng wifi FPT: Ph\u00ed l\u1eafp \u0111\u1eb7t 110.000 \u0111/ camera.\n\nH\u1ed6 TR\u1ee2 K\u1ef8 THU\u1eacT\n\n- B\u1ea3o h\u00e0nh 12 th\u00e1ng t\u1ea1i h\u01a1n 180 chi nh\u00e1nh FPT Telecom tr\u00ean to\u00e0n qu\u1ed1c, 01 \u0111\u1ed5i 01 trong 30 ng\u00e0y \u0111\u1ea7u n\u1ebfu c\u00f3 l\u1ed7i ph\u1ea7n c\u1ee9ng. \n- B\u1ea3o tr\u00ec trong su\u1ed1t th\u1eddi gian s\u1eed d\u1ee5ng d\u1ecbch v\u1ee5.\n- L\u1eafp \u0111\u1eb7t nhanh ch\u00f3ng, ti\u1ec7n l\u1ee3i.\n#camera #cameragiamsat #cameraanninh #camerathongminh #camerahongngoai #camerahiendai #camerawifi #cameraip #camerakhongday #camerangoaitroi #cameratrongnha", "is_mart": false, "show_shopee_verified_label": false, "size_chart": null, "reference_item_id": "", "brand": "FPT Telecom", "item_rating": {"rating_star": 0, "rating_count": [0, 0, 0, 0, 0, 0]}, "label_ids": [1008515, 1000258, 1000257, 1000279, 1008793, 1000259, 1009063, 1009190, 1009202, 1008283, 1009391, 1009427, 1009763, 1007525, 44, 1010033, 1006856, 1010111, 1010210, 1010310, 1010449, 1010452, 1010666, 1010668, 1002603, 1000512, 1000742, 1010797, 1010881, 1011155, 1011293, 1011470, 1011654, 1011685, 1011909, 1012191, 1012192, 1012514], "attributes": [{"name": "Lo\u1ea1i b\u1ea3o h\u00e0nh", "value": "B\u1ea3o h\u00e0nh nh\u00e0 s\u1ea3n xu\u1ea5t", "id": 100370, "is_timestamp": false, "brand_option": null, "val_id": null}, {"name": "B\u1ed9 s\u1ea3n ph\u1ea9m", "value": "C\u00f3", "id": 100391, "is_timestamp": false, "brand_option": null, "val_id": null}, {"name": "\u0110\u1ed9 ph\u00e2n gi\u1ea3i quay video", "value": "1080p", "id": 100569, "is_timestamp": false, "brand_option": null, "val_id": null}, {"name": "T\u00ednh n\u0103ng camera an ninh", "value": "H\u1ed7 tr\u1ee3 \u1ee9ng d\u1ee5ng, T\u1ea7m nh\u00ecn \u0111\u00eam h\u1ed3ng ngo\u1ea1i, Ph\u00e1t hi\u1ec7n chuy\u1ec3n \u0111\u1ed9ng", "id": 100570, "is_timestamp": false, "brand_option": null, "val_id": null}, {"name": "T\u1ed1c \u0111\u1ed9 khung h\u00ecnh", "value": "24fps", "id": 100403, "is_timestamp": false, "brand_option": null, "val_id": null}, {"name": "Zoom k\u1ef9 thu\u1eadt s\u1ed1", "value": "4x", "id": 100564, "is_timestamp": false, "brand_option": null, "val_id": null}, {"name": "H\u1ea1n b\u1ea3o h\u00e0nh", "value": "12 th\u00e1ng", "id": 100121, "is_timestamp": false, "brand_option": null, "val_id": null}, {"name": "Lo\u1ea1i th\u1ebb nh\u1edb", "value": "Cloud (l\u01b0u tr\u1eef \u0111\u00e1m m\u00e2y)", "id": 100477, "is_timestamp": false, "brand_option": null, "val_id": null}], "liked": false, "liked_count": 5, "cmt_count": 0, "flag": 2, "shopee_verified": false, "is_adult": false, "is_preferred_plus_seller": false, "tier_variations": [{"name": "G\u00f3i Cloud", "options": ["G\u00f3i 1 ng\u00e0y", "G\u00f3i 3 ng\u00e0y", "G\u00f3i 7 ng\u00e0y"], "images": null, "properties": null, "type": 0}], "bundle_deal_id": 0, "can_use_bundle_deal": false, "add_on_deal_info": null, "bundle_deal_info": null, "can_use_wholesale": false, "wholesale_tier_list": [], "is_group_buy_item": null, "group_buy_info": null, "welcome_package_type": 0, "welcome_package_info": null, "tax_code": null, "invoice_option": null, "complaint_policy": null, "images": ["275c1b7baa1ab0dbde36600d4b30cedb", "492022561ce5444c393a238d202789ac", "dccc5c0793cddaeeb6ec08f43b7121fd", "a43ab7591f15837fedc1bcb51c5d8174", "a3e8012ab26cab5c0722c07049f5ee78", "91b01612b8490db53422a1e448d46e7c", "b40edbde8bab60f4c70833d4622b342e"], "image": "275c1b7baa1ab0dbde36600d4b30cedb", "video_info_list": null, "item_type": 0, "is_official_shop": true, "show_official_shop_label_in_title": true, "shop_location": "TP. H\u1ed3 Ch\u00ed Minh", "coin_earn_label": null, "cb_option": 0, "is_pre_order": false, "estimated_days": 2, "badge_icon_type": 0, "show_free_shipping": true, "shipping_icon_type": 0, "cod_flag": 0, "is_service_by_shopee": false, "show_original_guarantee": false, "categories": [{"catid": 100635, "display_name": "Cameras & Flycam", "no_sub": false, "is_default_subcat": false}, {"catid": 100700, "display_name": "Camera gi\u00e1m s\u00e1t", "no_sub": false, "is_default_subcat": false}, {"catid": 101100, "display_name": "Camera gi\u00e1m s\u00e1t k\u1ebft n\u1ed1i internet", "no_sub": true, "is_default_subcat": false}], "other_stock": 300000, "item_has_post": false, "discount_stock": 0, "current_promotion_has_reserve_stock": false, "current_promotion_reserved_stock": 0, "normal_stock": 300000, "brand_id": 1257646, "is_alcohol_product": false, "show_recycling_info": false, "coin_info": {"spend_cash_unit": 100000, "coin_earn_items": [{"coin_earn": 0}, {"coin_earn": 0}, {"coin_earn": 0}]}, "models": [{"itemid": 12608176151, "status": 1, "current_promotion_reserved_stock": 0, "name": "G\u00f3i 3 ng\u00e0y", "promotionid": 0, "price": 155000000000, "price_stocks": [{"allocated_stock": null, "stock_breakdown_by_location": null}], "current_promotion_has_reserve_stock": false, "normal_stock": 100000, "extinfo": {"tier_index": [1], "group_buy_info": null, "is_pre_order": null, "estimated_days": 2}, "price_before_discount": 0, "modelid": 48023626435, "stock": 100000, "has_gimmick_tag": false}, {"itemid": 12608176151, "status": 1, "current_promotion_reserved_stock": 0, "name": "G\u00f3i 1 ng\u00e0y", "promotionid": 0, "price": 143000000000, "price_stocks": [{"allocated_stock": null, "stock_breakdown_by_location": null}], "current_promotion_has_reserve_stock": false, "normal_stock": 100000, "extinfo": {"tier_index": [0], "group_buy_info": null, "is_pre_order": null, "estimated_days": 2}, "price_before_discount": 0, "modelid": 58023306392, "stock": 100000, "has_gimmick_tag": false}, {"itemid": 12608176151, "status": 1, "current_promotion_reserved_stock": 0, "name": "G\u00f3i 7 ng\u00e0y", "promotionid": 0, "price": 160000000000, "price_stocks": [{"allocated_stock": null, "stock_breakdown_by_location": null}], "current_promotion_has_reserve_stock": false, "normal_stock": 100000, "extinfo": {"tier_index": [2], "group_buy_info": null, "is_pre_order": null, "estimated_days": 2}, "price_before_discount": 0, "modelid": 58023306393, "stock": 100000, "has_gimmick_tag": false}], "spl_info": {"installment_info": null, "user_credit_info": null, "channel_id": null, "show_spl": false, "show_spl_lite": false}, "preview_info": null, "fe_categories": [{"catid": 11036101, "display_name": "Cameras", "no_sub": false, "is_default_subcat": false}, {"catid": 11036109, "display_name": "Security Cameras & Systems", "no_sub": false, "is_default_subcat": false}, {"catid": 11036110, "display_name": "CCTV Security Cameras", "no_sub": true, "is_default_subcat": false}], "presale_info": null, "is_cc_installment_payment_eligible": false, "is_non_cc_installment_payment_eligible": false, "flash_sale": null, "upcoming_flash_sale": null, "deep_discount": null, "has_low_fulfillment_rate": false, "is_partial_fulfilled": false, "makeups": null, "shop_vouchers": null, "global_sold": null, "is_infant_milk_formula_product": false, "should_show_amp_tag": false}