{"itemid": 7952079480, "shopid": 53621981, "userid": 0, "price_max_before_discount": 57000000000, "has_lowest_price_guarantee": false, "price_before_discount": 57000000000, "price_min_before_discount": 57000000000, "exclusive_price_info": null, "hidden_price_display": null, "price_min": 28900000000, "price_max": 28900000000, "price": 28900000000, "stock": 35, "discount": "49%", "historical_sold": 134, "sold": 0, "show_discount": 49, "raw_discount": 49, "min_purchase_limit": 0, "overall_purchase_limit": {"order_max_purchase_limit": 0, "overall_purchase_limit": null, "item_overall_quota": null, "start_date": null, "end_date": null}, "pack_size": null, "is_live_streaming_price": null, "name": "B\u00ecnh \u0110un Si\u00eau T\u1ed1c COMET inox 304 1.8L CM8218N - H\u00e0ng ch\u00ednh h\u00e3ng", "ctime": 1599887466, "item_status": "normal", "status": 1, "condition": 1, "catid": 100010, "description": "TH\u00d4NG TIN K\u1ef8 THU\u1eacT:  \r\n1.Th\u01b0\u01a1ng hi\u1ec7u : Comet  \r\n2.S\u1ea3n ph\u1ea9m : B\u00ecnh \u0111un si\u00eau t\u1ed1c\r\n3.M\u00e3 s\u1ea3n ph\u1ea9m : CM8218N\r\n4.\u0110i\u1ec7n \u00e1p : 220V - 50Hz\r\n5.C\u00f4ng su\u1ea5t: 1500W\r\n6.Dung t\u00edch: 1.8L\r\n7.K\u00edch th\u01b0\u1edbc : 200*180*263 \u2013 c\u00e2n n\u1eb7ng : 1.11 kg\r\n8.B\u1ea3o h\u00e0nh : 12 th\u00e1ng\r\n9.C\u00f4ng d\u1ee5ng : n\u1ea5u n\u01b0\u1edbc \r\n10.Xu\u1ea5t x\u1ee9 : Trung Qu\u1ed1c\r\n\r\nM\u00d4 T\u1ea2 :  \r\n- B\u00ecnh \u0111un si\u00eau t\u1ed1c Comet CM8218N b\u00ean c\u1ea1nh nh\u1eefng t\u00ednh n\u0103ng h\u1eefu \u00edch th\u00ec c\u00f2n mang v\u1ebb ngo\u00e0i \u0111\u1eb9p m\u1eaft, sang tr\u1ecdng v\u1edbi ph\u1ea7n nh\u1ef1a \u0111en ph\u1ee7 b\u00f3ng, t\u1ea1o t\u00ednh th\u1ea9m m\u1ef9 cao, ph\u00f9 h\u1ee3p v\u1edbi m\u1ecdi kh\u00f4ng gian b\u00e0y tr\u00ed trong gian b\u1ebfp.\r\n- V\u1edbi dung t\u00edch 1.8 l\u00edt gi\u00fap b\u1ea1n \u0111un \u0111\u01b0\u1ee3c m\u1ed9t l\u01b0\u1ee3ng n\u01b0\u1edbc v\u1eeba \u0111\u1ee7 d\u00e0nh \u0111\u1ec3 ch\u1ebf c\u00e0 ph\u00ea, pha tr\u00e0 hay ch\u1ebf m\u00ec t\u00f4m, pha n\u01b0\u1edbc n\u00f3ng, \u0111\u00e1p \u1ee9ng nhanh ch\u00f3ng v\u00e0 k\u1ecbp th\u1eddi y\u00eau c\u1ea7u c\u1ee7a ng\u01b0\u1eddi s\u1eed d\u1ee5ng. Ch\u1ec9 t\u1eeb 4 - 6 ph\u00fat l\u00e0 ph\u1ea7n n\u01b0\u1edbc \u0111\u00e3 s\u00f4i v\u00e0 t\u1ef1 \u0111\u1ed9ng ng\u1eaft.\r\n - B\u00ecnh \u0111un si\u00eau t\u1ed1c CM8218N c\u00f3 n\u1eafp s\u1ea3n ph\u1ea9m \u0111\u01b0\u1ee3c trang b\u1ecb kho\u00e1 b\u1ea5m hi\u1ec7n \u0111\u1ea1i, tr\u00e1nh l\u00e0m \u0111\u1ed5 n\u01b0\u1edbc, nh\u1ea5t l\u00e0 nh\u1eefng l\u00fac n\u01b0\u1edbc v\u1eeba m\u1edbi s\u00f4i, b\u1ea3o \u0111\u1ea3m s\u1ef1 an to\u00e0n cho ng\u01b0\u1eddi s\u1eed d\u1ee5ng.\r\n- C\u00e1c b\u1ed9 ph\u1eadn b\u00ecnh \u0111un si\u00eau t\u1ed1c CM8218N c\u00f3 thi\u1ebft b\u1ecb b\u1ea3o v\u1ec7 ch\u1ed1ng qu\u00e1 t\u1ea3i, t\u1ef1 \u0111\u1ed9ng nh\u1ea3y c\u00f4ng t\u1eafc ng\u1eaft \u0111i\u1ec7n ch\u00ednh x\u00e1c, tr\u00e1nh c\u00e1c t\u00ecnh tr\u1ea1ng ch\u1eadp \u0111i\u1ec7n x\u1ea3y ra g\u00e2y nguy hi\u1ec3m cho ng\u01b0\u1eddi d\u00f9ng. \r\n- B\u00ecnh \u0111un si\u00eau t\u1ed1c CM8218N \u0111\u01b0\u1ee3c thi\u1ebft k\u1ebf \u00e2m nhi\u1ec7t r\u1eddi, c\u00f3 khe c\u00e0i d\u00e2y \u0111i\u1ec7n d\u01b0\u1edbi \u0111\u00e1y, d\u1ec5 s\u1eed d\u1ee5ng v\u00e0 v\u1ec7 sinh, ch\u1ed1ng ch\u00e1y. B\u00ecnh c\u00f3 l\u1edbp inox kh\u00f4ng truy\u1ec1n nhi\u1ec7t, kh\u00f4ng g\u1ec9 s\u00e9t, ch\u1ed1ng b\u1ecfng n\u00f3ng trong qu\u00e1 tr\u00ecnh s\u1eed d\u1ee5ng hay di chuy\u1ec3n, b\u1ea3o \u0111\u1ea3m an to\u00e0n cho ng\u01b0\u1eddi s\u1eed d\u1ee5ng. \r\n- S\u1ea3n ph\u1ea9m b\u1ea3o h\u00e0nh 12 th\u00e1ng\r\n- Giao h\u00e0ng m\u00e0u ng\u1eabu nhi\u00ean\r\n\r\n (*) Trung t\u00e2m b\u1ea3o h\u00e0nh: s\u1ed1 100 Tr\u1ea7n \u0110\u1ea1i Ngh\u0129a, Ph\u01b0\u1eddng T\u00e2n T\u1ea1o A, Qu\u1eadn B\u00ecnh T\u00e2n, TP HCM\r\n(*) Hotline : 1800 1739 b\u1ea5m 1\r\n#comet #giadungcomet #giadung #thucpham #tiendung #nhabep #dodungnhabep #khuyenmai #giamgia #sieusale #tieudung #dungcu  #sieutoc  #binhsieutoc  #binhdun #amdun #amnuoc #binhnuoc #binhnaunuoc #binhdunsieutoc \r\n\r\nTH\u00d4NG TIN TH\u01af\u01a0NG HI\u1ec6U: \r\nC\u00f3 m\u1eb7t t\u1ea1i th\u1ecb tr\u01b0\u1eddng Vi\u1ec7t Nam t\u1eeb th\u1eadp ni\u00ean 90, b\u1eb1ng s\u1ef1 n\u1ed7 l\u1ef1c kh\u00f4ng ng\u1eebng, c\u00f4ng ngh\u1ec7 v\u01b0\u1ee3t tr\u1ed9i v\u00e0 cam k\u1ebft an to\u00e0n tr\u00ean t\u1eebng s\u1ea3n ph\u1ea9m, Comet nhanh ch\u00f3ng chi\u1ebfm l\u0129nh th\u1ecb tr\u01b0\u1eddng v\u00e0 l\u00e0 nh\u00e3n hi\u1ec7u h\u00e0ng \u0111\u1ea7u trong l\u0129nh v\u1ef1c thi\u1ebft b\u1ecb \u0111i\u1ec7n & chi\u1ebfu s\u00e1ng d\u00e2n d\u1ee5ng.\r\nN\u0103m 2005, Comet chuy\u1ec3n giao c\u00f4ng ngh\u1ec7 s\u1ea3n xu\u1ea5t v\u00e0 to\u00e0n quy\u1ec1n s\u1edf h\u1eefu th\u01b0\u01a1ng hi\u1ec7u t\u1ea1i th\u1ecb tr\u01b0\u1eddng Vi\u1ec7t Nam cho T\u1eadp \u0111o\u00e0n KTG, ti\u1ebfp t\u1ee5c \u0111\u01b0a ra th\u1ecb tr\u01b0\u1eddng c\u00e1c s\u1ea3n ph\u1ea9m m\u1edbi \u0111\u1ea3m b\u1ea3o an to\u00e0n tuy\u1ec7t \u0111\u1ed1i cho ng\u01b0\u1eddi s\u1eed d\u1ee5ng v\u1edbi nhi\u1ec1u t\u00ednh n\u0103ng \u01b0u vi\u1ec7t, ki\u1ec3u d\u00e1ng \u0111a d\u1ea1ng ph\u00f9 h\u1ee3p v\u1edbi th\u1ecb hi\u1ebfu kh\u00e1ch h\u00e0ng. C\u00e1c s\u1ea3n ph\u1ea9m \u0111\u00e3 c\u00f3 m\u1eb7t \u1edf h\u1ea7u h\u1ebft c\u00e1c nh\u00e0 ph\u00e2n ph\u1ed1i, \u0111\u1ea1i l\u00fd, c\u1eeda h\u00e0ng thi\u1ebft b\u1ecb \u0111i\u1ec7n v\u00e0 lu\u00f4n l\u00e0 s\u1ef1 l\u1ef1a ch\u1ecdn h\u00e0ng \u0111\u1ea7u c\u1ee7a c\u00e1c \u0111\u1ed9i/nh\u00f3m th\u1ee3 \u0111i\u1ec7n, nh\u00e0 th\u1ea7u, c\u00f4ng ty x\u00e2y d\u1ef1ng\u2026 \u0111\u1ec3 ph\u1ee5c v\u1ee5 cho h\u1ea7u h\u1ebft c\u00e1c c\u00f4ng tr\u00ecnh d\u00e2n d\u1ee5ng, khu d\u00e2n c\u01b0, cao \u1ed1c v\u0103n ph\u00f2ng\u2026 tr\u00ean kh\u1eafp c\u00e1c t\u1ec9nh, th\u00e0nh t\u1ea1i Vi\u1ec7t Nam.\r\nV\u1edbi m\u1ee5c ti\u00eau an to\u00e0n v\u00e0 ch\u1ea5t l\u01b0\u1ee3ng, h\u1ea7u h\u1ebft c\u00e1c s\u1ea3n ph\u1ea9m mang nh\u00e3n hi\u1ec7u Comet \u0111\u1ec1u \u0111\u01b0\u1ee3c s\u1ea3n xu\u1ea5t tu\u00e2n th\u1ee7 nghi\u00eam ng\u1eb7t c\u00e1c ti\u00eau chu\u1ea9n qu\u1ed1c t\u1ebf nh\u01b0 IEC, EN, BS v\u1edbi c\u00e1c quy \u0111\u1ecbnh v\u1ec1 an to\u00e0n \u0111i\u1ec7n c\u1ee7a Vi\u1ec7t Nam.\r\nB\u00ean c\u1ea1nh \u0111\u00f3, KTG \u0111\u00e3 chung tay c\u00f9ng t\u1eadp \u0111o\u00e0n B\u1ea3o hi\u1ec3m B\u1ea3o Vi\u1ec7t mua b\u1ea3o hi\u1ec3m cho t\u1ea5t c\u1ea3 c\u00e1c s\u1ea3n ph\u1ea9m thi\u1ebft b\u1ecb \u0111i\u1ec7n mang nh\u00e3n hi\u1ec7u Comet. Khi mua s\u1ea3n ph\u1ea9m mang nh\u00e3n hi\u1ec7u Comet, kh\u00e1ch h\u00e0ng s\u1ebd \u0111\u01b0\u1ee3c b\u1ea3o hi\u1ec3m tr\u00e1ch nhi\u1ec7m s\u1ea3n ph\u1ea9m v\u1edbi m\u1ee9c b\u1ed3i th\u01b0\u1eddng t\u1ed1i \u0111a l\u00e0 15 t\u1ef7 \u0111\u1ed3ng n\u1ebfu c\u00f3 t\u1ed5n h\u1ea1i v\u1ec1 ng\u01b0\u1eddi v\u00e0 t\u00e0i s\u1ea3n do s\u1ea3n ph\u1ea9m g\u00e2y ra tr\u00ean to\u00e0n l\u00e3nh th\u1ed5 Vi\u1ec7t Nam. \u0110\u00e2y ch\u00ednh l\u00e0 s\u1ef1 cam k\u1ebft b\u1ea3o v\u1ec7 quy\u1ec1n l\u1ee3i t\u1ed1i \u0111a c\u1ee7a nh\u00e3n hi\u1ec7u Comet \u0111\u1ed1i v\u1edbi kh\u00e1ch h\u00e0ng.\r\nTh\u00e1ng 4/2007, KTG \u0111\u00e3 ch\u00ednh th\u1ee9c \u0111\u00f3n nh\u1eadn h\u1ec7 th\u1ed1ng qu\u1ea3n l\u00fd ch\u1ea5t l\u01b0\u1ee3ng theo ti\u00eau chu\u1ea9n qu\u1ed1c t\u1ebf ISO 9001:2008 cho c\u00e1c s\u1ea3n ph\u1ea9m thi\u1ebft b\u1ecb \u0111i\u1ec7n & chi\u1ebfu s\u00e1ng mang nh\u00e3n hi\u1ec7u Comet, do t\u1eadp \u0111o\u00e0n Det Norske Veritas (DNV) \u2013 Na Uy \u0111\u00e1nh gi\u00e1 v\u00e0 c\u00f4ng nh\u1eadn. S\u1ef1 ki\u1ec7n n\u00e0y \u0111\u00e3 \u0111\u00e1nh d\u1ea5u m\u1ed9t b\u01b0\u1edbc ph\u00e1t tri\u1ec3n v\u1eefng m\u1ea1nh c\u1ee7a nh\u00e3n hi\u1ec7u Comet t\u1ea1i th\u1ecb tr\u01b0\u1eddng Vi\u1ec7t Nam.\r\nTi\u1ebfp n\u1ed1i th\u00e0nh c\u00f4ng tr\u00ean, v\u1edbi ti\u1ec1m l\u1ef1c v\u1ec1 h\u1ec7 th\u1ed1ng ph\u00e2n ph\u1ed1i, ngu\u1ed3n nh\u00e2n l\u1ef1c \u2013 t\u00e0i ch\u00ednh, \u01b0u th\u1ebf c\u00f4ng ngh\u1ec7 v\u00e0 kh\u00e1t khao mang \u0111\u1ebfn cho kh\u00e1ch h\u00e0ng nh\u1eefng tr\u1ea3i nghi\u1ec7m ho\u00e0n to\u00e0n kh\u00e1c bi\u1ec7t v\u1ec1 c\u00e1c d\u00f2ng s\u1ea3n ph\u1ea9m \u0111i\u1ec7n gia d\u1ee5ng c\u00f4ng ngh\u1ec7 cao v\u00e0 an to\u00e0n khi s\u1eed d\u1ee5ng, th\u00e1ng 5/2011, Comet ch\u00ednh th\u1ee9c tham gia v\u00e0o th\u1ecb tr\u01b0\u1eddng ng\u00e0nh \u0111i\u1ec7n gia d\u1ee5ng v\u1edbi c\u00e1c s\u1ea3n ph\u1ea9m ch\u1ee7 l\u1ef1c: b\u00ecnh \u0111un si\u00eau t\u1ed1c, n\u1ed3i c\u01a1m \u0111i\u1ec7n, m\u00e1y xay sinh t\u1ed1, l\u00f2 n\u01b0\u1edbng th\u1ee7y tinh, b\u1ebfp t\u1eeb, b\u1ebfp h\u1ed3ng ngo\u1ea1i, qu\u1ea1t m\u00e1t, qu\u1ea1t phun s\u01b0\u01a1ng, qu\u1ea1t h\u01a1i n\u01b0\u1edbc\u2026 V\u1edbi m\u1eabu m\u00e3 \u0111\u1eb9p, ch\u1ea5t l\u01b0\u1ee3ng \u1ed5n \u0111\u1ecbnh, c\u00f4ng ngh\u1ec7 s\u1ea3n xu\u1ea5t ti\u00ean ti\u1ebfn v\u00e0 an to\u00e0n khi s\u1eed d\u1ee5ng, s\u1ea3n ph\u1ea9m \u0111\u00e3 g\u00e2y ti\u1ebfng vang l\u1edbn tr\u00ean th\u1ecb tr\u01b0\u1eddng v\u00e0 \u0111\u01b0\u1ee3c s\u1ef1 \u0111\u00f3n nh\u1eadn n\u1ed3ng nhi\u1ec7t t\u1eeb kh\u00e1ch h\u00e0ng. Tin r\u1eb1ng, trong th\u1eddi gian t\u1edbi c\u00e1c s\u1ea3n ph\u1ea9m \u0111i\u1ec7n gia d\u1ee5ng c\u1ee7a Comet s\u1ebd c\u00f3 m\u1eb7t tr\u00ean m\u1ecdi t\u1ec9nh th\u00e0nh c\u1ea3 n\u01b0\u1edbc v\u00e0 tr\u1edf th\u00e0nh th\u01b0\u01a1ng hi\u1ec7u \u0111\u01b0\u1ee3c \u0111\u00f4ng \u0111\u1ea3o ng\u01b0\u1eddi ti\u00eau d\u00f9ng tin c\u1eady v\u00e0 s\u1eed d\u1ee5ng.\r\nV\u1edbi t\u1ea5t c\u1ea3 t\u00e2m huy\u1ebft, s\u1ef1 t\u1eadn t\u1ee5y, Comet cam k\u1ebft mang l\u1ea1i An To\u00e0n v\u00e0 Ti\u1ec7n L\u1ee3i cho kh\u00e1ch h\u00e0ng th\u00f4ng qua vi\u1ec7c cung c\u1ea5p c\u00e1c s\u1ea3n ph\u1ea9m \u0111i\u1ec7n & \u0111i\u1ec7n gia d\u1ee5ng \u0111\u1ea1t ch\u1ea5t l\u01b0\u1ee3ng, theo ti\u00eau chu\u1ea9n Qu\u1ed1c T\u1ebf.", "is_mart": false, "show_shopee_verified_label": false, "size_chart": null, "reference_item_id": "", "brand": "COMET", "item_rating": {"rating_star": 4.852941176470588, "rating_count": [68, 1, 0, 2, 2, 63]}, "label_ids": [1003974, 1000476, 1000182, 1001051, 1001054, 1001078, 1001087, 1001089, 1000959, 1000963, 1000969, 1000975, 1000987, 1001011, 1001015, 1001022, 1001033, 1001040, 1000259, 1000262, 1000260, 1000258, 1000255, 1000256, 1000257, 1000499, 1000267, 1000268, 1000270, 1000269, 1000271, 1000272, 1000273, 1000274, 1000277, 1000276, 1000278, 1000275, 1000535, 1000594, 1000595, 1000596, 1000513, 1000614, 1000615, 1000627, 1000637, 1000651, 1000652, 1000673, 1000674, 1000677, 1000685, 1000697, 1000713, 1000748, 1000756, 1000501, 1000779, 1000790, 1000797, 1000805, 1000339, 1000347, 1000349, 1000333, 1000356, 1000359, 1000353, 1000379, 1000383, 1000462, 1000826, 1000844, 1000847, 1000866, 1000867, 1000874, 1000902, 1000907, 1000931, 1000938, 1000946, 1000948, 62, 1000070, 1000071, 1000075, 1000085, 1000088, 1000094, 1000099, 1000104, 1000105, 1000107, 1000108, 1000109, 1000110, 1000114, 1000122, 1000125, 1000126, 1000127, 1000128, 1000129, 1000130, 1000137, 1000141, 1000145, 1000146, 1000151, 1000153, 1000161, 1000163, 1000164, 1000253, 1000254, 1000263, 1000264, 1000265, 1000266, 1000279, 1001321, 1001324, 1000086, 1000098, 1000355, 1000558, 1000600, 1000643, 1000655, 1000735, 1000951, 1000956, 1000957, 1000984, 1001035, 1001388, 1001396, 1001398, 1001399, 1001043, 1001409, 1001412, 1001509, 1001508, 1001549, 1001597, 1001613, 1001728, 1001827, 1001948, 1001959, 1001975, 1001978, 1002113, 1002120, 1002132, 1002172, 1002181, 1002190, 1002263, 1002278, 1002283, 1002289, 1002291, 1002296, 1002409, 1002422, 1002424, 1002501, 1002556, 1002579, 1002597, 1002695, 1002696, 1002697, 1002763, 1002768, 1002770, 1002772, 1002789, 1002792, 1002822, 1002835, 1002847, 1002945, 1002965, 1002966, 1002993, 1003118, 1003117, 1003159, 1003167, 1003280, 1003307, 1003322, 1003443, 1003448, 1003449, 1003466, 1003467, 1003532, 1003533, 1003567, 1003707, 1003709, 1003750, 1000121, 1003819, 1003866, 1003868, 1003886, 1004149, 1004292, 1004412, 1004413, 44, 1004423, 1004530, 1004689, 1004870, 1004894, 1004927, 1004963, 1004983, 1005000, 1005061, 1005147, 1005330, 1005544, 1005868, 1006159, 1006199, 1006306, 1006352, 1006435, 1006480, 1006483, 1006624, 1006625, 1006805, 1007155, 1007328, 1007394, 1007516, 1007521, 1007546, 1007525, 1007631, 1007765, 1007768, 1007773, 1006856, 1007907, 1007457, 1007975, 1008223, 1008283, 1008290, 1008313, 1008358, 1008515, 1008529, 1008632, 1008755, 1008793, 1008875, 1009058, 1009063, 1009190, 1009198, 1009226, 1009372, 1009374, 1009427, 1009489, 1009522, 1009525, 1009763, 1009932, 1010033, 1010111, 1010206, 1010210, 1010310, 1010350, 1010295, 1010449, 1010452, 1010516, 1010518, 1010666, 1010668, 1010765, 1010797, 1010881, 1011081, 1011062, 1011155, 1011229, 1011293, 1011361, 1011470, 1011654, 1011685, 1011776, 1011843, 1011909, 1011937, 1012134, 1012191, 1012192, 1012514, 1002088, 1002246, 1002248, 1003125, 1003204, 1003428, 1003744, 1004709, 1003794, 1005269, 1001044, 1006129, 1006454, 1006641, 1006660, 1007182, 1007414, 1007696, 1007861, 1008222, 1008298, 1008542, 1008562, 1008842, 1009036, 1009167, 1009687, 1010242, 1010348, 1010425, 1011193, 1011294, 1011378, 1011627, 1011629, 1012011, 1012107, 1012539, 1011387, 1000990], "attributes": [{"name": "Tr\u1ecdng l\u01b0\u1ee3ng", "value": "1kg", "id": 100095, "is_timestamp": false, "brand_option": null, "val_id": null}, {"name": "Xu\u1ea5t x\u1ee9", "value": "Trung Qu\u1ed1c", "id": 100037, "is_timestamp": false, "brand_option": null, "val_id": null}, {"name": "H\u1ea1n b\u1ea3o h\u00e0nh", "value": "12 th\u00e1ng", "id": 100121, "is_timestamp": false, "brand_option": null, "val_id": null}, {"name": "Lo\u1ea1i b\u1ea3o h\u00e0nh", "value": "B\u1ea3o h\u00e0nh nh\u00e0 cung c\u1ea5p", "id": 100370, "is_timestamp": false, "brand_option": null, "val_id": null}, {"name": "T\u00ednh n\u0103ng \u1ea5m \u0111un n\u01b0\u1edbc", "value": "S\u00f4i nhanh, Gi\u1eef \u1ea5m, \u0110\u00e9 xoay", "id": 100338, "is_timestamp": false, "brand_option": null, "val_id": null}, {"name": "Ch\u1ea5t li\u1ec7u", "value": "Nh\u1ef1a, inox", "id": 100134, "is_timestamp": false, "brand_option": null, "val_id": null}, {"name": "\u0110i\u1ec7n \u00e1p \u0111\u1ea7u v\u00e0o", "value": "220V", "id": 100323, "is_timestamp": false, "brand_option": null, "val_id": null}, {"name": "Ti\u00eau th\u1ee5 \u0111i\u1ec7n n\u0103ng", "value": "1500W", "id": 100355, "is_timestamp": false, "brand_option": null, "val_id": null}, {"name": "Dung t\u00edch", "value": "1.8L", "id": 100278, "is_timestamp": false, "brand_option": null, "val_id": null}], "liked": false, "liked_count": 42, "cmt_count": 68, "flag": 268435458, "shopee_verified": false, "is_adult": false, "is_preferred_plus_seller": false, "tier_variations": [{"name": "", "options": [""], "images": null, "properties": null, "type": 0}], "bundle_deal_id": 0, "can_use_bundle_deal": false, "add_on_deal_info": null, "bundle_deal_info": null, "can_use_wholesale": false, "wholesale_tier_list": [], "is_group_buy_item": null, "group_buy_info": null, "welcome_package_type": 0, "welcome_package_info": null, "tax_code": null, "invoice_option": null, "complaint_policy": null, "images": ["c5dc9407da807d05467ac26c5a1f532f", "9f9a0bf058895f3128d970f9f430fd81", "a0bb60549faeb8155f75c43e480fcd9c", "af267a7b13d3c7072cacd6fa719a1955", "07ece0415ec29b3488e6ae26ff805a59", "f174a90146969693ef6bfd4109c8c746", "bd6192a97be1505dfadbb374b6dcdb06", "f029e7be7af77c5395be3dd8321d0f12"], "image": "c5dc9407da807d05467ac26c5a1f532f", "video_info_list": null, "item_type": 0, "is_official_shop": true, "show_official_shop_label_in_title": true, "shop_location": "TP. H\u1ed3 Ch\u00ed Minh", "coin_earn_label": null, "cb_option": 0, "is_pre_order": false, "estimated_days": 2, "badge_icon_type": 6, "show_free_shipping": true, "shipping_icon_type": 0, "cod_flag": 0, "is_service_by_shopee": true, "show_original_guarantee": false, "categories": [{"catid": 100010, "display_name": "Thi\u1ebft B\u1ecb \u0110i\u1ec7n Gia D\u1ee5ng", "no_sub": false, "is_default_subcat": false}, {"catid": 100041, "display_name": "\u0110\u1ed3 gia d\u1ee5ng nh\u00e0 b\u1ebfp", "no_sub": false, "is_default_subcat": false}, {"catid": 100191, "display_name": "\u1ea4m \u0111un si\u00eau t\u1ed1c", "no_sub": true, "is_default_subcat": false}], "other_stock": 0, "item_has_post": true, "discount_stock": 35, "current_promotion_has_reserve_stock": false, "current_promotion_reserved_stock": 0, "normal_stock": 35, "brand_id": 1141325, "is_alcohol_product": false, "show_recycling_info": false, "coin_info": {"spend_cash_unit": 100000, "coin_earn_items": [{"coin_earn": 0}]}, "models": [{"itemid": 7952079480, "status": 1, "current_promotion_reserved_stock": 0, "name": "", "promotionid": 1309941827, "price": 28900000000, "price_stocks": [{"allocated_stock": 0, "stock_breakdown_by_location": null}, {"allocated_stock": null, "stock_breakdown_by_location": [{"location_id": "VNW", "available_stock": 34, "fulfilment_type": 1, "address_id": 38200026}, {"location_id": "VNN", "available_stock": 1, "fulfilment_type": 1, "address_id": 38200025}, {"location_id": "VNZ", "available_stock": 0, "fulfilment_type": 2, "address_id": null}]}], "current_promotion_has_reserve_stock": false, "normal_stock": 35, "extinfo": {"tier_index": [0], "group_buy_info": null, "is_pre_order": false, "estimated_days": 2}, "price_before_discount": 57000000000, "modelid": 50979959236, "stock": 35, "has_gimmick_tag": false}], "spl_info": {"installment_info": null, "user_credit_info": null, "channel_id": null, "show_spl": false, "show_spl_lite": false}, "preview_info": null, "fe_categories": [{"catid": 11036971, "display_name": "Home Appliances", "no_sub": false, "is_default_subcat": false}, {"catid": 11036972, "display_name": "Kitchen Appliances", "no_sub": false, "is_default_subcat": false}, {"catid": 11036979, "display_name": "Electric Kettles & Thermo Pots", "no_sub": true, "is_default_subcat": false}], "presale_info": null, "is_cc_installment_payment_eligible": false, "is_non_cc_installment_payment_eligible": false, "flash_sale": null, "upcoming_flash_sale": null, "deep_discount": null, "has_low_fulfillment_rate": false, "is_partial_fulfilled": true, "makeups": null, "shop_vouchers": null, "global_sold": null, "is_infant_milk_formula_product": false, "should_show_amp_tag": false}