{"itemid": 2024871584, "shopid": 55771655, "userid": 0, "price_max_before_discount": 65000000000, "has_lowest_price_guarantee": true, "price_before_discount": 65000000000, "price_min_before_discount": 65000000000, "exclusive_price_info": null, "hidden_price_display": null, "price_min": 33800000000, "price_max": 33800000000, "price": 33800000000, "stock": 31, "discount": "48%", "historical_sold": 1529, "sold": 27, "show_discount": 48, "raw_discount": 48, "min_purchase_limit": 0, "overall_purchase_limit": {"order_max_purchase_limit": 0, "overall_purchase_limit": null, "item_overall_quota": null, "start_date": null, "end_date": null}, "pack_size": null, "is_live_streaming_price": null, "name": "B\u00ecnh gi\u1eef nhi\u1ec7t Lock&Lock RigaTumbler (SHAngHAi) 897ml LHC4160RED", "ctime": 1553134889, "item_status": "normal", "status": 1, "condition": 1, "catid": 100636, "description": "B\u00ecnh gi\u1eef nhi\u1ec7t Lock&Lock b\u1eb1ng th\u00e9p kh\u00f4ng g\u1ec9 RigaTumbler (Shanghai) 897ml - m\u00e0u Red - LHC4160RED\r\nTh\u01b0\u01a1ng hi\u1ec7u: Lock&Lock\r\nXu\u1ea5t x\u1ee9:China\r\nCh\u1ea5t li\u1ec7u: N\u1eafp nh\u1ef1a, th\u00e2n th\u00e9p kh\u00f4ng g\u1ec9\r\n\"N\u1eafp c\u00f3 quai c\u1ea7m, ti\u1ec7n l\u1ee3i \u0111\u1ec3 mang theo,\r\nNh\u1eb9 v\u00e0 b\u1ec1n, th\u00edch h\u1ee3p s\u1eed d\u1ee5ng nh\u01b0 b\u00ecnh n\u01b0\u1edbc d\u00e0nh cho ho\u1ea1t \u0111\u1ed9ng ngo\u00e0i tr\u1eddi!\"\t\t\t\t\r\nB\u00ecnh gi\u1eef nhi\u1ec7t Riga, s\u1eed d\u1ee5ng \u1edf b\u1ea5t c\u1ee9 n\u01a1i \u0111\u00e2u\r\n\r\nB\u00ecnh gi\u1eef nhi\u1ec7t Riga nh\u1eb9 v\u00e0 b\u1ec1n, th\u00edch h\u1ee3p \u0111\u1ec3 s\u1eed d\u1ee5ng khi th\u1ef1c hi\u1ec7n c\u00e1c ho\u1ea1t \u0111\u1ed9ng trong nh\u00e0 ho\u1eb7c ngo\u00e0i tr\u1eddi nh\u01b0 leo n\u00fai, d\u00e3 ngo\u1ea1i, ch\u1ea1y b\u1ed9...Ngo\u00e0i ra c\u00f2n th\u00edch h\u1ee3p d\u00f9ng trong tr\u01b0\u1eddng h\u1ecdc ho\u1eb7c v\u0103n ph\u00f2ng l\u00e0m vi\u1ec7c!\r\nN\u1eafp 3 l\u1edbp c\u00e1ch nhi\u1ec7t &\r\nKh\u1ea3 n\u0103ng gi\u1eef nhi\u1ec7t v\u01b0\u1ee3t tr\u1ed9i nh\u1edd l\u1edbp ph\u1ee7 m\u1ea1 \u0111\u1ed3ng \u0111\u1eb7c bi\u1ec7t!\r\n\r\nNhi\u1ec7t \u0111\u1ed9 qu\u00e1 cao s\u1ebd d\u1ec5 tho\u00e1t nhi\u1ec7t t\u1eeb n\u1eafp \u0111\u1eady, do \u0111\u00f3 ch\u00fang t\u00f4i \u0111\u00e3 s\u1eed d\u1ee5ng 3 l\u1edbp v\u1eadt li\u1ec7u c\u00e1ch nhi\u1ec7t \u0111\u1ec3 n\u00e2ng cao kh\u1ea3 n\u0103ng duy tr\u00ec nhi\u1ec7t \u0111\u1ed9 c\u1ee7a n\u1eafp. Ch\u00fang t\u00f4i c\u00f2n \u00e1p d\u1ee5ng l\u1edbp ph\u1ee7 m\u1ea1 \u0111\u1ed3ng \u0111\u1eb7c bi\u1ec7t gi\u1eefa l\u1edbp ch\u00e2n kh\u00f4ng v\u00e0 th\u00e0nh b\u00ecnh b\u00ean trong, mang l\u1ea1i kh\u1ea3 n\u0103ng gi\u1eef nhi\u1ec7t v\u01b0\u1ee3t tr\u1ed9i gi\u00fap b\u1ea1n c\u00f3 th\u1ec3 s\u1eed d\u1ee5ng s\u1ea3n ph\u1ea9m su\u1ed1t c\u00e1c m\u00f9a trong n\u0103m.\r\nTh\u00e2n b\u00ecnh tr\u00f2n t\u1ea1o c\u1ea3m gi\u00e1c c\u1ea7m tho\u1ea3i m\u00e1i &\r\nn\u1eafp c\u00f3 quai c\u1ea7m ti\u1ec7n l\u1ee3i khi mang theo!\r\n\r\nTh\u00e2n b\u00ecnh d\u1ea1ng tr\u00f2n c\u1ea7m ch\u1eafc tay, n\u1eafp c\u00f3 quai c\u1ea7m ch\u1eafc ch\u1eafn gi\u00fap b\u1ea1n d\u1ec5 mang theo.\r\nMi\u1ec7ng b\u00ecnh r\u1ed9ng c\u00f3 th\u1ec3 cho c\u1ea3 \u0111\u00e1 vi\u00ean v\u00e0o &\r\nd\u1ec5 d\u00e0ng r\u1eeda s\u1ea1ch!\r\n\r\nMi\u1ec7ng b\u00ecnh r\u1ed9ng gi\u00fap b\u1ea1n d\u1ec5 cho \u0111\u00e1 vi\u00ean v\u00e0o, d\u1ec5 \u0111\u1ef1ng th\u1ee9c u\u1ed1ng, d\u1ec5 r\u1eeda s\u1ea1ch v\u00e0 d\u1ec5 qu\u1ea3n l\u00ed. T\u1eeb b\u00e2y gi\u1edd b\u1ea1n c\u00f3 th\u1ec3 tho\u1ea3i m\u00e1i s\u1eed d\u1ee5ng b\u00ecnh gi\u1eef nhi\u1ec7t m\u00e0 kh\u00f4ng c\u00f3 b\u1ea5t k\u00ec lo l\u1eafng n\u00e0o.\r\n6 m\u00e0u v\u00e0 6 h\u00ecnh \u1ea3nh t\u01b0\u1ee3ng tr\u01b0ng cho c\u00e1c th\u00e0nh ph\u1ed1\r\n\r\nTumbler c\u00f3 6 m\u00e0u s\u1eafc sinh \u0111\u1ed9ng k\u00e8m h\u00ecnh \u1ea3nh t\u01b0\u1ee3ng tr\u01b0ng c\u1ee7a m\u1ed7i th\u00e0nh ph\u1ed1, b\u1ea1n c\u00f3 th\u1ec3 tho\u1ea3i m\u00e1i l\u1ef1a ch\u1ecdn m\u00e0u s\u1eafc v\u00e0 h\u1ecda ti\u1ebft ph\u00f9 h\u1ee3p v\u1edbi s\u1edf th\u00edch c\u1ee7a b\u1ea1n. S\u1ea3n ph\u1ea9m c\u00f3 h\u1ed9p \u0111\u1ef1ng cao g\u1ea5p, th\u00edch h\u1ee3p \u0111\u1ec3 l\u00e0m qu\u00e0 t\u1eb7ng cho  ng\u01b0\u1eddi th\u00e2n quen.\r\n\u0110\u1ec3 s\u1eed d\u1ee5ng s\u1ea3n ph\u1ea9m m\u1ed9t c\u00e1ch an to\u00e0n, vui l\u00f2ng l\u01b0u \u00fd nh\u1eefng n\u1ed9i dung d\u01b0\u1edbi \u0111\u00e2y.\t\t\t\t\r\n1. Kh\u00f4ng s\u1eed d\u1ee5ng s\u1ea3n ph\u1ea9m v\u1edbi m\u1ee5c \u0111\u00edch kh\u00e1c ngo\u00e0i m\u1ee5c \u0111\u00edch gi\u1eef nhi\u1ec7t.\t\t\t\t\r\n2. G\u1eafn gio\u0103ng silicone v\u00e0o \u0111\u00fang v\u1ecb tr\u00ed tr\u01b0\u1edbc khi s\u1eed d\u1ee5ng s\u1ea3n ph\u1ea9m. (Ch\u00fa \u00fd kh\u00f4ng l\u00e0m m\u1ea5t gio\u0103ng silicone trong khi r\u1eeda s\u1ea1ch s\u1ea3n ph\u1ea9m)\t\t\t\t\r\n3. Kh\u00f4ng va \u0111\u1eadp m\u1ea1nh.\t\t\t\t\r\n4. Kh\u00f4ng s\u1eed d\u1ee5ng trong l\u00f2 vi s\u00f3ng ho\u1eb7c m\u00e1y r\u1eeda b\u00e1t.\t\t\t\t\r\n5. \u0110\u1eady k\u00edn n\u1eafp s\u1ea3n ph\u1ea9m.\t\t\t\t\r\n6. B\u1ea3o qu\u1ea3n xa t\u1ea7m tay tr\u1ebb em.\t\t\t\t\r\n7. S\u1eefa, c\u00e1c ch\u1ebf ph\u1ea9m t\u1eeb s\u1eefa v\u00e0 n\u01b0\u1edbc tr\u00e1i c\u00e2y... c\u00f3 th\u1ec3 b\u1ecb \u00f4i thiu khi \u0111\u1ec3 trong b\u00ecnh qu\u00e1 l\u00e2u.\t\t\t\t\r\n8. Cho th\u1ee9c u\u1ed1ng v\u00e0o s\u1ea3n ph\u1ea9m th\u1ea5p h\u01a1n ph\u1ea7n d\u01b0\u1edbi c\u1ee7a n\u1eafp b\u00ecnh.\t\t\t\t\r\n9. \u0110\u1eb7t b\u00ecnh th\u1eb3ng \u0111\u1ee9ng tr\u01b0\u1edbc khi m\u1edf n\u1eafp. N\u1ebfu \u0111\u1ec3 b\u00ecnh nghi\u00eang, n\u01b0\u1edbc n\u00f3ng c\u00f3 th\u1ec3 tr\u00e0n ra ngo\u00e0i, g\u00e2y b\u1ecfng.\t\t\t\t\r\n10. Khi cho th\u1ee9c u\u1ed1ng n\u00f3ng v\u00e0o b\u00ecnh, n\u1ebfu c\u00f3 nhi\u1ec7t truy\u1ec1n ra b\u00ean ngo\u00e0i ngh\u0129a l\u00e0 kh\u1ea3 n\u0103ng gi\u1eef n\u00f3ng b\u1ecb h\u1ecfng, vui l\u00f2ng li\u00ean h\u1ec7 n\u01a1i mua s\u1ea3n ph\u1ea9m \u0111\u1ec3 \u0111\u01b0\u1ee3c h\u1ed7 tr\u1ee3.\t\t\t\t\r\n11. N\u1eafp s\u1ea3n ph\u1ea9m c\u00f3 th\u1ec3 bi\u1ebfn d\u1ea1ng khi cho v\u00e0o n\u01b0\u1edbc s\u00f4i.\t\t\t\t\r\n12. C\u1ea7n ch\u00fa \u00fd khi \u0111\u1ef1ng n\u01b0\u1edbc n\u00f3ng trong b\u00ecnh \u0111\u1ec3 u\u1ed1ng, n\u01b0\u1edbc c\u00f3 th\u1ec3 g\u00e2y b\u1ecfng khi b\u1ea1n kh\u00f4ng c\u1ea9n th\u1eadn.\t\t\t\t\r\n13. Sau khi cho n\u01b0\u1edbc v\u00e0o b\u00ecnh, vui l\u00f2ng \u0111\u1eady k\u00edn n\u1eafp tr\u01b0\u1edbc khi b\u1ea3o qu\u1ea3n ho\u1eb7c mang theo.\t\t\t\t\r\n14. Ch\u00fa \u00fd, rung l\u1eafc m\u1ea1nh b\u00ecnh \u0111ang ch\u1ee9a n\u01b0\u1edbc n\u00f3ng c\u00f3 th\u1ec3 d\u1eabn \u0111\u1ebfn nguy c\u01a1 n\u01b0\u1edbc trong b\u00ecnh b\u1ecb b\u1eafn ra khi m\u1edf n\u1eafp v\u00e0 g\u00e2y b\u1ecfng.\t\t\t\t\r\n15. R\u1eeda s\u1ea1ch s\u1ea3n ph\u1ea9m tr\u01b0\u1edbc v\u00e0 sau khi s\u1eed d\u1ee5ng.\r\n\r\n** L\u01b0u \u00fd b\u1ea3o h\u00e0nh: \r\n- B\u00ecnh gi\u1eef nhi\u1ec7t b\u1ea3o h\u00e0nh 6 th\u00e1ng v\u1ec1 v\u1ea5n \u0111\u1ec1 t\u1ecfa nhi\u1ec7t, v\u1edbi \u0111i\u1ec1u ki\u1ec7n s\u1ea3n ph\u1ea9m c\u00f2n nguy\u00ean v\u1eb9n, kh\u00f4ng b\u1ecb tr\u1ea7y x\u01b0\u1edbc, m\u00f3p m\u00e9o, thi\u1ebfu linh ki\u1ec7n, kh\u00f4ng x\u1ea3y ra va \u0111\u1eadp, r\u01a1i r\u1edbt.\r\n- KH\u00d4NG B\u1ea2O H\u00c0NH c\u00e1c v\u1ea5n \u0111\u1ec1 v\u1ec1 v\u1ec7 sinh s\u1ea3n ph\u1ea9m, r\u01a1i r\u1edbt, b\u1ec3 v\u1ee1, tr\u1ea7y x\u01b0\u1edbc, m\u00f3p m\u00e9o, g\u1ec9 s\u00e9t hay m\u1ea5t linh ki\u1ec7n.", "is_mart": false, "show_shopee_verified_label": false, "size_chart": null, "reference_item_id": "", "brand": "Lock&Lock", "item_rating": {"rating_star": 4.952045133991537, "rating_count": [711, 2, 2, 6, 15, 686]}, "label_ids": [1003958, 1003974, 1000476, 1000182, 1003985, 1001042, 1000753, 1001051, 1001070, 1001075, 1001077, 1001078, 1001079, 1001084, 1001086, 1001087, 1000959, 1000969, 1000975, 1001002, 1001011, 1001012, 1001013, 1001016, 1001022, 1001033, 1001038, 1001040, 1000259, 1000260, 1000262, 1000258, 1000254, 1000263, 1000256, 1000255, 1000257, 1000499, 1000266, 1000267, 1000269, 1000270, 1000268, 1000272, 1000274, 1000278, 1000277, 1000276, 1000275, 44, 1000595, 1000513, 1000608, 1000609, 1000611, 1000615, 1000651, 1000652, 1000669, 1000674, 1000677, 1000685, 1000687, 1000703, 1000710, 1000727, 1000747, 1000758, 1000760, 1000775, 1000779, 1000766, 1000767, 1000768, 1000769, 1000771, 1000790, 1000797, 1000799, 1000279, 1000339, 1000347, 1000349, 1000333, 1000378, 1000383, 1000815, 1000826, 1000830, 1000832, 1000843, 1000844, 1000847, 1000849, 1000855, 1000886, 1000904, 1000911, 1000924, 1000934, 1000937, 1000938, 1000946, 1000948, 62, 1000114, 1000141, 1000145, 1000155, 1000156, 1000157, 1000264, 1000265, 1000271, 1000273, 1000150, 1000455, 1000600, 1000722, 1000878, 1000956, 1000983, 1000984, 1000991, 1001035, 1001388, 1001396, 1001398, 1001043, 1001412, 1001418, 1001411, 1001509, 1001549, 1001613, 1001693, 1001734, 1001740, 1001739, 1001827, 1001857, 1001946, 1001947, 1001975, 1001978, 1002105, 1002113, 1002163, 1002172, 1002182, 1002181, 1002190, 1002232, 1002263, 1002283, 1002289, 1002291, 1002373, 1002408, 1002409, 1002422, 1002424, 1002433, 1002480, 1002501, 1002556, 1002579, 1002587, 1002639, 1002695, 1002696, 1002697, 1002683, 1002716, 1002727, 1002762, 1002763, 1002768, 1002770, 1002772, 1002789, 1002792, 1002822, 1002827, 1002847, 1002898, 1002899, 1002945, 1002962, 1002965, 1002966, 1002970, 1002993, 1002997, 1002998, 1003110, 1003118, 1003117, 1003133, 1003169, 1003238, 1003274, 1003275, 1003280, 1003322, 1003323, 1003344, 1003441, 1003443, 1003448, 1003449, 1003463, 1003464, 1003466, 1003532, 1003533, 1003567, 1003697, 1003709, 1003750, 1003769, 1000121, 1003834, 1003866, 1003867, 1003868, 1003928, 1004111, 1004130, 1004149, 1004213, 1004220, 1004265, 1004292, 1004358, 1004376, 1004412, 1004413, 1004471, 1004530, 1004488, 1004556, 1004670, 1004687, 1004689, 1004710, 1004764, 1004774, 1004865, 1004870, 1004879, 1004894, 1004897, 1004927, 1004929, 1004963, 1005000, 1005033, 1005061, 1005120, 1005144, 1005263, 1005330, 1005521, 1005544, 1005759, 1005829, 1005844, 1006042, 1006159, 1006199, 1006306, 1006352, 1006435, 1006480, 1006483, 1006624, 1007155, 1007190, 1007328, 1007394, 1007516, 1007546, 1007525, 1007631, 1007695, 1007627, 1007765, 1007768, 1007773, 1006856, 1007907, 1007908, 1007975, 1008223, 1008283, 1008290, 1008313, 1008515, 1008529, 1008632, 1008664, 1008742, 1008793, 1009058, 1009063, 1009190, 1009198, 1009202, 1009372, 1009374, 1009391, 1009427, 1009456, 1009489, 1009522, 1009525, 1009763, 1009932, 1010033, 1010111, 1010206, 1010210, 1010310, 1010350, 1010449, 1010452, 1010516, 1010518, 1010666, 1010668, 1010765, 1010797, 1010881, 1011022, 1011033, 1011081, 1011100, 1011102, 1011062, 1011155, 1011229, 1011293, 1011361, 1011470, 1011654, 1011685, 1011776, 1011909, 1011937, 1012090, 1012134, 1012191, 1012192, 1012514, 1000061, 1000077, 1000112, 1000138, 1000139, 1000172, 1000205, 1000226, 1000228, 1000248, 1000315, 1000352, 1000414, 1000452, 1000529, 1000586, 1000784, 1000836, 1000881, 1000905, 1000597, 1001545, 1001044, 1002248, 1002555, 1002861, 1002863, 1003125, 1003279, 1003428, 1003698, 1003749, 1004349, 1004371, 1004531, 1004542, 1004700, 1004895, 1004997, 1005158, 1005329, 1005342, 1005460, 1005543, 1006037, 1006330, 1006478, 1006569, 1006641, 1006660, 1006825, 1007861, 1008222, 1008298, 1008842, 1009036, 1010348, 1010444, 1010455, 1011193, 1011294, 1011345, 1011378, 1011387, 1011629, 1008567, 1009370, 1012107, 1012539, 1000990], "attributes": [{"name": "Xu\u1ea5t x\u1ee9", "value": "Trung Qu\u1ed1c", "id": 100037, "is_timestamp": false, "brand_option": null, "val_id": null}, {"name": "Lo\u1ea1i b\u00ecnh n\u01b0\u1edbc", "value": "B\u00ecnh gi\u1eef nhi\u1ec7t", "id": 100858, "is_timestamp": false, "brand_option": null, "val_id": null}, {"name": "Dung t\u00edch", "value": "897ml", "id": 100278, "is_timestamp": false, "brand_option": null, "val_id": null}], "liked": false, "liked_count": 282, "cmt_count": 711, "flag": 268435458, "shopee_verified": false, "is_adult": false, "is_preferred_plus_seller": false, "tier_variations": [{"name": "", "options": [""], "images": null, "properties": null, "type": 0}], "bundle_deal_id": 0, "can_use_bundle_deal": false, "add_on_deal_info": null, "bundle_deal_info": null, "can_use_wholesale": false, "wholesale_tier_list": [], "is_group_buy_item": null, "group_buy_info": null, "welcome_package_type": 0, "welcome_package_info": null, "tax_code": null, "invoice_option": null, "complaint_policy": null, "images": ["9d1357d9705a17a5bc76d2575f55a4c8", "e43a2cbfb85e21a4492b7fcf68d6a137", "db4ccffc9f39d2dd0ae2aec3a04708e7", "3d2c97d354092a0e1e9937bd835b44b4", "34113cc31648a52a118e4c716ac6b724", "16e25219e7da4f3f40dbfb18bb39c497"], "image": "9d1357d9705a17a5bc76d2575f55a4c8", "video_info_list": [{"video_id": "KCYCQSAPMkpnYHlk", "thumb_url": "2d49044a6f30b73791f8d49acd041f19", "duration": 35, "version": 2, "vid": "sg_6056ddfc-c5df-44d3-aff8-ed37030c743b_000010", "formats": [], "default_format": {"format": 600001, "defn": "ORI", "profile": "MP4", "path": "", "url": "http://play-ws.vod.shopee.com/c3/98934353/107/YzQsOTctNDM5OTIsMTQyMjgzOTYwMDUxODI0MjMwNCwy.mp4", "width": 640, "height": 640}}], "item_type": 0, "is_official_shop": true, "show_official_shop_label_in_title": true, "shop_location": "TP. H\u1ed3 Ch\u00ed Minh", "coin_earn_label": null, "cb_option": 0, "is_pre_order": false, "estimated_days": 2, "badge_icon_type": 6, "show_free_shipping": true, "shipping_icon_type": 0, "cod_flag": 0, "is_service_by_shopee": true, "show_original_guarantee": false, "categories": [{"catid": 100636, "display_name": "Nh\u00e0 c\u1eeda & \u0110\u1eddi s\u1ed1ng", "no_sub": false, "is_default_subcat": false}, {"catid": 100718, "display_name": "B\u1ed9 \u0111\u1ed3 b\u00e0n \u0103n", "no_sub": false, "is_default_subcat": false}, {"catid": 101241, "display_name": "B\u00ecnh n\u01b0\u1edbc & ph\u1ee5 ki\u1ec7n", "no_sub": true, "is_default_subcat": false}], "other_stock": 0, "item_has_post": true, "discount_stock": 31, "current_promotion_has_reserve_stock": false, "current_promotion_reserved_stock": 0, "normal_stock": 31, "brand_id": 1801765, "is_alcohol_product": false, "show_recycling_info": false, "coin_info": {"spend_cash_unit": 100000, "coin_earn_items": [{"coin_earn": 0}]}, "models": [{"itemid": 2024871584, "status": 1, "current_promotion_reserved_stock": 0, "name": "", "promotionid": 1315180180, "price": 33800000000, "price_stocks": [{"allocated_stock": 0, "stock_breakdown_by_location": null}, {"allocated_stock": null, "stock_breakdown_by_location": [{"location_id": "VNW", "available_stock": 31, "fulfilment_type": 1, "address_id": 38200026}, {"location_id": "VNN", "available_stock": 0, "fulfilment_type": 1, "address_id": 38200025}, {"location_id": "VNZ", "available_stock": 0, "fulfilment_type": 2, "address_id": null}]}], "current_promotion_has_reserve_stock": false, "normal_stock": 31, "extinfo": {"tier_index": [0], "group_buy_info": null, "is_pre_order": false, "estimated_days": 2}, "price_before_discount": 65000000000, "modelid": 40443108206, "stock": 31, "has_gimmick_tag": false}], "spl_info": {"installment_info": null, "user_credit_info": null, "channel_id": null, "show_spl": false, "show_spl_lite": false}, "preview_info": null, "fe_categories": [{"catid": 11036670, "display_name": "Home & Living", "no_sub": false, "is_default_subcat": false}, {"catid": 11111666, "display_name": "Drinkware", "no_sub": false, "is_default_subcat": false}, {"catid": 11111714, "display_name": "Water Bottles & Accessories", "no_sub": true, "is_default_subcat": false}], "presale_info": null, "is_cc_installment_payment_eligible": false, "is_non_cc_installment_payment_eligible": false, "flash_sale": null, "upcoming_flash_sale": null, "deep_discount": null, "has_low_fulfillment_rate": false, "is_partial_fulfilled": true, "makeups": null, "shop_vouchers": null, "global_sold": null, "is_infant_milk_formula_product": false, "should_show_amp_tag": false}