{"itemid": 1179734060, "shopid": 55771655, "userid": 0, "price_max_before_discount": 20100000000, "has_lowest_price_guarantee": false, "price_before_discount": 20100000000, "price_min_before_discount": 20100000000, "exclusive_price_info": null, "hidden_price_display": null, "price_min": 12100000000, "price_max": 12100000000, "price": 12100000000, "stock": 13, "discount": "40%", "historical_sold": 1563, "sold": 50, "show_discount": 40, "raw_discount": 40, "min_purchase_limit": 0, "overall_purchase_limit": {"order_max_purchase_limit": 0, "overall_purchase_limit": null, "item_overall_quota": null, "start_date": null, "end_date": null}, "pack_size": null, "is_live_streaming_price": null, "name": "K\u00e9o nh\u00e0 b\u1ebfp Lock&Lock 22.8cm - M\u00e0u \u0111en x\u00e1m LOR131BG", "ctime": 1526983124, "item_status": "normal", "status": 1, "condition": 1, "catid": 100636, "description": "K\u00e9o nh\u00e0 b\u1ebfp 22.8cm - M\u00e0u \u0111en / x\u00e1m [LOR131BG]\r\nTh\u01b0\u01a1ng hi\u1ec7u : Lock&lock H\u00e0n Qu\u1ed1c\r\nCh\u1ea5t li\u1ec7u : Th\u00e9p kh\u00f4ng g\u1ec9, nh\u1ef1a, bao \u0111\u1ef1ng c\u00f3 g\u1eafn \u0111\u1ebf h\u00edt nam ch\u00e2m \r\nK\u00edch th\u01b0\u1edbc : 22.8 x 8 x 2cm\r\nM\u00e0u s\u1eafc : M\u00e0u \u0111en x\u00e1m\r\nTr\u1ecdng l\u01b0\u1ee3ng : 220 gram\r\nK\u00e9o th\u1ef1c ph\u1ea9m \u0111a n\u0103ng g\u1ed3m 8 ch\u1ee9c n\u0103ng ch\u00ednh : C\u1eaft th\u1ef1c ph\u1ea9m, C\u1eaft hoa qu\u1ea3, c\u1eaft b\u00e1nh m\u00ec, n\u1ea1o v\u1ecf, m\u1edf h\u1ed9p, th\u00e1o r\u1eddi th\u00e0nh dao c\u1eaft, k\u1eb9p cua gh\u1eb9 h\u1eb9p h\u1ea1t v\u00e0 m\u1edf lon bia.\r\nCh\u1ea5t li\u1ec7u th\u00e9p kh\u00f4ng g\u1ec9 an to\u00e0n : v\u1edbi ph\u1ea7n l\u01b0\u1ee1i k\u00e9o \u0111\u01b0\u1ee3c l\u00e0m b\u1eb1ng th\u00e9p kh\u00f4ng g\u1ec9, kh\u00f4ng d\u1ec5 b\u1ecb \u1ea3nh h\u01b0\u1edfng b\u1edfi c\u00e1c y\u1ebfu t\u1ed1 t\u1eeb m\u00f4i tr\u01b0\u1eddng nh\u01b0 n\u01b0\u1edbc, kh\u00f4ng kh\u00ed \u1ea9m nhanh ch\u00f3ng b\u1ecb g\u1ec9, g\u00e2y \u1ea3nh h\u01b0\u1edfng \u0111\u1ebfn ch\u1ea5t l\u01b0\u1ee3ng c\u0169ng nh\u01b0 th\u1eddi gian s\u1eed d\u1ee5ng k\u00e9o. B\u00ean c\u1ea1nh \u0111\u00f3 l\u01b0\u1ee1i k\u00e9o kh\u00f4ng t\u01b0\u01a1ng t\u00e1c h\u00f3a h\u1ecdc v\u1edbi c\u00e1c lo\u1ea1i th\u1ef1c ph\u1ea9m n\u00ean r\u1ea5t an to\u00e0n v\u1edbi s\u1ee9c kh\u1ecfe c\u1ee7a ng\u01b0\u1eddi s\u1eed d\u1ee5ng.\r\n- Thi\u1ebft k\u1ebf \u0111a n\u0103ng, ti\u1ec7n \u00edch: S\u1ea3n ph\u1ea9m v\u1edbi thi\u1ebft k\u1ebf ph\u1ea7n l\u01b0\u1ee1i k\u00e9o s\u1eafc l\u1eb9m, tr\u00ean th\u00e2n l\u01b0\u1ee1i c\u00f3 \u0111\u01b0\u1eddng r\u0103ng c\u01b0a s\u1ebd \u0111\u00e1p \u1ee9ng nhu c\u1ea7u c\u1eaft r\u1eddi c\u00e1c lo\u1ea1i th\u1ef1c ph\u1ea9m th\u00f4ng d\u1ee5ng h\u00e0ng ng\u00e0y nh\u01b0 th\u1ecbt g\u00e0, th\u1ecbt v\u1ecbt, c\u00e1... c\u00f2n s\u1ed1ng ho\u1eb7c \u0111\u00e3 qua ch\u1ebf bi\u1ebfn d\u1ec5 d\u00e0ng.\r\n- K\u00e9o t\u00edch h\u1ee3p 8 ch\u1ee9c n\u0103ng trong 1 ti\u1ec7n d\u1ee5ng\r\n- \u0110\u1eb7c bi\u1ec7t, ph\u1ea7n l\u01b0\u1ee1i k\u00e9o c\u00f3 th\u1ec3 th\u00e1o r\u1eddi gi\u00fap d\u1ec5 d\u00e0ng v\u1ec7 sinh \u0111\u1ed3ng th\u1eddi c\u0169ng c\u00f3 t\u00e1c d\u1ee5ng nh\u01b0 2 con dao g\u1ecdt ti\u1ec7n t\u1ee3i. \u0110u\u00f4i k\u00e9o thi\u1ebft k\u1ebf \u0111\u1ec3 m\u1edf \u0111\u1ed3 h\u1ed9p, r\u01b0\u1ee3u vang, bia... m\u1ed9t c\u00e1ch tinh t\u1ebf v\u00e0 th\u00f4ng minh.\r\n- K\u00e9o c\u00f3 h\u1ed9p \u0111\u1ef1ng ti\u1ec7n l\u1ee3i \u0111\u01b0\u1ee3c thi\u1ebft k\u1ebf nam ch\u00e2m d\u1ec5 d\u00e0ng g\u1eafn v\u00e0o t\u1ee7 l\u1ea1nh hay gi\u00e1 s\u1eaft v\u00f4 c\u00f9ng thu\u1eadn ti\u1ec7n. Ph\u1ea7n c\u00e1n \u0111\u01b0\u1ee3c b\u1ecdc r\u1ea5t v\u1eeba tay, gi\u00fap b\u1ea1n d\u1ec5 d\u00e0ng thao t\u00e1c, t\u1ea1o s\u1ef1 an to\u00e0n khi s\u1eed d\u1ee5ng. B\u00ean c\u1ea1nh \u0111\u00f3, k\u00e9o c\u00f3 ch\u1ed1t an to\u00e0n tr\u1ee3 l\u1ef1c c\u1eaft s\u1ebd gi\u00fap b\u1ea1n thao t\u00e1c d\u1ec5 d\u00e0ng h\u01a1n, nhanh ch\u00f3ng h\u01a1n.\r\n- Ki\u1ec3u d\u00e1ng nh\u1ecf g\u1ecdn, d\u1ec5 c\u1ea7m n\u1eafm: K\u00e9o nh\u00e0 b\u1ebfp Lock&Lock LOR131 c\u00f3 ki\u1ec3u d\u00e1ng nh\u1ecf g\u1ecdn, ph\u00f9 h\u1ee3p v\u1edbi ph\u1ea7n l\u1edbn nh\u1eefng k\u00edch c\u1ee1 tay c\u1ea7m c\u1ee7a c\u00e1c ch\u1ecb em ph\u1ee5 n\u1eef, tr\u1ecdng l\u01b0\u1ee3ng k\u00e9o nh\u1eb9 khi\u1ebfn b\u1ea1n kh\u00f4ng b\u1ecb m\u1ecfi khi s\u1eed d\u1ee5ng l\u00e2u, h\u1ed7 tr\u1ee3 b\u1ea1n m\u1ed9t c\u00e1ch t\u1ed1t nh\u1ea5t trong c\u00f4ng vi\u1ec7c n\u1ed9i tr\u1ee3.\r\n#lock #locklock #locknlock #chinhhang #official #tienich #giadung #bepvaphongan #dodungnhabep #chatluong #thuonghieu #noitro #giadinh #binhgiunhiet #hanquoc #keo #keodanang #antoan #chatluong", "is_mart": false, "show_shopee_verified_label": false, "size_chart": null, "reference_item_id": "", "brand": "Lock&Lock", "item_rating": {"rating_star": 4.934826883910387, "rating_count": [491, 2, 1, 3, 15, 470]}, "label_ids": [1003958, 1003974, 1000476, 1000182, 1003985, 1001042, 1000753, 1001051, 1001070, 1001075, 1001077, 1001078, 1001079, 1001084, 1001086, 1001087, 1000959, 1000969, 1000975, 1001002, 1001011, 1001012, 1001013, 1001016, 1001022, 1001033, 1001038, 1001040, 1000259, 1000260, 1000262, 1000258, 1000254, 1000263, 1000256, 1000255, 1000257, 1000499, 1000266, 1000267, 1000269, 1000270, 1000268, 1000272, 1000274, 1000278, 1000277, 1000276, 1000275, 44, 1000595, 1000513, 1000608, 1000609, 1000611, 1000615, 1000651, 1000652, 1000669, 1000674, 1000677, 1000685, 1000687, 1000703, 1000710, 1000727, 1000747, 1000758, 1000760, 1000775, 1000779, 1000766, 1000767, 1000768, 1000769, 1000771, 1000790, 1000797, 1000799, 1000279, 1000339, 1000347, 1000349, 1000333, 1000378, 1000383, 1000815, 1000826, 1000830, 1000832, 1000843, 1000844, 1000847, 1000849, 1000855, 1000886, 1000904, 1000911, 1000924, 1000934, 1000937, 1000938, 1000946, 1000948, 62, 1000114, 1000141, 1000145, 1000155, 1000156, 1000157, 1000264, 1000265, 1000271, 1000273, 1000150, 1000455, 1000600, 1000722, 1000878, 1000956, 1000983, 1000984, 1000991, 1001035, 1001388, 1001396, 1001398, 1001043, 1001412, 1001418, 1001411, 1001509, 1001549, 1001613, 1001693, 1001734, 1001740, 1001739, 1001827, 1001857, 1001946, 1001947, 1001975, 1001978, 1002105, 1002113, 1002163, 1002172, 1002182, 1002181, 1002190, 1002232, 1002263, 1002283, 1002289, 1002291, 1002373, 1002408, 1002409, 1002422, 1002424, 1002433, 1002480, 1002501, 1002556, 1002579, 1002587, 1002639, 1002695, 1002696, 1002697, 1002683, 1002716, 1002727, 1002762, 1002763, 1002768, 1002770, 1002772, 1002789, 1002792, 1002822, 1002827, 1002847, 1002898, 1002899, 1002945, 1002962, 1002965, 1002966, 1002970, 1002993, 1002997, 1002998, 1003110, 1003118, 1003117, 1003133, 1003169, 1003238, 1003274, 1003275, 1003280, 1003322, 1003323, 1003344, 1003441, 1003443, 1003448, 1003449, 1003463, 1003464, 1003466, 1003532, 1003533, 1003567, 1003697, 1003709, 1003750, 1003769, 1000121, 1003834, 1003866, 1003867, 1003868, 1003928, 1004111, 1004130, 1004149, 1004213, 1004220, 1004265, 1004292, 1004358, 1004376, 1004412, 1004413, 1004471, 1004530, 1004488, 1004556, 1004670, 1004687, 1004689, 1004710, 1004764, 1004774, 1004865, 1004870, 1004879, 1004894, 1004897, 1004927, 1004929, 1004963, 1005000, 1005033, 1005061, 1005120, 1005144, 1005263, 1005330, 1005521, 1005544, 1005759, 1005829, 1005844, 1006042, 1006159, 1006199, 1006306, 1006352, 1006435, 1006480, 1006483, 1006624, 1007155, 1007190, 1007328, 1007394, 1007516, 1007546, 1007525, 1007631, 1007695, 1007627, 1007765, 1007768, 1007773, 1006856, 1007907, 1007908, 1007975, 1008223, 1008283, 1008290, 1008313, 1008515, 1008529, 1008632, 1008664, 1008742, 1008793, 1009058, 1009063, 1009190, 1009198, 1009202, 1009372, 1009374, 1009391, 1009427, 1009456, 1009489, 1009522, 1009525, 1009763, 1009932, 1010033, 1010111, 1010206, 1010210, 1010310, 1010350, 1010449, 1010452, 1010516, 1010518, 1010666, 1010668, 1010765, 1010797, 1010881, 1011022, 1011033, 1011081, 1011100, 1011102, 1011062, 1011155, 1011229, 1011293, 1011361, 1011470, 1011654, 1011685, 1011776, 1011909, 1011937, 1012090, 1012134, 1012191, 1012192, 1012514, 1000061, 1000064, 1000074, 1000077, 1000084, 1000112, 1000115, 1000117, 1000131, 1000138, 1000139, 1000172, 1000205, 1000208, 1000226, 1000228, 1000248, 1000315, 1000352, 1000414, 1000784, 1000836, 1004895, 1006825, 1008860, 1009488, 1009687, 1010348, 1008567, 1012107, 1011387, 1012539, 1000990], "attributes": null, "liked": false, "liked_count": 247, "cmt_count": 491, "flag": 268435458, "shopee_verified": false, "is_adult": false, "is_preferred_plus_seller": false, "tier_variations": [{"name": "", "options": [""], "images": null, "properties": null, "type": 0}], "bundle_deal_id": 0, "can_use_bundle_deal": false, "add_on_deal_info": null, "bundle_deal_info": null, "can_use_wholesale": false, "wholesale_tier_list": [], "is_group_buy_item": null, "group_buy_info": null, "welcome_package_type": 0, "welcome_package_info": null, "tax_code": null, "invoice_option": null, "complaint_policy": null, "images": ["119d64450bcfe4317ea299bec6188530", "cd313dc75e2511fa39a8477a77dc15b5", "a4e8d64f96400c38f454aeea9bc7d751", "b6df42ac797c4626aa09d05636e6ceb2", "493fbbb37e088b3f87991496791a4da3", "44d0f070139a579058d2b6d4ac2d590c", "68e2327c0ad5e73fa2ac143320abf43a"], "image": "119d64450bcfe4317ea299bec6188530", "video_info_list": null, "item_type": 0, "is_official_shop": true, "show_official_shop_label_in_title": true, "shop_location": "TP. H\u1ed3 Ch\u00ed Minh", "coin_earn_label": null, "cb_option": 0, "is_pre_order": false, "estimated_days": 2, "badge_icon_type": 6, "show_free_shipping": true, "shipping_icon_type": 0, "cod_flag": 0, "is_service_by_shopee": true, "show_original_guarantee": false, "categories": [{"catid": 100636, "display_name": "Nh\u00e0 c\u1eeda & \u0110\u1eddi s\u1ed1ng", "no_sub": false, "is_default_subcat": false}, {"catid": 100717, "display_name": "D\u1ee5ng c\u1ee5 nh\u00e0 b\u1ebfp", "no_sub": false, "is_default_subcat": false}, {"catid": 101228, "display_name": "Dao & k\u00e9o", "no_sub": true, "is_default_subcat": false}], "other_stock": 0, "item_has_post": true, "discount_stock": 13, "current_promotion_has_reserve_stock": false, "current_promotion_reserved_stock": 0, "normal_stock": 13, "brand_id": 1801765, "is_alcohol_product": false, "show_recycling_info": false, "coin_info": {"spend_cash_unit": 100000, "coin_earn_items": [{"coin_earn": 0}]}, "models": [{"itemid": 1179734060, "status": 1, "current_promotion_reserved_stock": 0, "name": "", "promotionid": 1315180180, "price": 12100000000, "price_stocks": [{"allocated_stock": 0, "stock_breakdown_by_location": null}, {"allocated_stock": null, "stock_breakdown_by_location": [{"location_id": "VNW", "available_stock": 13, "fulfilment_type": 1, "address_id": 38200026}, {"location_id": "VNN", "available_stock": 0, "fulfilment_type": 1, "address_id": 38200025}, {"location_id": "VNZ", "available_stock": 0, "fulfilment_type": 2, "address_id": null}]}], "current_promotion_has_reserve_stock": false, "normal_stock": 13, "extinfo": {"tier_index": [0], "group_buy_info": null, "is_pre_order": false, "estimated_days": 2}, "price_before_discount": 20100000000, "modelid": 70443107390, "stock": 13, "has_gimmick_tag": false}], "spl_info": {"installment_info": null, "user_credit_info": null, "channel_id": null, "show_spl": false, "show_spl_lite": false}, "preview_info": null, "fe_categories": [{"catid": 11036670, "display_name": "Home & Living", "no_sub": false, "is_default_subcat": false}, {"catid": 11036748, "display_name": "Kitchenware and food storage", "no_sub": false, "is_default_subcat": false}, {"catid": 11111708, "display_name": "Kitchen accessories and utensils", "no_sub": true, "is_default_subcat": false}], "presale_info": null, "is_cc_installment_payment_eligible": false, "is_non_cc_installment_payment_eligible": false, "flash_sale": null, "upcoming_flash_sale": null, "deep_discount": null, "has_low_fulfillment_rate": false, "is_partial_fulfilled": true, "makeups": null, "shop_vouchers": null, "global_sold": null, "is_infant_milk_formula_product": false, "should_show_amp_tag": false}