{"itemid": 12171675267, "shopid": 597699842, "userid": 0, "price_max_before_discount": 79900000000, "has_lowest_price_guarantee": false, "price_before_discount": 79900000000, "price_min_before_discount": 79900000000, "exclusive_price_info": null, "hidden_price_display": null, "price_min": 54900000000, "price_max": 54900000000, "price": 54900000000, "stock": 5, "discount": "31%", "historical_sold": 0, "sold": 0, "show_discount": 31, "raw_discount": 31, "min_purchase_limit": 0, "overall_purchase_limit": {"order_max_purchase_limit": 0, "overall_purchase_limit": null, "item_overall_quota": null, "start_date": null, "end_date": null}, "pack_size": null, "is_live_streaming_price": null, "name": "Tay c\u1ea7m ch\u01a1i game HOSAN Flydigi Joyone , thi\u1ebft k\u1ebf th\u1eddi th\u01b0\u1ee3ng, mang \u0111\u1eadm phong c\u00e1ch t\u01b0\u01a1ng lai", "ctime": 1642557474, "item_status": "normal", "status": 1, "condition": 1, "catid": 100634, "description": "Tay c\u1ea7m ch\u01a1i game Flydigi JOYONE\n1. T\u00ednh n\u0103ng n\u1ed5i b\u1eadt c\u1ee7a tay c\u1ea7m ch\u01a1i game JOYONE\n\u2705 T\u01b0\u01a1ng th\u00edch h\u1ec7 \u0111i\u1ec1u h\u00e0nh Android ( t\u1eeb phi\u00ean b\u1ea3n android 11 tr\u1edf l\u00ean) v\u00e0 IOS (K\u1ec3 c\u1ea3 iOS 14, 15). \n\n\u2705  N\u00fat b\u1ea5m LT c\u1ef1c nh\u1ea1y, \u0111\u1ed9 b\u1ec1n 3 tri\u1ec7u l\u1ea7n b\u1ea5m.\n\n\u2705  Joystick c\u1eadp nh\u1eadt c\u00f4ng ngh\u1ec7 bluetooth m\u1edbi nh\u1ea5t \u0111\u1ed9 tr\u1ec5 th\u1ea5p, s\u1eed d\u1ee5ng c\u00f4ng ngh\u1ec7 c\u1ee7a tay c\u1ea7m XBOX\n\n\u2705  C\u00f4ng ngh\u1ec7 map ph\u00edm Flash Play c\u00f3 th\u1ec3 ch\u01a1i m\u1ecdi t\u1ef1a game tr\u00ean Appstore\n\n\u2705  R\u1ea5t nh\u1eb9 ch\u1ec9 40 gram\n\n\u2705  Th\u1eddi l\u01b0\u1ee3ng pin li\u00ean t\u1ee5c 80 gi\u1edd.\n------------------------------------------------------\n2. TH\u00d4NG S\u1ed0 K\u1ef8 THU\u1eacT C\u1ee6A TAY C\u1ea6M CH\u01a0I GAME FLYDIGI JOYONE\n- T\u01b0\u01a1ng th\u00edch Android 11 tr\u1edf l\u00ean v\u00e0 iOS (K\u1ec3 c\u1ea3 iOS 14, 15)\n- N\u00fat b\u1ea5m LT c\u1ef1c nh\u1ea1y, \u0111\u1ed9 b\u1ec1n 3 tri\u1ec7u l\u1ea7n b\u1ea5m.\n- Joystick \u0111\u1ed9 tr\u1ec5 th\u1ea5p, s\u1eed d\u1ee5ng c\u00f4ng ngh\u1ec7 c\u1ee7a tay c\u1ea7m XBOX\n- C\u00f4ng ngh\u1ec7 map ph\u00edm Flash Play c\u00f3 th\u1ec3 ch\u01a1i m\u1ecdi t\u1ef1a game tr\u00ean Chplay v\u00e0 Appstore\n- Ch\u1ec9 n\u1eb7ng 40 gram\n- App: Flydigi Game Center\n- K\u1ebft N\u1ed1i Bluetooth 5.0\n- Th\u1eddi l\u01b0\u1ee3ng pin li\u00ean t\u1ee5c 80 gi\u1edd.\n3. H\u01af\u1edaNG D\u1eaaN S\u1eec D\u1ee4NG \n- \u0110\u1ed1i v\u1edbi Thi\u1ebft b\u1ecb Ch\u1ea1y IOS :\n+ B\u01b0\u1edbc 1: T\u1eaft n\u00fat home \u1ea3o v\u00e0 t\u1eaft xoay m\u00e0n h\u00ecnh ngang d\u1ecdc\n+ B\u01b0\u1edbc 2: G\u1eafn \u0111i\u1ec7n tho\u1ea1i v\u00e0o tay c\u1ea7m , \u0111\u00e8 l\u00ean n\u00fat bluetooth, \u0111\u00e8n xanh s\u00e1ng, v\u00e0o bluetooth k\u1ebft n\u1ed1i flydigi G1\n+ B\u01b0\u1edbc 3: Ch\u01a1i game FPS nh\u01b0 PUBG th\u00ec ko c\u1ea7n t\u1ea3i app flydigi, nh\u01b0ng c\u1ea7n v\u00e0o game ch\u1ec9nh n\u00fat b\u1eafn b\u00ean ph\u1ea3i \u0111\u1eb7t l\u00ean g\u00f3c tr\u00e1i ph\u00eda tr\u00ean s\u00e1t v\u00e0o m\u00e0n h\u00ecnh. N\u1ebfu ch\u01a1i game moba nh\u01b0 li\u00ean qu\u00e2n th\u00ec t\u1ea3i app flydigi v\u1ec1 c\u00e0i \u0111\u1eb7t\n==>Cam k\u1ebft c\u1ee7a HOSAN Official\n- Cam k\u1ebft h\u00e0ng m\u1edbi 100% v\u00e0 \u0111\u00fang nh\u01b0 m\u00f4 t\u1ea3 s\u1ea3n ph\u1ea9m \n- H\u00e0ng h\u00f3a c\u00f3 xu\u1ea5t x\u1ee9 r\u00f5 rang, \u0111\u1ea3m b\u1ea3o ch\u1ea5t l\u01b0\u1ee3ng \n- \u0110\u1ed5i tr\u1ea3 theo \u0111\u00fang quy \u0111\u1ecbnh c\u1ee7a Shopee.  \n 1. \u0110i\u1ec1u ki\u1ec7n \u00e1p d\u1ee5ng (trong v\u00f2ng 07 ng\u00e0y k\u1ec3 t\u1eeb khi nh\u1eadn s\u1ea3n ph\u1ea9m tr\u1eeb m\u1ed9t s\u1ed1 s\u1ea3n ph\u1ea9m \u0111\u1ed3 \nch\u01a1i v\u00e0 s\u1ea3n ph\u1ea9m c\u00f3 si\u00eau): \n+ H\u00e0ng ho\u00e1 v\u1eabn c\u00f2n m\u1edbi, ch\u01b0a qua s\u1eed d\u1ee5ng.  \n+ H\u00e0ng h\u00f3a h\u01b0 h\u1ecfng do v\u1eadn chuy\u1ec3n ho\u1eb7c do nh\u00e0 s\u1ea3n xu\u1ea5t.  \n+ H\u00e0ng kh\u00f4ng \u0111\u00fang size, ki\u1ec3u d\u00e1ng, kh\u00f4ng \u0111\u1ee7 s\u1ed1 l\u01b0\u1ee3ng nh\u01b0 qu\u00fd kh\u00e1ch \u0111\u1eb7t h\u00e0ng\n2. Tr\u01b0\u1eddng h\u1ee3p kh\u00f4ng \u0111\u1ee7 \u0111i\u1ec1u ki\u1ec7n \u00e1p d\u1ee5ng ch\u00ednh s\u00e1ch: \n+ Qu\u00e1 07 ng\u00e0y k\u1ec3 t\u1eeb khi Qu\u00fd kh\u00e1ch nh\u1eadn h\u00e0ng. \n+ G\u1eedi l\u1ea1i h\u00e0ng kh\u00f4ng \u0111\u00fang m\u1eabu m\u00e3 \n+ Nh\u1eefng s\u1ea3n ph\u1ea9m \u0111\u1ed3 ch\u01a1i nh\u01b0 gimbal, Flycam, s\u1ea3n ph\u1ea9m c\u00f3 nguy\u00ean si\u00eau\u2026 s\u1ebd kh\u00f4ng \u00e1p d\u1ee5ng \u0111\u1ed5i tr\u1ea3\n\n=> Th\u00f4ng tin th\u00eam \n- Ng\u01b0\u1eddi ch\u1ecbu tr\u00e1ch nhi\u1ec7m : HOSAN OFFICIAL\n- \u0110\u1ecba ch\u1ec9 : 15 Th\u0103ng Long, Ph\u01b0\u1eddng 4, Qu\u1eadn T\u00e2n B\u00ecnh, TP.HCM\n- Ngu\u1ed3n h\u00e0ng / Xu\u1ea5t s\u1ee9 h\u00e0ng h\u00f3a: Trung Qu\u1ed1c\n\n=> Th\u00f4ng tin th\u00eam \n- Ng\u01b0\u1eddi ch\u1ecbu tr\u00e1ch nhi\u1ec7m : HOSAN OFFICIAL\n- \u0110\u1ecba ch\u1ec9 : 15 Th\u0103ng Long, Ph\u01b0\u1eddng 4, Qu\u1eadn T\u00e2n B\u00ecnh, TP.HCM\n- Ngu\u1ed3n h\u00e0ng / Xu\u1ea5t s\u1ee9 h\u00e0ng h\u00f3a: Trung Qu\u1ed1c\n#taycamchoigame #gamepad #flydigi #joyone #wasp #lienminhtocchien #game #pubg #lienquan #cod #gacestore#hosan_official\n#flydigi_joyone#tay_c\u1ea7m_joyone\n#taycamchoigame #phukienchoigame #taydieukhienchoigame #game #choigame #PUBG", "is_mart": false, "show_shopee_verified_label": false, "size_chart": null, "reference_item_id": "", "brand": "Hosan", "item_rating": {"rating_star": 0, "rating_count": [0, 0, 0, 0, 0, 0]}, "label_ids": [1000259, 1000279, 1009063, 1000265, 1000258, 1000270, 1000268, 1000274, 1000257, 1012655, 1009763], "attributes": null, "liked": false, "liked_count": 0, "cmt_count": 0, "flag": 0, "shopee_verified": false, "is_adult": false, "is_preferred_plus_seller": false, "tier_variations": [{"name": "", "options": [""], "images": null, "properties": null, "type": 0}], "bundle_deal_id": 0, "can_use_bundle_deal": false, "add_on_deal_info": null, "bundle_deal_info": null, "can_use_wholesale": false, "wholesale_tier_list": [], "is_group_buy_item": null, "group_buy_info": null, "welcome_package_type": 0, "welcome_package_info": null, "tax_code": null, "invoice_option": null, "complaint_policy": null, "images": ["36b541d1aea07aa6c3d06af18a7cbffe", "93eb5cc6383bdaf777affafe58258b36", "8b213b4b207a7eb667489139fafe9114"], "image": "36b541d1aea07aa6c3d06af18a7cbffe", "video_info_list": null, "item_type": 0, "is_official_shop": true, "show_official_shop_label_in_title": true, "shop_location": "TP. H\u1ed3 Ch\u00ed Minh", "coin_earn_label": null, "cb_option": 0, "is_pre_order": false, "estimated_days": 2, "badge_icon_type": 0, "show_free_shipping": false, "shipping_icon_type": 0, "cod_flag": 0, "is_service_by_shopee": false, "show_original_guarantee": false, "categories": [{"catid": 100634, "display_name": "Gaming & Console", "no_sub": false, "is_default_subcat": false}, {"catid": 100698, "display_name": "Kh\u00e1c", "no_sub": true, "is_default_subcat": false}], "other_stock": 0, "item_has_post": false, "discount_stock": 5, "current_promotion_has_reserve_stock": false, "current_promotion_reserved_stock": 0, "normal_stock": 5, "brand_id": 2313207, "is_alcohol_product": false, "show_recycling_info": false, "coin_info": {"spend_cash_unit": 100000, "coin_earn_items": [{"coin_earn": 0}]}, "models": [{"itemid": 12171675267, "status": 1, "current_promotion_reserved_stock": 0, "name": "", "promotionid": 1314131214, "price": 54900000000, "price_stocks": [{"allocated_stock": 0, "stock_breakdown_by_location": null}, {"allocated_stock": null, "stock_breakdown_by_location": null}], "current_promotion_has_reserve_stock": false, "normal_stock": 5, "extinfo": {"tier_index": [0], "group_buy_info": null, "is_pre_order": null, "estimated_days": 2}, "price_before_discount": 79900000000, "modelid": 123818183751, "stock": 5, "has_gimmick_tag": false}], "spl_info": {"installment_info": null, "user_credit_info": null, "channel_id": null, "show_spl": false, "show_spl_lite": false}, "preview_info": null, "fe_categories": [{"catid": 11036132, "display_name": "Consumer Electronics", "no_sub": false, "is_default_subcat": false}, {"catid": 11036182, "display_name": "Console Accessories", "no_sub": false, "is_default_subcat": false}, {"catid": 11036183, "display_name": "Console Accessories", "no_sub": true, "is_default_subcat": false}], "presale_info": null, "is_cc_installment_payment_eligible": false, "is_non_cc_installment_payment_eligible": false, "flash_sale": null, "upcoming_flash_sale": null, "deep_discount": null, "has_low_fulfillment_rate": false, "is_partial_fulfilled": false, "makeups": null, "shop_vouchers": null, "global_sold": null, "is_infant_milk_formula_product": false, "should_show_amp_tag": false}