{"itemid": 9997196928, "shopid": 611488907, "userid": 0, "price_max_before_discount": -1, "has_lowest_price_guarantee": false, "price_before_discount": 0, "price_min_before_discount": -1, "exclusive_price_info": null, "hidden_price_display": null, "price_min": 280000000000, "price_max": 280000000000, "price": 280000000000, "stock": 33, "discount": null, "historical_sold": 0, "sold": 0, "show_discount": 0, "raw_discount": 0, "min_purchase_limit": 0, "overall_purchase_limit": {"order_max_purchase_limit": 0, "overall_purchase_limit": null, "item_overall_quota": null, "start_date": null, "end_date": null}, "pack_size": null, "is_live_streaming_price": null, "name": "Loa bluetooth 5.1 Edifier R1380DB - Thi\u1ebft k\u1ebf tinh t\u1ebf C\u00f4ng su\u1ea5t 42W C\u1ed5ng subout \u0110i\u1ec1u khi\u1ec3n t\u1eeb xa - H\u00e0ng ch\u00ednh h\u00e3ng", "ctime": 1638508546, "item_status": "normal", "status": 1, "condition": 1, "catid": 100535, "description": "Loa bluetooth Edifier R1380DB l\u00e0 model loa n\u00e2ng c\u1ea5p c\u1ee7a series t\u00ean tu\u1ed5i R1280DB (s). R1380DB c\u00f3 thi\u1ebft k\u1ebf \u0111\u1eb7c bi\u1ec7t kh\u00f4ng \u0111\u1ee5ng h\u00e0ng v\u1edbi b\u1ea5t k\u1ef3 model n\u00e0o. Loa c\u00f3 \u0111\u1eb7c t\u00ednh \u00e2m thanh nh\u1eb9 nh\u00e0ng hi\u1ec7n \u0111\u1ea1i, lai gi\u1eefa R1280DBs v\u00e0 R1700BTs.\n\nTH\u00d4NG S\u1ed0 K\u1ef8 THU\u1eacT:\n\n- Th\u01b0\u01a1ng hi\u1ec7u: Edifier\n- Xu\u1ea5t x\u1ee9 th\u01b0\u01a1ng hi\u1ec7u: Canada\n- Nh\u1eadp kh\u1ea9u & Ph\u00e2n ph\u1ed1i: EDIFIER VI\u1ec6T NAM\n- M\u00e3 SP: Loa Edifier R1380DB\n- Phi\u00ean b\u1ea3n Bluetooth: V5.1\n- \u0110\u00e1p tuy\u1ebfn t\u1ea7n s\u1ed1: 55Hz-20kHz\n- C\u00e1c ng\u00f5 v\u00e0o: Line In, Optical, Coaxial, Bluetooth\n- T\u1ed5ng c\u00f4ng su\u1ea5t (RMS):  21W+21W, T\u1ed5ng 42W\n\nB\u1ed8 S\u1ea2N PH\u1ea8M BAO G\u1ed2M:\n\n- Loa Edifier R1380DB (tr\u00e1i v\u00e0 ph\u1ea3i) x 1\n- \u0110i\u1ec1u khi\u1ec3n t\u1eeb xa x 1\n- S\u00e1ch h\u01b0\u1edbng d\u1eabn (\u0111a ng\u00f4n ng\u1eef) x 1\n- C\u00e1p loa x 1\n- C\u00e1p AV 3.5mm - RCA  x 1\n- C\u00e1p AV RCA-RCA x 1\n- C\u00e1p quang (d\u00e0i 1.5m) x 1\n\nT\u00cdNH N\u0102NG C\u1ee6A S\u1ea2N PH\u1ea8M:\n\n- B\u1ea3ng \u0111i\u1ec1u khi\u1ec3n b\u00ean h\u00f4ng loa Edifier R1380DB cho ph\u00e9p b\u1ea1n \u0111i\u1ec1u ch\u1ec9nh \u00e2m l\u01b0\u1ee3ng, bass, treble v\u00e0 c\u00e1c t\u00ednh n\u0103ng kh\u00e1c m\u1ed9t c\u00e1ch \u0111\u01a1n gi\u1ea3n.\n\n- Loa \u0111\u1ec3 b\u00e0n Edifer R1380DB s\u1eed d\u1ee5ng chip gi\u1ea3i m\u00e3 Texas Instrument PCM 9211 cho ch\u1ea5t l\u01b0\u1ee3ng t\u00edn hi\u1ec7u r\u1ea5t ch\u00ednh x\u00e1c.\n\n- Loa bluetooth Edifier R1380DB c\u00f3 v\u1ebb ngo\u00e0i hi\u1ec7n \u0111\u1ea1i, ch\u1eafc h\u1eafn m\u1ea1nh m\u1ebd h\u01a1n c\u1ea3 c\u00e1c model \u0111\u00e0n anh v\u00e0 \u0111\u00e0n em c\u1ee7a m\u00ecnh nh\u1edd thi\u1ebft k\u1ebf d\u00e1ng \u0111\u1ee9ng v\u00e0 s\u1ef1 xu\u1ea5t hi\u1ec7n c\u1ee7a 2 t\u1ea5m g\u1ed7 \u1ed1p 2 b\u00ean.\n\nCH\u00cdNH S\u00c1CH B\u1ea2O H\u00c0NH:\n- 12 th\u00e1ng\n- \u0110\u1ed5i m\u1edbi trong 30 ng\u00e0y l\u1ed7i nh\u00e0 s\u1ea3n xu\u1ea5t (Vui l\u00f2ng gi\u1eef \u0111\u1ee7 v\u1ecf h\u1ed9p, ph\u1ee5 ki\u1ec7n trong t\u00ecnh tr\u1ea1ng nh\u01b0 m\u1edbi)\n- B\u1ea3o h\u00e0nh \u0111i\u1ec7n t\u1eed theo serial number (Vui l\u00f2ng gi\u1eef h\u1ed9p s\u1ea3n ph\u1ea9m \u0111\u1ed1i v\u1edbi tai nghe)\n\n----\nEDIFIER VI\u1ec6T NAM l\u00e0 nh\u00e0 ph\u00e2n ph\u1ed1i ch\u00ednh th\u1ee9c c\u1ee7a EDIFIER t\u1ea1i th\u1ecb tr\u01b0\u1eddng Vi\u1ec7t Nam. C\u00e1c s\u1ea3n ph\u1ea9m ch\u00fang t\u00f4i kinh doanh l\u00e0 h\u00e0ng xu\u1ea5t kh\u1ea9u cho th\u1ecb tr\u01b0\u1eddng qu\u1ed1c t\u1ebf v\u00e0 \u0111\u01b0\u1ee3c b\u1ea3o h\u00e0nh theo \u0111\u00fang ch\u00ednh s\u00e1ch b\u1ea3o h\u00e0nh c\u1ee7a EDIFIER.\n\nC\u1ea3m \u01a1n Qu\u00fd kh\u00e1ch h\u00e0ng \u0111\u00e3 tin t\u01b0\u1edfng v\u00e0 s\u1eed d\u1ee5ng s\u1ea3n ph\u1ea9m c\u1ee7a ch\u00fang t\u00f4i. N\u1ebfu c\u00f3 b\u1ea5t k\u1ef3 th\u1eafc m\u1eafc v\u1ec1 s\u1ea3n ph\u1ea9m, vui l\u00f2ng li\u00ean h\u1ec7 ngay v\u1edbi EDIFIER VI\u1ec6T NAM trong ph\u1ea7n shopee chat. Ch\u00fang t\u00f4i lu\u00f4n \u1edf \u0111\u00e2y v\u00e0 s\u1eb5n s\u00e0ng gi\u1ea3i \u0111\u00e1p cho b\u1ea1n!\n#loa #loadeban #loamaytinh #loaedifier #loavitinh #loanghenhac #edifie #edifiervietnam\n", "is_mart": false, "show_shopee_verified_label": false, "size_chart": null, "reference_item_id": "", "brand": "EDIFIER", "item_rating": {"rating_star": 0, "rating_count": [0, 0, 0, 0, 0, 0]}, "label_ids": [1000258, 1000259, 1000279, 1009063, 1011654, 1010668, 1009427, 1009763, 1007525, 1000742, 1002603, 44, 1000512], "attributes": [{"name": "H\u1ea1n b\u1ea3o h\u00e0nh", "value": "12 th\u00e1ng", "id": 100121, "is_timestamp": false, "brand_option": null, "val_id": null}, {"name": "Lo\u1ea1i b\u1ea3o h\u00e0nh", "value": "B\u1ea3o h\u00e0nh nh\u00e0 s\u1ea3n xu\u1ea5t", "id": 100370, "is_timestamp": false, "brand_option": null, "val_id": null}, {"name": "Ki\u1ec3u k\u1ebft n\u1ed1i", "value": "Kh\u00f4ng d\u00e2y", "id": 100408, "is_timestamp": false, "brand_option": null, "val_id": null}, {"name": "C\u00f4ng su\u1ea5t", "value": "42", "id": 100105, "is_timestamp": false, "brand_option": null, "val_id": null}], "liked": false, "liked_count": 1, "cmt_count": 0, "flag": 0, "shopee_verified": false, "is_adult": false, "is_preferred_plus_seller": false, "tier_variations": [{"name": "M\u00e0u s\u1eafc", "options": ["N\u00e2u", "\u0110en"], "images": null, "properties": null, "type": 0}], "bundle_deal_id": 0, "can_use_bundle_deal": false, "add_on_deal_info": null, "bundle_deal_info": null, "can_use_wholesale": false, "wholesale_tier_list": [], "is_group_buy_item": null, "group_buy_info": null, "welcome_package_type": 0, "welcome_package_info": null, "tax_code": null, "invoice_option": null, "complaint_policy": null, "images": ["f62ef663cf41c941bb5bfbdcc608b4a6", "5aa0ff4d9397460abb56e5d6b1e841ba", "451db3df3d924bc897deab5436f3b7b4", "0b3a17b89556ffc74c677494a6a3173d", "bf8e2b5964ac3544113132fbaf318e61", "3ee1fac5ae5362edaf9cc66093379f77", "031f5bce1344f43e26ce97b7ccc9ce7f", "49c3ce714792256becf51cf5c8393b21"], "image": "f62ef663cf41c941bb5bfbdcc608b4a6", "video_info_list": [{"video_id": "e98ee730eec1a9b4526a588f132043d6", "thumb_url": "51c7594955fee0765153620cc8281405", "duration": 31, "version": 2, "vid": "sg_e3dee8ad-c059-42fa-bcea-de9223ae9ffd_000088", "formats": [{"format": 1600008, "defn": "V720P", "profile": "MP4", "path": "", "url": "http://play-aka.vod.shopee.com/c3/98934353/105/AmM1M-MAaMXc-vUhggEGfdpG.mp4", "width": 1280, "height": 720}, {"format": 1600008, "defn": "V720P", "profile": "MP4", "path": "", "url": "http://play-aka.vod.shopee.com/c3/98934353/105/AmM1M-MAaMXc-vUhggEGfdpG.mp4", "width": 1280, "height": 720}, {"format": 1600008, "defn": "V720P", "profile": "MP4", "path": "", "url": "http://play-aka.vod.shopee.com/c3/98934353/105/AmM1M-MAaMXc-vUhggEGfdpG.mp4", "width": 1280, "height": 720}], "default_format": {"format": 100001, "defn": "ORI", "profile": "MP4", "path": "", "url": "http://1500000774.vod2.myqcloud.com/14092670vodsgp1500000774/7acc34f5387702292269261194/yCuuPJdCzUoA.mp4", "width": 1920, "height": 1080}}], "item_type": 0, "is_official_shop": true, "show_official_shop_label_in_title": true, "shop_location": "H\u00e0 N\u1ed9i", "coin_earn_label": null, "cb_option": 0, "is_pre_order": false, "estimated_days": 2, "badge_icon_type": 0, "show_free_shipping": false, "shipping_icon_type": 0, "cod_flag": 0, "is_service_by_shopee": false, "show_original_guarantee": false, "categories": [{"catid": 100535, "display_name": "Thi\u1ebft B\u1ecb \u00c2m Thanh", "no_sub": false, "is_default_subcat": false}, {"catid": 100582, "display_name": "D\u00e0n \u00e2m thanh", "no_sub": false, "is_default_subcat": false}, {"catid": 100625, "display_name": "Loa", "no_sub": true, "is_default_subcat": false}], "other_stock": 33, "item_has_post": false, "discount_stock": 0, "current_promotion_has_reserve_stock": false, "current_promotion_reserved_stock": 0, "normal_stock": 33, "brand_id": 1801067, "is_alcohol_product": false, "show_recycling_info": false, "coin_info": {"spend_cash_unit": 100000, "coin_earn_items": [{"coin_earn": 0}, {"coin_earn": 0}]}, "models": [{"itemid": 9997196928, "status": 1, "current_promotion_reserved_stock": 0, "name": "N\u00e2u", "promotionid": 0, "price": 280000000000, "price_stocks": [{"allocated_stock": null, "stock_breakdown_by_location": null}], "current_promotion_has_reserve_stock": false, "normal_stock": 14, "extinfo": {"tier_index": [0], "group_buy_info": null, "is_pre_order": null, "estimated_days": 2}, "price_before_discount": 0, "modelid": 114286801608, "stock": 14, "has_gimmick_tag": false}, {"itemid": 9997196928, "status": 1, "current_promotion_reserved_stock": 0, "name": "\u0110en", "promotionid": 0, "price": 280000000000, "price_stocks": [{"allocated_stock": null, "stock_breakdown_by_location": null}], "current_promotion_has_reserve_stock": false, "normal_stock": 19, "extinfo": {"tier_index": [1], "group_buy_info": null, "is_pre_order": null, "estimated_days": 2}, "price_before_discount": 0, "modelid": 114286801609, "stock": 19, "has_gimmick_tag": false}], "spl_info": {"installment_info": null, "user_credit_info": null, "channel_id": null, "show_spl": false, "show_spl_lite": false}, "preview_info": null, "fe_categories": [{"catid": 11036132, "display_name": "Consumer Electronics", "no_sub": false, "is_default_subcat": false}, {"catid": 11036135, "display_name": "Audio", "no_sub": false, "is_default_subcat": false}, {"catid": 11036140, "display_name": "Portable speakers", "no_sub": true, "is_default_subcat": false}], "presale_info": null, "is_cc_installment_payment_eligible": false, "is_non_cc_installment_payment_eligible": false, "flash_sale": null, "upcoming_flash_sale": null, "deep_discount": null, "has_low_fulfillment_rate": false, "is_partial_fulfilled": false, "makeups": null, "shop_vouchers": null, "global_sold": null, "is_infant_milk_formula_product": false, "should_show_amp_tag": false}