{"itemid": 15626605927, "shopid": 628049927, "userid": 0, "price_max_before_discount": -1, "has_lowest_price_guarantee": false, "price_before_discount": 0, "price_min_before_discount": -1, "exclusive_price_info": null, "hidden_price_display": null, "price_min": 59000000000, "price_max": 59000000000, "price": 59000000000, "stock": 197, "discount": null, "historical_sold": 3, "sold": 3, "show_discount": 0, "raw_discount": 0, "min_purchase_limit": 0, "overall_purchase_limit": {"order_max_purchase_limit": 0, "overall_purchase_limit": null, "item_overall_quota": null, "start_date": null, "end_date": null}, "pack_size": null, "is_live_streaming_price": null, "name": "[M\u00e3 BMBAU50 gi\u1ea3m 50K \u0111\u01a1n 150K] Tai nghe True Wireless Earbuds Haylou GT1 Bluetooth 5.0", "ctime": 1640664227, "item_status": "normal", "status": 1, "condition": 1, "catid": 100535, "description": "Tai nghe True Wireless Haylou GT1 Bluetooth 5.0\nS\u1ea3n ph\u1ea9m \u0111\u01b0\u1ee3c b\u1ea3o h\u00e0nh ch\u00ednh h\u00e3ng 12 th\u00e1ng 1 \u0111\u1ed5i 1\n\nTai nghe bluetooth Haylou GT1: thi\u1ebft k\u1ebf cao c\u1ea5p \u0111i k\u00e8m c\u00f4ng ngh\u1ec7 hi\u1ec7n \u0111\u1ea1i\nTai nghe Bluetooth kh\u00f4ng d\u00e2y Haylou GT1 \u0111\u01b0\u1ee3c nh\u00e0 s\u1ea3n xu\u1ea5t t\u1ea1o ra gi\u00fap \u0111\u00e1p \u1ee9ng nhu c\u1ea7u gi\u1ea3i tr\u00ed, nghe g\u1ecdi m\u1ed9t c\u00e1ch hi\u1ec7u qu\u1ea3 nh\u1ea5t. V\u1edbi thi\u1ebft k\u1ebf th\u00f4ng minh, tinh t\u1ebf \u0111i k\u00e8m v\u1edbi v\u00f4 v\u00e0ng c\u00f4ng ngh\u1ec7 n\u1ed5i b\u1eadt nh\u01b0 ch\u1ed1ng n\u01b0\u1edbc, c\u1ea3m \u1ee9ng,... t\u1ea1o n\u00ean s\u1ef1 cao c\u1ea5p, tr\u1ea3i nghi\u1ec7m hi\u1ec7n \u0111\u1ea1i. Tai nghe s\u1ebd gi\u00fap b\u1ea1n c\u00f3 \u0111\u01b0\u1ee3c s\u1ef1 gi\u1ea3i tr\u00ed \u00e2m thanh ch\u00e2n th\u1eadt, \u0111\u1eb7c t\u1ea3 \u0111\u01b0\u1ee3c m\u1ecdi cung b\u1eadc c\u1ea3m x\u00fac.\n\nTrang b\u1ecb c\u00f4ng ngh\u1ec7 Bluetooth 5.0 hi\u1ec7n \u0111\u1ea1i nh\u1ea5t c\u00f9ng v\u1edbi dung l\u01b0\u1ee3ng pin d\u00e0i\nTr\u00ean chi\u1ebfc tai nghe Haylou GT1 \u0111\u01b0\u1ee3c nh\u00e0 s\u1ea3n xu\u1ea5t trang b\u1ecb cho n\u00f3 c\u00f4ng ngh\u1ec7 c\u1ef1c k\u1ef3 hi\u1ec7n \u0111\u1ea1i, \u0111\u00f3 l\u00e0 Bluetooth 5.0. \u0110i\u1ec1u n\u00e0y gi\u00fap tai nghe c\u00f3 th\u1ec3 ti\u1ebft ki\u1ec7m n\u0103ng l\u01b0\u1ee3ng. \u0110\u1eb7c bi\u1ec7t l\u00e0 kh\u1ea3 n\u0103ng k\u1ebft n\u1ed1i nhanh v\u1edbi \u0111\u1ed9 tr\u1ec5 g\u1ea7n b\u1eb1ng 0 v\u00e0 lu\u00f4n m\u01b0\u1ee3t m\u00e0 duy tr\u00ec s\u1ef1 \u1ed5n \u0111\u1ecbnh. T\u1ea5t c\u1ea3 \u0111\u1ec1u gi\u00fap cho vi\u1ec7c ch\u01a1i game, gi\u1ea3i tr\u00ed c\u1ef1c k\u1ef3 tho\u1ea3i m\u00e1i, kh\u00f4ng lo v\u01b0\u1edbng v\u00edu. \n\nT\u00ednh n\u0103ng \u0111i\u1ec1u khi\u1ec3n c\u1ea3m \u1ee9ng nhanh nh\u1ea1y v\u00e0 thi\u1ebft k\u1ebf nh\u1ecf g\u1ecdn, th\u00f4ng minh \n\u0110i\u1ec1u \u0111\u1eb7c bi\u1ec7t tr\u00ean tai nghe Haylou GT1 \u0111\u00f3 l\u00e0 t\u00ednh n\u0103ng \u0111i\u1ec1u khi\u1ec3n 1 ch\u1ea1m v\u00f4 c\u00f9ng th\u00f4ng minh. Khi b\u1ea1n \u0111ang ho\u1ea1t \u0111\u1ed9ng, b\u1ea1n ch\u1ec9 c\u1ea7n ch\u1ea1m nh\u1eb9 n\u00fat c\u1ea3m \u1ee9ng m\u1eb7t ngo\u00e0i l\u00e0 c\u00f3 th\u1ec3 thay \u0111\u1ed5i b\u00e0i nh\u1ea1c, b\u1eadt t\u1eaft cu\u1ed9c g\u1ecdi ho\u1eb7c m\u1edf tr\u1ee3 l\u00fd \u1ea3o cho b\u1ea3n th\u00e2n. N\u00fat ch\u1ea1m c\u1ea3m \u1ee9ng n\u00e0y \u0111\u01b0\u1ee3c xem l\u00e0 t\u00ednh n\u0103ng v\u00f4 c\u00f9ng hi\u1ec7n \u0111\u1ea1i, quan tr\u1ecdng ng\u00e0y nay.\n\nKh\u1ea3 n\u0103ng ch\u1ed1ng n\u01b0\u1edbc IPX5 hi\u1ec7u qu\u1ea3, b\u1ec1n b\u1ec9 v\u00e0 ch\u1ea5t l\u01b0\u1ee3ng \u00e2m thanh ho\u00e0n h\u1ea3o\nTh\u00eam n\u1eefa l\u00e0 kh\u1ea3 n\u0103ng ch\u1ed1ng n\u01b0\u1edbc \u0111\u01b0\u1ee3c nh\u00e0 s\u1ea3n xu\u1ea5t \u0111\u01b0a v\u00e0o chi\u1ebfc tai nghe Haylou GT1 v\u00f4 c\u00f9ng b\u1ec1n b\u1ec9. Kh\u1ea3 n\u0103ng ch\u1ed1ng n\u01b0\u1edbc IPX5 \u0111em l\u1ea1i s\u1ef1 y\u00ean t\u00e2m cho b\u1ea1n khi s\u1eed d\u1ee5ng, d\u00f9 l\u1ee1 c\u00f3 r\u01a1i r\u1edbt ho\u1eb7c ch\u1ea1m v\u00e0o n\u01b0\u1edbc. \u0110i\u1ec1u n\u00e0y gi\u00fap t\u0103ng tu\u1ed5i th\u1ecd c\u1ee7a tai nghe, s\u1eed d\u1ee5ng b\u1ec1n b\u1ec9 m\u00e0 b\u1ea1n kh\u00f4ng lo h\u01b0 h\u1ecfng \u0111\u00e1ng ti\u1ebfc x\u1ea3y ra.\n\nPh\u1ea1m vi hi\u1ec7u qu\u1ea3 l\u00ean \u0111\u1ebfn 10m \u0111i k\u00e8m v\u1edbi kh\u1ea3 n\u0103ng \u0111\u00e0m tho\u1ea1i m\u01b0\u1ee3t m\u00e0, \u1ed5n \u0111\u1ecbnh\nTr\u00ean chi\u1ebfc tai nghe Haylou GT1 \u0111\u01b0\u1ee3c nghi\u00ean c\u1ee9u v\u00e0 t\u1ea1o ra v\u1edbi t\u00ednh n\u0103ng n\u00e2ng cao ph\u1ea1m vi ho\u1ea1t \u0111\u1ed9ng. Ph\u1ea1m vi hi\u1ec7u qu\u1ea3 c\u1ee7a tai nghe \u0111\u01b0\u1ee3c n\u00e2ng l\u00ean \u0111\u1ebfn 10m, gi\u00fap b\u1ea1n tha h\u1ed3 s\u1eed d\u1ee5ng khi \u0111i quanh qu\u1ea9n trong nh\u00e0, c\u00e1ch \u0111i\u1ec7n tho\u1ea1i, thi\u1ebft b\u1ecb ph\u00e1t Bluetooth l\u00ean \u0111\u1ebfn 10m.\n\nTh\u00f4ng s\u1ed1 k\u1ef9 thu\u1eadt\nTh\u1eddi l\u01b0\u1ee3ng pin tai nghe : 3.5 gi\u1edd - H\u1ed9p s\u1ea1c : 12 gi\u1edd\nTh\u1eddi gian s\u1ea1c: 2 gi\u1edd\nC\u1ed5ng s\u1ea1c: USB-A \n\nCh\u1ed1ng n\u01b0\u1edbc: IPX5 (N\u01b0\u1edbc m\u01b0a,m\u1ed3 h\u00f4i)\nT\u01b0\u01a1ng th\u00edch: Android,IOS,Windows\nK\u00edch th\u01b0\u1edbc driver: 7.2mm \nC\u00f4ng ngh\u1ec7 \u00e2m thanh: Gi\u1ea3m \u1ed3n DSP\nMicro: Mic \u0111\u00e0m tho\u1ea1i\nT\u1ef1 \u0111\u1ed9ng k\u1ebft n\u1ed1i khi m\u1edf h\u1ed9p\nS\u1eed d\u1ee5ng \u0111\u1ed9c l\u1eadp 1 b\u00ean tai \nS\u1ed1 thi\u1ebft b\u1ecb k\u1ebft n\u1ed1i c\u00f9ng l\u00fac: 1 thi\u1ebft b\u1ecb\nBluetooth: 5.0\nCodec AAC \n\u1ee8ng d\u1ee5ng k\u1ebft n\u1ed1i: Kh\u00f4ng\nPh\u01b0\u01a1ng th\u1ee9c \u0111i\u1ec1u khi\u1ec3n: C\u1ea3m \u1ee9ng ch\u1ea1m\nThao t\u00e1c \u0111i\u1ec1u khi\u1ec3n: Ph\u00e1t / d\u1eebng nh\u1ea1c\nChuy\u1ec3n b\u00e0i h\u00e1t\nB\u1eadt tr\u1ee3 l\u00fd \u1ea3o\nH\u00e3ng s\u1ea3n xu\u1ea5t\tHaylou\n\n\u260eTh\u00f4ng tin li\u00ean h\u1ec7 h\u1ed7 tr\u1ee3 v\u1ec1 s\u1ea3n ph\u1ea9m v\u00e0 b\u1ea3o h\u00e0nh\nTh\u1eddi gian l\u00e0m vi\u1ec7c t\u1eeb th\u1ee9 2 \u0111\u1ebfn th\u1ee9 7 (8h00 - 12h00, 13h30 - 17h30)\n\u0110\u1ecba ch\u1ec9: S\u1ed1 21 \u0111\u01b0\u1eddng 19, Ph\u01b0\u1eddng An Ph\u00fa, Qu\u1eadn 2, HCM.\nHotline h\u1ed7 tr\u1ee3 k\u1ef9 thu\u1eadt: 0926.8787.99\nHotline h\u1ed7 tr\u1ee3 b\u1ea3o h\u00e0nh: 0931.8787.99\n#Haylou #HaylouGT1 #TaingheHaylou #TaingheHaylouGT1 #TaingheBluetoothHaylou #TaingheTrueWireless #Tainghekhongday #TaingheBluetooth #GT1 #TaingheBluetoothXiaomi", "is_mart": false, "show_shopee_verified_label": false, "size_chart": null, "reference_item_id": "", "brand": "Haylou", "item_rating": {"rating_star": 0, "rating_count": [0, 0, 0, 0, 0, 0]}, "label_ids": [1000259, 1000279, 1009063, 1010668, 1009427, 1000255, 1009763], "attributes": [{"name": "Ki\u1ec3u k\u1ebft n\u1ed1i", "value": "Kh\u00f4ng d\u00e2y", "id": 100408, "is_timestamp": false, "brand_option": null, "val_id": null}, {"name": "Game chuy\u00ean d\u1ee5ng", "value": "Kh\u00f4ng", "id": 100381, "is_timestamp": false, "brand_option": null, "val_id": null}, {"name": "Thi\u1ebft b\u1ecb \u00e2m thanh t\u01b0\u01a1ng th\u00edch", "value": "\u0111i\u1ec7n tho\u1ea1i di \u0111\u1ed9ng, kh\u00e1c, PC & Laptop", "id": 100516, "is_timestamp": false, "brand_option": null, "val_id": null}, {"name": "T\u00ednh n\u0103ng c\u00e1c lo\u1ea1i tai nghe", "value": "Ch\u1ed1ng \u1ed3n, \u0110i\u1ec1u khi\u1ec3n t\u1eeb xa, \u0110i\u1ec1u ch\u1ec9nh \u00e2m l\u01b0\u1ee3ng", "id": 100523, "is_timestamp": false, "brand_option": null, "val_id": null}, {"name": "Ki\u1ec3u k\u1ebft n\u1ed1i headphone", "value": "Bluetooth", "id": 100522, "is_timestamp": false, "brand_option": null, "val_id": null}, {"name": "H\u1ea1n b\u1ea3o h\u00e0nh", "value": "12 th\u00e1ng", "id": 100121, "is_timestamp": false, "brand_option": null, "val_id": null}, {"name": "Lo\u1ea1i b\u1ea3o h\u00e0nh", "value": "B\u1ea3o h\u00e0nh nh\u00e0 cung c\u1ea5p", "id": 100370, "is_timestamp": false, "brand_option": null, "val_id": null}], "liked": false, "liked_count": 3, "cmt_count": 0, "flag": 0, "shopee_verified": false, "is_adult": false, "is_preferred_plus_seller": false, "tier_variations": [{"name": "", "options": [""], "images": null, "properties": null, "type": 0}], "bundle_deal_id": 0, "can_use_bundle_deal": false, "add_on_deal_info": null, "bundle_deal_info": null, "can_use_wholesale": false, "wholesale_tier_list": [], "is_group_buy_item": null, "group_buy_info": null, "welcome_package_type": 0, "welcome_package_info": null, "tax_code": null, "invoice_option": null, "complaint_policy": null, "images": ["c322de6f08eed97da193681f4f821c05", "55a300a43426d7aed2bcd8b294fdf3b9", "2f9dab2830771995732eed51686ffae2", "6d2e5c93ccec7fd2ce21b3688091c6fd", "5ef6ec3579c0ccd9303faa428ebbcea5", "60dce1329223c03c51f02ef4bc7f3636", "5bad328488c85ac081dd1e76cef6cb53", "587cbf12355351fa6239648933860a56", "327bafd944063459ecf3599e745903cc"], "image": "c322de6f08eed97da193681f4f821c05", "video_info_list": null, "item_type": 0, "is_official_shop": true, "show_official_shop_label_in_title": true, "shop_location": "TP. H\u1ed3 Ch\u00ed Minh", "coin_earn_label": null, "cb_option": 0, "is_pre_order": false, "estimated_days": 2, "badge_icon_type": 0, "show_free_shipping": false, "shipping_icon_type": 0, "cod_flag": 0, "is_service_by_shopee": false, "show_original_guarantee": false, "categories": [{"catid": 100535, "display_name": "Thi\u1ebft B\u1ecb \u00c2m Thanh", "no_sub": false, "is_default_subcat": false}, {"catid": 100578, "display_name": "Tai nghe nh\u00e9t tai & ch\u1ee5p tai", "no_sub": true, "is_default_subcat": false}], "other_stock": 197, "item_has_post": false, "discount_stock": 0, "current_promotion_has_reserve_stock": false, "current_promotion_reserved_stock": 0, "normal_stock": 197, "brand_id": 2451062, "is_alcohol_product": false, "show_recycling_info": false, "coin_info": {"spend_cash_unit": 100000, "coin_earn_items": [{"coin_earn": 0}]}, "models": [{"itemid": 15626605927, "status": 1, "current_promotion_reserved_stock": 0, "name": "", "promotionid": 0, "price": 59000000000, "price_stocks": [{"allocated_stock": null, "stock_breakdown_by_location": null}], "current_promotion_has_reserve_stock": false, "normal_stock": 197, "extinfo": {"tier_index": [0], "group_buy_info": null, "is_pre_order": null, "estimated_days": 2}, "price_before_discount": 0, "modelid": 104684577270, "stock": 197, "has_gimmick_tag": false}], "spl_info": {"installment_info": null, "user_credit_info": null, "channel_id": null, "show_spl": false, "show_spl_lite": false}, "preview_info": null, "fe_categories": [{"catid": 11036132, "display_name": "Consumer Electronics", "no_sub": false, "is_default_subcat": false}, {"catid": 11109141, "display_name": "Headphones", "no_sub": true, "is_default_subcat": false}], "presale_info": null, "is_cc_installment_payment_eligible": false, "is_non_cc_installment_payment_eligible": false, "flash_sale": null, "upcoming_flash_sale": null, "deep_discount": null, "has_low_fulfillment_rate": false, "is_partial_fulfilled": false, "makeups": null, "shop_vouchers": null, "global_sold": null, "is_infant_milk_formula_product": false, "should_show_amp_tag": false}