{"itemid": 10178910254, "shopid": 628049927, "userid": 0, "price_max_before_discount": -1, "has_lowest_price_guarantee": false, "price_before_discount": 0, "price_min_before_discount": -1, "exclusive_price_info": null, "hidden_price_display": null, "price_min": 79000000000, "price_max": 79000000000, "price": 79000000000, "stock": 136, "discount": null, "historical_sold": 30, "sold": 26, "show_discount": 0, "raw_discount": 0, "min_purchase_limit": 0, "overall_purchase_limit": {"order_max_purchase_limit": 0, "overall_purchase_limit": null, "item_overall_quota": null, "start_date": null, "end_date": null}, "pack_size": null, "is_live_streaming_price": null, "name": "[M\u00e3 BMBAU50 gi\u1ea3m 50K \u0111\u01a1n 150K] Tai nghe True Wireless Haylou T33 Moripods Bluetooth 5.2 (Tr\u1eafng)", "ctime": 1640168583, "item_status": "normal", "status": 1, "condition": 1, "catid": 100535, "description": "Tai nghe True Wireless Haylou T33 Moripods Bluetooth 5.2 Tr\u1eafng (Gamemode)\nB\u1ea3n Haylou T33 m\u1edbi c\u00f3 t\u00ean l\u00e0 Moripods\nS\u1ea3n ph\u1ea9m \u0111\u01b0\u1ee3c b\u1ea3o h\u00e0nh ch\u00ednh h\u00e3ng 12 th\u00e1ng 1 \u0111\u1ed5i 1\n\nChip Qualcomm QCC3040 Bluetooth 5.2 \nC\u00f4ng ngh\u1ec7 TrueWireless Mirroring \u0111\u1ec3 c\u1ea3i thi\u1ec7n \u0111\u1ed9 m\u1ea1nh m\u1ebd v\u00e0 tr\u1ea3i nghi\u1ec7m ng\u01b0\u1eddi d\u00f9ng li\u1ec1n m\u1ea1ch.\n\nB\u1ed9 gi\u1ea3i m\u00e3 AptX Adaptive & AAC & SBC\nTr\u1ea3i nghi\u1ec7m \u00e2m thanh g\u1ed1c chi ti\u1ebft, \u0111\u1ed9 tr\u1ec5 th\u1ea5p, th\u01b0\u1edfng th\u1ee9c tr\u1ecdn v\u1eb9n tr\u00f2 ch\u01a1i c\u1ee7a b\u1ea1n, \u0111\u1ed3ng th\u1eddi bao g\u1ed3m gi\u1ea3i m\u00e3 \u00e2m thanh AAC v\u00e0 SBC\n\n\u00c2m thanh HiFi & 24 gi\u1edd\nM\u00e0ng loa l\u1edbn 12mm, th\u1eddi gian ch\u01a1i 6 gi\u1edd cho m\u1ed7i l\u1ea7n s\u1ea1c v\u00e0 4 l\u1ea7n s\u1ea1c kh\u00e1c b\u1eb1ng h\u1ed9p s\u1ea1c\n\n4 mic & CVC 8.0\nLo\u1ea1i b\u1ecf ti\u1ebfng \u1ed3n b\u1eadc cao h\u01a1n v\u00e0 CVC 8.0 \u0111\u1ea3m b\u1ea3o cu\u1ed9c g\u1ecdi r\u00f5 r\u00e0ng m\u00e0 kh\u00f4ng b\u1ecb gi\u00e1n \u0111o\u1ea1n c\u00f9ng v\u1edbi mic k\u00e9p trong m\u1ed7i tai nghe.\n\nSemi-in-ear\nTho\u1ea3i m\u00e1i v\u1eeba v\u1eb7n, \u0111eo trong th\u1eddi gian d\u00e0i m\u00e0 kh\u00f4ng c\u00f3 c\u1ea3m gi\u00e1c kh\u00f3 ch\u1ecbu, b\u00ed tai.\n\nTh\u00f4ng s\u1ed1 k\u1ef9 thu\u1eadt\nM\u1eabu m\u00e3: Haylou T33\nM\u00e0u s\u1eafc: Tr\u1eafng\nCh\u1ebf \u0111\u1ed9 thao t\u00e1c: \u0110i\u1ec1u khi\u1ec3n c\u1ea3m \u1ee9ng\nPhi\u00ean b\u1ea3n Bluetooth: Bluetooth 5.2\nKho\u1ea3ng c\u00e1ch k\u1ebft n\u1ed1i: 10m (Kh\u00f4ng c\u00f3 ch\u01b0\u1edbng ng\u1ea1i v\u1eadt)\nH\u1ec7 \u0111i\u1ec1u h\u00e0nh t\u01b0\u01a1ng th\u00edch: IOS / ANDROID\nDung l\u01b0\u1ee3ng pin (mAh): Tai nghe * 35mAh, dock s\u1ea1c * 310mAh\nC\u1ed5ng s\u1ea1c: Type-C\n\n***L\u01b0u \u00fd:\nNgo\u1ea1i tr\u1eeb k\u1ebft n\u1ed1i th\u1ee7 c\u00f4ng l\u1ea7n \u0111\u1ea7u ti\u00ean, l\u1ea7n sau ch\u1ec9 c\u1ea7n m\u1edf n\u1eafp khi k\u1ebft n\u1ed1i l\u1ea1i\nVui l\u00f2ng s\u1eed d\u1ee5ng thi\u1ebft b\u1ecb s\u1ea1c d\u01b0\u1edbi 5V-2.1A \u0111\u1ec3 s\u1ea1c h\u1ed9p s\u1ea1c v\u00e0 kh\u00f4ng s\u1eed d\u1ee5ng thi\u1ebft b\u1ecb s\u1ea1c nhanh\nVi\u1ec7c s\u1eed d\u1ee5ng th\u1ef1c t\u1ebf c\u00f3 th\u1ec3 kh\u00e1c m\u1ed9t ch\u00fat t\u00f9y v\u00e0o t\u1eebng tr\u01b0\u1eddng h\u1ee3p c\u1ee5 th\u1ec3\nVui l\u00f2ng kh\u00f4ng nh\u00fang tai nghe tr\u1ef1c ti\u1ebfp v\u00e0o n\u01b0\u1edbc \u0111\u1ec3 tr\u00e1nh b\u1ecb h\u1ecfng\nM\u00e0u s\u1eafc m\u1ee5c hi\u1ec3n th\u1ecb trong \u1ea3nh c\u00f3 th\u1ec3 hi\u1ec3n th\u1ecb h\u01a1i kh\u00e1c tr\u00ean m\u00e0n h\u00ecnh m\u00e1y t\u00ednh c\u1ee7a b\u1ea1n v\u00ec c\u00e1c m\u00e0n h\u00ecnh kh\u00f4ng \u0111\u01b0\u1ee3c hi\u1ec7u ch\u1ec9nh gi\u1ed1ng nhau.\n\nB\u1ed9 s\u1ea3n ph\u1ea9m bao g\u1ed3m:\n1 * C\u1eb7p tai nghe\n1 * H\u1ed9p s\u1ea1c tai nghe\n1 * C\u00e1p s\u1ea1c\n\n\u260eTh\u00f4ng tin li\u00ean h\u1ec7 h\u1ed7 tr\u1ee3 v\u1ec1 s\u1ea3n ph\u1ea9m v\u00e0 b\u1ea3o h\u00e0nh\nTh\u1eddi gian l\u00e0m vi\u1ec7c t\u1eeb th\u1ee9 2 \u0111\u1ebfn th\u1ee9 7 (8h00 - 12h00, 13h30 - 17h30)\n\u0110\u1ecba ch\u1ec9: S\u1ed1 21 \u0111\u01b0\u1eddng 19, Ph\u01b0\u1eddng An Ph\u00fa, Qu\u1eadn 2, HCM.\nHotline h\u1ed7 tr\u1ee3 k\u1ef9 thu\u1eadt: 0926.8787.99\nHotline h\u1ed7 tr\u1ee3 b\u1ea3o h\u00e0nh: 0931.8787.99\n#TaingheBluetooth #TaingheTrueWireless #HaylouT33 #TaingheHaylou #TaingheXiaomi #Moripods", "is_mart": false, "show_shopee_verified_label": false, "size_chart": null, "reference_item_id": "", "brand": "Haylou", "item_rating": {"rating_star": 5, "rating_count": [8, 0, 0, 0, 0, 8]}, "label_ids": [1000259, 1000279, 1009063, 1010668, 1009427, 1000255, 1009763], "attributes": [{"name": "Ki\u1ec3u k\u1ebft n\u1ed1i", "value": "Kh\u00f4ng d\u00e2y", "id": 100408, "is_timestamp": false, "brand_option": null, "val_id": null}, {"name": "C\u00e1c lo\u1ea1i tai nghe", "value": "Nh\u00e9t tai", "id": 100519, "is_timestamp": false, "brand_option": null, "val_id": null}, {"name": "Game chuy\u00ean d\u1ee5ng", "value": "C\u00f3", "id": 100381, "is_timestamp": false, "brand_option": null, "val_id": null}, {"name": "Thi\u1ebft b\u1ecb \u00e2m thanh t\u01b0\u01a1ng th\u00edch", "value": "\u0111i\u1ec7n tho\u1ea1i di \u0111\u1ed9ng, kh\u00e1c, PC & Laptop", "id": 100516, "is_timestamp": false, "brand_option": null, "val_id": null}, {"name": "Ki\u1ec3u k\u1ebft n\u1ed1i headphone", "value": "Bluetooth", "id": 100522, "is_timestamp": false, "brand_option": null, "val_id": null}, {"name": "H\u1ea1n b\u1ea3o h\u00e0nh", "value": "12 th\u00e1ng", "id": 100121, "is_timestamp": false, "brand_option": null, "val_id": null}, {"name": "Lo\u1ea1i b\u1ea3o h\u00e0nh", "value": "B\u1ea3o h\u00e0nh nh\u00e0 cung c\u1ea5p", "id": 100370, "is_timestamp": false, "brand_option": null, "val_id": null}], "liked": false, "liked_count": 4502, "cmt_count": 8, "flag": 0, "shopee_verified": false, "is_adult": false, "is_preferred_plus_seller": false, "tier_variations": [{"name": "", "options": [""], "images": null, "properties": null, "type": 0}], "bundle_deal_id": 0, "can_use_bundle_deal": false, "add_on_deal_info": null, "bundle_deal_info": null, "can_use_wholesale": false, "wholesale_tier_list": [], "is_group_buy_item": null, "group_buy_info": null, "welcome_package_type": 0, "welcome_package_info": null, "tax_code": null, "invoice_option": null, "complaint_policy": null, "images": ["c4fa5354a7673fe81e86b941e02406bd", "4701cd288acbd47ee04ddb9142f22701", "1916ab045540d570115f7dc841c3a468", "7f26fea04d7e02348c0cc96832c663f1", "a0b9f65aad2ff90af2841b40f314c2d0", "d02059e855a685dbb2de2c622a572e49", "8c97a14fbd56c54c860b3d767550a99b"], "image": "c4fa5354a7673fe81e86b941e02406bd", "video_info_list": null, "item_type": 0, "is_official_shop": true, "show_official_shop_label_in_title": true, "shop_location": "TP. H\u1ed3 Ch\u00ed Minh", "coin_earn_label": null, "cb_option": 0, "is_pre_order": false, "estimated_days": 2, "badge_icon_type": 0, "show_free_shipping": false, "shipping_icon_type": 0, "cod_flag": 0, "is_service_by_shopee": false, "show_original_guarantee": false, "categories": [{"catid": 100535, "display_name": "Thi\u1ebft B\u1ecb \u00c2m Thanh", "no_sub": false, "is_default_subcat": false}, {"catid": 100578, "display_name": "Tai nghe nh\u00e9t tai & ch\u1ee5p tai", "no_sub": true, "is_default_subcat": false}], "other_stock": 136, "item_has_post": false, "discount_stock": 0, "current_promotion_has_reserve_stock": false, "current_promotion_reserved_stock": 0, "normal_stock": 136, "brand_id": 2451062, "is_alcohol_product": false, "show_recycling_info": false, "coin_info": {"spend_cash_unit": 100000, "coin_earn_items": [{"coin_earn": 0}]}, "models": [{"itemid": 10178910254, "status": 1, "current_promotion_reserved_stock": 0, "name": "", "promotionid": 0, "price": 79000000000, "price_stocks": [{"allocated_stock": null, "stock_breakdown_by_location": null}], "current_promotion_has_reserve_stock": false, "normal_stock": 136, "extinfo": {"tier_index": [0], "group_buy_info": null, "is_pre_order": null, "estimated_days": 2}, "price_before_discount": 0, "modelid": 114583689117, "stock": 136, "has_gimmick_tag": false}], "spl_info": {"installment_info": null, "user_credit_info": null, "channel_id": null, "show_spl": false, "show_spl_lite": false}, "preview_info": null, "fe_categories": [{"catid": 11036132, "display_name": "Consumer Electronics", "no_sub": false, "is_default_subcat": false}, {"catid": 11036143, "display_name": "Earphones", "no_sub": true, "is_default_subcat": false}], "presale_info": null, "is_cc_installment_payment_eligible": false, "is_non_cc_installment_payment_eligible": false, "flash_sale": null, "upcoming_flash_sale": null, "deep_discount": null, "has_low_fulfillment_rate": false, "is_partial_fulfilled": false, "makeups": null, "shop_vouchers": null, "global_sold": null, "is_infant_milk_formula_product": false, "should_show_amp_tag": false}