{"itemid": 6304737153, "shopid": 63520892, "userid": 0, "price_max_before_discount": -1, "has_lowest_price_guarantee": true, "price_before_discount": 0, "price_min_before_discount": -1, "exclusive_price_info": null, "hidden_price_display": null, "price_min": 248900000000, "price_max": 248900000000, "price": 248900000000, "stock": 2, "discount": null, "historical_sold": 32, "sold": 17, "show_discount": 0, "raw_discount": 0, "min_purchase_limit": 0, "overall_purchase_limit": {"order_max_purchase_limit": 0, "overall_purchase_limit": null, "item_overall_quota": null, "start_date": null, "end_date": null}, "pack_size": null, "is_live_streaming_price": null, "name": "N\u1ed3i chi\u00ean kh\u00f4ng d\u1ea7u Magic Korea A-801 \u0110en 6L - H\u00e0ng ch\u00ednh h\u00e3ng", "ctime": 1572599158, "item_status": "normal", "status": 1, "condition": 1, "catid": 100010, "description": "N\u1ed3i chi\u00ean kh\u00f4ng d\u1ea7u \u0111ang l\u00e0 s\u1ea3n ph\u1ea9m chi\u00ean n\u01b0\u1edbng \u0111\u01b0\u1ee3c m\u1ecdi ng\u01b0\u1eddi tin d\u00f9ng. V\u1edbi \u01b0u \u0111i\u1ec3m l\u00e0m ch\u00edn th\u1ef1c ph\u1ea9m kh\u00f4ng c\u1ea7n \u0111\u1ebfn d\u1ea7u - m\u1ee1 r\u1ea5t an to\u00e0n cho c\u01a1 th\u1ec3, c\u1ed9ng v\u1edbi \u0111\u00f3 l\u00e0 ti\u1ebft ki\u1ec7m th\u1eddi gian v\u00e0 v\u1ec7 sinh an to\u00e0n. \n\nTh\u00f4ng tin chi ti\u1ebft\n\nN\u1ed3i chi\u00ean t\u1ed1t cho s\u1ee9c kh\u1ecfe\nNh\u01b0 ch\u00fang ta \u0111\u00e3 bi\u1ebft, khi s\u1eed d\u1ee5ng N\u1ed3i Chi\u00ean Kh\u00f4ng D\u1ea7u Magic A-801 (6.0 L\u00edt) kh\u00f4ng ch\u1ec9 lo\u1ea1i b\u1ecf \u0111\u1ebfn 80% l\u01b0\u1ee3ng d\u1ea7u m\u1ee1 th\u1eeba ra kh\u1ecfi th\u1ee9c \u0103n \u0111\u1ec3 b\u1ea3o v\u1ec7 c\u01a1 th\u1ec3. Ngo\u00e0i ra, c\u00f2n ti\u1ebft ki\u1ec7m th\u1eddi gian, v\u1ec7 sinh an to\u00e0n th\u1ef1c ph\u1ea9m v\u00e0 \u0111\u1eb7c bi\u1ec7t th\u1ef1c ph\u1ea9m ch\u00edn \u0111\u1ec1u v\u00e0 r\u1ea5t ngon. V\u1edbi cu\u1ed9c s\u1ed1ng b\u1eadn r\u1ed9n v\u00e0 an to\u00e0n th\u1ef1c ph\u1ea9m \u0111ang \u1edf m\u1ee9c b\u00e1o \u0111\u1ed9ng nh\u01b0 hi\u1ec7n nay, th\u00ec l\u00f2 n\u01b0\u1edbng ch\u00e2n kh\u00f4ng qu\u1ea3 th\u1ef1c l\u00e0 m\u1ed9t l\u1ef1a ch\u1ecdn kh\u00f4ng th\u1ec3 thi\u1ebfu c\u1ee7a m\u1ed7i gia \u0111\u00ecnh.\n\nDung t\u00edch l\u00ean \u0111\u1ebfn 6 l\u00edt\nN\u1ed3i chi\u00ean kh\u00f4ng d\u1ea7u g\u1ecdi m\u1ed9t c\u00e1ch kh\u00e1c l\u00e0 N\u1ed3i chi\u00ean kh\u00f4ng d\u1ea7u c\u1ee7a h\u00e3ng Magic lu\u00f4n \u0111\u01b0\u1ee3c qu\u00fd kh\u00e1ch h\u00e0ng \u01b0u ti\u00ean l\u1ef1a ch\u1ecdn. Kh\u00f4ng ch\u1ec9 v\u00ec gi\u00e1 c\u1ea3 ph\u00f9 h\u1ee3p, m\u00e0 v\u1edbi thi\u1ebft k\u1ebf \u0111\u1eb9p m\u1eaft, tinh t\u1ebf c\u1ed9ng v\u1edbi t\u00ednh n\u0103ng v\u01b0\u1ee3t tr\u1ed9i n\u00ean \u0111\u00e3 chi\u1ebfm l\u1ea5y tr\u00e1i tim ng\u01b0\u1eddi ti\u00eau d\u00f9ng.\n\nN\u1ed3i chi\u00ean kh\u00f4ng d\u1ea7u Magic A-801 l\u00e0 m\u1ed9t s\u1ea3n ph\u1ea9m m\u1edbi c\u1ee7a ch\u00fang t\u00f4i, v\u1edbi thi\u1ebft k\u1ebf \u0111\u1eb9p m\u1eaft, tinh t\u1ebf h\u01a1n. Kh\u00f4ng nh\u1eefng v\u1eady t\u00ednh n\u0103ng c\u0169ng v\u01b0\u1ee3t tr\u1ed9i, \u0111\u1eb7c bi\u1ec7t dung t\u00edch c\u1ef1c kh\u1ee7ng l\u00ean t\u1edbi 6L\u00edt.\n\nC\u00f4ng ngh\u1ec7 hi\u1ec7n \u0111\u1ea1i\nC\u00f4ng ngh\u1ec7 \u0111\u1ed1t n\u00f3ng ch\u00e2n kh\u00f4ng Rapid Air: \u0110\u00e2y l\u00e0 c\u00f4ng ngh\u1ec7 ti\u00ean ti\u1ebfn c\u1ee7a N\u1ed3i chi\u00ean kh\u00f4ng d\u1ea7u \u0111\u01b0\u1ee3c c\u1ea3i ti\u1ebfn qua t\u1eebng s\u1ea3n ph\u1ea9m. Th\u1ee9c \u0103n s\u1ebd \u0111\u01b0\u1ee3c kh\u00ed n\u00f3ng lu\u00e2n chuy\u1ec3n xung quanh theo nhi\u1ec1u lu\u1ed3ng \u00e1p s\u00e1t gi\u00fap th\u1ee9c \u0103n ch\u00edn \u0111\u1ec1u, v\u1eeba ph\u1ea3i v\u00e0 v\u1eabn gi\u1eefu \u0111\u00fang h\u01b0\u01a1ng v\u1ecb v\u1ed1n c\u00f3.\n\nNhi\u1ec7t \u0111\u1ed9 cao, c\u00f4ng su\u1ea5t l\u1edbn: Nhi\u1ec7t \u0111\u1ed9 l\u00ean t\u1edbi 200 \u0111\u1ed9 C, c\u00f4ng su\u1ea5t 1800W gi\u00fap th\u1eddi gian n\u1ea5u n\u01b0\u1edbng nhanh h\u01a1n bao gi\u1edd h\u1ebft. V\u1edbi l\u01b0\u1ee3ng nhi\u1ec7t cao nh\u01b0 th\u1ebf ch\u1eafc ch\u1eafn s\u1ebd gi\u00fap th\u1ee9c \u0103n ch\u00edn c\u1ef1c k\u1ef3 nhanh, c\u1ed9ng v\u1edbi \u0111\u00f3 l\u00e0 c\u00f4ng su\u1ea5t l\u1edbn s\u1ebd k\u1ebft h\u1ee3p l\u1ea1i gi\u00fap b\u1ea1n ti\u1ebft ki\u1ec7m c\u1ea3 kh\u1ed5i th\u1eddi gian \u0111\u1ec3 l\u00e0m vi\u1ec7c kh\u00e1c.\n\nDung t\u00edch si\u00eau l\u1edbn\nB\u00e2y gi\u1edd b\u1ea1n kh\u00f4ng c\u1ea7n ph\u1ea3i lo l\u1eafng v\u1ec1 v\u1ea5n \u0111\u1ec1 chi\u00ean nuongs nguy\u00ean m\u1ed9t con g\u00e0, hay s\u1ee3 l\u01b0\u1ee3ng th\u1ef1c ph\u1ea9m kh\u00f4ng \u0111\u1ee7 cho nhi\u1ec1u ng\u01b0\u1eddi \u0103n. V\u1edbi N\u1ed3i chi\u00ean kh\u00f4ng d\u1ea7u Magic A-801 th\u00ec qu\u00e1 \u0111\u01a1n gi\u1ea3n, v\u1edbi dung t\u00edch l\u00ean t\u1edbi 6L\u00edt th\u00ec qu\u1ea3 l\u00e0 con s\u1ed1 c\u1ef1c kh\u1ee7ng.\n\nT\u00ednh n\u0103ng kh\u00e1c\nNgo\u00e0i nh\u1eefng t\u00ednh n\u0103ng \u0111\u1eb7c \u0111i\u1ec3m tr\u00ean, th\u00ec N\u1ed3i chi\u00ean kh\u00f4ng d\u1ea7u Magic A-801 kh\u00f4ng bao gi\u1edd l\u00e0m b\u1ea1n th\u1ea5t v\u1ecdng khi \u0111\u00e3 l\u1ef1a ch\u1ecdn tin d\u00f9ng.\n\nMong r\u1eb1ng s\u1ea3n ph\u1ea9m m\u1edbi n\u00e0y c\u1ee7a ch\u00fang t\u00f4i s\u1ebd kh\u00f4ng l\u00e0m b\u1ea1n th\u1ea5t v\u1ecdng, t\u1eeb thi\u1ebft k\u1ebf \u0111\u1ebfn t\u00ednh n\u0103ng \u0111\u1ec1u mu\u1ed1n \u0111\u00e1p \u1ee9ng nhu c\u1ea7u c\u1ee7a ng\u01b0\u1eddi s\u1eed d\u1ee5ng. \u0110\u00e2y l\u00e0 m\u1ed9t s\u1ea3n ph\u1ea9m chi\u00ean n\u01b0\u1edbng ho\u00e0n to\u00e0n m\u1edbi. V\u00ec th\u1ebf, b\u1ea1n h\u00e3y t\u1eadu ngay m\u1ed9t em cho c\u0103n b\u1ebfp c\u1ee7a m\u00ecnh th\u00eam sang tr\u1ecdng v\u00e0 \u0111a d\u1ea1ng v\u1edbi c\u00e1c m\u00f3n \u0103n l\u00e0m t\u1eeb N\u1ed3i chi\u00ean kh\u00f4ng d\u1ea7u Magic A-801 n\u00e0o.\n\nTh\u00f4ng s\u1ed1 k\u0129 thu\u1eadt\n- Xu\u1ea5t x\u1ee9 th\u01b0\u01a1ng hi\u1ec7u: H\u00e0n Qu\u1ed1c\n- S\u1ea3n xu\u1ea5t t\u1ea1i: Trung Qu\u1ed1c\n- Model: A-801\n- C\u00f4ng su\u1ea5t: 1800W\n- Dung t\u00edch: 6.0 L\u00edt\n- K\u00edch th\u01b0\u1edbc: 40.5 x 31.9 x 35.7 cm\n\nTH\u00d4NG TIN TH\u01af\u01a0NG HI\u1ec6U\nMagic Korea l\u00e0 th\u01b0\u01a1ng hi\u1ec7u \u0111\u1ebfn t\u1eeb H\u00e0n Qu\u1ed1c nh\u01b0ng \u0111\u00e3 r\u1ea5t quen thu\u1ed9c v\u1edbi ng\u01b0\u1eddi ti\u00eau d\u00f9ng Vi\u1ec7t Nam. S\u1ea3n ph\u1ea9m c\u1ee7a Magic ph\u1ee5c v\u1ee5 h\u1ea7u h\u1ebft c\u00e1c nhu c\u1ea7u thi\u1ebft y\u1ebfu c\u1ee7a cu\u1ed9c s\u1ed1ng t\u1eeb thi\u1ebft b\u1ecb nh\u00e0 b\u1ebfp, thi\u1ebft b\u1ecb trong sinh ho\u1ea1t gia \u0111\u00ecnh \u0111\u1ebfn \u0111\u1ed3 vui ch\u01a1i tr\u1ebb em. \u0110\u01b0\u1ee3c s\u1ea3n xu\u1ea5t tr\u00ean n\u1ec1n k\u1ef9 thu\u1eadt c\u00f4ng ngh\u1ec7 H\u00e0n Qu\u1ed1c v\u00e0 quy tr\u00ecnh qu\u1ea3n l\u00fd hi\u1ec7n \u0111\u1ea1i, c\u00e1c s\u1ea3n ph\u1ea9m c\u1ee7a Magic lu\u00f4n c\u00f3 ch\u1ea5t l\u01b0\u1ee3ng v\u01b0\u1ee3t tr\u1ed9i, t\u00ednh th\u1ea9m m\u1ef9 cao, \u0111\u01b0\u1ee3c ng\u01b0\u1eddi ti\u00eau d\u00f9ng y\u00eau th\u00edch b\u1edfi t\u00ednh n\u0103ng n\u1ed5i b\u1eadt v\u00e0 th\u00f4ng minh. V\u1edbi ph\u01b0\u01a1ng ch\u00e2m \u201cChung tay b\u1ea3o v\u1ec7 m\u00f4i tr\u01b0\u1eddng\u201d, Magic cam k\u1ebft lu\u00f4n lu\u00f4n s\u1ea3n xu\u1ea5t, cung \u1ee9ng c\u00e1c s\u1ea3n ph\u1ea9m ch\u1ea5t l\u01b0\u1ee3ng cao, ch\u1ebf \u0111\u1ed9 b\u1ea3o h\u00e0nh d\u00e0i h\u1ea1n nh\u1eb1m \u0111\u1ea3m b\u1ea3o l\u1ee3i \u00edch cao nh\u1ea5t cho kh\u00e1ch h\u00e0ng.\n\n#magickorea #noichien #Magic #chinhhang #noichiennuongchankhong #dungtichlon #chatluongcao #danang\n#noichienkhongdau #noichienkodau #noinuongchankhong #noichienkocandau #noichienkhongdungdau #lonuongchankhong #lochiennuongchankhong #lonuongkhongdau #lonuongkodau #noichiennuong #noichienmagic #lonuongmagic #n\u1ed3i_chi\u00ean_kh\u00f4ng_d\u1ea7u #n\u1ed3i_chi\u00ean_n\u01b0\u1edbng_kh\u00f4ng_d\u1ea7u #magic #magiceco #iruka #n\u1ed3i_chi\u00ean_kh\u00f4ng_d\u1ea7u #n\u1ed3i_chi\u00ean_n\u01b0\u1edbng_ch\u00e2n_kh\u00f4ng #l\u00f2_n\u01b0\u1edbng_kh\u00f4ng_d\u1ea7u #l\u00f2_n\u01b0\u1edbng_ch\u00e2n_kh\u00f4ng #l\u00f2_chi\u00ean_n\u01b0\u1edbng_ch\u00e2n_kh\u00f4ng", "is_mart": false, "show_shopee_verified_label": false, "size_chart": null, "reference_item_id": "", "brand": "Magic KOREA", "item_rating": {"rating_star": 4.916666666666667, "rating_count": [12, 0, 0, 0, 1, 11]}, "label_ids": [1000959, 1000258, 1000262, 1000260, 1000259, 1000256, 1000255, 1000254, 1000257, 1000266, 1000267, 1000269, 1000268, 1000270, 1000271, 1000274, 1000272, 1000276, 1000277, 1000278, 1000275, 1000651, 1000672, 1000713, 1000279, 1000339, 1000347, 1000333, 1000359, 1000378, 1000383, 1000070, 1000071, 1000075, 1000085, 1000088, 1000113, 1000125, 1000129, 1000130, 1000146, 1000151, 1000153, 1000161, 1000164, 1000263, 1000265, 1000264, 1000273, 1000086, 1000412, 1000655, 1000121, 1005829, 1006435, 1006483, 1006624, 1006625, 1007155, 1007286, 1007328, 1007394, 1007516, 1007521, 1007546, 1007589, 1007765, 1007768, 1006856, 1007457, 1008283, 1008290, 1008313, 1008358, 1008515, 1008793, 1009058, 1009063, 1009202, 1009226, 1009391, 1009427, 1009489, 1009763, 1010033, 1010111, 1010449, 1010668, 1010797, 1011155, 1011654, 1011843, 1012191, 1000248, 1000352, 1007861, 1008842, 1009167, 1011193, 1011294, 1011378, 1009370], "attributes": [{"name": "Xu\u1ea5t x\u1ee9", "value": "Trung Qu\u1ed1c", "id": 100037, "is_timestamp": false, "brand_option": null, "val_id": null}, {"name": "H\u1ea1n b\u1ea3o h\u00e0nh", "value": "12 th\u00e1ng", "id": 100121, "is_timestamp": false, "brand_option": null, "val_id": null}, {"name": "Lo\u1ea1i b\u1ea3o h\u00e0nh", "value": "B\u1ea3o h\u00e0nh nh\u00e0 cung c\u1ea5p", "id": 100370, "is_timestamp": false, "brand_option": null, "val_id": null}, {"name": "T\u00ednh n\u0103ng n\u1ed3i chi\u00ean kh\u00f4ng d\u1ea7u", "value": "\u1ee8ng d\u1ee5ng \u0111i\u1ec1u ch\u1ec9nh, Kh\u00f4ng d\u00ednh, H\u1eb9n gi\u1edd, \u0110i\u1ec1u ch\u1ec9nh nhi\u1ec7t \u0111\u1ed9", "id": 100292, "is_timestamp": false, "brand_option": null, "val_id": null}, {"name": "Dung t\u00edch", "value": "6L", "id": 100278, "is_timestamp": false, "brand_option": null, "val_id": null}, {"name": "\u0110i\u1ec7n \u00e1p \u0111\u1ea7u v\u00e0o", "value": "220V", "id": 100323, "is_timestamp": false, "brand_option": null, "val_id": null}, {"name": "Ti\u00eau th\u1ee5 \u0111i\u1ec7n n\u0103ng", "value": "1800W", "id": 100355, "is_timestamp": false, "brand_option": null, "val_id": null}], "liked": false, "liked_count": 21, "cmt_count": 12, "flag": 65536, "shopee_verified": false, "is_adult": false, "is_preferred_plus_seller": false, "tier_variations": [{"name": "", "options": [""], "images": null, "properties": null, "type": 0}], "bundle_deal_id": 0, "can_use_bundle_deal": false, "add_on_deal_info": null, "bundle_deal_info": null, "can_use_wholesale": false, "wholesale_tier_list": [], "is_group_buy_item": null, "group_buy_info": null, "welcome_package_type": 0, "welcome_package_info": null, "tax_code": null, "invoice_option": null, "complaint_policy": null, "images": ["a132d3d4e08799d981bd5b4306629bc0", "2ee4a451bb5a042e14e0f8c5be917785", "5f835218b1f842da19e492eb68a83375", "cb857116c2ce6cb678208f971e58c839"], "image": "a132d3d4e08799d981bd5b4306629bc0", "video_info_list": null, "item_type": 0, "is_official_shop": true, "show_official_shop_label_in_title": true, "shop_location": "TP. H\u1ed3 Ch\u00ed Minh", "coin_earn_label": null, "cb_option": 0, "is_pre_order": false, "estimated_days": 2, "badge_icon_type": 0, "show_free_shipping": false, "shipping_icon_type": 0, "cod_flag": 0, "is_service_by_shopee": false, "show_original_guarantee": false, "categories": [{"catid": 100010, "display_name": "Thi\u1ebft B\u1ecb \u0110i\u1ec7n Gia D\u1ee5ng", "no_sub": false, "is_default_subcat": false}, {"catid": 100041, "display_name": "\u0110\u1ed3 gia d\u1ee5ng nh\u00e0 b\u1ebfp", "no_sub": false, "is_default_subcat": false}, {"catid": 100198, "display_name": "N\u1ed3i chi\u00ean kh\u00f4ng d\u1ea7u", "no_sub": true, "is_default_subcat": false}], "other_stock": 2, "item_has_post": false, "discount_stock": 0, "current_promotion_has_reserve_stock": false, "current_promotion_reserved_stock": 0, "normal_stock": 2, "brand_id": 1076341, "is_alcohol_product": false, "show_recycling_info": false, "coin_info": {"spend_cash_unit": 100000, "coin_earn_items": [{"coin_earn": 0}]}, "models": [{"itemid": 6304737153, "status": 1, "current_promotion_reserved_stock": 0, "name": "", "promotionid": 0, "price": 248900000000, "price_stocks": [{"allocated_stock": null, "stock_breakdown_by_location": null}], "current_promotion_has_reserve_stock": false, "normal_stock": 2, "extinfo": {"tier_index": [0], "group_buy_info": null, "is_pre_order": false, "estimated_days": 2}, "price_before_discount": 0, "modelid": 42113761148, "stock": 2, "has_gimmick_tag": false}], "spl_info": {"installment_info": null, "user_credit_info": null, "channel_id": null, "show_spl": false, "show_spl_lite": false}, "preview_info": null, "fe_categories": [{"catid": 11036971, "display_name": "Home Appliances", "no_sub": false, "is_default_subcat": false}, {"catid": 11111620, "display_name": "Electric Cookers", "no_sub": false, "is_default_subcat": false}, {"catid": 11111626, "display_name": "Fryers", "no_sub": true, "is_default_subcat": false}], "presale_info": null, "is_cc_installment_payment_eligible": false, "is_non_cc_installment_payment_eligible": false, "flash_sale": null, "upcoming_flash_sale": null, "deep_discount": null, "has_low_fulfillment_rate": false, "is_partial_fulfilled": false, "makeups": null, "shop_vouchers": null, "global_sold": null, "is_infant_milk_formula_product": false, "should_show_amp_tag": false}