{"itemid": 13568379443, "shopid": 63520892, "userid": 0, "price_max_before_discount": -1, "has_lowest_price_guarantee": false, "price_before_discount": 0, "price_min_before_discount": -1, "exclusive_price_info": null, "hidden_price_display": null, "price_min": 439000000000, "price_max": 439000000000, "price": 439000000000, "stock": 19, "discount": null, "historical_sold": 1, "sold": 1, "show_discount": 0, "raw_discount": 0, "min_purchase_limit": 0, "overall_purchase_limit": {"order_max_purchase_limit": 0, "overall_purchase_limit": null, "item_overall_quota": null, "start_date": null, "end_date": null}, "pack_size": null, "is_live_streaming_price": null, "name": "N\u1ed3i chi\u00ean kh\u00f4ng d\u1ea7u k\u1ebft h\u1ee3p l\u00f2 n\u01b0\u1edbng Magic Eco M12", "ctime": 1641789374, "item_status": "normal", "status": 1, "condition": 1, "catid": 100010, "description": "\u0110\u1eb6C \u0110I\u1ec2M N\u1ed4I B\u1eacT\n\n- Dung t\u00edch l\u1edbn \u0111\u1ebfn 12 l\u00edt \n- Thi\u1ebft k\u1ebf v\u1ecf th\u00e9p sang tr\u1ecdng k\u1ebft h\u1ee3p nh\u1ef1a cao c\u1ea5p b\u00f3ng lo\u00e1ng\n- C\u00f4ng ngh\u00ea Rapid Air - Xo\u00e1y nhi\u1ec7t t\u00e1ch d\u1ea7u gi\u1ea3m \u0111\u1ebfn 90% d\u1ea7u m\u1ee1\n- 7 ch\u1ebf \u0111\u1ed9 chi\u00ean n\u01b0\u1edbng s\u1ea5y: Quay-n\u01b0\u1edbng th\u1ecbt-n\u01b0\u1edbng xi\u00ean-n\u01b0\u1edbng b\u00e1nh-n\u01b0\u1edbng xoay trong l\u1ed3ng-s\u1ea5y kh\u00f4-h\u00e2m n\u00f3ng\n- Ph\u1ee5 ki\u1ec7n \u0111a d\u1ea1ng ch\u1ebf bi\u1ebfn nhi\u1ec1u m\u00f3n \u0103n \u0111\u1ed9c \u0111\u00e1o\n- 10 m\u00f3n \u0103n \u0111\u01b0\u1ee3c c\u00e0i \u0111\u1eb7t s\u1eb5n \n- M\u00e0n h\u00ecnh LED hi\u1ec3n th\u1ecb c\u00e1c ph\u00edm ch\u1ee9c n\u0103ng\n- C\u1ea3m \u1ee9ng si\u00eau nh\u1ea1y\n- Ch\u1ee9c n\u0103ng Xoay gi\u00fap th\u1ef1c hi\u1ec7n nhanh ch\u00f3ng c\u00e1c m\u00f3n Quay-N\u01b0\u1edbng\n- C\u1ea3i ti\u1ebfn gi\u1ea3m \u0111\u1ed9 \u1ed3n n\u00ean n\u1ed3i v\u1eadn h\u00e0nh c\u1ef1c \u00eam \n- Khoang chi\u00ean n\u01b0\u1edbng r\u1ed9ng l\u1edbn gi\u00fap ch\u1ebf bi\u1ebfn nhi\u1ec1u th\u1ef1c ph\u1ea9m h\u01a1n\n- C\u00e1nh c\u1eeda th\u00f4ng minh c\u00f3 th\u1ec3 th\u00e1o r\u1eddi \u0111\u1ec3 v\u1ec7 sinh n\u1ed3i\n- Khay h\u1ee9ng d\u1ea7u v\u00e0 khay l\u01b0\u1edbi ph\u1ee7 ch\u1ed1ng d\u00ednh \n\nThi\u1ebft k\u1ebf sang tr\u1ecdng\n\nV\u1edbi thi\u1ebft k\u1ebf h\u00ecnh h\u1ed9p ch\u1eef nh\u1eadt k\u1ebft h\u1ee3p c\u00f9ng m\u00e0u \u0111en sang tr\u1ecdng t\u1ea1o n\u00ean v\u1ebd \u0111\u1eb9p h\u00e0i h\u00f2a, trang nh\u00e3 cho s\u1ea3n ph\u1ea9m g\u00f3p ph\u1ea7n t\u00f4n l\u00ean v\u1ebb \u0111\u1eb9p sang tr\u1ecdng c\u1ee7a kh\u00f4ng gian b\u1ebfp nh\u00e0 b\u1ea1n. Thi\u1ebft k\u1ebf c\u1eeda k\u00ednh trong su\u1ed1t ch\u1ecbu nhi\u1ec7t, ch\u1ecbu l\u1ef1c t\u1ed1t gi\u00fap b\u1ea1n d\u1ec5 d\u00e0ng quan s\u00e1t qu\u00e1 tr\u00ecnh n\u1ea5u \u0103n. K\u00ednh \u0111\u01b0\u1ee3c l\u00e0m ra t\u1eeb c\u00e1c v\u1eadt li\u1ec7u cao c\u1ea5p, n\u00e2ng cao t\u00ednh th\u1ea9m m\u1ef9 c\u1ee7a s\u1ea3n ph\u1ea9m.\nV\u1ecf ngo\u00e0i c\u1ee7a N\u1ed3i \u0111\u01b0\u1ee3c l\u00e0m t\u1eeb nh\u1ef1a ABS cao c\u1ea5p r\u1ea5t an to\u00e0n cho ng\u01b0\u1eddi d\u00f9ng, nh\u1ef1a c\u00f3 kh\u1ea3 n\u0103ng ch\u1ecbu nhi\u1ec7t v\u00e0 c\u00e1ch \u0111i\u1ec7n t\u1ed1t \u0111\u1ea3m b\u1ea3o an to\u00e0n khi s\u1eed d\u1ee5ng.\n\nB\u1ea3ng \u0111i\u1ec1u khi\u1ec3n th\u00f4ng minh\n\nB\u1ea3ng \u0111i\u1ec1u khi\u1ec3n v\u1edbi m\u00e0n h\u00ecnh LED hi\u1ec7n \u0111\u1ea1i, \u0111\u00e8n hi\u1ec3n th\u1ecb c\u00f3 m\u00e0u xanh s\u1eafc n\u00e9t gi\u00fap ng\u01b0\u1eddi d\u00f9ng d\u1ec5 d\u00e0ng thao t\u00e1c v\u1edbi b\u1ebfp. M\u00e0n h\u00ecnh hi\u1ec3n th\u1ecb 8 ch\u1ebf \u0111\u1ed9 t\u1ef1 \u0111\u1ed9ng r\u00f5 r\u00e0ng, d\u1ec5 hi\u1ec3u d\u00f9 l\u00e0 ng\u01b0\u1eddi l\u1edbn tu\u1ed5i hay tr\u1ebb nh\u1ecf c\u00f3 th\u1ec3 s\u1eed d\u1ee5ng ch\u1ec9 v\u1edbi v\u00e0i thao t\u00e1c d\u1ec5 nh\u01b0 \u0103n k\u1eb9o.\nNgo\u00e0i 7 ch\u1ee9c n\u0103ng n\u1ea5u n\u01b0\u1edbng c\u00f3 s\u1eb5n nh\u01b0: Quay-n\u01b0\u1edbng, th\u1ecbt-n\u01b0\u1edbng, xi\u00ean-n\u01b0\u1edbng, b\u00e1nh-n\u01b0\u1edbng, xoay trong l\u1ed3ng-s\u1ea5y, kh\u00f4-h\u00e2m n\u00f3ng, ngo\u00e0i ra Ch\u1ee9c n\u0103ng Xoay gi\u00fap th\u1ef1c hi\u1ec7n nhanh ch\u00f3ng c\u00e1c m\u00f3n Quay-N\u01b0\u1edbng, n\u1ed3i c\u00f2n c\u00f3 ch\u1ebf \u0111\u1ed9 t\u1ef1 ch\u1ec9nh nhi\u1ec7t \u0111\u1ed9, th\u1eddi gian t\u00f9y v\u00e0o nhu c\u1ea7u c\u1ee7a b\u1ea1n. Ch\u1ebf \u0111\u1ed9 t\u1ef1 \u0111\u1ed9ng ch\u1ecdn r\u1ea5t linh ho\u1ea1t v\u00e0 \u0111a d\u1ea1ng gi\u00fap b\u1ea1n d\u1ec5 d\u00e0ng l\u00e0m ra nh\u1eefng m\u00f3n \u0103n ngon nh\u01b0 Nh\u00e0 h\u00e0ng ho\u1eb7c b\u1ea1n c\u00f3 th\u1ec3 th\u1eed s\u1ee9c v\u1edbi nhi\u1ec1u c\u00f4ng th\u1ee9c n\u1ea5u \u0103n m\u1edbi l\u1ea1i.\n\nQu\u1ea1t \u0111\u1ed1i l\u01b0u m\u1ea1nh m\u1ebd, cho m\u00f3n ngon th\u00eam k\u00edch th\u00edch\nNhi\u1ec7t \u0111\u1ed9 trong n\u1ed3i ph\u00e2n b\u1ed1 kh\u00f4ng \u0111\u1ec1u g\u00e2y ra hi\u1ec7n t\u01b0\u1ee3ng ch\u1ed7 ch\u00edn ch\u1ed7 s\u1ed1ng, \u0111\u00e3 kh\u00f4ng c\u00f2n xa l\u1ea1 v\u1edbi c\u00e1c d\u1ea1ng n\u1ed3i chi\u00ean th\u00f4ng th\u01b0\u1eddng hay c\u00e1c l\u00f2 n\u01b0\u1edbng c\u00f3 qu\u1ea1t y\u1ebfu ho\u1eb7c t\u1ec7 h\u01a1n l\u00e0 kh\u00f4ng c\u00f3 qu\u1ea1t \u0111\u1ed1i l\u01b0u. Bi\u1ebft \u0111\u01b0\u1ee3c v\u1ea5n \u0111\u1ec1 kh\u00f3 Magic Eco \u0111\u00e3 c\u1ea3i ti\u1ebfn s\u1ea3n ph\u1ea9m N\u1ed3i chi\u00ean kh\u00f4ng d\u1ea7u k\u1ebft h\u1ee3p L\u00f2 n\u01b0\u1edbng \u0111\u01b0\u1ee3c trang b\u1ecb qu\u1ea1t \u0111\u1ed1i l\u01b0u c\u1ef1c m\u1ea1nh m\u1ebd. Kh\u00f4ng kh\u00ed trong n\u1ed3i n\u00f3ng l\u00ean nhanh ch\u00f3ng nh\u1edd v\u00e0o qu\u1ea1t \u0111\u1ed1i l\u01b0u m\u1ea1nh m\u1ebd th\u1ed5i li\u00ean t\u1ee5c 360 \u0111\u1ed9 trong khoang. Cho m\u00f3n \u0103n ch\u00edn \u0111\u1ec1u, v\u00e0ng gi\u00f2n b\u00ean ngo\u00e0i, m\u1ec1m \u1ea9m b\u00ean trong, r\u00fat ng\u1eafn th\u1eddi gian. M\u1ed7i l\u1ea7n s\u1eed d\u1ee5ng n\u1ed3i l\u00e0 m\u1ed9t tr\u1ea3i nghi\u1ec7m m\u1edbi m\u1ebb \u0111\u1ed1i v\u1edbi ng\u01b0\u1eddi d\u00f9ng, k\u00edch th\u00edch v\u1ecb gi\u00e1c c\u1ee7a c\u1ea3 nh\u00e0.\n\nC\u1eeda L\u00f2 linh ho\u1ea1t \u2013 th\u00e1o l\u1eafp d\u1ec5 d\u00e0ng\nC\u1eeda k\u00ednh ngo\u00e0i kh\u1ea3 n\u0103ng ch\u1ecbu nhi\u1ec7t, ch\u1ecbu l\u1ef1c cao th\u00ec c\u00f2n c\u00f3 th\u1ec3 th\u00e1o r\u1eddi ra kh\u1ecfi n\u1ed3i ch\u1ec9 v\u1edbi 1 v\u00e0i thao t\u00e1c \u0111\u01a1n gi\u1ea3n, gi\u00fap b\u1ea1n d\u1ec5 d\u00e0ng v\u1ec7 sinh c\u1eeda k\u00ednh b\u00e1m b\u1ea9n v\u00e0 ph\u1ea7n khoang b\u00ean trong n\u1ed3i.\nCh\u00ednh v\u00ec \u0111i\u1ec1u \u0111\u00f3 m\u00e0 N\u1ed3i chi\u00ean kh\u00f4ng d\u1ea7u k\u1ebft h\u1ee3p l\u00f2 n\u01b0\u1edbng Magic Eco M 12 r\u1ea5t \u0111\u01b0\u1ee3c l\u00f2ng c\u00e1c ch\u1ecb em n\u1ed9i tr\u1ee3 b\u1edfi nh\u1eefng t\u00ednh n\u0103ng \u0111a d\u1ea1ng, thao t\u00e1c \u0111\u01a1n gi\u1ea3n, linh ho\u1ea1t gi\u00fap ng\u01b0\u1eddi ti\u00eau d\u1ee5ng tho\u1ea3i m\u00e1i khi s\u1eed d\u1ee5ng v\u00e0 r\u1ea5t an to\u00e0n.\n\nD\u1eabn \u0111\u1ea7u C\u00f4ng ngh\u1ec7 Chi\u00ean \u2013 N\u01b0\u1edbng kh\u00f4ng d\u1ea7u\nCh\u1ebf \u0111\u1ed9 Chi\u00ean kh\u00f4ng d\u1ea7u Rapid Air - Xoa\u00e1y Nhi\u1ec7t T\u00e1ch D\u1ea7u, d\u00f9ng h\u01a1i n\u00f3ng kh\u00f4ng kh\u00ed k\u1ebft h\u1ee3p c\u00f9ng qu\u1ea1t \u0111\u1ed1i l\u01b0u 360 \u0111\u1ed9 l\u00e0m ch\u00edn th\u1ee9c \u0103n nhanh ch\u00f3ng, lo\u1ea1i b\u1ecf \u0111\u01b0\u1ee3c 90% l\u01b0\u1ee3ng m\u1ee1 th\u1eeba trong th\u1ef1c ph\u1ea9m. T\u1ed1t cho s\u1ee9c kh\u1ecfe ng\u01b0\u1eddi ti\u00eau d\u00f9ng.\n\nCh\u1ebf \u0111\u1ed9 Chi\u00ean \u2013 N\u01b0\u1edbng si\u00eau k\u1ebft h\u1ee3p l\u00e0 C\u00f4ng ngh\u1ec7 hi\u1ec7n \u0111\u1ea1i nh\u1ea5t hi\u1ec7n nay, gi\u00fap b\u1ea1n ch\u1ebf bi\u1ebfn \u0111a d\u1ea1ng m\u00f3n \u0103n chi\u00ean, n\u01b0\u1edbng v\u00e0 \u0111a d\u1ea1ng nguy\u00ean li\u1ec7u m\u00e0 kh\u00f4ng c\u1ea7n lo dinh d\u01b0\u1ee1ng trong th\u1ef1c ph\u1ea9m b\u1ecb m\u1ea5t \u0111i, d\u1ea7u m\u1ee1 th\u1eeba hay t\u1ed1n nhi\u1ec1u th\u1eddi gian. V\u1edbi c\u00f4ng ngh\u1ec7 n\u00e0y cho m\u00f3n \u0103n c\u1ee7a b\u1ea1n v\u00e0ng gi\u00f2n b\u00ean ngo\u00e0i - \u1ea9m m\u1ec1m \u0111\u1eadm \u0111\u00e0 d\u01b0\u1ee1ng ch\u1ea5t b\u00ean trong.\n\nDung t\u00edch l\u1edbn 12L, tho\u1ea3i m\u00e1i chi\u00eau \u0111\u00e3i b\u1ea1n b\u00e8 ho\u1eb7c gia \u0111\u00ecnh \u0111\u00f4ng ng\u01b0\u1eddi\nV\u1edbi dung t\u00edch khoang chi\u00ean l\u00ean \u0111\u00ean 12L, n\u1ed3i \u0111\u01b0\u1ee3c nh\u1eadn x\u00e9t -  \u0111\u00e1nh gi\u00e1 l\u00e0 c\u00f3 kh\u00f4ng gian c\u1ef1c l\u1edbn, tho\u1ea3i m\u00e1i ch\u1ebf bi\u1ebfn. C\u00f3 th\u1ec3 n\u1ea5u g\u00e0 nguy\u00ean con t\u1eeb 1-1,5kg c\u0169ng nh\u01b0 l\u01b0\u1ee3ng th\u1ef1c ph\u1ea9m l\u1edbn m\u00e0 kh\u00f4ng c\u1ea7n ph\u1ea3i chia nh\u1ecf ra th\u00e0nh nhi\u1ec1u l\u1ea7n n\u1ea5u r\u1ea5t ph\u00f9 h\u1ee3p v\u1edbi nh\u1eefng gia \u0111\u00ecnh \u0111\u00f4ng ng\u01b0\u1eddi ho\u1eb7c nh\u1eefng gia \u0111\u00ecnh y\u00eau th\u00edch ti\u1ec7c t\u00f9ng, gi\u00fap ng\u01b0\u1eddi d\u00f9ng ti\u1ebft ki\u1ec7m th\u1eddi gian n\u1ea5u n\u01b0\u1edbng t\u1ed1i \u0111a.\n\n7 IN 1 - Chi\u00ean n\u01b0\u1edbng s\u1ea5y ch\u1ec9 v\u1edbi 1 ch\u1ea1m\nN\u1ed3i \u0111\u01b0\u1ee3c c\u00e0i s\u1eb5n 10 ch\u1ee9c n\u0103ng v\u1edbi nhi\u1ec1u lo\u1ea1i th\u1ef1c ph\u1ea9m kh\u00e1c nhau chi\u00ean n\u1ea5u si\u00eau \u0111a d\u1ea1ng k\u1ebft h\u1ee3p c\u00f9ng nhi\u1ec1u b\u1ed9 d\u1ee5ng c\u1ee5 \u0111i k\u00e8m nh\u01b0 b\u1ed9 xi\u00ean quay, tr\u1ee5c quay, l\u1ed3ng \u0111\u1ea3o, khay chi\u00ean, khay h\u1ee9ng d\u1ea7u,\u2026\nC\u00e1c ch\u01b0\u01a1ng tr\u00ecnh c\u00e0i s\u1eb5n bao g\u1ed3m: Khoai t\u00e2y chi\u00ean, \u0110\u00f9i g\u00e0, S\u01b0\u1eddn, G\u00e0 quay nguy\u00ean con, C\u00e1, T\u00f4m, Pizza, c\u00f9ng ch\u1ebf \u0111\u1ed9 Xoay gi\u00fap th\u1ef1c hi\u1ec7n nhanh ch\u00f3ng c\u00e1c m\u00f3n Quay \u2013 N\u01b0\u1edbng.\nKh\u00f4ng d\u1eebng l\u1ea1i \u1edf \u0111\u00f3 N\u1ed3i chi\u00ean kh\u00f4ng d\u1ea7u k\u1ebft h\u1ee3p L\u00f2 n\u01b0\u1edbng Magic Eco M 12 c\u00f2n c\u00f3 7 ch\u1ebf \u0111\u1ed9 chi\u00ean n\u01b0\u1edbng s\u1ea5y: Quay-n\u01b0\u1edbng, th\u1ecbt-n\u01b0\u1edbng, xi\u00ean-n\u01b0\u1edbng, b\u00e1nh-n\u01b0\u1edbng, xoay trong l\u1ed3ng-s\u1ea5y, kh\u00f4-h\u00e2m n\u00f3ng.\n\nTH\u00d4NG S\u1ed0 K\u1ef8 THU\u1eacT\n\nC\u00f4ng su\u1ea5t: 1800W\n\u0110i\u1ec7n s\u1eed d\u1ee5ng : 220V/ 50HZ\nDung t\u00edch: 12.0 l\u00edt\nD\u1ee5ng c\u1ee5 l\u1ea5y th\u1ef1c ph\u1ea9m t\u1eeb th\u00e9p kh\u00f4ng g\u1ec9 S201\nL\u1ed3ng \u0111\u1ea3o dung t\u00edch 2.9 l\u00edt.\nL\u1ed3ng \u0111\u1ea3o, b\u1ed9 xi\u00ean que, tr\u1ee5c xi\u00ean n\u01b0\u1edbng g\u00e0/v\u1ecbt nguy\u00ean con l\u00e0m t\u1eeb th\u00e9p kh\u00f4ng g\u1ec9 S430\nK\u00edch th\u01b0\u1edbc s\u1ea3n ph\u1ea9m: D\u00e0i 326 x R\u1ed9ng 358 x Cao375mm\nK\u00edch th\u01b0\u1edbc th\u00f9ng s\u1ea3n ph\u1ea9m: 372x372x420mm\n", "is_mart": false, "show_shopee_verified_label": false, "size_chart": null, "reference_item_id": "", "brand": "Magic Eco", "item_rating": {"rating_star": 5, "rating_count": [1, 0, 0, 0, 0, 1]}, "label_ids": [1000959, 1000258, 1000262, 1000260, 1000259, 1000256, 1000255, 1000254, 1000257, 1000266, 1000267, 1000269, 1000268, 1000270, 1000271, 1000274, 1000272, 1000276, 1000277, 1000278, 1000275, 1000651, 1000672, 1000713, 1000279, 1000339, 1000347, 1000333, 1000359, 1000378, 1000383, 1000070, 1000071, 1000075, 1000085, 1000088, 1000113, 1000125, 1000129, 1000130, 1000146, 1000151, 1000153, 1000161, 1000164, 1000263, 1000265, 1000264, 1000273, 1000086, 1000412, 1000655, 1000121, 1005829, 1006435, 1006483, 1006624, 1006625, 1007155, 1007286, 1007328, 1007394, 1007516, 1007521, 1007546, 1007589, 1007765, 1007768, 1006856, 1007457, 1008283, 1008290, 1008313, 1008358, 1008515, 1008793, 1009058, 1009063, 1009202, 1009226, 1009391, 1009427, 1009489, 1009763, 1010033, 1010111, 1010449, 1010668, 1010797, 1011155, 1011654, 1011843, 1012191], "attributes": [{"name": "Xu\u1ea5t x\u1ee9", "value": "Trung Qu\u1ed1c", "id": 100037, "is_timestamp": false, "brand_option": null, "val_id": null}, {"name": "H\u1ea1n b\u1ea3o h\u00e0nh", "value": "24 th\u00e1ng", "id": 100121, "is_timestamp": false, "brand_option": null, "val_id": null}, {"name": "Lo\u1ea1i b\u1ea3o h\u00e0nh", "value": "B\u1ea3o h\u00e0nh nh\u00e0 cung c\u1ea5p", "id": 100370, "is_timestamp": false, "brand_option": null, "val_id": null}, {"name": "T\u00ednh n\u0103ng n\u1ed3i chi\u00ean kh\u00f4ng d\u1ea7u", "value": "M\u00e0n h\u00ecnh LED, Menu c\u00e0i \u0111\u1eb7t s\u1eb5n, H\u1eb9n gi\u1edd, \u0110i\u1ec1u khi\u1ec3n c\u1ea3m \u1ee9ng, N\u1ed3i chi\u00ean k\u1ebft h\u1ee3p l\u00f2 n\u01b0\u1edbng", "id": 100292, "is_timestamp": false, "brand_option": null, "val_id": null}, {"name": "Dung t\u00edch", "value": "12L", "id": 100278, "is_timestamp": false, "brand_option": null, "val_id": null}, {"name": "\u0110i\u1ec7n \u00e1p \u0111\u1ea7u v\u00e0o", "value": "220V", "id": 100323, "is_timestamp": false, "brand_option": null, "val_id": null}, {"name": "Ti\u00eau th\u1ee5 \u0111i\u1ec7n n\u0103ng", "value": "1800W", "id": 100355, "is_timestamp": false, "brand_option": null, "val_id": null}, {"name": "Tr\u1ecdng l\u01b0\u1ee3ng", "value": "7.5kg", "id": 100095, "is_timestamp": false, "brand_option": null, "val_id": null}, {"name": "K\u00edch th\u01b0\u1edbc (d\u00e0i x r\u1ed9ng x cao)", "value": " D\u00e0i 326 x R\u1ed9ng 358 x Cao375mm", "id": 100942, "is_timestamp": false, "brand_option": null, "val_id": null}], "liked": false, "liked_count": 1, "cmt_count": 1, "flag": 0, "shopee_verified": false, "is_adult": false, "is_preferred_plus_seller": false, "tier_variations": [{"name": "", "options": [""], "images": null, "properties": null, "type": 0}], "bundle_deal_id": 0, "can_use_bundle_deal": false, "add_on_deal_info": null, "bundle_deal_info": null, "can_use_wholesale": false, "wholesale_tier_list": [], "is_group_buy_item": null, "group_buy_info": null, "welcome_package_type": 0, "welcome_package_info": null, "tax_code": null, "invoice_option": null, "complaint_policy": null, "images": ["a3456cb8d2c11419ee775d0968bf22ce", "3d6179f5e7a8dc304c00d1d4bf344f5c", "bceeccb5775ec2bfe3e9d5886395d936", "f6faeba25318fa1a3d47185d9f8eb2e0", "171433f564662d545582595bb4263b92"], "image": "a3456cb8d2c11419ee775d0968bf22ce", "video_info_list": null, "item_type": 0, "is_official_shop": true, "show_official_shop_label_in_title": true, "shop_location": "TP. H\u1ed3 Ch\u00ed Minh", "coin_earn_label": null, "cb_option": 0, "is_pre_order": false, "estimated_days": 2, "badge_icon_type": 0, "show_free_shipping": false, "shipping_icon_type": 0, "cod_flag": 0, "is_service_by_shopee": false, "show_original_guarantee": false, "categories": [{"catid": 100010, "display_name": "Thi\u1ebft B\u1ecb \u0110i\u1ec7n Gia D\u1ee5ng", "no_sub": false, "is_default_subcat": false}, {"catid": 100041, "display_name": "\u0110\u1ed3 gia d\u1ee5ng nh\u00e0 b\u1ebfp", "no_sub": false, "is_default_subcat": false}, {"catid": 100198, "display_name": "N\u1ed3i chi\u00ean kh\u00f4ng d\u1ea7u", "no_sub": true, "is_default_subcat": false}], "other_stock": 19, "item_has_post": false, "discount_stock": 0, "current_promotion_has_reserve_stock": false, "current_promotion_reserved_stock": 0, "normal_stock": 19, "brand_id": 1568957, "is_alcohol_product": false, "show_recycling_info": false, "coin_info": {"spend_cash_unit": 100000, "coin_earn_items": [{"coin_earn": 0}]}, "models": [{"itemid": 13568379443, "status": 1, "current_promotion_reserved_stock": 0, "name": "", "promotionid": 0, "price": 439000000000, "price_stocks": [{"allocated_stock": null, "stock_breakdown_by_location": null}], "current_promotion_has_reserve_stock": false, "normal_stock": 19, "extinfo": {"tier_index": [0], "group_buy_info": null, "is_pre_order": null, "estimated_days": 2}, "price_before_discount": 0, "modelid": 151638486493, "stock": 19, "has_gimmick_tag": false}], "spl_info": {"installment_info": null, "user_credit_info": null, "channel_id": null, "show_spl": false, "show_spl_lite": false}, "preview_info": null, "fe_categories": [{"catid": 11036971, "display_name": "Home Appliances", "no_sub": false, "is_default_subcat": false}, {"catid": 11111620, "display_name": "Electric Cookers", "no_sub": false, "is_default_subcat": false}, {"catid": 11111626, "display_name": "Fryers", "no_sub": true, "is_default_subcat": false}], "presale_info": null, "is_cc_installment_payment_eligible": true, "is_non_cc_installment_payment_eligible": false, "flash_sale": null, "upcoming_flash_sale": null, "deep_discount": null, "has_low_fulfillment_rate": false, "is_partial_fulfilled": false, "makeups": null, "shop_vouchers": null, "global_sold": null, "is_infant_milk_formula_product": false, "should_show_amp_tag": false}