{"itemid": 1066836417, "shopid": 63520892, "userid": 0, "price_max_before_discount": -1, "has_lowest_price_guarantee": false, "price_before_discount": 0, "price_min_before_discount": -1, "exclusive_price_info": null, "hidden_price_display": null, "price_min": 228900000000, "price_max": 228900000000, "price": 228900000000, "stock": 20, "discount": null, "historical_sold": 6, "sold": 0, "show_discount": 0, "raw_discount": 0, "min_purchase_limit": 0, "overall_purchase_limit": {"order_max_purchase_limit": 0, "overall_purchase_limit": null, "item_overall_quota": null, "start_date": null, "end_date": null}, "pack_size": null, "is_live_streaming_price": null, "name": "B\u1ebfp \u0111i\u1ec7n h\u1ed3ng ngo\u1ea1i c\u1ea3m \u1ee9ng Magic A47", "ctime": 1523589159, "item_status": "normal", "status": 1, "condition": 1, "catid": 100010, "description": "B\u1ebfp \u0111i\u1ec7n h\u1ed3ng ngo\u1ea1i c\u1ea3m \u1ee9ng Magic A47 v\u1edbi thi\u1ebft k\u1ebf nh\u1ecf g\u1ecdn, bo vi\u1ec1n kh\u00f4ng g\u00f3c c\u1ea1nh, kh\u00f4ng nguy hi\u1ec3m, tr\u00e1nh b\u1ecb c\u00e0o x\u01b0\u1edbc n\u1ebfu v\u00f4 t\u00ecnh va ch\u1ea1m v\u00e0o g\u00f3c b\u1ebfp. M\u00e0u \u0111en mang l\u1ea1i c\u1ea3m gi\u00e1c s\u1ea1ch s\u1ebd, ph\u00edm \u0111i\u1ec1u ch\u1ec9nh r\u00f5 r\u00e0ng, d\u1ec5 nh\u1ea5n d\u1ec5 s\u1eed d\u1ee5ng. S\u1ea3n ph\u1ea9m r\u1ea5t ph\u00f9 h\u1ee3p v\u1edbi c\u00e1c b\u1ea1n sinh vi\u00ean, gia \u0111\u00ecnh nh\u1ecf \u00edt ng\u01b0\u1eddi, gian b\u1ebfp c\u00f3 kh\u00f4ng gian h\u1eb9p.\n\n\u0110\u1eb6C \u0110I\u1ec2M N\u1ed4I B\u1eacT\n- C\u00f4ng su\u1ea5t ho\u1ea1t \u0111\u1ed9ng m\u1ea1nh m\u1ebd l\u00ean \u0111\u1ebfn 2000W.\n- M\u1eb7t k\u00ednh c\u01b0\u1eddng l\u1ef1c ch\u1ecbu nhi\u1ec7t cao.\n- Nhi\u1ec1u ch\u1ee9c n\u0103ng n\u1ea5u t\u00edch h\u1ee3p s\u1eb5n tr\u00ean ph\u00edm \u0111i\u1ec1u khi\u1ec3n.\n- T\u00ednh ti\u1ec7n d\u1ee5ng cao, d\u1ec5 s\u1eed d\u1ee5ng, d\u1ec5 v\u1ec7 sinh sau khi d\u00f9ng.\n- K\u00edch th\u01b0\u1edbc nh\u1ecf g\u1ecdn d\u1ec5 d\u00e0ng c\u1ea5t gi\u1eef sau khi s\u1eed d\u1ee5ng.\n\nTH\u00d4NG S\u1ed0 K\u1ef8 THU\u1eacT\n- C\u00f4ng su\u1ea5t 2000W.\n- \u0110i\u1ec7n \u00e1p 220V.\n- Th\u1eddi gian b\u1ea3o h\u00e0nh: 12 th\u00e1ng.\n\nTH\u00d4NG TIN TH\u01af\u01a0NG HI\u1ec6U\nMagic l\u00e0 th\u01b0\u01a1ng hi\u1ec7u \u0111\u1ebfn t\u1eeb H\u00e0n Qu\u1ed1c nh\u01b0ng \u0111\u00e3 r\u1ea5t quen thu\u1ed9c v\u1edbi ng\u01b0\u1eddi ti\u00eau d\u00f9ng Vi\u1ec7t Nam. S\u1ea3n ph\u1ea9m c\u1ee7a Magic ph\u1ee5c v\u1ee5 h\u1ea7u h\u1ebft c\u00e1c nhu c\u1ea7u thi\u1ebft y\u1ebfu c\u1ee7a cu\u1ed9c s\u1ed1ng t\u1eeb thi\u1ebft b\u1ecb nh\u00e0 b\u1ebfp, thi\u1ebft b\u1ecb trong sinh ho\u1ea1t gia \u0111\u00ecnh \u0111\u1ebfn \u0111\u1ed3 vui ch\u01a1i tr\u1ebb em. \u0110\u01b0\u1ee3c s\u1ea3n xu\u1ea5t tr\u00ean n\u1ec1n k\u1ef9 thu\u1eadt c\u00f4ng ngh\u1ec7 H\u00e0n Qu\u1ed1c v\u00e0 quy tr\u00ecnh qu\u1ea3n l\u00fd hi\u1ec7n \u0111\u1ea1i, c\u00e1c s\u1ea3n ph\u1ea9m c\u1ee7a Magic lu\u00f4n c\u00f3 ch\u1ea5t l\u01b0\u1ee3ng v\u01b0\u1ee3t tr\u1ed9i, t\u00ednh th\u1ea9m m\u1ef9 cao, \u0111\u01b0\u1ee3c ng\u01b0\u1eddi ti\u00eau d\u00f9ng y\u00eau th\u00edch b\u1edfi t\u00ednh n\u0103ng n\u1ed5i b\u1eadt v\u00e0 th\u00f4ng minh. V\u1edbi ph\u01b0\u01a1ng ch\u00e2m \u201cChung tay b\u1ea3o v\u1ec7 m\u00f4i tr\u01b0\u1eddng\u201d, Magic cam k\u1ebft lu\u00f4n lu\u00f4n s\u1ea3n xu\u1ea5t, cung \u1ee9ng c\u00e1c s\u1ea3n ph\u1ea9m ch\u1ea5t l\u01b0\u1ee3ng cao, ch\u1ebf \u0111\u1ed9 b\u1ea3o h\u00e0nh d\u00e0i h\u1ea1n nh\u1eb1m \u0111\u1ea3m b\u1ea3o l\u1ee3i \u00edch cao nh\u1ea5t cho kh\u00e1ch h\u00e0ng.\n\n\n#bepdientu #bephongngoai #bep_dien_tu #b\u1ebfp_\u0111i\u1ec7n_t\u1eeb_magic #b\u1ebfp_h\u1ed3ng_ngo\u1ea1i #bep_dien #bep_dien_mini #bep_tu_don #beptu #bepmagic #bepdanang #b\u1ebfp_t\u1eeb #b\u1ebfp_\u0111i\u1ec7n_t\u1eeb #bep_hong_ngo\u1ea1i #b\u1ebfp_\u0111i\u1ec7n #b\u1ebfp_t\u1eeb_magic #b\u1ebfp_t\u1eeb_\u0111\u01a1n #b\u1ebfp_\u0111i\u1ec7n_mini #bep_tu ", "is_mart": false, "show_shopee_verified_label": false, "size_chart": null, "reference_item_id": "", "brand": "Magic KOREA", "item_rating": {"rating_star": 5, "rating_count": [1, 0, 0, 0, 0, 1]}, "label_ids": [1000959, 1000258, 1000262, 1000260, 1000259, 1000256, 1000255, 1000254, 1000257, 1000266, 1000267, 1000269, 1000268, 1000270, 1000271, 1000274, 1000272, 1000276, 1000277, 1000278, 1000275, 1000651, 1000672, 1000713, 1000279, 1000339, 1000347, 1000333, 1000359, 1000378, 1000383, 1000070, 1000071, 1000075, 1000085, 1000088, 1000113, 1000125, 1000129, 1000130, 1000146, 1000151, 1000153, 1000161, 1000164, 1000263, 1000265, 1000264, 1000273, 1000086, 1000412, 1000655, 1000121, 1005829, 1006435, 1006483, 1006624, 1006625, 1007155, 1007286, 1007328, 1007394, 1007516, 1007521, 1007546, 1007589, 1007765, 1007768, 1006856, 1007457, 1008283, 1008290, 1008313, 1008358, 1008515, 1008793, 1009058, 1009063, 1009202, 1009226, 1009391, 1009427, 1009489, 1009763, 1010033, 1010111, 1010449, 1010668, 1010797, 1011155, 1011654, 1011843, 1012191, 1000248, 1000352, 1000779, 1007414, 1009687, 1010348, 1011193, 1011378], "attributes": [{"name": "Lo\u1ea1i b\u1ebfp", "value": "\u0111i\u1ec7n/c\u1ea3m \u1ee9ng t\u1eeb/h\u1ed3ng ngo\u1ea1i", "id": 100300, "is_timestamp": false, "brand_option": null, "val_id": null}], "liked": false, "liked_count": 8, "cmt_count": 1, "flag": 65536, "shopee_verified": false, "is_adult": false, "is_preferred_plus_seller": false, "tier_variations": [{"name": "", "options": [""], "images": null, "properties": null, "type": 0}], "bundle_deal_id": 0, "can_use_bundle_deal": false, "add_on_deal_info": null, "bundle_deal_info": null, "can_use_wholesale": false, "wholesale_tier_list": [], "is_group_buy_item": null, "group_buy_info": null, "welcome_package_type": 0, "welcome_package_info": null, "tax_code": null, "invoice_option": null, "complaint_policy": null, "images": ["374db986614c0f4cd9a58aa979c42c72", "53e23e82cbb3bd0b9d02f77c3c10d97b", "5fc670920cccab53f33e7f699736c45c", "1954260d08ccd38e00df1e3a7cc3aacc", "5b820a33e29d4034ded687af94991d0a"], "image": "374db986614c0f4cd9a58aa979c42c72", "video_info_list": [{"video_id": "8df88bc79cdba5521116ce9e3ca61a0d", "thumb_url": "f2bd35030ad98c630deaab05e0e670eb", "duration": 31, "version": 2, "vid": "sg_c46f0372-af5d-4eb0-a495-b643a576d5bc_000067", "formats": [{"format": 660011, "defn": "V720P", "profile": "MP4", "path": "", "url": "http://play-ws.vod.shopee.com/c3/98934353/105/YzMsMjE1LTQ4NjQ5LDE0NDIwMzAxOTc1MzE5MjI0MzIsMg.mp4", "width": 854, "height": 480}], "default_format": {"format": 100001, "defn": "ORI", "profile": "MP4", "path": "", "url": "http://1500000774.vod2.myqcloud.com/14092670vodsgp1500000774/6a8267973701925924998079455/6qBeoz9aHQ4A.mp4", "width": 854, "height": 480}}], "item_type": 0, "is_official_shop": true, "show_official_shop_label_in_title": true, "shop_location": "TP. H\u1ed3 Ch\u00ed Minh", "coin_earn_label": null, "cb_option": 0, "is_pre_order": false, "estimated_days": 2, "badge_icon_type": 0, "show_free_shipping": false, "shipping_icon_type": 0, "cod_flag": 0, "is_service_by_shopee": false, "show_original_guarantee": false, "categories": [{"catid": 100010, "display_name": "Thi\u1ebft B\u1ecb \u0110i\u1ec7n Gia D\u1ee5ng", "no_sub": false, "is_default_subcat": false}, {"catid": 100041, "display_name": "\u0110\u1ed3 gia d\u1ee5ng nh\u00e0 b\u1ebfp", "no_sub": false, "is_default_subcat": false}, {"catid": 100197, "display_name": "L\u00f2 s\u01b0\u1edfi, B\u1ebfp t\u1eeb & B\u1ed9 \u0111i\u1ec1u ch\u1ec9nh gas", "no_sub": true, "is_default_subcat": false}], "other_stock": 20, "item_has_post": false, "discount_stock": 0, "current_promotion_has_reserve_stock": false, "current_promotion_reserved_stock": 0, "normal_stock": 20, "brand_id": 1076341, "is_alcohol_product": false, "show_recycling_info": false, "coin_info": {"spend_cash_unit": 100000, "coin_earn_items": [{"coin_earn": 0}]}, "models": [{"itemid": 1066836417, "status": 1, "current_promotion_reserved_stock": 0, "name": "", "promotionid": 0, "price": 228900000000, "price_stocks": [{"allocated_stock": null, "stock_breakdown_by_location": null}], "current_promotion_has_reserve_stock": false, "normal_stock": 20, "extinfo": {"tier_index": [0], "group_buy_info": null, "is_pre_order": false, "estimated_days": 2}, "price_before_discount": 0, "modelid": 32113729521, "stock": 20, "has_gimmick_tag": false}], "spl_info": {"installment_info": null, "user_credit_info": null, "channel_id": null, "show_spl": false, "show_spl_lite": false}, "preview_info": null, "fe_categories": [{"catid": 11036971, "display_name": "Home Appliances", "no_sub": false, "is_default_subcat": false}, {"catid": 11111620, "display_name": "Electric Cookers", "no_sub": false, "is_default_subcat": false}, {"catid": 11111624, "display_name": "Cooker", "no_sub": true, "is_default_subcat": false}], "presale_info": null, "is_cc_installment_payment_eligible": false, "is_non_cc_installment_payment_eligible": false, "flash_sale": null, "upcoming_flash_sale": null, "deep_discount": null, "has_low_fulfillment_rate": false, "is_partial_fulfilled": false, "makeups": null, "shop_vouchers": null, "global_sold": null, "is_infant_milk_formula_product": false, "should_show_amp_tag": false}