{"itemid": 1042551668, "shopid": 63520892, "userid": 0, "price_max_before_discount": -1, "has_lowest_price_guarantee": false, "price_before_discount": 0, "price_min_before_discount": -1, "exclusive_price_info": null, "hidden_price_display": null, "price_min": 26900000000, "price_max": 26900000000, "price": 26900000000, "stock": 13, "discount": null, "historical_sold": 284, "sold": 11, "show_discount": 0, "raw_discount": 0, "min_purchase_limit": 0, "overall_purchase_limit": {"order_max_purchase_limit": 0, "overall_purchase_limit": null, "item_overall_quota": null, "start_date": null, "end_date": null}, "pack_size": null, "is_live_streaming_price": null, "name": "H\u1ed9p c\u01a1m \u0111i\u1ec7n h\u00e2m n\u00f3ng Magic Korea A03 (Xanh)", "ctime": 1522838464, "item_status": "normal", "status": 1, "condition": 1, "catid": 100010, "description": "H\u1ed9p h\u00e2m n\u00f3ng c\u01a1m Magic Korea A03 c\u00f3 thi\u1ebft k\u1ebf nh\u1ecf g\u1ecdn, \u0111\u1eb9p m\u1eaft, l\u1ecbch s\u1ef1 n\u00ean b\u1ea1n s\u1ebd c\u1ea3m th\u1ea5y r\u1ea5t th\u00edch th\u00fa khi \u0111\u1ef1ng ph\u1ea7n c\u01a1m tr\u01b0a c\u1ee7a m\u00ecnh ho\u1eb7c \u0111em c\u01a1m \u0111i cho ng\u01b0\u1eddi th\u00e2n. S\u1ea3n ph\u1ea9m \u0111\u01b0\u1ee3c l\u00e0m t\u1eeb ch\u1ea5t li\u1ec7u nh\u1ef1a cao c\u1ea5p, c\u00f3 \u0111\u1ed9 b\u1ec1n cao, d\u1ec5 d\u00e0ng v\u1ec7 sinh v\u00e0 \u0111\u1eb7c bi\u1ec7t r\u1ea5t an to\u00e0n cho s\u1ee9c kh\u1ecfe, v\u00ec th\u1ebf b\u1ea1n h\u00e3y y\u00ean t\u00e2m khi s\u1eed d\u1ee5ng h\u1ed9p h\u00e0ng ng\u00e0y. V\u1edbi t\u00ednh n\u0103ng h\u00e2m n\u00f3ng ti\u1ec7n d\u1ee5ng, s\u1eed d\u1ee5ng \u0111\u01a1n gi\u1ea3n v\u00e0 d\u1ec5 d\u00e0ng mang theo khi di chuy\u1ec3n, Magic A03 s\u1ebd l\u00e0 m\u1ed9t ng\u01b0\u1eddi b\u1ea1n \u0111\u1ed3ng h\u00e0nh l\u00fd t\u01b0\u1edfng c\u1ee7a b\u1ea1n v\u1edbi nh\u1eefng b\u1eefa \u0103n tr\u01b0a \u1edf v\u0103n ph\u00f2ng.\n\n\u0110\u1eb6C \u0110I\u1ec2M N\u1ed4I B\u1eacT\nS\u1ea3n ph\u1ea9m th\u1eddi trang tinh t\u1ebf, ch\u1ea5t li\u1ec7u nh\u1ef1a P.P cao c\u1ea5p\nH\u1ed9p h\u00e2m n\u00f3ng c\u01a1m Magic A03 c\u00f3 thi\u1ebft k\u1ebf nh\u1ecf g\u1ecdn, \u0111\u1eb9p m\u1eaft, l\u1ecbch s\u1ef1 t\u1ea1o c\u1ea3m gi\u00e1c th\u00edch th\u00fa khi \u0111\u1ef1ng ph\u1ea7n c\u01a1m tr\u01b0a c\u1ee7a m\u00ecnh v\u00e0o chi\u1ebfc h\u1ed9p n\u00e0y. \u0110\u01b0\u1ee3c l\u00e0m t\u1eeb ch\u1ea5t li\u1ec7u nh\u1ef1a P.P cao c\u1ea5p c\u00f3 kh\u1ea3 n\u0103ng ch\u1ecbu nhi\u1ec7t cao t\u1ea1o \u0111\u1ed9 b\u1ec1n cho s\u1ea3n ph\u1ea9m. M\u1eb7t kh\u00e1c, ch\u1ea5t li\u1ec7u nh\u1ef1a P.P gi\u00fap d\u1ec5 d\u00e0ng v\u1ec7 sinh v\u00e0 \u0111\u1eb7c bi\u1ec7t r\u1ea5t an to\u00e0n cho s\u1ee9c kh\u1ecfe, v\u00ec th\u1ebf b\u1ea1n h\u00e3y y\u00ean t\u00e2m khi s\u1eed d\u1ee5ng h\u1ed9p h\u00e0ng ng\u00e0y.\n\nThi\u1ebft k\u1ebf th\u00f4ng minh, ti\u1ec7n d\u1ee5ng\nH\u1ed9p h\u00e2m n\u00f3ng c\u01a1m Magic Korea A03 \u0111\u01b0\u1ee3c thi\u1ebft k\u1ebf n\u1eafp g\u00e0i ch\u1eafc ch\u1eafn, gi\u00fap th\u1ee9c \u0103n kh\u00f4ng b\u1ecb r\u01a1i \u0111\u1ed5 ra ngo\u00e0i khi b\u1ea1n di chuy\u1ec3n. Ngo\u00e0i ra, v\u1edbi thi\u1ebft k\u1ebf 2 ng\u0103n: ng\u0103n l\u1edbn d\u00f9ng \u0111\u1ec3 \u0111\u1ef1ng c\u01a1m, v\u00e0 nh\u1eefng lo\u1ea1i th\u1ee9c \u0103n kh\u00f4; ng\u0103n nh\u1ecf v\u1edbi n\u1eafp \u0111\u1eady ri\u00eang gi\u00fap b\u1ea1n mang theo nh\u1eefng m\u00f3n n\u01b0\u1edbc nh\u01b0 canh ho\u1eb7c s\u00fap m\u00e0 kh\u00f4ng lo b\u1ecb tr\u00e0o ra ngo\u00e0i. V\u00ec th\u1ebf, b\u1ea1n c\u00f3 th\u1ec3 y\u00ean t\u00e2m khi c\u1ea5t h\u1ed9p c\u01a1m v\u00e0o c\u1ed1p xe hay trong gi\u1ecf s\u00e1ch c\u00e1ch g\u1ecdn g\u00e0ng.\n\nS\u1eed d\u1ee5ng \u0111\u01a1n gi\u1ea3n\nB\u1ea1n ch\u1ec9 c\u1ea7n c\u1eafm \u0111i\u1ec7n \u0111\u1ec3 h\u00e2m n\u00f3ng h\u1ed9p c\u01a1m tr\u01b0\u1edbc b\u1eefa \u0103n 20 \u2013 25 ph\u00fat l\u00e0 \u0111\u00e3 c\u00f3 \u0111\u01b0\u1ee3c m\u1ed9t b\u1eefa tr\u01b0a n\u00f3ng s\u1ed1t, th\u01a1m ngon v\u00e0 \u0111\u1ea7y dinh d\u01b0\u1ee1ng. S\u1ea3n ph\u1ea9m s\u1eed d\u1ee5ng ngu\u1ed3n \u0111i\u1ec7n \u00e1p th\u1ea5p (40W) n\u00ean khi h\u00e2m n\u00f3ng, th\u1ee9c \u0103n s\u1ebd \u0111\u01b0\u1ee3c l\u00e0m n\u00f3ng t\u1eeb t\u1eeb n\u00ean r\u1ea5t an to\u00e0n khi s\u1eed d\u1ee5ng.\n\nL\u01b0u \u00fd khi s\u1eed d\u1ee5ng\n- R\u00fat d\u00e2y \u0111i\u1ec7n sau khi h\u00e2m n\u00f3ng xong \u0111\u1ed3 \u0103n.\n- R\u1eeda c\u00e1c ng\u0103n v\u00e0 n\u1eafp ngay sau khi s\u1eed d\u1ee5ng, tr\u00e1nh \u0111\u1ec3 l\u1ea1i m\u00f9i th\u1ee9c \u0103n.\n- Kh\u00f4ng d\u00f9ng b\u1ed9t t\u1ea9y r\u1eeda v\u00e0 c\u00e1c d\u1ee5ng c\u1ee5 t\u1ea9y r\u1eeda m\u1ea1nh \u0111\u1ec3 v\u1ec7 sinh s\u1ea3n ph\u1ea9m.\n- Kh\u00f4ng d\u00ecm c\u1ea3 h\u1ed9p ngo\u00e0i trong n\u01b0\u1edbc, d\u00f9ng kh\u0103n \u1ea5m \u0111\u1ec3 lau v\u1ecf h\u1ed9p.\n- Khi kh\u00f4ng s\u1eed d\u1ee5ng s\u1ea3n ph\u1ea9m trong m\u1ed9t th\u1eddi gian d\u00e0i, h\u00e3y v\u1ec7 sinh th\u1eadt s\u1ea1ch v\u00e0 \u0111\u1ec3 \u1edf n\u01a1i kh\u00f4 tho\u00e1ng\n\n#Magic #MagicKorea #chinhhang #hophamcom #hopcomdien #hopdanang #hopcomcamdien #hopcomvanphong #caplongcamdien #hopdungcomhamnong #hopcomvanphongcamdien #hopdungcomcamdien #caplongdungcomcamdien #hopcomtrua #hopdungcomcamdien #hopcomdien #hopcomhamnong #hopdungcomhamnong #hopdungcom #hopcom", "is_mart": false, "show_shopee_verified_label": false, "size_chart": null, "reference_item_id": "", "brand": "Magic KOREA", "item_rating": {"rating_star": 4.844827586206897, "rating_count": [116, 0, 1, 2, 11, 102]}, "label_ids": [1000959, 1000258, 1000262, 1000260, 1000259, 1000256, 1000255, 1000254, 1000257, 1000266, 1000267, 1000269, 1000268, 1000270, 1000271, 1000274, 1000272, 1000276, 1000277, 1000278, 1000275, 1000651, 1000672, 1000713, 1000279, 1000339, 1000347, 1000333, 1000359, 1000378, 1000383, 1000070, 1000071, 1000075, 1000085, 1000088, 1000113, 1000125, 1000129, 1000130, 1000146, 1000151, 1000153, 1000161, 1000164, 1000263, 1000265, 1000264, 1000273, 1000086, 1000412, 1000655, 1000121, 1005829, 1006435, 1006483, 1006624, 1006625, 1007155, 1007286, 1007328, 1007394, 1007516, 1007521, 1007546, 1007589, 1007765, 1007768, 1006856, 1007457, 1008283, 1008290, 1008313, 1008358, 1008515, 1008793, 1009058, 1009063, 1009202, 1009226, 1009391, 1009427, 1009489, 1009763, 1010033, 1010111, 1010449, 1010668, 1010797, 1011155, 1011654, 1011843, 1012191, 1000041, 1000044, 1000064, 1000065, 1000112, 1000138, 15, 69, 1004432, 1010242, 1010319, 1010348, 1011193, 1011294, 1011378], "attributes": [{"name": "Xu\u1ea5t x\u1ee9", "value": "Trung Qu\u1ed1c", "id": 100037, "is_timestamp": false, "brand_option": null, "val_id": null}, {"name": "H\u1ea1n b\u1ea3o h\u00e0nh", "value": "12 th\u00e1ng", "id": 100121, "is_timestamp": false, "brand_option": null, "val_id": null}, {"name": "Tr\u1ecdng l\u01b0\u1ee3ng", "value": "700g", "id": 100095, "is_timestamp": false, "brand_option": null, "val_id": null}, {"name": "Dung t\u00edch", "value": "1.5L", "id": 100278, "is_timestamp": false, "brand_option": null, "val_id": null}, {"name": "\u0110i\u1ec7n \u00e1p \u0111\u1ea7u v\u00e0o", "value": "220V", "id": 100323, "is_timestamp": false, "brand_option": null, "val_id": null}, {"name": "Ti\u00eau th\u1ee5 \u0111i\u1ec7n n\u0103ng", "value": "40W", "id": 100355, "is_timestamp": false, "brand_option": null, "val_id": null}], "liked": false, "liked_count": 167, "cmt_count": 116, "flag": 65538, "shopee_verified": false, "is_adult": false, "is_preferred_plus_seller": false, "tier_variations": [{"name": "", "options": [""], "images": null, "properties": null, "type": 0}], "bundle_deal_id": 0, "can_use_bundle_deal": false, "add_on_deal_info": null, "bundle_deal_info": null, "can_use_wholesale": false, "wholesale_tier_list": [], "is_group_buy_item": null, "group_buy_info": null, "welcome_package_type": 0, "welcome_package_info": null, "tax_code": null, "invoice_option": null, "complaint_policy": null, "images": ["b53e3d090b585191cf802762433669b9", "d15c3ed0028a2e8881cfee464bf5506e", "13357df2c078a3d7f913a129ead48165", "8007704884281b6c44805f3915b9dc95", "aa02b002ce15ea09d25aca324029497f", "115e07cf4e3c7570470cb82a2f873c01"], "image": "b53e3d090b585191cf802762433669b9", "video_info_list": [{"video_id": "22befc3a995783b7723c9a7314168322", "thumb_url": "dd1686c0b7f19063ff2cb867ff529532", "duration": 58, "version": 2, "vid": "sg_f7deab1e-27a2-4715-a37b-5b943eb5c196_000067", "formats": [{"format": 160011, "defn": "V720P", "profile": "MP4", "path": "", "url": "http://1500000774.vod2.myqcloud.com/c830c918vodtranssgp1500000774/0940a5e03701925924990314322/v.16000_74000.f165041.mp4", "width": 1280, "height": 720}], "default_format": {"format": 100001, "defn": "ORI", "profile": "MP4", "path": "", "url": "http://1500000774.vod2.myqcloud.com/14092670vodsgp1500000774/0940a5e03701925924990314322/9czzArZdN1QA.mp4", "width": 1280, "height": 720}}], "item_type": 0, "is_official_shop": true, "show_official_shop_label_in_title": true, "shop_location": "TP. H\u1ed3 Ch\u00ed Minh", "coin_earn_label": null, "cb_option": 0, "is_pre_order": false, "estimated_days": 2, "badge_icon_type": 0, "show_free_shipping": true, "shipping_icon_type": 0, "cod_flag": 0, "is_service_by_shopee": false, "show_original_guarantee": false, "categories": [{"catid": 100010, "display_name": "Thi\u1ebft B\u1ecb \u0110i\u1ec7n Gia D\u1ee5ng", "no_sub": false, "is_default_subcat": false}, {"catid": 100041, "display_name": "\u0110\u1ed3 gia d\u1ee5ng nh\u00e0 b\u1ebfp", "no_sub": false, "is_default_subcat": false}, {"catid": 100207, "display_name": "N\u1ed3i c\u01a1m \u0111i\u1ec7n", "no_sub": true, "is_default_subcat": false}], "other_stock": 13, "item_has_post": false, "discount_stock": 0, "current_promotion_has_reserve_stock": false, "current_promotion_reserved_stock": 0, "normal_stock": 13, "brand_id": 1076341, "is_alcohol_product": false, "show_recycling_info": false, "coin_info": {"spend_cash_unit": 100000, "coin_earn_items": [{"coin_earn": 0}]}, "models": [{"itemid": 1042551668, "status": 1, "current_promotion_reserved_stock": 0, "name": "", "promotionid": 0, "price": 26900000000, "price_stocks": [{"allocated_stock": null, "stock_breakdown_by_location": null}], "current_promotion_has_reserve_stock": false, "normal_stock": 13, "extinfo": {"tier_index": [0], "group_buy_info": null, "is_pre_order": false, "estimated_days": 2}, "price_before_discount": 0, "modelid": 22904118941, "stock": 13, "has_gimmick_tag": false}], "spl_info": {"installment_info": null, "user_credit_info": null, "channel_id": null, "show_spl": false, "show_spl_lite": false}, "preview_info": null, "fe_categories": [{"catid": 11036971, "display_name": "Home Appliances", "no_sub": false, "is_default_subcat": false}, {"catid": 11111620, "display_name": "Electric Cookers", "no_sub": false, "is_default_subcat": false}, {"catid": 11111625, "display_name": "Rice Cookers & Steamers", "no_sub": true, "is_default_subcat": false}], "presale_info": null, "is_cc_installment_payment_eligible": false, "is_non_cc_installment_payment_eligible": false, "flash_sale": null, "upcoming_flash_sale": null, "deep_discount": null, "has_low_fulfillment_rate": false, "is_partial_fulfilled": false, "makeups": null, "shop_vouchers": null, "global_sold": null, "is_infant_milk_formula_product": false, "should_show_amp_tag": false}