{"itemid": 9354196124, "shopid": 65589552, "userid": 0, "price_max_before_discount": -1, "has_lowest_price_guarantee": true, "price_before_discount": 0, "price_min_before_discount": -1, "exclusive_price_info": null, "hidden_price_display": null, "price_min": 590000000000, "price_max": 590000000000, "price": 590000000000, "stock": 1, "discount": null, "historical_sold": 49, "sold": 0, "show_discount": 0, "raw_discount": 0, "min_purchase_limit": 0, "overall_purchase_limit": {"order_max_purchase_limit": 0, "overall_purchase_limit": null, "item_overall_quota": null, "start_date": null, "end_date": null}, "pack_size": null, "is_live_streaming_price": null, "name": "[M\u00e3 ELSAMHOT gi\u1ea3m 5% \u0111\u01a1n 3TR] M\u00e0n h\u00ecnh Samsung LF27T350FHEXXV 27 inch FHD 75Hz - H\u00e0ng Ch\u00ednh H\u00e3ng", "ctime": 1620807050, "item_status": "normal", "status": 1, "condition": 1, "catid": 100644, "description": "M\u1edf R\u1ed9ng G\u00f3c Nh\u00ecn Hi\u1ec7u Qu\u1ea3\r\nH\u1ea1n ch\u1ebf xao nh\u00e3ng t\u1ed1i \u0111a v\u1edbi thi\u1ebft k\u1ebf t\u1ed1i gi\u1ea3n. Thi\u1ebft k\u1ebf tr\u00e0n vi\u1ec1n 3 c\u1ea1nh gi\u00fap m\u1ecdi kh\u00f4ng gian l\u00e0m vi\u1ec7c tr\u1edf n\u00ean g\u1ecdn g\u00e0ng, hi\u1ec7n \u0111\u1ea1i. Truy\u1ec1n t\u1ea3i li\u1ec1n m\u1ea1ch m\u1ecdi n\u1ed9i dung m\u1ed9t c\u00e1ch ho\u00e0n h\u1ea3o, cho ph\u00e9p t\u1eadp trung v\u01b0\u1ee3t tr\u1ed9i, ngay c\u1ea3 khi thi\u1ebft l\u1eadp \u0111a m\u00e0n h\u00ecnh c\u00f9ng l\u00fac.\r\n\r\nS\u1eafc M\u00e0u Ch\u00e2n Th\u1ef1c\r\nT\u1eeb M\u1ecdi G\u00f3c Nh\u00ecn\r\nTr\u1ea3i nghi\u1ec7m tr\u1ecdn v\u1eb9n s\u1eafc m\u00e0u hi\u1ec3n th\u1ecb \u1ea5n t\u01b0\u1ee3ng t\u1eeb m\u1ecdi v\u1ecb tr\u00ed. T\u1ea5m n\u1ec1n IPS truy\u1ec1n t\u1ea3i ho\u00e0n h\u1ea3o s\u1eafc m\u00e0u s\u1ed1ng \u0111\u1ed9ng v\u00e0 r\u00f5 r\u00e0ng \u0111\u1ebfn t\u1eebng chi ti\u1ebft. Th\u1eadm ch\u00ed, m\u00e0n h\u00ecnh c\u00f2n hi\u1ec3n th\u1ecb ch\u00ednh x\u00e1c t\u1eebng t\u00f4ng m\u00e0u v\u00e0 s\u1eafc th\u00e1i \u1edf h\u1ea7u h\u1ebft m\u1ecdi g\u00f3c \u0111\u1ed9, cho tr\u1ea3i nghi\u1ec7m xem th\u00eam ho\u00e0n h\u1ea3o.\r\n\r\n\u0110\u1ed3ng B\u1ed9 M\u1ecdi Khung H\u00ecnh\r\nCho Tr\u1ea3i Nghi\u1ec7m Gi\u1ea3i Tr\u00ed \u0110\u1ec9nh Cao\r\nT\u1eadn h\u01b0\u1edfng th\u1ebf gi\u1edbi gi\u1ea3i tr\u00ed s\u1ed1ng \u0111\u1ed9ng ch\u01b0a t\u1eebng th\u1ea5y. C\u00f4ng ngh\u1ec7 AMD Radeon FreeSync\u2122 \u0111\u1ed3ng b\u1ed9 t\u1ed1c \u0111\u1ed9 qu\u00e9t c\u1ee7a card \u0111\u1ed3 h\u1ecda v\u00e0 m\u00e0n h\u00ecnh, gi\u1ea3m thi\u1ec3u t\u00ecnh tr\u1ea1ng x\u00e9 h\u00ecnh v\u00e0 l\u1eb7p h\u00ecnh th\u01b0\u1eddng th\u1ea5y. Th\u01b0\u1edfng th\u1ee9c m\u1ecdi b\u1ed9 phim y\u00eau th\u00edch v\u00e0 chi\u1ebfn th\u1eafng m\u1ecdi tr\u1eadn game v\u1edbi tr\u1ea3i nghi\u1ec7m kh\u00f4ng gi\u00e1n \u0111o\u1ea1n. Th\u1eadm ch\u00ed nh\u1eefng khung h\u00ecnh nhanh c\u0169ng \u0111\u01b0\u1ee3c x\u1eed l\u00fd li\u1ec1n m\u1ea1ch v\u00e0 m\u01b0\u1ee3t m\u00e0 h\u01a1n bao gi\u1edd h\u1ebft.\r\n\r\nM\u01b0\u1ee3t M\u00e0 Trong T\u1eebng Khung H\u00ecnh\r\nT\u1ea7n s\u1ed1 qu\u00e9t 75Hz gi\u00fap hi\u1ec3n th\u1ecb m\u1ecdi chuy\u1ec3n \u0111\u1ed9ng m\u01b0\u1ee3t m\u00e0. Gi\u1edd \u0111\u00e2y b\u1ea1n c\u00f3 th\u1ec3 th\u1ecfa th\u00edch th\u01b0\u1edfng th\u1ee9c t\u1eebng khung c\u1ea3nh c\u1ee7a b\u1ed9 phim hay video y\u00eau th\u00edch, ho\u1eb7c t\u1eadn h\u01b0\u1edfng c\u00e1c tr\u1eadn game k\u1ecbch t\u00ednh m\u00e0 kh\u00f4ng c\u00f2n b\u1ecb gi\u1ef1t h\u00ecnh hay hi\u1ec7u \u1ee9ng b\u00f3ng m\u1edd.\r\n\r\nS\u1ee9c M\u1ea1nh Ch\u01a1i Game V\u01b0\u1ee3t Tr\u1ed9i\r\nC\u00e0i \u0111\u1eb7t c\u00e1c th\u00f4ng s\u1ed1 l\u00fd t\u01b0\u1edfng cho tr\u1ea3i nghi\u1ec7m ch\u01a1i game tuy\u1ec7t \u0111\u1ec9nh. T\u1ed1i \u01b0u m\u00e0u s\u1eafc v\u00e0 \u0111\u1ed9 t\u01b0\u01a1ng ph\u1ea3n, cho khung c\u1ea3nh r\u1ef1c r\u1ee1 v\u00e0 gi\u00fap b\u1ea1n d\u1ec5 d\u00e0ng ph\u00e1t hi\u1ec7n k\u1ebb \u0111\u1ecbch \u0111ang \u1ea9n n\u1ea5p trong b\u00f3ng t\u1ed1i. Ch\u1ebf \u0111\u1ed9 Game Mode t\u00f9y ch\u1ec9nh khung h\u00ecnh v\u1edbi m\u1ecdi d\u00f2ng game mang l\u1ea1i cho b\u1ea1n nh\u1eefng l\u1ee3i th\u1ebf v\u01b0\u1ee3t tr\u1ed9i, b\u1ee9t ph\u00e1 \u0111\u1ec3 d\u00e0nh chi\u1ebfn th\u1eafng.\r\n\r\nCh\u0103m S\u00f3c To\u00e0n Di\u1ec7n Cho \u0110\u00f4i M\u1eaft\r\nB\u1ea3o v\u1ec7 t\u1ed1i \u01b0u \u0111\u00f4i m\u1eaft cho ph\u00e9p b\u1ea1n l\u00e0m vi\u1ec7c t\u1ed1t h\u01a1n. C\u00f4ng ngh\u1ec7 b\u1ea3o v\u1ec7 m\u1eaft ti\u00ean ti\u1ebfn gi\u00fap gi\u1ea3m thi\u1ec3u t\u00ecnh tr\u1ea1ng m\u1ecfi m\u1eaft v\u00e0 t\u0103ng c\u01b0\u1eddng s\u1ef1 tho\u1ea3i m\u00e1i khi b\u1ea1n l\u00e0m vi\u1ec7c trong th\u1eddi gian d\u00e0i. C\u00f4ng ngh\u1ec7 Flicker Free lo\u1ea1i b\u1ecf t\u00ecnh tr\u1ea1ng nh\u1ea5p nh\u00e1y kh\u00f3 ch\u1ecbu th\u01b0\u1eddng th\u1ea5y tr\u00ean m\u00e0n h\u00ecnh, trong khi ch\u1ebf \u0111\u1ed9 Eye Saver gi\u1ea3m thi\u1ec3u t\u00e1c h\u1ea1i c\u1ee7a \u00e1nh s\u00e1ng xanh.\r\n\r\nK\u1ebft N\u1ed1i Linh Ho\u1ea1t\r\n\u0110\u01b0\u1ee3c trang b\u1ecb \u0111\u1ea7y \u0111\u1ee7 c\u00e1c c\u1ed5ng HDMI v\u00e0 D-sub, T35F cho ph\u00e9p b\u1ea1n k\u1ebft n\u1ed1i tr\u1ef1c ti\u1ebfp nhi\u1ec1u thi\u1ebft b\u1ecb c\u00f9ng l\u00fac \u0111\u1ec3 th\u1ef1c hi\u1ec7n \u0111a nhi\u1ec7m d\u1ec5 d\u00e0ng. Gi\u1ea3i quy\u1ebft c\u00f4ng vi\u1ec7c hi\u1ec7u qu\u1ea3 v\u00e0 linh ho\u1ea1t h\u01a1n.\r\n\r\nTh\u00f4ng s\u1ed1 k\u1ef9 thu\u1eadt\r\nHi\u1ec3n Th\u1ecb\r\nScreen Size (Class): 27\r\nFlat / Curved: Flat\r\nActive Display Size (HxV) (mm): 597.888 \u00d7 336.312 mm\r\nT\u1ef7 l\u1ec7 khung h\u00ecnh: 16:9\r\nT\u1ea5m n\u1ec1n: IPS\r\n\u0110\u1ed9 s\u00e1ng: 250cd/\u33a1\r\n\u0110\u1ed9 s\u00e1ng (T\u1ed1i thi\u1ec3u): 200cd/\u33a1\r\nT\u1ef7 l\u1ec7 t\u01b0\u01a1ng ph\u1ea3n: 1000:1(Typical)\r\nT\u1ef7 l\u1ec7 T\u01b0\u01a1ng ph\u1ea3n: Mega\r\n\u0110\u1ed9 ph\u00e2n gi\u1ea3i: 1,920 x 1,080\r\nTh\u1eddi gian ph\u1ea3n h\u1ed3i: 5 (GTG\uff09\r\nH\u1ed7 tr\u1ee3 m\u00e0u s\u1eafc: Max 16.7M\r\nT\u1ea7n s\u1ed1 qu\u00e9t: Max 75Hz\r\n\r\nNgu\u1ed3n \u0111i\u1ec7n\r\nNgu\u1ed3n c\u1ea5p \u0111i\u1ec7n: AC 100~240V\r\nM\u1ee9c ti\u00eau th\u1ee5 ngu\u1ed3n (DPMS): 0.5W\r\nM\u1ee9c ti\u00eau th\u1ee5 ngu\u1ed3n (Ch\u00ea\u0301 \u0111\u00f4\u0323 T\u0103\u0301t): 0.3W\r\nLo\u1ea1i: External Adaptor\r\n\r\nK\u00edch th\u01b0\u1edbc\r\nC\u00f3 ch\u00e2n \u0111\u1ebf (RxCxD): 612.1 x 495.7 x 232.0 mm\r\nKh\u00f4ng c\u00f3 ch\u00e2n \u0111\u1ebf (RxCxD): 612.1 x 363.6 x 39.4 mm\r\nTh\u00f9ng m\u00e1y (RxCxD): 753 x 428 x 125 mm\r\n\r\nTr\u1ecdng l\u01b0\u1ee3ng\r\nC\u00f3 ch\u00e2n \u0111\u1ebf: 3.6 kg\r\nKh\u00f4ng c\u00f3 ch\u00e2n \u0111\u1ebf: 3.3 kg\r\nTh\u00f9ng m\u00e1y: 4.7 kg\r\n\r\nTh\u00f4ng tin b\u1ea3o h\u00e0nh\r\nB\u1ea3o h\u00e0nh 24 th\u00e1ng \r\nTh\u00f4ng tin chi ti\u1ebft: https: //www.samsung.com/vn/support/warranty/ \r\nHotline: 1800-588-889 (24 gi\u1edd, 7 ng\u00e0y trong tu\u1ea7n - mi\u1ec5n c\u01b0\u1edbc ph\u00ed)", "is_mart": false, "show_shopee_verified_label": false, "size_chart": null, "reference_item_id": "", "brand": "SAMSUNG", "item_rating": {"rating_star": 4.681818181818182, "rating_count": [22, 0, 1, 1, 2, 18]}, "label_ids": [1003961, 1003974, 1000182, 1001011, 1001022, 1000260, 1000262, 1000256, 1000254, 1000255, 1000263, 1000257, 1000266, 1000268, 1000267, 1000269, 1000271, 1000273, 1000272, 1000274, 1000276, 1000277, 1000278, 1000275, 1000535, 1000627, 1000630, 1000637, 1000660, 1000674, 1000677, 1000696, 1000779, 1000766, 1000767, 1000770, 1000772, 1000788, 1000279, 1000247, 1000353, 1000815, 1000826, 1000883, 1000908, 1000927, 1000948, 62, 1000114, 1000141, 1000155, 1000156, 1000157, 1000258, 1000259, 1000264, 1000265, 1000270, 1000655, 1000991, 1001035, 1001071, 1001412, 1001509, 1001545, 1001613, 1001946, 1001972, 1001975, 1001978, 1002119, 1002131, 1002136, 1002137, 1002190, 1002289, 1002291, 1002373, 1002424, 1002480, 1002556, 1002579, 1002639, 1002696, 1002697, 1002727, 1002768, 1002770, 1002772, 1002861, 1002863, 1002898, 1002965, 1002966, 1002997, 1003118, 1003117, 1003181, 1003204, 1003233, 1003280, 1003422, 1003448, 1003449, 1003462, 1003750, 1000121, 1003866, 1003868, 1004143, 1004149, 1004292, 1004376, 1004412, 1004413, 1004471, 1004530, 1004556, 1004689, 1004710, 1004870, 1005000, 1005113, 1005163, 1005330, 1005544, 1005829, 1006042, 1006159, 1006306, 1006331, 1006352, 1006435, 1006480, 1006487, 1006624, 1007155, 1007286, 1007328, 1007394, 1007516, 1007546, 1007589, 1007631, 1007627, 1007765, 1007768, 1006856, 1007908, 1007975, 1008223, 1008283, 1008290, 1008313, 1008515, 1008632, 1008664, 1008837, 1008862, 1008793, 1008941, 1009039, 1009058, 1009063, 1009113, 1009190, 1009198, 1009374, 1009377, 1009391, 1009427, 1009522, 1009763, 1010033, 1010111, 1010449, 1010668, 1010797, 1011155, 1011654, 1011843, 1012090, 1012191, 1001044, 1004367, 1006569, 1006641, 1006660, 1006825, 1007414, 1007696, 1007861, 1008842, 1008201, 1010213, 1010348, 1011193, 1011294, 1011378, 1011627, 1011629, 1012011, 1009370, 1012624], "attributes": [{"name": "K\u00edch th\u01b0\u1edbc m\u00e0n h\u00ecnh", "value": "26 - 28 inch", "id": 100404, "is_timestamp": false, "brand_option": null, "val_id": null}], "liked": false, "liked_count": 260, "cmt_count": 22, "flag": 269025280, "shopee_verified": false, "is_adult": false, "is_preferred_plus_seller": false, "tier_variations": [{"name": "", "options": [""], "images": null, "properties": null, "type": 0}], "bundle_deal_id": 0, "can_use_bundle_deal": false, "add_on_deal_info": null, "bundle_deal_info": null, "can_use_wholesale": false, "wholesale_tier_list": [], "is_group_buy_item": null, "group_buy_info": null, "welcome_package_type": 0, "welcome_package_info": null, "tax_code": null, "invoice_option": null, "complaint_policy": null, "images": ["4a3eae85bb4fe9d313276256380c9a27", "3352503f56eef27b41e160b876e74502", "19a9d55cd2b50c9092a403cd14e314b5", "7f95ae4cc5b6a5c975359be68524cf6a", "11d3904411c9e6332076b430f1d7381b", "ba393c7d468e7c854f102d9aa5211caf", "c9cca8fd0148d765e38478403d950145", "38e04a0b0812547ef8ea8899cbe018f9", "55e4521023fc52717d018743e506c1dd"], "image": "4a3eae85bb4fe9d313276256380c9a27", "video_info_list": null, "item_type": 0, "is_official_shop": true, "show_official_shop_label_in_title": true, "shop_location": "TP. H\u1ed3 Ch\u00ed Minh", "coin_earn_label": null, "cb_option": 0, "is_pre_order": false, "estimated_days": 2, "badge_icon_type": 6, "show_free_shipping": false, "shipping_icon_type": 0, "cod_flag": 0, "is_service_by_shopee": true, "show_original_guarantee": false, "categories": [{"catid": 100644, "display_name": "M\u00e1y t\u00ednh & Laptop", "no_sub": false, "is_default_subcat": false}, {"catid": 101933, "display_name": "M\u00e0n H\u00ecnh", "no_sub": true, "is_default_subcat": false}], "other_stock": 1, "item_has_post": true, "discount_stock": 0, "current_promotion_has_reserve_stock": false, "current_promotion_reserved_stock": 0, "normal_stock": 1, "brand_id": 1695294, "is_alcohol_product": false, "show_recycling_info": false, "coin_info": {"spend_cash_unit": 100000, "coin_earn_items": [{"coin_earn": 0}]}, "models": [{"itemid": 9354196124, "status": 1, "current_promotion_reserved_stock": 0, "name": "", "promotionid": 0, "price": 590000000000, "price_stocks": [{"allocated_stock": null, "stock_breakdown_by_location": [{"location_id": "VNS", "available_stock": 1, "fulfilment_type": 1, "address_id": 38200027}, {"location_id": "VNZ", "available_stock": 0, "fulfilment_type": 2, "address_id": null}]}], "current_promotion_has_reserve_stock": false, "normal_stock": 1, "extinfo": {"tier_index": [0], "group_buy_info": null, "is_pre_order": null, "estimated_days": 2}, "price_before_discount": 0, "modelid": 45391271794, "stock": 1, "has_gimmick_tag": false}], "spl_info": {"installment_info": null, "user_credit_info": null, "channel_id": null, "show_spl": false, "show_spl_lite": false}, "preview_info": null, "fe_categories": [{"catid": 11035954, "display_name": "Computer & Accessories", "no_sub": false, "is_default_subcat": false}, {"catid": 11035961, "display_name": "Monitors", "no_sub": true, "is_default_subcat": false}], "presale_info": null, "is_cc_installment_payment_eligible": true, "is_non_cc_installment_payment_eligible": false, "flash_sale": null, "upcoming_flash_sale": null, "deep_discount": null, "has_low_fulfillment_rate": false, "is_partial_fulfilled": false, "makeups": null, "shop_vouchers": null, "global_sold": null, "is_infant_milk_formula_product": false, "should_show_amp_tag": false}