{"itemid": 13052311517, "shopid": 65589552, "userid": 0, "price_max_before_discount": 3290000000000, "has_lowest_price_guarantee": false, "price_before_discount": 3290000000000, "price_min_before_discount": 3290000000000, "exclusive_price_info": null, "hidden_price_display": null, "price_min": 2406000000000, "price_max": 2406000000000, "price": 2406000000000, "stock": 10, "discount": "27%", "historical_sold": 10, "sold": 9, "show_discount": 27, "raw_discount": 27, "min_purchase_limit": 0, "overall_purchase_limit": {"order_max_purchase_limit": 0, "overall_purchase_limit": null, "item_overall_quota": null, "start_date": null, "end_date": null}, "pack_size": null, "is_live_streaming_price": null, "name": "[L\u01b0u SAM3 gi\u1ea3m 300K & ELSAMHOT gi\u1ea3m 5%] Smart Tivi QLED Samsung 4K 65 inch QA65Q60AAKXXV - Mi\u1ec5n Ph\u00ed L\u1eafp \u0110\u1eb7t", "ctime": 1637221639, "item_status": "normal", "status": 1, "condition": 1, "catid": 100010, "description": "M\u00d4 T\u1ea2 S\u1ea2N PH\u1ea8M\n- C\u00f4ng ngh\u1ec7 Quantum Dot hi\u1ec3n th\u1ecb 100% d\u1ea3i m\u00e0u v\u1edbi \u0111\u1ed9 ch\u00e2n th\u1ef1c s\u1ed1ng \u0111\u1ed9ng v\u00e0 r\u00f5 n\u00e9t, cho b\u1ea1n th\u01b0\u1edfng th\u1ee9c t\u1eebng khung h\u00ecnh mang m\u00e0u s\u1eafc cu\u1ed9c s\u1ed1ng, tuy\u1ec7t \u0111\u1eb9p \u1edf m\u1ecdi m\u1ee9c \u0111\u1ed9 s\u00e1ng.\n- \u0110\u1eafm ch\u00ecm trong th\u1ebf gi\u1edbi h\u00ecnh \u1ea3nh ho\u00e0n m\u1ef9 tr\u00ean Smart TV 4K QLED m\u1edbi. V\u1edbi kh\u1ea3 n\u0103ng t\u1ed1i \u01b0u h\u00f3a t\u00f4ng m\u00e0u \u0111\u00e8n n\u1ec1n ph\u00f9 h\u1ee3p v\u1edbi t\u1eebng lo\u1ea1i n\u1ed9i dung, c\u00f4ng ngh\u1ec7 \u0111\u00e8n n\u1ec1n c\u1ea3i ti\u1ebfn cho ph\u00e9p hi\u1ec3n th\u1ecb h\u00ecnh \u1ea3nh v\u1edbi \u0111\u1ed9 t\u01b0\u01a1ng ph\u1ea3n r\u00f5 n\u00e9t v\u00e0 chu\u1ea9n x\u00e1c \u0111\u1ebfn kh\u00f4ng ng\u1edd.\n- Tr\u1ea3i nghi\u1ec7m \u0111\u1ed9 t\u01b0\u01a1ng ph\u1ea3n \u0111\u1ec9nh cao c\u00f9ng chi ti\u1ebft ch\u00e2n th\u1ef1c nh\u1edd c\u00f4ng ngh\u1ec7 L\u01b0\u1ee3ng T\u1eed HDR. V\u01b0\u1ee3t xa nh\u1eefng ti\u00eau chu\u1ea9n h\u00e0ng \u0111\u1ea7u, c\u00f4ng ngh\u1ec7 HDR10+ ki\u1ebfn t\u1ea1o khung h\u00ecnh r\u1ef1c r\u1ee1, t\u1ecfa s\u00e1ng \u1ea5n t\u01b0\u1ee3ng trong t\u1eebng chi ti\u1ebft v\u1edbi s\u1eafc \u0111en s\u00e2u th\u1eb3m v\u00e0 s\u1eafc tr\u1eafng thu\u1ea7n khi\u1ebft.\n- B\u1ed9 x\u1eed l\u00fd m\u1ea1nh m\u1ebd Samsung gi\u00fap t\u1ed1i \u01b0u h\u00f3a kh\u1ea3 n\u0103ng hi\u1ec3n th\u1ecb h\u00ecnh \u1ea3nh, mang \u0111\u1ebfn tr\u1ea3i nghi\u1ec7m xem ch\u1ea5t l\u01b0\u1ee3ng cao v\u00e0 ho\u00e0n h\u1ea3o nh\u1ea5t. Kh\u00f4ng nh\u1eefng v\u1eady, c\u00f4ng ngh\u1ec7 n\u00e2ng c\u1ea5p h\u00ecnh \u1ea3nh chu\u1ea9n 4K ti\u00ean ti\u1ebfn cho b\u1ea1n th\u1ecfa th\u00edch xem n\u1ed9i dung y\u00eau th\u00edch v\u1edbi \u0111\u1ed9 ph\u00e2n gi\u1ea3i 4K \u01b0u vi\u1ec7t b\u1ea5t k\u1ec3 ch\u1ea5t l\u01b0\u1ee3ng \u0111\u1ea7u ngu\u1ed3n.\n- \u0110\u1eafm ch\u00ecm trong ch\u1ea5t \u00e2m 3D \u0111\u1ec9nh cao nh\u1edd s\u1ef1 k\u1ebft h\u1ee3p gi\u1eefa h\u00ecnh \u1ea3nh s\u1ed1ng \u0111\u1ed9ng v\u00e0 k\u00eanh \u00e2m thanh gi\u1ea3 l\u1eadp h\u00e0ng \u0111\u1ea7u t\u1eeb Samsung.\n- Th\u0103ng hoa c\u00f9ng nh\u1eefng thanh \u00e2m tuy\u1ec7t v\u1eddi, \u0111\u01b0\u1ee3c \u0111\u1ed3ng b\u1ed9 li\u1ec1n m\u1ea1ch gi\u1eefa loa thanh Samsung v\u00e0 TV. C\u00f4ng ngh\u1ec7 Q-Symphony t\u1eadn d\u1ee5ng loa TV v\u00e0 loa thanh, ki\u1ebfn t\u1ea1o kh\u00f4ng gian gi\u1ea3i tr\u00ed \u0111\u1ec9nh cao, bao tr\u00f9m m\u1ecdi gi\u00e1c quan.\n- C\u00f4ng ngh\u1ec7 Adaptive Sound s\u1eed d\u1ee5ng tr\u00ed tu\u1ec7 nh\u00e2n t\u1ea1o gi\u00fap t\u1ed1i \u01b0u \u00e2m thanh theo t\u1eebng lo\u1ea1i n\u1ed9i dung d\u1ef1a tr\u00ean kh\u1ea3 n\u0103ng ph\u00e2n t\u00edch b\u1ed1i c\u1ea3nh theo th\u1eddi gian th\u1ef1c, mang \u0111\u1ebfn cho b\u1ea1n ch\u1ea5t \u00e2m ho\u00e0n h\u1ea3o nh\u1ea5t.\n- Chi\u00eam ng\u01b0\u1ee1ng thi\u1ebft k\u1ebf TV v\u1edbi \u0111\u1ed9 m\u1ecfng \u1ea5n t\u01b0\u1ee3ng ch\u01b0a t\u1eebng c\u00f3, d\u1ec5 d\u00e0ng k\u1ebft h\u1ee3p v\u1edbi m\u1ecdi kh\u00f4ng gian t\u1ea1o n\u00ean t\u1ed5ng th\u1ec3 li\u1ec1n m\u1ea1ch thu h\u00fat m\u1ecdi \u00e1nh nh\u00ecn.\n- Lu\u00f4n s\u1eb5n s\u00e0ng \u0111\u1ec3 nh\u1eadp cu\u1ed9c chi\u1ebfn \u0111\u1ea5u. Ch\u1ebf \u0111\u1ed9 Auto Low Latency (ALLM) gi\u00fap t\u1ed1i \u01b0u khung h\u00ecnh cho ph\u00e9p b\u1ea1n thao t\u00e1c \u0111i\u1ec1u khi\u1ec3n d\u1ec5 d\u00e0ng v\u1edbi \u0111\u1ed9 tr\u1ec5 \u0111\u1ea7u v\u00e0o c\u1ef1c th\u1ea5p. Tr\u1ea3i nghi\u1ec7m t\u1eebng m\u00e0n game gay c\u1ea5n v\u1edbi nh\u1eefng chuy\u1ec3n \u0111\u1ed9ng m\u01b0\u1ee3t m\u00e0, kh\u00f4ng m\u1edd nh\u00f2e hay gi\u1eadt h\u00ecnh.\n- T\u1eadn h\u01b0\u1edfng ti\u1ec7n \u00edch k\u1ebft n\u1ed1i v\u01b0\u1ee3t tr\u1ed9i t\u1eeb Smart TV QLED 4K Q60A, d\u1ec5 d\u00e0ng truy c\u1eadp v\u00e0o m\u00e1y t\u00ednh, laptop v\u00e0 thi\u1ebft b\u1ecb di \u0111\u1ed9ng ngay tr\u00ean TV.\n\nTH\u00d4NG S\u1ed0 K\u1ef8 THU\u1eacT\nModel:\tQA65Q60AAKXXV\nM\u00e0u s\u1eafc: \u0110en\nNh\u00e0 s\u1ea3n xu\u1ea5t:\tSamsung\nLo\u1ea1i Tivi: Tivi QLED\nK\u00edch th\u01b0\u1edbc m\u00e0n h\u00ecnh:\t65 inch\n\u0110\u1ed9 ph\u00e2n gi\u1ea3i: 4K (3840 x 2160) Pixels\n\nTH\u00d4NG TIN B\u1ea2O H\u00c0NH\nTh\u00f4ng tin b\u1ea3o h\u00e0nh Smart Tivi QLED Samsung 4K 65 inch QA65Q60AAKXXV\nB\u1ed9 s\u1ea3n ph\u1ea9m bao g\u1ed3m: Tivi, Ch\u00e2n \u0111\u1ebf, Remote\nB\u1ea3o h\u00e0nh 24 th\u00e1ng.\nTrung t\u00e2m b\u1ea3o h\u00e0nh:  https://www.samsung.com/vn/support/service-center/\nHotline:  1800-588-855\n\nC\u00d4NG L\u1eaeP \u0110\u1eb6T\n- Mi\u1ec5n ph\u00ed cho n\u1ed9i th\u00e0nh HCM (Qu\u1eadn 1, 2, 3, 4, 5, 6, 7, 8, 10, 11, T\u00e2n B\u00ecnh, T\u00e2n Ph\u00fa, Ph\u00fa Nhu\u1eadn, B\u00ecnh Th\u1ea1nh, G\u00f2 V\u1ea5p, Qu\u1eadn 9, 12, Th\u1ee7 \u0110\u1ee9c, B\u00ecnh T\u00e2n, H\u00f3c M\u00f4n) v\u00e0 n\u1ed9i th\u00e0nh H\u00e0 N\u1ed9i (Qu\u1eadn Ba \u0110\u00ecnh, Qu\u1eadn B\u1eafc T\u1eeb Li\u00eam, Qu\u1eadn C\u1ea7u Gi\u1ea5y, Qu\u1eadn H\u00e0 \u0110\u00f4ng, Qu\u1eadn Hai B\u00e0 Tr\u01b0ng, Qu\u1eadn Ho\u00e0n Ki\u1ebfm, Qu\u1eadn Ho\u00e0ng Mai, Qu\u1eadn Long Bi\u00ean, Qu\u1eadn Nam T\u1eeb Li\u00eam, Qu\u1eadn T\u00e2y H\u1ed3, Qu\u1eadn Thanh Xu\u00e2n, Qu\u1eadn \u0110\u1ed1ng \u0110a)\n- Chi ph\u00ed v\u1eadt t\u01b0: Nh\u00e2n vi\u00ean s\u1ebd th\u00f4ng b\u00e1o ph\u00ed v\u1eadt t\u01b0 (\u1ed1ng \u0111\u1ed3ng, d\u00e2y \u0111i\u1ec7n v.v...) khi kh\u1ea3o s\u00e1t l\u1eafp \u0111\u1eb7t (B\u1ea3ng k\u00ea xem t\u1ea1i \u1ea3nh 2). Kh\u00e1ch h\u00e0ng s\u1ebd thanh to\u00e1n tr\u1ef1c ti\u1ebfp cho nh\u00e2n vi\u00ean k\u1ef9 thu\u1eadt sau khi vi\u1ec7c l\u1eafp \u0111\u1eb7t ho\u00e0n th\u00e0nh - chi ph\u00ed n\u00e0y s\u1ebd kh\u00f4ng ho\u00e0n l\u1ea1i trong b\u1ea5t c\u1ee9 tr\u01b0\u1eddng h\u1ee3p n\u00e0o.\n- Qu\u00fd kh\u00e1ch h\u00e0ng c\u00f3 th\u1ec3 tr\u00ec ho\u00e3n vi\u1ec7c l\u1eafp \u0111\u1eb7t t\u1ed1i \u0111a l\u00e0 7 ng\u00e0y l\u1ecbch k\u1ec3 t\u1eeb ng\u00e0y giao h\u00e0ng th\u00e0nh c\u00f4ng (kh\u00f4ng t\u00ednh ng\u00e0y L\u1ec5). N\u1ebfu nh\u00e2n vi\u00ean h\u1ed7 tr\u1ee3 kh\u00f4ng th\u1ec3 li\u00ean h\u1ec7 \u0111\u01b0\u1ee3c v\u1edbi Kh\u00e1ch h\u00e0ng qu\u00e1 3 l\u1ea7n, ho\u1eb7c Kh\u00e1ch h\u00e0ng tr\u00ec ho\u00e3n vi\u1ec7c l\u1eafp \u0111\u1eb7t qu\u00e1 th\u1eddi h\u1ea1n tr\u00ean, D\u1ecbch v\u1ee5 l\u1eafp \u0111\u1eb7t s\u1ebd \u0111\u01b0\u1ee3c h\u1ee7y b\u1ecf.\n- \u0110\u01a1n v\u1ecb v\u1eadn chuy\u1ec3n giao h\u00e0ng cho b\u1ea1n KH\u00d4NG c\u00f3 nghi\u1ec7p v\u1ee5 l\u1eafp \u0111\u1eb7t s\u1ea3n ph\u1ea9m. \n- Th\u1eddi gian b\u1ed9 ph\u1eadn l\u1eafp \u0111\u1eb7t li\u00ean h\u1ec7 (kh\u00f4ng bao g\u1ed3m th\u1eddi gian l\u1eafp \u0111\u1eb7t): trong v\u00f2ng 24h k\u1ec3 t\u1eeb khi nh\u1eadn h\u00e0ng (Tr\u1eeb Ch\u1ee7 nh\u1eadt/ Ng\u00e0y L\u1ec5). Trong tr\u01b0\u1eddng h\u1ee3p b\u1ea1n ch\u01b0a \u0111\u01b0\u1ee3c li\u00ean h\u1ec7 sau th\u1eddi gian n\u00e0y, vui l\u00f2ng g\u1ecdi l\u00ean hotline c\u1ee7a Shopee (19001221) \u0111\u1ec3 \u0111\u01b0\u1ee3c t\u01b0 v\u1ea5n.\n- T\u00ecm hi\u1ec3u th\u00eam v\u1ec1 D\u1ecbch v\u1ee5 l\u1eafp \u0111\u1eb7t: \nhelp.shopee.vn/vn/s/article/L\u00e0m-th\u1ebf-n\u00e0o-\u0111\u1ec3-t\u00f4i-c\u00f3-th\u1ec3-s\u1eed-d\u1ee5ng-d\u1ecbch-v\u1ee5-l\u1eafp-\u0111\u1eb7t-t\u1ea1i-nh\u00e0-cho-c\u00e1c-s\u1ea3n-ph\u1ea9m-tivi-\u0111i\u1ec7n-m\u00e1y-l\u1edbn-1542942683961\n\n- Quy \u0111\u1ecbnh \u0111\u1ed5i tr\u1ea3: Ch\u1ec9 \u0111\u1ed5i/tr\u1ea3 s\u1ea3n ph\u1ea9m, t\u1eeb ch\u1ed1i nh\u1eadn h\u00e0ng t\u1ea1i th\u1eddi \u0111i\u1ec3m nh\u1eadn h\u00e0ng trong tr\u01b0\u1eddng h\u1ee3p s\u1ea3n ph\u1ea9m giao \u0111\u1ebfn kh\u00f4ng c\u00f2n nguy\u00ean v\u1eb9n, thi\u1ebfu ph\u1ee5 ki\u1ec7n ho\u1eb7c nh\u1eadn \u0111\u01b0\u1ee3c sai h\u00e0ng. Khi s\u1ea3n ph\u1ea9m \u0111\u00e3 \u0111\u01b0\u1ee3c c\u1eafm \u0111i\u1ec7n s\u1eed d\u1ee5ng v\u00e0/ho\u1eb7c l\u1eafp \u0111\u1eb7t, v\u00e0 g\u1eb7p l\u1ed7i k\u0129 thu\u1eadt, s\u1ea3n ph\u1ea9m s\u1ebd \u0111\u01b0\u1ee3c h\u01b0\u1edfng ch\u1ebf \u0111\u1ed9 b\u1ea3o h\u00e0nh theo \u0111\u00fang ch\u00ednh s\u00e1ch c\u1ee7a nh\u00e0 s\u1ea3n xu\u1ea5t", "is_mart": false, "show_shopee_verified_label": false, "size_chart": null, "reference_item_id": "", "brand": "SAMSUNG", "item_rating": {"rating_star": 5, "rating_count": [4, 0, 0, 0, 0, 4]}, "label_ids": [1003961, 1003974, 1000182, 1001011, 1001022, 1000260, 1000262, 1000256, 1000254, 1000255, 1000263, 1000257, 1000266, 1000268, 1000267, 1000269, 1000271, 1000273, 1000272, 1000274, 1000276, 1000277, 1000278, 1000275, 1000535, 1000627, 1000630, 1000637, 1000660, 1000674, 1000677, 1000696, 1000779, 1000766, 1000767, 1000770, 1000772, 1000788, 1000279, 1000247, 1000353, 1000815, 1000826, 1000883, 1000908, 1000927, 1000948, 62, 1000114, 1000141, 1000155, 1000156, 1000157, 1000258, 1000259, 1000264, 1000265, 1000270, 1000655, 1000991, 1001035, 1001071, 1001412, 1001509, 1001545, 1001613, 1001946, 1001972, 1001975, 1001978, 1002119, 1002131, 1002136, 1002137, 1002190, 1002289, 1002291, 1002373, 1002424, 1002480, 1002556, 1002579, 1002639, 1002696, 1002697, 1002727, 1002768, 1002770, 1002772, 1002861, 1002863, 1002898, 1002965, 1002966, 1002997, 1003118, 1003117, 1003181, 1003204, 1003233, 1003280, 1003422, 1003448, 1003449, 1003462, 1003750, 1000121, 1003866, 1003868, 1004143, 1004149, 1004292, 1004376, 1004412, 1004413, 1004471, 1004530, 1004556, 1004689, 1004710, 1004870, 1005000, 1005113, 1005163, 1005330, 1005544, 1005829, 1006042, 1006159, 1006306, 1006331, 1006352, 1006435, 1006480, 1006487, 1006624, 1007155, 1007286, 1007328, 1007394, 1007516, 1007546, 1007589, 1007631, 1007627, 1007765, 1007768, 1006856, 1007908, 1007975, 1008223, 1008283, 1008290, 1008313, 1008515, 1008632, 1008664, 1008837, 1008862, 1008793, 1008941, 1009039, 1009058, 1009063, 1009113, 1009190, 1009198, 1009374, 1009377, 1009391, 1009427, 1009522, 1009763, 1010033, 1010111, 1010449, 1010668, 1010797, 1011155, 1011654, 1011843, 1012090, 1012191, 1004367, 1011519, 1011627, 1011629, 1012011, 1006619, 1011387, 1012551], "attributes": [{"name": "K\u00edch th\u01b0\u1edbc m\u00e0n h\u00ecnh tivi", "value": ">60 Inches", "id": 100364, "is_timestamp": false, "brand_option": null, "val_id": null}], "liked": false, "liked_count": 24, "cmt_count": 4, "flag": 268959744, "shopee_verified": false, "is_adult": false, "is_preferred_plus_seller": false, "tier_variations": [{"name": "N", "options": ["O"], "images": null, "properties": null, "type": 0}], "bundle_deal_id": 0, "can_use_bundle_deal": false, "add_on_deal_info": null, "bundle_deal_info": null, "can_use_wholesale": false, "wholesale_tier_list": [], "is_group_buy_item": null, "group_buy_info": null, "welcome_package_type": 0, "welcome_package_info": null, "tax_code": null, "invoice_option": null, "complaint_policy": null, "images": ["8edabea7445df7279c0dba215bf180c9", "26c92aa9515c4a9d580f3fb8fc3546d9", "1df58be4a173cfb70f0a73bf71b17457", "b53235e6fd11a334c7d9f394b2e8833e", "86c67d4673e212eb80dba2c59e4d88a1", "e81d9c32a97f67d893b017642153593f", "5b766f83b63c6cd3c038a1054e5d5f74", "7585ed77ffeccabafc22adda0eb0a59c"], "image": "8edabea7445df7279c0dba215bf180c9", "video_info_list": null, "item_type": 0, "is_official_shop": true, "show_official_shop_label_in_title": true, "shop_location": "H\u00e0 N\u1ed9i", "coin_earn_label": null, "cb_option": 0, "is_pre_order": false, "estimated_days": 2, "badge_icon_type": 6, "show_free_shipping": false, "shipping_icon_type": 0, "cod_flag": 0, "is_service_by_shopee": true, "show_original_guarantee": false, "categories": [{"catid": 100010, "display_name": "Thi\u1ebft B\u1ecb \u0110i\u1ec7n Gia D\u1ee5ng", "no_sub": false, "is_default_subcat": false}, {"catid": 100040, "display_name": "Tivi & Ph\u1ee5 ki\u1ec7n", "no_sub": false, "is_default_subcat": false}, {"catid": 100185, "display_name": "Tivi", "no_sub": true, "is_default_subcat": false}], "other_stock": 0, "item_has_post": false, "discount_stock": 10, "current_promotion_has_reserve_stock": false, "current_promotion_reserved_stock": 0, "normal_stock": 10, "brand_id": 1695294, "is_alcohol_product": false, "show_recycling_info": false, "coin_info": {"spend_cash_unit": 100000, "coin_earn_items": [{"coin_earn": 0}]}, "models": [{"itemid": 13052311517, "status": 1, "current_promotion_reserved_stock": 0, "name": "O", "promotionid": 1285909863, "price": 2406000000000, "price_stocks": [{"allocated_stock": 0, "stock_breakdown_by_location": null}, {"allocated_stock": null, "stock_breakdown_by_location": [{"location_id": "VNN", "available_stock": 6, "fulfilment_type": 1, "address_id": 38200025}, {"location_id": "VNS", "available_stock": 4, "fulfilment_type": 1, "address_id": 38200027}, {"location_id": "VNZ", "available_stock": 0, "fulfilment_type": 2, "address_id": null}]}], "current_promotion_has_reserve_stock": false, "normal_stock": 10, "extinfo": {"tier_index": [0], "group_buy_info": null, "is_pre_order": null, "estimated_days": 2}, "price_before_discount": 3290000000000, "modelid": 103978081912, "stock": 10, "has_gimmick_tag": false}], "spl_info": {"installment_info": null, "user_credit_info": null, "channel_id": null, "show_spl": false, "show_spl_lite": false}, "preview_info": null, "fe_categories": [{"catid": 11036132, "display_name": "Consumer Electronics", "no_sub": false, "is_default_subcat": false}, {"catid": 11036151, "display_name": "Tivi", "no_sub": false, "is_default_subcat": false}, {"catid": 11036156, "display_name": "More than 60 inches", "no_sub": true, "is_default_subcat": false}], "presale_info": null, "is_cc_installment_payment_eligible": true, "is_non_cc_installment_payment_eligible": false, "flash_sale": null, "upcoming_flash_sale": null, "deep_discount": null, "has_low_fulfillment_rate": false, "is_partial_fulfilled": false, "makeups": null, "shop_vouchers": null, "global_sold": null, "is_infant_milk_formula_product": false, "should_show_amp_tag": false}