{"itemid": 8197703361, "shopid": 65589552, "userid": 0, "price_max_before_discount": 1599000000000, "has_lowest_price_guarantee": false, "price_before_discount": 1599000000000, "price_min_before_discount": 1599000000000, "exclusive_price_info": null, "hidden_price_display": null, "price_min": 1439000000000, "price_max": 1439000000000, "price": 1439000000000, "stock": 16, "discount": "10%", "historical_sold": 1, "sold": 2, "show_discount": 10, "raw_discount": 10, "min_purchase_limit": 0, "overall_purchase_limit": {"order_max_purchase_limit": 0, "overall_purchase_limit": null, "item_overall_quota": null, "start_date": null, "end_date": null}, "pack_size": null, "is_live_streaming_price": null, "name": "[M\u00e3 ELSAMHOT gi\u1ea3m 5% \u0111\u01a1n 3TR] \u0110i\u1ec7n Tho\u1ea1i Samsung Galaxy S21 FE 5G - 6GB/128GB", "ctime": 1640749439, "item_status": "normal", "status": 1, "condition": 1, "catid": 100013, "description": "Galaxy S21 FE 5G\nV\u1ebb \u0111\u1eb9p thi\u1ebft k\u1ebf \u0111\u1ea7y ng\u01b0\u1ee1ng m\u1ed9 v\u1edbi s\u1eafc m\u00e0u th\u1eddi th\u01b0\u1ee3ng cho m\u1ecdi phong c\u00e1ch, t\u1eeb Xanh Olive v\u00e0 T\u00edm Pastel nh\u1eb9 nh\u00e0ng \u0111\u1ebfn Tr\u1eafng Flora v\u00e0 \u0110en Graphite tinh t\u1ebf cho b\u1ea1n th\u1ecfa s\u1ee9c mix & match c\u00f9ng m\u1ecdi trang ph\u1ee5c.\n\n\u0110\u1eafm ch\u00ecm trong kh\u00f4ng gian gi\u1ea3i tr\u00ed \u0111\u1ec9nh cao\nThu nh\u1ecf c\u1ea3 th\u1ebf gi\u1edbi b\u1ea1n h\u1eb1ng m\u01a1 \u01b0\u1edbc trong k\u00edch th\u01b0\u1edbc 6.4 inch - m\u1ed9t thi\u1ebft k\u1ebf g\u1ecdn nh\u1eb9 l\u00fd t\u01b0\u1edfng \u0111\u1ec3 k\u1ebft n\u1ed1i, kh\u00e1m ph\u00e1, chia s\u1ebb v\u00e0 l\u00e0m m\u1ecdi \u0111i\u1ec1u b\u1ea1n y\u00eau th\u00edch.\n\nM\u01b0\u1ee3t m\u00e0 m\u1ecdi thao t\u00e1c v\u1edbi t\u1ea7n s\u1ed1 qu\u00e9t 120Hz. Kh\u1ea3 n\u0103ng t\u1ed1i \u01b0u h\u00f3a t\u1ed1c \u0111\u1ed9 l\u00e0m m\u1edbi gi\u00fap b\u1ea1n th\u1ecfa s\u1ee9c cu\u1ed9n l\u01b0\u1edbt m\u01b0\u1ee3t m\u00e0. T\u1ed1c \u0111\u1ed9 ph\u1ea3n h\u1ed3i nh\u1ea1y b\u00e9n \u1edf Ch\u1ebf \u0111\u1ed9 Ch\u01a1i Game cho b\u1ea1n l\u1ee3i th\u1ebf d\u1eabn \u0111\u1ea7u.\n\nM\u00e0n h\u00ecnh s\u1ed1ng \u0111\u1ed9ng \n\u0110\u1eafm ch\u00ecm trong ch\u1ea5t l\u01b0\u1ee3ng h\u00ecnh \u1ea3nh si\u00eau th\u1ef1c v\u1edbi m\u00e0n h\u00ecnh tr\u00e0n vi\u1ec1n v\u00f4 c\u1ef1c c\u00f9ng c\u00f4ng ngh\u1ec7 Dynamic AMOLED 2X. M\u00e0n h\u00ecnh r\u1ed9ng h\u01a1n, \u0111\u1ed9 s\u00e1ng v\u01b0\u1ee3t tr\u1ed9i h\u01a1n mang \u0111\u1ebfn tr\u1ea3i nghi\u1ec7m ch\u00e2n th\u1ef1c, chu\u1ea9n \u0111i\u1ec7n \u1ea3nh.\n\nB\u1ec1n b\u1ec9 v\u01b0\u1ee3t th\u1eddi gian\nT\u1ea1m bi\u1ec7t n\u1ed7i lo tr\u1ea7y x\u01b0\u1edbc v\u00e0 r\u01a1i v\u1ee1. K\u00ednh c\u01b0\u1eddng l\u1ef1c Gorilla Glass Victus\u2122 l\u00e0 lo\u1ea1i k\u00ednh c\u1ee9ng c\u00e1p nh\u1ea5t t\u1eebng xu\u1ea5t hi\u1ec7n tr\u00ean \u0111i\u1ec7n tho\u1ea1i th\u00f4ng minh Samsung v\u1edbi kh\u1ea3 n\u0103ng h\u1ea1n ch\u1ebf t\u1ed1i \u0111a tr\u1ea7y x\u01b0\u1edbc v\u00e0 h\u01b0 h\u1ecfng, gi\u00fap b\u1ea1n v\u00f4 t\u01b0 tr\u1ea3i nghi\u1ec7m.\n\nB\u1ed9 Camera chuy\u1ec7n nghi\u1ec7p b\u1eaft \u1ea3nh ngh\u1ec7 chu\u1ea9n studio\nH\u1ed9i t\u1ee5 tr\u00ean Galaxy S21 FE 5G l\u00e0 b\u1ed9 camera \u0111\u1eb3ng c\u1ea5p nh\u01b0 si\u00eau ph\u1ea9m cho ph\u00e9p b\u1ea1n s\u00e1ng t\u1ea1o n\u00ean nh\u1eefng th\u01b0\u1edbc phim \u1ea5n t\u01b0\u1ee3ng \u1edf ch\u1ea5t l\u01b0\u1ee3ng v\u01b0\u1ee3t tr\u1ed9i.\nCamera G\u00f3c Si\u00eau R\u1ed9ng 12MP\nCamera G\u00f3c R\u1ed9ng 12MP\nCamera Tele 8MP\nCamera selfie 32MP\n\nHi\u1ec7u n\u0103ng M\u1ea1nh m\u1ebd cho em\u1ecdi \u0111am m\u00ea\nB\u1ed9 vi x\u1eed l\u00fd h\u00e0ng \u0111\u1ea7u t\u1eeb Galaxy t\u1ed1c \u0111\u1ed9 nhanh h\u01a1n, m\u1ea1nh m\u1ebd h\u01a1n v\u00e0 v\u01b0\u1ee3t tr\u1ed9i h\u01a1n. Cho b\u1ea1n th\u1ecfa s\u1ee9c l\u00e0m vi\u1ec7c v\u00e0 gi\u1ea3i tr\u00ed \u0111\u1ec9nh cao v\u1edbi hi\u1ec7u qu\u1ea3 \u0111\u00e1ng kinh ng\u1ea1c.\n\nPin c\u1ea3 ng\u00e0y d\u00e0i cho tr\u1ea3i nghi\u1ec7m th\u1ea3 ga, kh\u00f4ng lo gi\u00e1n \u0111o\u1ea1n\nPin 4500mAh b\u1ec1n b\u1ec9 k\u1ebft h\u1ee3p nh\u1ecbp nh\u00e0ng c\u00f9ng c\u00f4ng ngh\u1ec7 hi\u1ec3n th\u1ecb v\u00e0 vi x\u1eed l\u00fd ti\u1ebft ki\u1ec7m \u0111i\u1ec7n n\u0103ng cho b\u1ea1n tr\u1ea3i nghi\u1ec7m su\u1ed1t ng\u00e0y d\u00e0i k\u1ec3 c\u1ea3 khi b\u1eadt 5G\n\nC\u1ea5u h\u00ecnh s\u1ea3n ph\u1ea9m\nM\u00e0n h\u00ecnh                             \nC\u00f4ng ngh\u1ec7 m\u00e0n h\u00ecnh           Dynamic AMOLED 2X\n\u0110\u1ed9 ph\u00e2n gi\u1ea3i                        Flat FHD+ (1080 x 2640 Pixels)\nM\u00e0n h\u00ecnh r\u1ed9ng                     6.4''\nT\u1ea7n s\u1ed1 qu\u00e9t                         120Hz\nM\u1eb7t k\u00ednh c\u1ea3m \u1ee9ng               K\u00ednh c\u01b0\u1eddng l\u1ef1c Corning Gorilla Glass Victus\n\nCamera tr\u01b0\u1edbc                      32MP\nCamera sau\nCamera g\u00f3c si\u00eau r\u1ed9ng        12MP\nCamera g\u00f3c r\u1ed9ng                12MP\nCamera \u1ed1ng k\u00ednh Tele         8MP\nThu ph\u00f3ng kh\u00f4ng gian        30X\n\nPin & S\u1ea1c\nDung l\u01b0\u1ee3ng pin                    4500 mAh\nLo\u1ea1i pin                                Li-Ion\nH\u1ed7 tr\u1ee3 s\u1ea1c t\u1ed1i \u0111a                  25 W\nC\u00f4ng ngh\u1ec7 pin                     S\u1ea1c kh\u00f4ng d\u00e2y , S\u1ea1c pin nhanh\n\nB\u1ed9 nh\u1edb & L\u01b0u tr\u1eef\nRam                                     6GB\nB\u1ed9 nh\u1edb trong                       128 GB\nM\u1ea1ng di \u0111\u1ed9ng                       H\u1ed7 tr\u1ee3 5G\n\nTi\u1ec7n \u00edch\nB\u1ea3o m\u1eadt n\u00e2ng cao\t            M\u1edf kho\u00e1 v\u00e2n tay d\u01b0\u1edbi m\u00e0n h\u00ecnh\nKh\u00e1ng n\u01b0\u1edbc, b\u1ee5i\t            IP68\n\nTh\u00f4ng tin chung\nThi\u1ebft k\u1ebf\t                           Nguy\u00ean kh\u1ed1i\nCh\u1ea5t li\u1ec7u                             Khung kim lo\u1ea1i & M\u1eb7t l\u01b0ng nh\u1ef1a\nK\u00edch th\u01b0\u1edbc               \t   74,5 x 155,7 x 7,9 mm \nTr\u1ecdng l\u01b0\u1ee3ng                       177g\n\nB\u1ed9 s\u1ea3n ph\u1ea9m bao g\u1ed3m: H\u1ed9p, \u0110i\u1ec7n tho\u1ea1i, C\u00e1p, S\u00e1ch h\u01b0\u1edbng d\u1eabn, Que l\u1ea5y sim\n\nB\u1ea3o h\u00e0nh:\nTh\u1eddi gian b\u1ea3o h\u00e0nh: 12 th\u00e1ng\nTrung t\u00e2m b\u1ea3o h\u00e0nh:https://www.samsung.com/vn/support/service-center/\nHotline: 1800-588-855\n***H\u00e0ng t\u1eb7ng ng\u1eabu nhi\u00ean t\u00f9y \u0111\u1ee3t nh\u1eadp h\u00e0ng\n", "is_mart": false, "show_shopee_verified_label": false, "size_chart": null, "reference_item_id": "", "brand": "SAMSUNG", "item_rating": {"rating_star": 5, "rating_count": [1, 0, 0, 0, 0, 1]}, "label_ids": [1003961, 1003974, 1000182, 1001011, 1001022, 1000260, 1000262, 1000256, 1000254, 1000255, 1000263, 1000257, 1000266, 1000268, 1000267, 1000269, 1000271, 1000273, 1000272, 1000274, 1000276, 1000277, 1000278, 1000275, 1000535, 1000627, 1000630, 1000637, 1000660, 1000674, 1000677, 1000696, 1000779, 1000766, 1000767, 1000770, 1000772, 1000788, 1000279, 1000247, 1000353, 1000815, 1000826, 1000883, 1000908, 1000927, 1000948, 62, 1000114, 1000141, 1000155, 1000156, 1000157, 1000258, 1000259, 1000264, 1000265, 1000270, 1000655, 1000991, 1001035, 1001071, 1001412, 1001509, 1001545, 1001613, 1001946, 1001972, 1001975, 1001978, 1002119, 1002131, 1002136, 1002137, 1002190, 1002289, 1002291, 1002373, 1002424, 1002480, 1002556, 1002579, 1002639, 1002696, 1002697, 1002727, 1002768, 1002770, 1002772, 1002861, 1002863, 1002898, 1002965, 1002966, 1002997, 1003118, 1003117, 1003181, 1003204, 1003233, 1003280, 1003422, 1003448, 1003449, 1003462, 1003750, 1000121, 1003866, 1003868, 1004143, 1004149, 1004292, 1004376, 1004412, 1004413, 1004471, 1004530, 1004556, 1004689, 1004710, 1004870, 1005000, 1005113, 1005163, 1005330, 1005544, 1005829, 1006042, 1006159, 1006306, 1006331, 1006352, 1006435, 1006480, 1006487, 1006624, 1007155, 1007286, 1007328, 1007394, 1007516, 1007546, 1007589, 1007631, 1007627, 1007765, 1007768, 1006856, 1007908, 1007975, 1008223, 1008283, 1008290, 1008313, 1008515, 1008632, 1008664, 1008837, 1008862, 1008793, 1008941, 1009039, 1009058, 1009063, 1009113, 1009190, 1009198, 1009374, 1009377, 1009391, 1009427, 1009522, 1009763, 1010033, 1010111, 1010449, 1010668, 1010797, 1011155, 1011654, 1011843, 1012090, 1012191, 1006619, 1004367, 1012221, 1011387, 1012551], "attributes": null, "liked": false, "liked_count": 43, "cmt_count": 1, "flag": 268435456, "shopee_verified": false, "is_adult": false, "is_preferred_plus_seller": false, "tier_variations": [{"name": "Ph\u00e2n Lo\u1ea1i", "options": ["Tr\u1eafng", "Xanh L\u00e1", "T\u00edm", "X\u00e1m"], "images": ["e3cb5aca4e234954b0a9ba2112cdff9d", "57cc8595678bba4374251425445193a4", "cc4128271f13ff9c1412826e6e6fb82c", "01bbc95360eabb3c1ca2af2b660e42f4"], "properties": null, "type": 0}], "bundle_deal_id": 0, "can_use_bundle_deal": false, "add_on_deal_info": null, "bundle_deal_info": null, "can_use_wholesale": false, "wholesale_tier_list": [], "is_group_buy_item": null, "group_buy_info": null, "welcome_package_type": 0, "welcome_package_info": null, "tax_code": null, "invoice_option": null, "complaint_policy": null, "images": ["2de759e472124c6216a76ae56d5b0df3", "937ffedca9b2f01ec0ca7ee021cc03ad", "f81dd5e1b751ebaf54b25d31dce80917", "0678256979fc7f7c27746990d1d34dec", "180adb1ac1a8bbc472acd076b117a6f7", "8663816d175b3e3e2303ec04ea23f961", "75f2e5a8e18d613dd7d5f960de113f71", "b315ea5f99ee2d8961f6a33f374a130a", "e7ad88249ebc88e0ba93bd08938517fc"], "image": "2de759e472124c6216a76ae56d5b0df3", "video_info_list": [{"video_id": "382eaef5d2f0aaa2ecd1843342301952", "thumb_url": "211966acc61feb730add24bf9bead2c9", "duration": 10, "version": 2, "vid": "sg_27734532-aca5-4270-8d42-ce47ef56a386_000100", "formats": [{"format": 1100008, "defn": "V720P", "profile": "MP4", "path": "", "url": "http://1500000774.vod2.myqcloud.com/c830c918vodtranssgp1500000774/cd115b44387702294253410042/v.f1046142.mp4", "width": 720, "height": 1280}, {"format": 1100008, "defn": "V720P", "profile": "MP4", "path": "", "url": "http://1500000774.vod2.myqcloud.com/c830c918vodtranssgp1500000774/cd115b44387702294253410042/v.f1046142.mp4", "width": 720, "height": 1280}, {"format": 1100008, "defn": "V720P", "profile": "MP4", "path": "", "url": "http://1500000774.vod2.myqcloud.com/c830c918vodtranssgp1500000774/cd115b44387702294253410042/v.f1046142.mp4", "width": 720, "height": 1280}], "default_format": {"format": 100001, "defn": "ORI", "profile": "MP4", "path": "", "url": "http://1500000774.vod2.myqcloud.com/14092670vodsgp1500000774/cd115b44387702294253410042/393kalE3UbgA.mp4", "width": 1080, "height": 1920}}], "item_type": 0, "is_official_shop": true, "show_official_shop_label_in_title": true, "shop_location": "H\u00e0 N\u1ed9i", "coin_earn_label": null, "cb_option": 0, "is_pre_order": false, "estimated_days": 2, "badge_icon_type": 6, "show_free_shipping": false, "shipping_icon_type": 0, "cod_flag": 0, "is_service_by_shopee": true, "show_original_guarantee": false, "categories": [{"catid": 100013, "display_name": "\u0110i\u1ec7n Tho\u1ea1i & Ph\u1ee5 Ki\u1ec7n", "no_sub": false, "is_default_subcat": false}, {"catid": 100073, "display_name": "\u0110i\u1ec7n tho\u1ea1i", "no_sub": true, "is_default_subcat": false}], "other_stock": 0, "item_has_post": false, "discount_stock": 16, "current_promotion_has_reserve_stock": false, "current_promotion_reserved_stock": 0, "normal_stock": 16, "brand_id": 1695294, "is_alcohol_product": false, "show_recycling_info": false, "coin_info": {"spend_cash_unit": 100000, "coin_earn_items": [{"coin_earn": 0}, {"coin_earn": 0}, {"coin_earn": 0}, {"coin_earn": 0}]}, "models": [{"itemid": 8197703361, "status": 1, "current_promotion_reserved_stock": 0, "name": "Tr\u1eafng", "promotionid": 1311733818, "price": 1439000000000, "price_stocks": [{"allocated_stock": 0, "stock_breakdown_by_location": null}, {"allocated_stock": null, "stock_breakdown_by_location": [{"location_id": "VNN", "available_stock": 3, "fulfilment_type": 1, "address_id": 38200025}, {"location_id": "VNZ", "available_stock": 0, "fulfilment_type": 2, "address_id": null}]}], "current_promotion_has_reserve_stock": false, "normal_stock": 3, "extinfo": {"tier_index": [0], "group_buy_info": null, "is_pre_order": null, "estimated_days": 2}, "price_before_discount": 1599000000000, "modelid": 68099129039, "stock": 3, "has_gimmick_tag": false}, {"itemid": 8197703361, "status": 1, "current_promotion_reserved_stock": 0, "name": "Xanh L\u00e1", "promotionid": 1311733818, "price": 1439000000000, "price_stocks": [{"allocated_stock": 0, "stock_breakdown_by_location": null}, {"allocated_stock": null, "stock_breakdown_by_location": [{"location_id": "VNN", "available_stock": 5, "fulfilment_type": 1, "address_id": 38200025}, {"location_id": "VNZ", "available_stock": 0, "fulfilment_type": 2, "address_id": null}]}], "current_promotion_has_reserve_stock": false, "normal_stock": 5, "extinfo": {"tier_index": [1], "group_buy_info": null, "is_pre_order": null, "estimated_days": 2}, "price_before_discount": 1599000000000, "modelid": 68099129040, "stock": 5, "has_gimmick_tag": false}, {"itemid": 8197703361, "status": 1, "current_promotion_reserved_stock": 0, "name": "T\u00edm", "promotionid": 1311733818, "price": 1439000000000, "price_stocks": [{"allocated_stock": 0, "stock_breakdown_by_location": null}, {"allocated_stock": null, "stock_breakdown_by_location": [{"location_id": "VNN", "available_stock": 3, "fulfilment_type": 1, "address_id": 38200025}, {"location_id": "VNZ", "available_stock": 0, "fulfilment_type": 2, "address_id": null}]}], "current_promotion_has_reserve_stock": false, "normal_stock": 3, "extinfo": {"tier_index": [2], "group_buy_info": null, "is_pre_order": null, "estimated_days": 2}, "price_before_discount": 1599000000000, "modelid": 68099129041, "stock": 3, "has_gimmick_tag": false}, {"itemid": 8197703361, "status": 1, "current_promotion_reserved_stock": 0, "name": "X\u00e1m", "promotionid": 1311733818, "price": 1439000000000, "price_stocks": [{"allocated_stock": 0, "stock_breakdown_by_location": null}, {"allocated_stock": null, "stock_breakdown_by_location": [{"location_id": "VNN", "available_stock": 5, "fulfilment_type": 1, "address_id": 38200025}, {"location_id": "VNZ", "available_stock": 0, "fulfilment_type": 2, "address_id": null}]}], "current_promotion_has_reserve_stock": false, "normal_stock": 5, "extinfo": {"tier_index": [3], "group_buy_info": null, "is_pre_order": null, "estimated_days": 2}, "price_before_discount": 1599000000000, "modelid": 68099129042, "stock": 5, "has_gimmick_tag": false}], "spl_info": {"installment_info": null, "user_credit_info": null, "channel_id": null, "show_spl": false, "show_spl_lite": false}, "preview_info": null, "fe_categories": [{"catid": 11036030, "display_name": "Mobile & Gadgets", "no_sub": false, "is_default_subcat": false}, {"catid": 11036031, "display_name": "Mobile Phones", "no_sub": false, "is_default_subcat": false}, {"catid": 11036033, "display_name": "Samsung", "no_sub": true, "is_default_subcat": false}], "presale_info": null, "is_cc_installment_payment_eligible": true, "is_non_cc_installment_payment_eligible": false, "flash_sale": null, "upcoming_flash_sale": null, "deep_discount": null, "has_low_fulfillment_rate": false, "is_partial_fulfilled": false, "makeups": null, "shop_vouchers": null, "global_sold": null, "is_infant_milk_formula_product": false, "should_show_amp_tag": false}