{"itemid": 9342556615, "shopid": 65589552, "userid": 0, "price_max_before_discount": 799000000000, "has_lowest_price_guarantee": true, "price_before_discount": 799000000000, "price_min_before_discount": 799000000000, "exclusive_price_info": null, "hidden_price_display": null, "price_min": 589000000000, "price_max": 589000000000, "price": 589000000000, "stock": 932, "discount": "26%", "historical_sold": 1180, "sold": 1, "show_discount": 26, "raw_discount": 26, "min_purchase_limit": 0, "overall_purchase_limit": {"order_max_purchase_limit": 0, "overall_purchase_limit": null, "item_overall_quota": null, "start_date": null, "end_date": null}, "pack_size": null, "is_live_streaming_price": null, "name": "[M\u00e3 ELSAMHOT gi\u1ea3m 5% \u0111\u01a1n 3TR] \u0110i\u1ec7n Tho\u1ea1i Samsung Galaxy A32 (128GB/8GB) - H\u00e0ng Ch\u00ednh H\u00e3ng", "ctime": 1618473009, "item_status": "normal", "status": 1, "condition": 1, "catid": 100013, "description": "Thi\u1ebft k\u1ebf th\u01a1\u0300i th\u01b0\u01a1\u0323ng cu\u0300ng ma\u0300u s\u1eafc b\u0103\u0301t m\u0103\u0301t\r\nSamsung Galaxy A32 4G c\u00f3 m\u1eb7t l\u01b0ng nh\u1ef1a cao c\u1ea5p v\u1edbi thi\u1ebft k\u1ebf \u0111\u01a1n gi\u1ea3n, trang nh\u00e3, kh\u00f4ng ch\u1ec9 gi\u00fap b\u1ea3o v\u1ec7 m\u00e1y m\u00e0 c\u00f2n t\u0103ng \u0111\u1ed9 b\u00f3ng b\u1ea9y cho smartphone, mang \u0111\u1ebfn v\u1ebb ngo\u00e0i \u0111\u1eb3ng c\u1ea5p cho ng\u01b0\u1eddi s\u1edf h\u1eefu.\r\n\r\nT\u00f4\u0309ng ki\u0301ch th\u01b0\u01a1\u0301c th\u00e2n ma\u0301y mo\u0309ng chi\u0309 8.4 mm va\u0300 co\u0301 tro\u0323ng l\u01b0\u01a1\u0323ng 184 g, hai c\u1ea1nh b\u00ean c\u0169ng \u0111\u01b0\u1ee3c v\u00e1t cong nh\u1eb9 nh\u00e0ng n\u00ean vi\u1ec7c c\u1ea7m n\u1eafm c\u0169ng ch\u1eafc ch\u1eafn h\u01a1n v\u00e0 thu\u00e2\u0323n ti\u00ea\u0323n cho mo\u0323i ta\u0301c vu\u0323.\r\n\r\nSamsung Galaxy A32 4G c\u0169ng \u0111em \u0111\u1ebfn nhi\u1ec1u m\u00e0u s\u1eafc \u0111\u1ec3 b\u1ea1n c\u00f3 th\u1ec3 tho\u1ea3i m\u00e1i l\u1ef1a ch\u1ecdn theo s\u1edf th\u00edch c\u1ee7a ri\u00eang m\u00ecnh.\r\n\r\nM\u00e0n h\u00ecnh gi\u1ea3i tr\u00ed s\u1eafc n\u00e9t, \u0111a ch\u1ee9c n\u0103ng\r\nGalaxy A32 4G \u0111\u01b0\u01a1\u0323c trang bi\u0323 ma\u0300n hi\u0300nh gio\u0323t n\u01b0\u01a1\u0301c v\u01a1\u0301i vi\u00ea\u0300n mo\u0309ng hai b\u00ean \u00e2\u0301n t\u01b0\u01a1\u0323ng, mang \u0111\u1ebfn kh\u00f4ng gian hi\u1ec3n th\u1ecb r\u1ed9ng r\u00e3i, s\u1eafc n\u00e9t v\u00e0 chi ti\u00ea\u0301t.\r\n\r\nMa\u0300n hi\u0300nh cu\u0309a ma\u0301y co\u0301 ki\u0301ch th\u01b0\u01a1\u0301c 6.4 inch, \u0111\u00f4\u0323 ph\u00e2n gia\u0309i Full HD+ (1080 x 2400 pixels) se\u0303 mang \u0111\u00ea\u0301n ch\u00e2\u0301t l\u01b0\u01a1\u0323ng hi\u0300nh a\u0309nh ro\u0303 ne\u0301t cho ca\u0301c tri\u0300nh pha\u0301t video va\u0300 tro\u0300 ch\u01a1i gia\u0309i tri\u0301.\r\n\r\nH\u01a1n th\u1ebf n\u1eefa, m\u00e0n h\u00ecnh tr\u00ean Samsung Galaxy A32 4G c\u00f2n h\u1ed7 tr\u1ee3 t\u1ea7n s\u1ed1 qu\u00e9t cao 90 Hz gi\u00fap gia t\u0103ng tr\u1ea3i nghi\u1ec7m gi\u1ea3i tr\u00ed ch\u01a1i game cho ng\u01b0\u1eddi d\u00f9ng.\r\n\r\nB\u1ed9 b\u1ed1n camera sau \u0111\u00ea\u0301n 64 MP tho\u0309a s\u01b0\u0301c sa\u0301ng ta\u0323o\r\n\u0110i\u1ec7n tho\u1ea1i Samsung A32 4G \u0111\u01b0\u1ee3c trang b\u1ecb cu\u0323m camera sau t\u00e2\u0323n b\u1ed1n \u00f4\u0301ng ki\u0301nh bao g\u00f4\u0300m: Camera chi\u0301nh 64 MP, camera g\u00f3c r\u1ed9ng 8 MP, camera macro v\u00e0 camera c\u1ea3m bi\u1ebfn \u0111\u1ed9 s\u00e2u c\u00f9ng 5 MP. \r\n\r\nB\u00ean c\u1ea1nh \u0111\u00f3, m\u00e1y c\u00f2n h\u1ed7 tr\u1ee3 cho ng\u01b0\u1eddi d\u00f9ng nh\u1eefng t\u00ednh n\u0103ng ch\u1ee5p \u1ea3nh x\u00f3a ph\u00f4ng hay quay phim th\u00f4ng minh nh\u01b0 quay si\u00eau ch\u1eadm, Time Lapse,\u2026 cho b\u1ea1n c\u00f3 th\u1ec3 ghi l\u1ea1i m\u1ecdi kho\u1ea3nh kh\u1eafc m\u1ed9t c\u00e1ch chuy\u00ean nghi\u1ec7p, \u0111\u1ea7y t\u00ednh ngh\u1ec7 thu\u1eadt. \r\n\r\nM\u0103\u0323t tr\u01b0\u01a1\u0301c Samsung Galaxy A32 4G co\u0300n \u0111\u01b0\u01a1\u0323c trang bi\u0323 camera selfie co\u0301 \u0111\u00f4\u0323 ph\u00e2n gia\u0309i 20 MP v\u01a1\u0301i kh\u00e2\u0309u \u0111\u00f4\u0323 f/2.2, h\u00f4\u0303 tr\u01a1\u0323 ti\u0301nh n\u0103ng t\u1ef1 \u0111\u1ed9ng l\u1ea5y n\u00e9t v\u00e0 nh\u1eadn \u0111i\u1ec7n khu\u00f4n m\u1eb7t th\u00f4ng minh giu\u0301p ng\u01b0\u01a1\u0300i du\u0300ng co\u0301 nh\u01b0\u0303ng b\u01b0\u0301c a\u0309nh chu\u0323p tr\u1ecdn v\u1eb9n v\u00e0 \u0111e\u0323p m\u0103\u0301t nh\u1ea5t.\r\n\r\nHi\u1ec7u n\u0103ng m\u1ea1nh m\u1ebd, chi\u1ebfn game m\u01b0\u1ee3t m\u00e0\r\nSamsung Galaxy A32 4G mang trong m\u00ecnh s\u1ee9c m\u1ea1nh c\u1ee7a vi x\u01b0\u0309 ly\u0301 MediaTek Helio G80 8 nh\u00e2n, \u0111\u01b0\u01a1\u0323c ca\u0309i ti\u00ea\u0301n hi\u00ea\u0323u su\u00e2\u0301t cao h\u01a1n so v\u01a1\u0301i ca\u0301c do\u0300ng th\u1ebf h\u1ec7 cu\u0303, mang hi\u00ea\u0323u n\u0103ng v\u01b0\u01a1\u0323t tr\u00f4\u0323i go\u0301p ph\u00e2\u0300n n\u00e2ng cao tra\u0309i nghi\u00ea\u0323m gi\u1ea3i tr\u00ed hay gaming \u0111\u01b0\u1ee3c m\u01b0\u1ee3t m\u00e0, t\u00f4\u0301i \u01b0u nh\u00e2\u0301t. \r\n\r\nSamsung Galaxy A32 4G \u0111\u01b0\u1ee3c trang b\u1ecb b\u00f4\u0323 nh\u01a1\u0301 RAM 8 GB cho \u0111a nhi\u1ec7m \u1ed5n \u0111\u1ecbnh va\u0300 dung l\u01b0\u01a1\u0323ng l\u01b0u tr\u01b0\u0303 128 GB s\u01b0\u0309 du\u0323ng thoa\u0309i ma\u0301i, \u0111\u00e1p \u1ee9ng t\u1ed1t m\u1ecdi nhu c\u1ea7u s\u1eed d\u1ee5ng.\r\n\r\nNgoa\u0300i ra ma\u0301y se\u0303 cha\u0323y giao di\u00ea\u0323n One UI 3.0 m\u1edbi nh\u1ea5t cu\u0309a Samsung tr\u00ean n\u00ea\u0300n ta\u0309ng Android 11 m\u01b0\u01a1\u0323t ma\u0300 giu\u0301p ng\u01b0\u01a1\u0300i du\u0300ng ti\u00ea\u0301p c\u00e2\u0323n nh\u01b0\u0303ng ti\u0301nh n\u0103ng m\u01a1\u0301i nh\u00e2\u0301t.\r\n\r\nDung l\u01b0\u01a1\u0323ng pin l\u1edbn t\u00e2\u0323n 5000 mAh\r\nSamsung A32 4G \u0111\u01b0\u01a1\u0323c trang bi\u0323 vi\u00ean pin Li-Ion dung l\u01b0\u01a1\u0323ng 5000 mAh cho ng\u01b0\u01a1\u0300i du\u0300ng tr\u1ea3i nghi\u1ec7m s\u1eed d\u1ee5ng internet, \u0111\u00e0m tho\u1ea1i v\u00e0 xem video li\u00ean t\u1ee5c nhi\u1ec1u gi\u1edd li\u1ec1n ch\u1ec9 sau m\u1ed9t l\u1ea7n s\u1ea1c.\r\n\r\nB\u00ean c\u1ea1nh \u0111\u00f3, m\u00e1y c\u0169ng h\u1ed7 tr\u1ee3 s\u1ea1c pin nhanh 15 W gi\u00fap b\u1ed5 sung n\u0103ng l\u01b0\u1ee3ng m\u1ed9t c\u00e1ch nhanh ch\u00f3ng, h\u1ea1n ch\u1ebf th\u1eddi gian ch\u1edd \u0111\u1ee3i c\u1ee7a b\u1ea1n.\r\n\r\nNgo\u00e0i ra, m\u00e1y c\u00f2n \u0111\u01b0\u1ee3c trang b\u1ecb c\u1ea3m bi\u1ebfn v\u00e2n tay d\u01b0\u1edbi m\u00e0n h\u00ecnh c\u00f9ng v\u1edbi t\u00ednh n\u0103ng m\u1edf kh\u00f3a b\u1eb1ng khu\u00f4n m\u1eb7t gi\u00fap b\u1ea1n m\u1edf kh\u00f3a smartphone m\u1ed9t c\u00e1ch nhanh ch\u00f3ng c\u0169ng nh\u01b0 gi\u00fap b\u1ea3o m\u1eadt an to\u00e0n cho thi\u1ebft b\u1ecb c\u1ee7a b\u1ea1n.\r\n\r\nTh\u00f4ng s\u1ed1 k\u1ef9 thu\u1eadt\r\nM\u00e0n h\u00ecnh: Super AMOLED, 6.4\", Full HD+\r\nH\u1ec7 \u0111i\u1ec1u h\u00e0nh: Android 11\r\nCamera sau: Ch\u00ednh 64 MP & Ph\u1ee5 8 MP, 5MP, 5MP\r\nCamera tr\u01b0\u1edbc: 20 MP\r\nChip: MediaTek Helio G80\r\nRAM: 8 GB\r\nB\u1ed9 nh\u1edb trong: 128 GB\r\nSIM:\t2 Nano SIM, H\u1ed7 tr\u1ee3 4G\r\nPin: 5000 mAh, S\u1ea1c nhanh\r\n\r\nM\u00e0u s\u1eafc:\r\n- Xanh S\u00e1ng T\u1ea1o -  Awesome Blue\r\n- \u0110en C\u00e1 T\u00ednh - Awesome Black\r\n\r\nB\u1ed9 s\u1ea3n ph\u1ea9m g\u1ed3m: H\u1ed9p, S\u00e1ch h\u01b0\u1edbng d\u1eabn, C\u00e2y l\u1ea5y sim, C\u00e1p Type C, C\u1ee7 s\u1ea1c nhanh r\u1eddi \u0111\u1ea7u Type A\r\n\r\nB\u1ea3o h\u00e0nh: Th\u1eddi gian b\u1ea3o h\u00e0nh: 12 th\u00e1ng \r\nTrung t\u00e2m b\u1ea3o h\u00e0nh:https://www.samsung.com/vn/support/service-center/ Hotline: 1800-588-855", "is_mart": false, "show_shopee_verified_label": false, "size_chart": null, "reference_item_id": "", "brand": "SAMSUNG", "item_rating": {"rating_star": 4.876796714579055, "rating_count": [487, 6, 1, 2, 29, 449]}, "label_ids": [1003961, 1003974, 1000182, 1001011, 1001022, 1000260, 1000262, 1000256, 1000254, 1000255, 1000263, 1000257, 1000266, 1000268, 1000267, 1000269, 1000271, 1000273, 1000272, 1000274, 1000276, 1000277, 1000278, 1000275, 1000535, 1000627, 1000630, 1000637, 1000660, 1000674, 1000677, 1000696, 1000779, 1000766, 1000767, 1000770, 1000772, 1000788, 1000279, 1000247, 1000353, 1000815, 1000826, 1000883, 1000908, 1000927, 1000948, 62, 1000114, 1000141, 1000155, 1000156, 1000157, 1000258, 1000259, 1000264, 1000265, 1000270, 1000655, 1000991, 1001035, 1001071, 1001412, 1001509, 1001545, 1001613, 1001946, 1001972, 1001975, 1001978, 1002119, 1002131, 1002136, 1002137, 1002190, 1002289, 1002291, 1002373, 1002424, 1002480, 1002556, 1002579, 1002639, 1002696, 1002697, 1002727, 1002768, 1002770, 1002772, 1002861, 1002863, 1002898, 1002965, 1002966, 1002997, 1003118, 1003117, 1003181, 1003204, 1003233, 1003280, 1003422, 1003448, 1003449, 1003462, 1003750, 1000121, 1003866, 1003868, 1004143, 1004149, 1004292, 1004376, 1004412, 1004413, 1004471, 1004530, 1004556, 1004689, 1004710, 1004870, 1005000, 1005113, 1005163, 1005330, 1005544, 1005829, 1006042, 1006159, 1006306, 1006331, 1006352, 1006435, 1006480, 1006487, 1006624, 1007155, 1007286, 1007328, 1007394, 1007516, 1007546, 1007589, 1007631, 1007627, 1007765, 1007768, 1006856, 1007908, 1007975, 1008223, 1008283, 1008290, 1008313, 1008515, 1008632, 1008664, 1008837, 1008862, 1008793, 1008941, 1009039, 1009058, 1009063, 1009113, 1009190, 1009198, 1009374, 1009377, 1009391, 1009427, 1009522, 1009763, 1010033, 1010111, 1010449, 1010668, 1010797, 1011155, 1011654, 1011843, 1012090, 1012191, 1007696, 1007861, 1001044, 1008747, 1008842, 1009035, 1009079, 1009347, 1010012, 1010289, 1010290, 1010348, 1010351, 1010506, 1010507, 1011193, 1011294, 1011378, 1011519, 1011627, 1011629, 1012011, 1009370, 1012624], "attributes": null, "liked": false, "liked_count": 1018, "cmt_count": 487, "flag": 269025282, "shopee_verified": false, "is_adult": false, "is_preferred_plus_seller": false, "tier_variations": [{"name": "M\u00e0u S\u1eafc", "options": ["T\u00edm Th\u1eddi Th\u01b0\u1ee3ng", "Xanh S\u00e1ng T\u1ea1o", "Aweosome Black", "Tr\u1eafng N\u0103ng \u0110\u1ed9ng"], "images": ["8fa6ebcd763ccd080837233aa29d6647", "4ce346564016259f10317a02a0032dfd", "96ccc779d127623b9d29637b1efef789", "2fde8966c4c9ada352f59269ca08f5bf"], "properties": null, "type": 0}], "bundle_deal_id": 0, "can_use_bundle_deal": false, "add_on_deal_info": null, "bundle_deal_info": null, "can_use_wholesale": false, "wholesale_tier_list": [], "is_group_buy_item": null, "group_buy_info": null, "welcome_package_type": 0, "welcome_package_info": null, "tax_code": null, "invoice_option": null, "complaint_policy": null, "images": ["588035fc43e2f775d4ae89569027c0b3", "870f39ac7ea4621aa0a35c59201ab2aa", "3e7272e66416a68f138f517bb20587e6", "3d4c1929d2ec209cf00fbb68012108e9", "f90a9a56b1669a76152c32e4b8f4330b"], "image": "588035fc43e2f775d4ae89569027c0b3", "video_info_list": null, "item_type": 0, "is_official_shop": true, "show_official_shop_label_in_title": true, "shop_location": "TP. H\u1ed3 Ch\u00ed Minh", "coin_earn_label": null, "cb_option": 0, "is_pre_order": false, "estimated_days": 2, "badge_icon_type": 6, "show_free_shipping": true, "shipping_icon_type": 0, "cod_flag": 0, "is_service_by_shopee": true, "show_original_guarantee": false, "categories": [{"catid": 100013, "display_name": "\u0110i\u1ec7n Tho\u1ea1i & Ph\u1ee5 Ki\u1ec7n", "no_sub": false, "is_default_subcat": false}, {"catid": 100073, "display_name": "\u0110i\u1ec7n tho\u1ea1i", "no_sub": true, "is_default_subcat": false}], "other_stock": 0, "item_has_post": true, "discount_stock": 932, "current_promotion_has_reserve_stock": false, "current_promotion_reserved_stock": 0, "normal_stock": 932, "brand_id": 1695294, "is_alcohol_product": false, "show_recycling_info": false, "coin_info": {"spend_cash_unit": 100000, "coin_earn_items": [{"coin_earn": 0}, {"coin_earn": 0}, {"coin_earn": 0}, {"coin_earn": 0}]}, "models": [{"itemid": 9342556615, "status": 1, "current_promotion_reserved_stock": 0, "name": "T\u00edm Th\u1eddi Th\u01b0\u1ee3ng", "promotionid": 0, "price": 799000000000, "price_stocks": [{"allocated_stock": null, "stock_breakdown_by_location": [{"location_id": "VNW", "available_stock": 0, "fulfilment_type": 1, "address_id": 38200026}, {"location_id": "VNZ", "available_stock": 0, "fulfilment_type": 2, "address_id": null}]}], "current_promotion_has_reserve_stock": false, "normal_stock": 0, "extinfo": {"tier_index": [0], "group_buy_info": null, "is_pre_order": false, "estimated_days": 2}, "price_before_discount": 0, "modelid": 25386886336, "stock": 0, "has_gimmick_tag": false}, {"itemid": 9342556615, "status": 1, "current_promotion_reserved_stock": 0, "name": "Xanh S\u00e1ng T\u1ea1o", "promotionid": 250817, "price": 589000000000, "price_stocks": [{"allocated_stock": 0, "stock_breakdown_by_location": null}, {"allocated_stock": null, "stock_breakdown_by_location": [{"location_id": "VNW", "available_stock": 492, "fulfilment_type": 1, "address_id": 38200026}, {"location_id": "VNN", "available_stock": 0, "fulfilment_type": 1, "address_id": 38200025}, {"location_id": "VNZ", "available_stock": 0, "fulfilment_type": 2, "address_id": null}]}], "current_promotion_has_reserve_stock": false, "normal_stock": 462, "extinfo": {"tier_index": [1], "group_buy_info": null, "is_pre_order": false, "estimated_days": 2}, "price_before_discount": 799000000000, "modelid": 25386886337, "stock": 462, "has_gimmick_tag": false}, {"itemid": 9342556615, "status": 1, "current_promotion_reserved_stock": 0, "name": "Aweosome Black", "promotionid": 250817, "price": 589000000000, "price_stocks": [{"allocated_stock": 0, "stock_breakdown_by_location": null}, {"allocated_stock": null, "stock_breakdown_by_location": [{"location_id": "VNW", "available_stock": 0, "fulfilment_type": 1, "address_id": 38200026}, {"location_id": "VNN", "available_stock": 500, "fulfilment_type": 1, "address_id": 38200025}, {"location_id": "VNZ", "available_stock": 0, "fulfilment_type": 2, "address_id": null}]}], "current_promotion_has_reserve_stock": false, "normal_stock": 470, "extinfo": {"tier_index": [2], "group_buy_info": null, "is_pre_order": false, "estimated_days": 2}, "price_before_discount": 799000000000, "modelid": 25386886338, "stock": 470, "has_gimmick_tag": false}, {"itemid": 9342556615, "status": 1, "current_promotion_reserved_stock": 0, "name": "Tr\u1eafng N\u0103ng \u0110\u1ed9ng", "promotionid": 0, "price": 799000000000, "price_stocks": [{"allocated_stock": null, "stock_breakdown_by_location": [{"location_id": "VNW", "available_stock": 0, "fulfilment_type": 1, "address_id": 38200026}, {"location_id": "VNZ", "available_stock": 0, "fulfilment_type": 2, "address_id": null}]}], "current_promotion_has_reserve_stock": false, "normal_stock": 0, "extinfo": {"tier_index": [3], "group_buy_info": null, "is_pre_order": false, "estimated_days": 2}, "price_before_discount": 0, "modelid": 25386886339, "stock": 0, "has_gimmick_tag": false}], "spl_info": {"installment_info": null, "user_credit_info": null, "channel_id": null, "show_spl": false, "show_spl_lite": false}, "preview_info": null, "fe_categories": [{"catid": 11036030, "display_name": "Mobile & Gadgets", "no_sub": false, "is_default_subcat": false}, {"catid": 11036031, "display_name": "Mobile Phones", "no_sub": false, "is_default_subcat": false}, {"catid": 11036033, "display_name": "Samsung", "no_sub": true, "is_default_subcat": false}], "presale_info": null, "is_cc_installment_payment_eligible": true, "is_non_cc_installment_payment_eligible": false, "flash_sale": null, "upcoming_flash_sale": null, "deep_discount": null, "has_low_fulfillment_rate": false, "is_partial_fulfilled": false, "makeups": null, "shop_vouchers": null, "global_sold": null, "is_infant_milk_formula_product": false, "should_show_amp_tag": false}