{"itemid": 11604932347, "shopid": 71710875, "userid": 0, "price_max_before_discount": -1, "has_lowest_price_guarantee": false, "price_before_discount": 0, "price_min_before_discount": -1, "exclusive_price_info": null, "hidden_price_display": null, "price_min": 99800000000, "price_max": 99800000000, "price": 99800000000, "stock": 3, "discount": null, "historical_sold": 1, "sold": 0, "show_discount": 0, "raw_discount": 0, "min_purchase_limit": 0, "overall_purchase_limit": {"order_max_purchase_limit": 0, "overall_purchase_limit": null, "item_overall_quota": null, "start_date": null, "end_date": null}, "pack_size": null, "is_live_streaming_price": null, "name": "M\u00e1y xay sinh t\u1ed1 Daewoo DWM-1003", "ctime": 1621408078, "item_status": "normal", "status": 1, "condition": 1, "catid": 100010, "description": "Dung t\u00edch: 0.4 l\u00edt\nC\u00f4ng su\u1ea5t : 180W\n2 c\u1ed1i xay nh\u1ef1a cao c\u1ea5p ch\u1ecbu va ch\u1ea1m m\u1ea1nh\nL\u01b0\u1ee1i dao b\u1eb1ng th\u00e9p kh\u00f4ng g\u1ec9 si\u00eau b\u1ec1n\nV\u1eadn h\u00e0nh \u00eam \u00e1i, kh\u00f4ng g\u00e2y ti\u1ebfng \u1ed3n\nCh\u1ea5t li\u1ec7u nh\u1ef1a cao c\u1ea5p\nM\u00e1y Xay Sinh T\u1ed1 Mini Daewoo DWM-1003 c\u00f3 c\u1ed1i xay \u0111\u01b0\u1ee3c l\u00e0m t\u1eeb ch\u1ea5t li\u1ec7u nh\u1ef1a cao c\u1ea5p v\u1edbi \u0111\u1ed9 b\u1ec1n cao, h\u1ea1n ch\u1ebf n\u1ee9t v\u1ee1 trong qu\u00e1 tr\u00ecnh s\u1eed d\u1ee5ng. Ch\u1ea5t li\u1ec7u n\u00e0y kh\u00f4ng ch\u1ee9a ch\u1ea5t \u0111\u1ed9c h\u1ea1i, \u0111\u1ea3m b\u1ea3o an to\u00e0n cho s\u1ee9c kh\u1ecfe ng\u01b0\u1eddi d\u00f9ng.\n\nL\u01b0\u1ee1i dao s\u1eafc b\u00e9n\nL\u01b0\u1ee1i dao \u0111\u01b0\u1ee3c l\u00e0m b\u1eb1ng ch\u1ea5t li\u1ec7u th\u00e9p kh\u00f4ng g\u1ec9, s\u1eafc b\u00e9n, c\u00f3 kh\u1ea3 n\u0103ng xay m\u1ea1nh m\u1ebd, v\u1eeba gi\u00fap b\u1ea1n xay \u0111\u01b0\u1ee3c nhi\u1ec1u lo\u1ea1i th\u1ee9c \u0103n, v\u1eeba \u0111\u1ea3m b\u1ea3o ch\u1ea5t l\u01b0\u1ee3ng th\u1ef1c ph\u1ea9m. Vi\u1ec7c v\u1ec7 sinh l\u01b0\u1ee1i dao c\u0169ng tr\u1edf n\u00ean d\u1ec5 d\u00e0ng v\u00e0 nhanh ch\u00f3ng h\u01a1n.\n\nC\u00f4ng su\u1ea5t 180W\nM\u00e1y ho\u1ea1t \u0111\u1ed9ng v\u1edbi c\u00f4ng su\u1ea5t 180W, dung t\u00edch 0.4L v\u1edbi 1 t\u1ed1c \u0111\u1ed9 xay, c\u00f3 th\u1ec3 xay nhuy\u1ec5n t\u1ea5t c\u1ea3 c\u00e1c nguy\u00ean li\u1ec7u, hoa qu\u1ea3 ch\u1ec9 trong v\u00e0i gi\u00e2y, gi\u00fap c\u00f4ng vi\u1ec7c n\u1ed9i tr\u1ee3 c\u1ee7a b\u1ea1n tr\u1edf n\u00ean d\u1ec5 d\u00e0ng h\u01a1n. B\u00ean c\u1ea1nh \u0111\u00f3, m\u00e1y c\u00f2n v\u1eadn h\u00e0nh \u00eam \u00e1i kh\u00f4ng g\u00e2y ti\u1ebfng \u1ed3n mang \u0111\u1ebfn cho b\u1ea1n c\u1ea3m gi\u00e1c tho\u1ea3i m\u00e1i khi s\u1eed d\u1ee5ng.", "is_mart": false, "show_shopee_verified_label": false, "size_chart": null, "reference_item_id": "", "brand": "DAEWOO", "item_rating": {"rating_star": 5, "rating_count": [1, 0, 0, 0, 0, 1]}, "label_ids": [1000959, 1001015, 1000258, 1000262, 1000260, 1000259, 1000255, 1000256, 1000254, 1000257, 1000497, 1000498, 1000266, 1000267, 1000269, 1000268, 1000270, 1000274, 1000273, 1000272, 1000277, 1000278, 1000275, 1000672, 1000696, 1000713, 1000766, 1000768, 1000771, 1000788, 1000279, 1000328, 1000335, 1000339, 1000347, 1000349, 1000333, 1000362, 1000365, 1000378, 1000379, 1000388, 1000389, 1000390, 1000392, 1000429, 1000431, 1000432, 1000453, 1000866, 1000902, 1000907, 1000075, 1000100, 1000103, 1000122, 1000125, 1000126, 1000127, 1000128, 1000146, 1000151, 1000153, 1000154, 1000161, 1000163, 1000164, 1000253, 1000263, 1000264, 1000265, 1000271, 1000276, 1000086, 1000098, 1000329, 1000412, 1000984, 1001734, 1002646, 1003238, 1003239, 1003258, 1003259, 1000121, 1004113, 1004373, 1005829, 1006117, 1006306, 1006625, 1006642, 1006669, 1007155, 1007286, 1007328, 1007394, 1007516, 1007546, 1007765, 1007768, 1006856, 1008283, 1008290, 1008313, 1008515, 1008793, 1009058, 1009063, 1009427, 1009489, 1009763, 1010033, 1010111, 1010449, 1010668, 1010797, 1011155, 1011654, 1012191, 1007414, 1007861, 1008842, 1009167], "attributes": null, "liked": false, "liked_count": 0, "cmt_count": 1, "flag": 0, "shopee_verified": false, "is_adult": false, "is_preferred_plus_seller": false, "tier_variations": [{"name": "", "options": [""], "images": null, "properties": null, "type": 0}], "bundle_deal_id": 0, "can_use_bundle_deal": false, "add_on_deal_info": null, "bundle_deal_info": null, "can_use_wholesale": false, "wholesale_tier_list": [], "is_group_buy_item": null, "group_buy_info": null, "welcome_package_type": 0, "welcome_package_info": null, "tax_code": null, "invoice_option": null, "complaint_policy": null, "images": ["662b9a0876f0b28cae49f139f68b79e4", "ba46725d68153a9574a2f2aa1c1608e9", "4118ac6fdec0b83d482caaa73a67d35f", "3c7e6081bc2150c5585019d39e9978ad"], "image": "662b9a0876f0b28cae49f139f68b79e4", "video_info_list": null, "item_type": 0, "is_official_shop": true, "show_official_shop_label_in_title": true, "shop_location": "TP. H\u1ed3 Ch\u00ed Minh", "coin_earn_label": null, "cb_option": 0, "is_pre_order": false, "estimated_days": 2, "badge_icon_type": 0, "show_free_shipping": false, "shipping_icon_type": 0, "cod_flag": 0, "is_service_by_shopee": false, "show_original_guarantee": false, "categories": [{"catid": 100010, "display_name": "Thi\u1ebft B\u1ecb \u0110i\u1ec7n Gia D\u1ee5ng", "no_sub": false, "is_default_subcat": false}, {"catid": 100041, "display_name": "\u0110\u1ed3 gia d\u1ee5ng nh\u00e0 b\u1ebfp", "no_sub": false, "is_default_subcat": false}, {"catid": 100193, "display_name": "M\u00e1y \u00e9p, Xay sinh t\u1ed1 & M\u00e1y l\u00e0m s\u1eefa \u0111\u1eadu n\u00e0nh", "no_sub": true, "is_default_subcat": false}], "other_stock": 3, "item_has_post": false, "discount_stock": 0, "current_promotion_has_reserve_stock": false, "current_promotion_reserved_stock": 0, "normal_stock": 3, "brand_id": 1064526, "is_alcohol_product": false, "show_recycling_info": false, "coin_info": {"spend_cash_unit": 100000, "coin_earn_items": [{"coin_earn": 0}]}, "models": [{"itemid": 11604932347, "status": 1, "current_promotion_reserved_stock": 0, "name": "", "promotionid": 0, "price": 99800000000, "price_stocks": [{"allocated_stock": null, "stock_breakdown_by_location": null}], "current_promotion_has_reserve_stock": false, "normal_stock": 3, "extinfo": {"tier_index": [0], "group_buy_info": null, "is_pre_order": null, "estimated_days": 2}, "price_before_discount": 0, "modelid": 65491903522, "stock": 3, "has_gimmick_tag": false}], "spl_info": {"installment_info": null, "user_credit_info": null, "channel_id": null, "show_spl": false, "show_spl_lite": false}, "preview_info": null, "fe_categories": [{"catid": 11036971, "display_name": "Home Appliances", "no_sub": false, "is_default_subcat": false}, {"catid": 11111623, "display_name": "Blenders, Mixers & Grinders", "no_sub": false, "is_default_subcat": false}, {"catid": 11111629, "display_name": "Blenders, Mixers & Grinders", "no_sub": true, "is_default_subcat": false}], "presale_info": null, "is_cc_installment_payment_eligible": false, "is_non_cc_installment_payment_eligible": false, "flash_sale": null, "upcoming_flash_sale": null, "deep_discount": null, "has_low_fulfillment_rate": false, "is_partial_fulfilled": false, "makeups": null, "shop_vouchers": null, "global_sold": null, "is_infant_milk_formula_product": false, "should_show_amp_tag": false}