{"itemid": 1284446340, "shopid": 71710875, "userid": 0, "price_max_before_discount": -1, "has_lowest_price_guarantee": false, "price_before_discount": 0, "price_min_before_discount": -1, "exclusive_price_info": null, "hidden_price_display": null, "price_min": 69900000000, "price_max": 69900000000, "price": 69900000000, "stock": 47, "discount": null, "historical_sold": 29, "sold": 0, "show_discount": 0, "raw_discount": 0, "min_purchase_limit": 0, "overall_purchase_limit": {"order_max_purchase_limit": 0, "overall_purchase_limit": null, "item_overall_quota": null, "start_date": null, "end_date": null}, "pack_size": null, "is_live_streaming_price": null, "name": "N\u1ed3i c\u01a1m Daewoo RC-1807 1.8L n\u1eafp r\u1eddi", "ctime": 1530503036, "item_status": "normal", "status": 1, "condition": 1, "catid": 100010, "description": "C\u00f4ng su\u1ea5t 700W\r\nDung t\u00edch 1,8L\r\nL\u00f2ng n\u1ed3i h\u1ee3p kim nh\u00f4m tr\u00e1ng men Green Poly Coating\r\nX\u1eedng h\u1ea5p \u0111i k\u00e8m ti\u1ec7n d\u1ee5ng\r\nS\u1ea3n xu\u1ea5t t\u1ea1i Th\u00e1i Lan\r\nTi\u00eau chu\u1ea9n H\u00e0n Qu\u1ed1c\r\nTh\u1eddi gian b\u1ea3o h\u00e0nh 12 th\u00e1ng", "is_mart": false, "show_shopee_verified_label": false, "size_chart": null, "reference_item_id": "", "brand": "DAEWOO", "item_rating": {"rating_star": 4.5, "rating_count": [16, 1, 1, 0, 1, 13]}, "label_ids": [1000959, 1001015, 1000258, 1000262, 1000260, 1000259, 1000255, 1000256, 1000254, 1000257, 1000497, 1000498, 1000266, 1000267, 1000269, 1000268, 1000270, 1000274, 1000273, 1000272, 1000277, 1000278, 1000275, 1000672, 1000696, 1000713, 1000766, 1000768, 1000771, 1000788, 1000279, 1000328, 1000335, 1000339, 1000347, 1000349, 1000333, 1000362, 1000365, 1000378, 1000379, 1000388, 1000389, 1000390, 1000392, 1000429, 1000431, 1000432, 1000453, 1000866, 1000902, 1000907, 1000075, 1000100, 1000103, 1000122, 1000125, 1000126, 1000127, 1000128, 1000146, 1000151, 1000153, 1000154, 1000161, 1000163, 1000164, 1000253, 1000263, 1000264, 1000265, 1000271, 1000276, 1000086, 1000098, 1000329, 1000412, 1000984, 1001734, 1002646, 1003238, 1003239, 1003258, 1003259, 1000121, 1004113, 1004373, 1005829, 1006117, 1006306, 1006625, 1006642, 1006669, 1007155, 1007286, 1007328, 1007394, 1007516, 1007546, 1007765, 1007768, 1006856, 1008283, 1008290, 1008313, 1008515, 1008793, 1009058, 1009063, 1009427, 1009489, 1009763, 1010033, 1010111, 1010449, 1010668, 1010797, 1011155, 1011654, 1012191, 1000248, 1000352, 15, 69, 1006825, 1007414, 1008842, 1009167, 1011378], "attributes": null, "liked": false, "liked_count": 178, "cmt_count": 19, "flag": 0, "shopee_verified": false, "is_adult": false, "is_preferred_plus_seller": false, "tier_variations": [{"name": "", "options": [""], "images": null, "properties": null, "type": 0}], "bundle_deal_id": 0, "can_use_bundle_deal": false, "add_on_deal_info": null, "bundle_deal_info": null, "can_use_wholesale": false, "wholesale_tier_list": [], "is_group_buy_item": null, "group_buy_info": null, "welcome_package_type": 0, "welcome_package_info": null, "tax_code": null, "invoice_option": null, "complaint_policy": null, "images": ["6aab4b5239ca34d86b439889a1d5ec03", "0c2ec51c80d96bb4a422c47f44d93f27", "a7da1d622cea90cfe8d2dd41e39a4c5a", "386d405e4f8c3a6a599303a723aebb93"], "image": "6aab4b5239ca34d86b439889a1d5ec03", "video_info_list": null, "item_type": 0, "is_official_shop": true, "show_official_shop_label_in_title": true, "shop_location": "TP. H\u1ed3 Ch\u00ed Minh", "coin_earn_label": null, "cb_option": 0, "is_pre_order": false, "estimated_days": 2, "badge_icon_type": 0, "show_free_shipping": false, "shipping_icon_type": 0, "cod_flag": 0, "is_service_by_shopee": false, "show_original_guarantee": false, "categories": [{"catid": 100010, "display_name": "Thi\u1ebft B\u1ecb \u0110i\u1ec7n Gia D\u1ee5ng", "no_sub": false, "is_default_subcat": false}, {"catid": 100041, "display_name": "\u0110\u1ed3 gia d\u1ee5ng nh\u00e0 b\u1ebfp", "no_sub": false, "is_default_subcat": false}, {"catid": 100207, "display_name": "N\u1ed3i c\u01a1m \u0111i\u1ec7n", "no_sub": true, "is_default_subcat": false}], "other_stock": 47, "item_has_post": false, "discount_stock": 0, "current_promotion_has_reserve_stock": false, "current_promotion_reserved_stock": 0, "normal_stock": 47, "brand_id": 1064526, "is_alcohol_product": false, "show_recycling_info": false, "coin_info": {"spend_cash_unit": 100000, "coin_earn_items": [{"coin_earn": 0}]}, "models": [{"itemid": 1284446340, "status": 1, "current_promotion_reserved_stock": 0, "name": "", "promotionid": 0, "price": 69900000000, "price_stocks": [{"allocated_stock": null, "stock_breakdown_by_location": null}], "current_promotion_has_reserve_stock": false, "normal_stock": 47, "extinfo": {"tier_index": [0], "group_buy_info": null, "is_pre_order": false, "estimated_days": 2}, "price_before_discount": 0, "modelid": 72130883995, "stock": 47, "has_gimmick_tag": false}], "spl_info": {"installment_info": null, "user_credit_info": null, "channel_id": null, "show_spl": false, "show_spl_lite": false}, "preview_info": null, "fe_categories": [{"catid": 11036971, "display_name": "Home Appliances", "no_sub": false, "is_default_subcat": false}, {"catid": 11111620, "display_name": "Electric Cookers", "no_sub": false, "is_default_subcat": false}, {"catid": 11111625, "display_name": "Rice Cookers & Steamers", "no_sub": true, "is_default_subcat": false}], "presale_info": null, "is_cc_installment_payment_eligible": false, "is_non_cc_installment_payment_eligible": false, "flash_sale": null, "upcoming_flash_sale": null, "deep_discount": null, "has_low_fulfillment_rate": false, "is_partial_fulfilled": false, "makeups": null, "shop_vouchers": null, "global_sold": null, "is_infant_milk_formula_product": false, "should_show_amp_tag": false}