{"itemid": 9858462000, "shopid": 71710875, "userid": 0, "price_max_before_discount": -1, "has_lowest_price_guarantee": false, "price_before_discount": 0, "price_min_before_discount": -1, "exclusive_price_info": null, "hidden_price_display": null, "price_min": 44900000000, "price_max": 44900000000, "price": 44900000000, "stock": 50, "discount": null, "historical_sold": 0, "sold": 0, "show_discount": 0, "raw_discount": 0, "min_purchase_limit": 0, "overall_purchase_limit": {"order_max_purchase_limit": 0, "overall_purchase_limit": null, "item_overall_quota": null, "start_date": null, "end_date": null}, "pack_size": null, "is_live_streaming_price": null, "name": "Ch\u1ea3o \u0110\u00e1 S\u00e2u L\u00f2ng Cao C\u1ea5p Ecoramic ECWK-ST30 (30cm)", "ctime": 1621836949, "item_status": "normal", "status": 1, "condition": 1, "catid": 100636, "description": "Thi\u1ebft k\u1ebf s\u00e2u l\u00f2ng ti\u1ec7n d\u1ee5ng\n\nL\u1edbp ph\u1ee7 \u0111\u00e1 thi\u00ean nhi\u00ean ch\u1ed1ng d\u00ednh v\u01b0\u1ee3t tr\u1ed9i\n\n\u0110\u00fac nguy\u00ean kh\u1ed1i, d\u1eabn nhi\u1ec7t t\u1ed1t\n\nTh\u00e2n thi\u1ec7n v\u1edbi m\u00f4i tr\u01b0\u1eddng\n\n\u0110\u01b0\u1eddng k\u00ednh ch\u1ea3o: 24cm\n\n\u0110\u00e1y \u0111\u01b0\u1ee3c thi\u1ebft k\u1ebf \u0111\u1ec3 s\u1eed d\u1ee5ng tr\u00ean b\u1ebfp t\u1eeb", "is_mart": false, "show_shopee_verified_label": false, "size_chart": null, "reference_item_id": "", "brand": "DAEWOO", "item_rating": {"rating_star": 0, "rating_count": [0, 0, 0, 0, 0, 0]}, "label_ids": [1000959, 1001015, 1000258, 1000262, 1000260, 1000259, 1000255, 1000256, 1000254, 1000257, 1000497, 1000498, 1000266, 1000267, 1000269, 1000268, 1000270, 1000274, 1000273, 1000272, 1000277, 1000278, 1000275, 1000672, 1000696, 1000713, 1000766, 1000768, 1000771, 1000788, 1000279, 1000328, 1000335, 1000339, 1000347, 1000349, 1000333, 1000362, 1000365, 1000378, 1000379, 1000388, 1000389, 1000390, 1000392, 1000429, 1000431, 1000432, 1000453, 1000866, 1000902, 1000907, 1000075, 1000100, 1000103, 1000122, 1000125, 1000126, 1000127, 1000128, 1000146, 1000151, 1000153, 1000154, 1000161, 1000163, 1000164, 1000253, 1000263, 1000264, 1000265, 1000271, 1000276, 1000086, 1000098, 1000329, 1000412, 1000984, 1001734, 1002646, 1003238, 1003239, 1003258, 1003259, 1000121, 1004113, 1004373, 1005829, 1006117, 1006306, 1006625, 1006642, 1006669, 1007155, 1007286, 1007328, 1007394, 1007516, 1007546, 1007765, 1007768, 1006856, 1008283, 1008290, 1008313, 1008515, 1008793, 1009058, 1009063, 1009427, 1009489, 1009763, 1010033, 1010111, 1010449, 1010668, 1010797, 1011155, 1011654, 1012191], "attributes": [{"name": "Lo\u1ea1i ch\u1ea3o", "value": "Ch\u1ea3o x\u00e0o", "id": 100802, "is_timestamp": false, "brand_option": null, "val_id": null}], "liked": false, "liked_count": 0, "cmt_count": 0, "flag": 0, "shopee_verified": false, "is_adult": false, "is_preferred_plus_seller": false, "tier_variations": [{"name": "", "options": [""], "images": null, "properties": null, "type": 0}], "bundle_deal_id": 0, "can_use_bundle_deal": false, "add_on_deal_info": null, "bundle_deal_info": null, "can_use_wholesale": false, "wholesale_tier_list": [], "is_group_buy_item": null, "group_buy_info": null, "welcome_package_type": 0, "welcome_package_info": null, "tax_code": null, "invoice_option": null, "complaint_policy": null, "images": ["4587c42e917193e1c34b4efd7bcf1e04", "11b7a9341a2052ac941ae8b6af701972", "32eeaa97d3dd328caf7f1877ad650d76"], "image": "4587c42e917193e1c34b4efd7bcf1e04", "video_info_list": null, "item_type": 0, "is_official_shop": true, "show_official_shop_label_in_title": true, "shop_location": "TP. H\u1ed3 Ch\u00ed Minh", "coin_earn_label": null, "cb_option": 0, "is_pre_order": false, "estimated_days": 2, "badge_icon_type": 0, "show_free_shipping": false, "shipping_icon_type": 0, "cod_flag": 0, "is_service_by_shopee": false, "show_original_guarantee": false, "categories": [{"catid": 100636, "display_name": "Nh\u00e0 c\u1eeda & \u0110\u1eddi s\u1ed1ng", "no_sub": false, "is_default_subcat": false}, {"catid": 100717, "display_name": "D\u1ee5ng c\u1ee5 nh\u00e0 b\u1ebfp", "no_sub": false, "is_default_subcat": false}, {"catid": 101218, "display_name": "Ch\u1ea3o", "no_sub": true, "is_default_subcat": false}], "other_stock": 50, "item_has_post": false, "discount_stock": 0, "current_promotion_has_reserve_stock": false, "current_promotion_reserved_stock": 0, "normal_stock": 50, "brand_id": 1064526, "is_alcohol_product": false, "show_recycling_info": false, "coin_info": {"spend_cash_unit": 100000, "coin_earn_items": [{"coin_earn": 0}]}, "models": [{"itemid": 9858462000, "status": 1, "current_promotion_reserved_stock": 0, "name": "", "promotionid": 0, "price": 44900000000, "price_stocks": [{"allocated_stock": null, "stock_breakdown_by_location": null}], "current_promotion_has_reserve_stock": false, "normal_stock": 50, "extinfo": {"tier_index": [0], "group_buy_info": null, "is_pre_order": false, "estimated_days": 2}, "price_before_discount": 0, "modelid": 75570920555, "stock": 50, "has_gimmick_tag": false}], "spl_info": {"installment_info": null, "user_credit_info": null, "channel_id": null, "show_spl": false, "show_spl_lite": false}, "preview_info": null, "fe_categories": [], "presale_info": null, "is_cc_installment_payment_eligible": false, "is_non_cc_installment_payment_eligible": false, "flash_sale": null, "upcoming_flash_sale": null, "deep_discount": null, "has_low_fulfillment_rate": false, "is_partial_fulfilled": false, "makeups": null, "shop_vouchers": null, "global_sold": null, "is_infant_milk_formula_product": false, "should_show_amp_tag": false}