{"itemid": 6186832525, "shopid": 77877479, "userid": 0, "price_max_before_discount": 17000000000, "has_lowest_price_guarantee": false, "price_before_discount": 17000000000, "price_min_before_discount": 17000000000, "exclusive_price_info": null, "hidden_price_display": null, "price_min": 11900000000, "price_max": 11900000000, "price": 11900000000, "stock": 4921, "discount": "30%", "historical_sold": 66, "sold": 8, "show_discount": 30, "raw_discount": 30, "min_purchase_limit": 0, "overall_purchase_limit": {"order_max_purchase_limit": 0, "overall_purchase_limit": null, "item_overall_quota": null, "start_date": null, "end_date": null}, "pack_size": null, "is_live_streaming_price": null, "name": "D\u00e2y C\u00e1p S\u1ea1c Nhanh Hoco 4 Trong 1 60w 3a K\u1ebft N\u1ed1i USB Type-C Cho Iphone Macbook Pro Air Ipad", "ctime": 1619091565, "item_status": "normal", "status": 1, "condition": 1, "catid": 100013, "description": "Th\u1eddi gian giao h\u00e0ng d\u1ef1 ki\u1ebfn cho s\u1ea3n ph\u1ea9m n\u00e0y l\u00e0 t\u1eeb 7-9 ng\u00e0y\n\n\u2764\u2764\u2764 \u3010T\u00ednh n\u0103ng:\u3011\n1. Chi\u1ec1u d\u00e0i 1,2m\n2. Nylon b\u1ec7n\n3. \u0110\u1ea7u h\u1ee3p kim k\u1ebdm\n4. S\u1ea1c + truy\u1ec1n d\u1eef li\u1ec7u\n5. \u0110a n\u0103ng: 1. USB-A-Lightning / 2. USB-A-Type C / 3.Type-C-Type-C / 4.Type-C-Lightning\n6. Tyep C - S\u1ea1c PD Type C 60w.\n\n1. Giao ti\u1ebfp l\u00e0 c\u00e1ch t\u1ed1t nh\u1ea5t \u0111\u1ec3 gi\u1ea3i quy\u1ebft m\u1ecdi v\u1ea5n \u0111\u1ec1 tr\u01b0\u1edbc khi b\u1ea1n \u0111\u1ec3 l\u1ea1i m\u1ed9t ph\u1ea3n h\u1ed3i kh\u00f4ng h\u1eefu \u00edch 1-3 sao. Ch\u00fang ta t\u00f4n tr\u1ecdng l\u1eabn nhau.\n2. B\u1ea5t k\u1ef3 v\u1ea5n \u0111\u1ec1, b\u1ea1n c\u00f3 th\u1ec3 cho ch\u00fang t\u00f4i bi\u1ebft \u0111\u1ea7u ti\u00ean. Ch\u00fang t\u00f4i c\u00f3 th\u1ec3 gi\u00fap b\u1ea1n gi\u1ea3i quy\u1ebft c\u00e1c v\u1ea5n \u0111\u1ec1 v\u00e0 s\u1eeda ch\u1eefa nh\u1eefng sai l\u1ea7m.\n3. Ch\u00fang t\u00f4i xin l\u1ed7i n\u1ebfu b\u1ea5t c\u1ee9 \u0111i\u1ec1u g\u00ec l\u00e0m b\u1ea1n kh\u00f4ng h\u00e0i l\u00f2ng.\n4. Ch\u00fang t\u00f4i cung c\u1ea5p s\u1ea3n ph\u1ea9m ch\u1ea5t l\u01b0\u1ee3ng / gi\u00e1 th\u1ea5p / d\u1ecbch v\u1ee5 t\u1ed1t nh\u1ea5t. ch\u00fang t\u00f4i hy v\u1ecdng ng\u01b0\u1eddi mua th\u00edch s\u1ea3n ph\u1ea9m c\u1ee7a ch\u00fang t\u00f4i.\n5. Ch\u00fang t\u00f4i \u0111\u1ea3m b\u1ea3o ch\u00fang t\u00f4i s\u1ebd gi\u1ea3i quy\u1ebft 100% b\u1ea5t k\u1ef3 v\u1ea5n \u0111\u1ec1 n\u00e0o cho kh\u00e1ch h\u00e0ng tr\u01b0\u1edbc khi b\u1ea1n \u0111\u1ec3 l\u1ea1i ph\u1ea3n h\u1ed3i ti\u00eau c\u1ef1c 1-3 sao.", "is_mart": false, "show_shopee_verified_label": false, "size_chart": null, "reference_item_id": "", "brand": "hoco.", "item_rating": {"rating_star": 4.8, "rating_count": [30, 0, 0, 1, 4, 25]}, "label_ids": [1001061, 1001067, 1000752, 1001087, 1000949, 1000950, 1000955, 1000958, 1000969, 1000979, 1000982, 1000987, 1001012, 1001013, 1001033, 1000469, 1000480, 1000520, 1000518, 1000254, 1000533, 1000488, 1000549, 1000599, 1000619, 1000634, 1000661, 1000662, 1000687, 1000698, 1000707, 1000715, 1000723, 1000724, 1000740, 1000748, 1000764, 1000279, 1000283, 1000285, 1000298, 1000313, 1000384, 1000419, 1000422, 1000445, 1000462, 1000827, 1000838, 1000846, 1000864, 1000477, 1000871, 1000873, 1000912, 1000940, 1000941, 1000097, 1000134, 1000137, 1000142, 1000177, 1000196, 1000203, 1000223, 1000234, 1000243, 1000245, 1000258, 1000259, 1000260, 1000270, 1000274, 1000276, 1001321, 1001324, 1000412, 1000558, 1000560, 1000643, 1000735, 1000956, 1001030, 1001060, 1001323, 1001043, 1001419, 1001420, 1001421, 1001740, 1001739, 1001748, 1000742, 1001961, 1002071, 1002118, 1002123, 1002125, 1002181, 1002278, 1002280, 1002282, 1002407, 1002409, 1002603, 1002899, 1002934, 1002991, 1003133, 1003169, 1000512, 1003324, 1003362, 1003467, 1003516, 1003519, 1003713, 1003751, 1003777, 1003322, 1004169, 1004373, 1000263, 1000257, 1000265, 1004894, 1004897, 1005147, 1005951, 1006016, 1006435, 1006483, 1006624, 1006625, 1006826, 1006876, 44, 1007516, 1007525, 1007589, 1007765, 1007768, 1009190, 1009396, 1009063, 1010668, 1010797, 1009427, 1011155, 1011654, 1012191, 1012655, 1003794, 1010999, 1011010, 1001044, 1010738, 1011226, 1011336, 1011378, 1011764], "attributes": [{"name": "Lo\u1ea1i c\u00e1p \u0111i\u1ec7n tho\u1ea1i", "value": "Lightning, Type C", "id": 100481, "is_timestamp": false, "brand_option": null, "val_id": null}], "liked": false, "liked_count": 10, "cmt_count": 30, "flag": 2, "shopee_verified": false, "is_adult": false, "is_preferred_plus_seller": false, "tier_variations": [{"name": "Color", "options": ["Black brown"], "images": ["687808af29934de328aa7911c84315ff"], "properties": null, "type": 0}], "bundle_deal_id": 0, "can_use_bundle_deal": false, "add_on_deal_info": null, "bundle_deal_info": null, "can_use_wholesale": false, "wholesale_tier_list": [], "is_group_buy_item": null, "group_buy_info": null, "welcome_package_type": 0, "welcome_package_info": null, "tax_code": null, "invoice_option": null, "complaint_policy": null, "images": ["c875e5df193e80f24a26f2d16f24f3d3", "0b1f2c50c5e9cae22f2d2e1e134777c9", "0a6709405b419f84ff3160036fdbfd67", "6f8fde63fc9c20ec79c0e70540111ea4", "db5a9226947be0eae4e6fd06ff843769", "f472a4e0eb472e4c5a41878164dff301", "d4f0d27bc5e6f611988b960b5a3d4077", "f4f42aac7afae53d00bb78c645913c16", "1c3fb0f83aa3dd1baa25c6f6d8634771"], "image": "c875e5df193e80f24a26f2d16f24f3d3", "video_info_list": [{"video_id": "f89989ff339663d035e24be94e1ecbd8", "thumb_url": "f8bbc6f983be3cc4c972e9d1965fba59", "duration": 15, "version": 2, "vid": "sg_bee00a09-e97d-433f-9118-a722553142fd_000053", "formats": [], "default_format": {"format": 600001, "defn": "ORI", "profile": "MP4", "path": "", "url": "http://play-aka.vod.shopee.com/c3/98934353/107/YzQsMTU3LTQzNDQ0LDE0MjA2ODE1NTA3ODkzMjA3MDQsMg.mp4", "width": 1280, "height": 720}}], "item_type": 0, "is_official_shop": true, "show_official_shop_label_in_title": true, "shop_location": "N\u01b0\u1edbc ngo\u00e0i", "coin_earn_label": null, "cb_option": 1, "is_pre_order": false, "estimated_days": 3, "badge_icon_type": 0, "show_free_shipping": true, "shipping_icon_type": 1, "cod_flag": 0, "is_service_by_shopee": false, "show_original_guarantee": false, "categories": [{"catid": 100013, "display_name": "\u0110i\u1ec7n Tho\u1ea1i & Ph\u1ee5 Ki\u1ec7n", "no_sub": false, "is_default_subcat": false}, {"catid": 100075, "display_name": "Ph\u1ee5 ki\u1ec7n", "no_sub": false, "is_default_subcat": false}, {"catid": 100284, "display_name": "C\u00e1p, s\u1ea1c & b\u1ed9 chuy\u1ec3n \u0111\u1ed5i", "no_sub": false, "is_default_subcat": false}, {"catid": 100481, "display_name": "C\u00e1p & B\u1ed9 chuy\u1ec3n \u0111\u1ed5i di \u0111\u1ed9ng", "no_sub": true, "is_default_subcat": false}], "other_stock": 0, "item_has_post": false, "discount_stock": 4921, "current_promotion_has_reserve_stock": false, "current_promotion_reserved_stock": 0, "normal_stock": 4921, "brand_id": 1695322, "is_alcohol_product": false, "show_recycling_info": false, "coin_info": {"spend_cash_unit": 100000, "coin_earn_items": [{"coin_earn": 0}]}, "models": [{"itemid": 6186832525, "status": 1, "current_promotion_reserved_stock": 0, "name": "Black brown", "promotionid": 1309683477, "price": 11900000000, "price_stocks": [{"allocated_stock": 0, "stock_breakdown_by_location": null}, {"allocated_stock": null, "stock_breakdown_by_location": [{"location_id": "CNZ", "available_stock": 4921, "fulfilment_type": 2, "address_id": null}]}], "current_promotion_has_reserve_stock": false, "normal_stock": 4921, "extinfo": {"tier_index": [0], "group_buy_info": null, "is_pre_order": false, "estimated_days": 3}, "price_before_discount": 17000000000, "modelid": 45058628517, "stock": 4921, "has_gimmick_tag": false}], "spl_info": {"installment_info": null, "user_credit_info": null, "channel_id": null, "show_spl": false, "show_spl_lite": false}, "preview_info": null, "fe_categories": [{"catid": 11036030, "display_name": "Mobile & Gadgets", "no_sub": false, "is_default_subcat": false}, {"catid": 11036054, "display_name": "Batteries, Cables & Charger", "no_sub": false, "is_default_subcat": false}, {"catid": 11036056, "display_name": "Cables & Converters", "no_sub": true, "is_default_subcat": false}], "presale_info": null, "is_cc_installment_payment_eligible": false, "is_non_cc_installment_payment_eligible": false, "flash_sale": null, "upcoming_flash_sale": null, "deep_discount": null, "has_low_fulfillment_rate": false, "is_partial_fulfilled": false, "makeups": null, "shop_vouchers": null, "global_sold": null, "is_infant_milk_formula_product": false, "should_show_amp_tag": false}