{"itemid": 1919516624, "shopid": 77877479, "userid": 0, "price_max_before_discount": 3700000000, "has_lowest_price_guarantee": false, "price_before_discount": 3700000000, "price_min_before_discount": 3700000000, "exclusive_price_info": null, "hidden_price_display": null, "price_min": 2390000000, "price_max": 2390000000, "price": 2390000000, "stock": 997, "discount": "35%", "historical_sold": 3, "sold": 2, "show_discount": 35, "raw_discount": 35, "min_purchase_limit": 0, "overall_purchase_limit": {"order_max_purchase_limit": 0, "overall_purchase_limit": null, "item_overall_quota": null, "start_date": null, "end_date": null}, "pack_size": null, "is_live_streaming_price": null, "name": "D\u00e2y c\u00e1p s\u1ea1c d\u1eef li\u1ec7u USB d\u00e0nh cho Xiaomi HUAWEI Samsung hoco", "ctime": 1550447626, "item_status": "normal", "status": 1, "condition": 1, "catid": 100013, "description": "Th\u1eddi gian giao h\u00e0ng d\u1ef1 ki\u1ebfn cho s\u1ea3n ph\u1ea9m n\u00e0y l\u00e0 t\u1eeb 7-9 ng\u00e0y\n\n1. Chi\u1ec1u d\u00e0i = 18cm, Tr\u1ecdng l\u01b0\u1ee3ng: 15g.\n2. V\u1ecf h\u1ee3p kim nh\u00f4m oxy h\u00f3a b\u1ec1 m\u1eb7t.\n3. Ecderon d\u1ec7t nylon \u0111\u1ed9 b\u1ec1n cao.\n4. Ch\u1ee9c n\u0103ng OTG, m\u1edf r\u1ed9ng c\u00e1c thi\u1ebft b\u1ecb kh\u00e1c nhau, ch\u1eb3ng h\u1ea1n nh\u01b0 b\u00e0n ph\u00edm, chu\u1ed9t v\u00e0 c\u1ea7n \u0111i\u1ec1u khi\u1ec3n, v.v.\n5. USB 2.0\n6. Ph\u00edch c\u1eafm k\u1ebft n\u1ed1i \u00e2m v\u00e0 d\u01b0\u01a1ng.\n\n#huawei #passion gadgets #xiaomi #bare bears #go pro #christmas #original source #gift #oppo #samsuang s9 #charging cable #adapter #earphone", "is_mart": false, "show_shopee_verified_label": false, "size_chart": null, "reference_item_id": "", "brand": null, "item_rating": {"rating_star": 5, "rating_count": [1, 0, 0, 0, 0, 1]}, "label_ids": [1001061, 1001067, 1000752, 1001087, 1000949, 1000950, 1000955, 1000958, 1000969, 1000979, 1000982, 1000987, 1001012, 1001013, 1001033, 1000469, 1000480, 1000520, 1000518, 1000254, 1000533, 1000488, 1000549, 1000599, 1000619, 1000634, 1000661, 1000662, 1000687, 1000698, 1000707, 1000715, 1000723, 1000724, 1000740, 1000748, 1000764, 1000279, 1000283, 1000285, 1000298, 1000313, 1000384, 1000419, 1000422, 1000445, 1000462, 1000827, 1000838, 1000846, 1000864, 1000477, 1000871, 1000873, 1000912, 1000940, 1000941, 1000097, 1000134, 1000137, 1000142, 1000177, 1000196, 1000203, 1000223, 1000234, 1000243, 1000245, 1000258, 1000259, 1000260, 1000270, 1000274, 1000276, 1001321, 1001324, 1000412, 1000558, 1000560, 1000643, 1000735, 1000956, 1001030, 1001060, 1001323, 1001043, 1001419, 1001420, 1001421, 1001740, 1001739, 1001748, 1000742, 1001961, 1002071, 1002118, 1002123, 1002125, 1002181, 1002278, 1002280, 1002282, 1002407, 1002409, 1002603, 1002899, 1002934, 1002991, 1003133, 1003169, 1000512, 1003324, 1003362, 1003467, 1003516, 1003519, 1003713, 1003751, 1003777, 1003322, 1004169, 1004373, 1000263, 1000257, 1000265, 1004894, 1004897, 1005147, 1005951, 1006016, 1006435, 1006483, 1006624, 1006625, 1006826, 1006876, 44, 1007516, 1007525, 1007589, 1007765, 1007768, 1009190, 1009396, 1009063, 1010668, 1010797, 1009427, 1011155, 1011654, 1012191, 1012655, 1000102, 1000119], "attributes": null, "liked": false, "liked_count": 1, "cmt_count": 1, "flag": 2, "shopee_verified": false, "is_adult": false, "is_preferred_plus_seller": false, "tier_variations": [{"name": "color", "options": ["gold"], "images": null, "properties": null, "type": null}, {"name": "type", "options": ["micro", "type c"], "images": null, "properties": null, "type": null}], "bundle_deal_id": 0, "can_use_bundle_deal": false, "add_on_deal_info": null, "bundle_deal_info": null, "can_use_wholesale": false, "wholesale_tier_list": [], "is_group_buy_item": null, "group_buy_info": null, "welcome_package_type": 0, "welcome_package_info": null, "tax_code": null, "invoice_option": null, "complaint_policy": null, "images": ["1d611fb9d98b3947534ac6ebd16102b9", "fafb6d31501da4885277266f9800a35c", "63a335199e47bc905530d3b69df74f11", "848abb73b7c6d965f5dc2959f4d91a3a", "88409d009172516df80f4d210d9040b2", "1265618fb71dd5614274c3730cc2bf8b", "0a04f7999c758829dccd788c305f170f"], "image": "1d611fb9d98b3947534ac6ebd16102b9", "video_info_list": null, "item_type": 0, "is_official_shop": true, "show_official_shop_label_in_title": true, "shop_location": "N\u01b0\u1edbc ngo\u00e0i", "coin_earn_label": null, "cb_option": 1, "is_pre_order": false, "estimated_days": 3, "badge_icon_type": 0, "show_free_shipping": true, "shipping_icon_type": 1, "cod_flag": 0, "is_service_by_shopee": false, "show_original_guarantee": false, "categories": [{"catid": 100013, "display_name": "\u0110i\u1ec7n Tho\u1ea1i & Ph\u1ee5 Ki\u1ec7n", "no_sub": false, "is_default_subcat": false}, {"catid": 100075, "display_name": "Ph\u1ee5 ki\u1ec7n", "no_sub": false, "is_default_subcat": false}, {"catid": 100284, "display_name": "C\u00e1p, s\u1ea1c & b\u1ed9 chuy\u1ec3n \u0111\u1ed5i", "no_sub": false, "is_default_subcat": false}, {"catid": 100481, "display_name": "C\u00e1p & B\u1ed9 chuy\u1ec3n \u0111\u1ed5i di \u0111\u1ed9ng", "no_sub": true, "is_default_subcat": false}], "other_stock": 0, "item_has_post": false, "discount_stock": 997, "current_promotion_has_reserve_stock": false, "current_promotion_reserved_stock": 0, "normal_stock": 997, "brand_id": 0, "is_alcohol_product": false, "show_recycling_info": false, "coin_info": {"spend_cash_unit": 100000, "coin_earn_items": [{"coin_earn": 0}, {"coin_earn": 0}]}, "models": [{"itemid": 1919516624, "status": 1, "current_promotion_reserved_stock": 0, "name": "gold,micro", "promotionid": 1309683477, "price": 2390000000, "price_stocks": [{"allocated_stock": 0, "stock_breakdown_by_location": null}, {"allocated_stock": 0, "stock_breakdown_by_location": [{"location_id": "CNZ", "available_stock": 498, "fulfilment_type": 2, "address_id": null}]}], "current_promotion_has_reserve_stock": false, "normal_stock": 498, "extinfo": {"tier_index": [0, 0], "group_buy_info": null, "is_pre_order": null, "estimated_days": 3}, "price_before_discount": 3700000000, "modelid": 3280311813, "stock": 498, "has_gimmick_tag": false}, {"itemid": 1919516624, "status": 1, "current_promotion_reserved_stock": 0, "name": "gold,type c", "promotionid": 1309683477, "price": 2390000000, "price_stocks": [{"allocated_stock": 0, "stock_breakdown_by_location": null}, {"allocated_stock": 0, "stock_breakdown_by_location": [{"location_id": "CNZ", "available_stock": 499, "fulfilment_type": 2, "address_id": null}]}], "current_promotion_has_reserve_stock": false, "normal_stock": 499, "extinfo": {"tier_index": [0, 1], "group_buy_info": null, "is_pre_order": null, "estimated_days": 3}, "price_before_discount": 3700000000, "modelid": 3280311814, "stock": 499, "has_gimmick_tag": false}], "spl_info": {"installment_info": null, "user_credit_info": null, "channel_id": null, "show_spl": false, "show_spl_lite": false}, "preview_info": null, "fe_categories": [{"catid": 11036030, "display_name": "Mobile & Gadgets", "no_sub": false, "is_default_subcat": false}, {"catid": 11036054, "display_name": "Batteries, Cables & Charger", "no_sub": false, "is_default_subcat": false}, {"catid": 11036056, "display_name": "Cables & Converters", "no_sub": true, "is_default_subcat": false}], "presale_info": null, "is_cc_installment_payment_eligible": false, "is_non_cc_installment_payment_eligible": false, "flash_sale": null, "upcoming_flash_sale": null, "deep_discount": null, "has_low_fulfillment_rate": false, "is_partial_fulfilled": false, "makeups": null, "shop_vouchers": null, "global_sold": null, "is_infant_milk_formula_product": false, "should_show_amp_tag": false}