{"itemid": 3400182282, "shopid": 88201679, "userid": 0, "price_max_before_discount": 2299000000000, "has_lowest_price_guarantee": true, "price_before_discount": 2299000000000, "price_min_before_discount": 2299000000000, "exclusive_price_info": null, "hidden_price_display": null, "price_min": 1449000000000, "price_max": 1449000000000, "price": 1449000000000, "stock": 6, "discount": "37%", "historical_sold": 2032, "sold": 171, "show_discount": 37, "raw_discount": 37, "min_purchase_limit": 0, "overall_purchase_limit": {"order_max_purchase_limit": 0, "overall_purchase_limit": null, "item_overall_quota": null, "start_date": null, "end_date": null}, "pack_size": null, "is_live_streaming_price": null, "name": "Apple iPhone 11 128GB", "ctime": 1570164988, "item_status": "normal", "status": 1, "condition": 1, "catid": 100013, "description": "L\u01b0u \u00fd: C\u00e1c s\u1ea3n ph\u1ea9m s\u1ea3n xu\u1ea5t sau th\u00e1ng 10/2020 s\u1ebd kh\u00f4ng c\u00f3 c\u1ee7 s\u1ea1c v\u00e0 tai nghe trong b\u1ed9 s\u1ea3n ph\u1ea9m.\r\n\r\nQuay video 4K, ch\u1ee5p \u1ea3nh ch\u00e2n dung tuy\u1ec7t \u0111\u1eb9p v\u00e0 ch\u1ee5p \u1ea3nh phong c\u1ea3nh r\u1ed9ng v\u1edbi h\u1ec7 th\u1ed1ng camera k\u00e9p ho\u00e0n to\u00e0n m\u1edbi. Ch\u1ee5p \u1ea3nh tuy\u1ec7t \u0111\u1eb9p trong \u0111i\u1ec1u ki\u1ec7n \u00e1nh s\u00e1ng y\u1ebfu v\u1edbi ch\u1ebf \u0111\u1ed9 Ban \u0110\u00eam. Xem \u1ea3nh, video v\u00e0 ch\u01a1i game m\u00e0u s\u1eafc ch\u00e2n th\u1ef1c tr\u00ean m\u00e0n h\u00ecnh Liquid Retina 6.1 inch (3). Tr\u1ea3i nghi\u1ec7m hi\u1ec7u n\u0103ng ch\u01b0a t\u1eebng c\u00f3 v\u1edbi chip A13 Bionic cho game, th\u1ef1c t\u1ebf \u1ea3o t\u0103ng c\u01b0\u1eddng (AR) v\u00e0 ch\u1ee5p \u1ea3nh. L\u00e0m \u0111\u01b0\u1ee3c nhi\u1ec1u vi\u1ec7c h\u01a1n v\u00e0 s\u1ea1c \u00edt h\u01a1n v\u1edbi th\u1eddi l\u01b0\u1ee3ng pin b\u1ec1n b\u1ec9 c\u1ea3 ng\u00e0y (2). V\u00e0 b\u1edbt ph\u1ea3i lo l\u1eafng nh\u1edd kh\u1ea3 n\u0103ng ch\u1ed1ng n\u01b0\u1edbc \u1edf \u0111\u1ed9 s\u00e2u t\u1ed1i \u0111a 2 m\u00e9t trong v\u00f2ng 30 ph\u00fat (1).\r\n\r\nT\u00ednh n\u0103ng n\u1ed5i b\u1eadt \r\n\u2022\tM\u00e0n h\u00ecnh Liquid Retina HD LCD 6.1 inch (3)  \r\n\u2022\tCh\u1ed1ng n\u01b0\u1edbc v\u00e0 ch\u1ed1ng b\u1ee5i (ch\u1ed1ng n\u01b0\u1edbc \u1edf \u0111\u1ed9 s\u00e2u 2 m\u00e9t trong v\u00f2ng t\u1ed1i \u0111a 30 ph\u00fat, \u0111\u1ea1t m\u1ee9c IP68) (1) \r\n\u2022\tH\u1ec7 th\u1ed1ng camera k\u00e9p 12MP v\u1edbi camera Ultra Wide v\u00e0 Wide; ch\u1ebf \u0111\u1ed9 Ban \u0110\u00eam, ch\u1ebf \u0111\u1ed9 Ch\u00e2n Dung v\u00e0 video 4K t\u1ed1c \u0111\u1ed9 t\u1ed1i \u0111a 60fps \r\n\u2022\tCamera tr\u01b0\u1edbc TrueDepth 12MP v\u1edbi ch\u1ebf \u0111\u1ed9 Ch\u00e2n Dung, quay video 4K v\u00e0 quay video ch\u1eadm \r\n\u2022\tX\u00e1c th\u1ef1c b\u1ea3o m\u1eadt v\u1edbi Face ID \r\n\u2022\tChip A13 Bionic v\u1edbi Neural Engine th\u1ebf h\u1ec7 th\u1ee9 ba \r\n\u2022\tKh\u1ea3 n\u0103ng s\u1ea1c nhanh\r\n\u2022\tS\u1ea1c kh\u00f4ng d\u00e2y (4) \r\n\u2022\tiOS 13 c\u00f9ng v\u1edbi ch\u1ebf \u0111\u1ed9 Dark Mode, c\u00e1c c\u00f4ng c\u1ee5 ch\u1ec9nh \u1ea3nh v\u00e0 quay video m\u1edbi, v\u00e0 c\u00e1c t\u00ednh n\u0103ng b\u1ea3o m\u1eadt ho\u00e0n to\u00e0n m\u1edbi \r\n\r\nPh\u00e1p l\u00fd \r\n(1) iPhone 11 c\u00f3 kh\u1ea3 n\u0103ng ch\u1ed1ng tia n\u01b0\u1edbc, ch\u1ed1ng n\u01b0\u1edbc v\u00e0 ch\u1ed1ng b\u1ee5i. S\u1ea3n ph\u1ea9m \u0111\u00e3 qua ki\u1ec3m nghi\u1ec7m trong \u0111i\u1ec1u ki\u1ec7n ph\u00f2ng th\u00ed nghi\u1ec7m c\u00f3 ki\u1ec3m so\u00e1t \u0111\u1ea1t m\u1ee9c IP68 theo ti\u00eau chu\u1ea9n IEC 60529 (ch\u1ed1ng n\u01b0\u1edbc \u1edf \u0111\u1ed9 s\u00e2u t\u1ed1i \u0111a 2 m\u00e9t trong v\u00f2ng t\u1ed1i \u0111a 30 ph\u00fat). Kh\u1ea3 n\u0103ng ch\u1ed1ng tia n\u01b0\u1edbc, ch\u1ed1ng n\u01b0\u1edbc, v\u00e0 ch\u1ed1ng b\u1ee5i kh\u00f4ng ph\u1ea3i l\u00e0 c\u00e1c \u0111i\u1ec1u ki\u1ec7n v\u0129nh vi\u1ec5n v\u00e0 kh\u1ea3 n\u0103ng n\u00e0y c\u00f3 th\u1ec3 gi\u1ea3m do hao m\u00f2n th\u00f4ng th\u01b0\u1eddng. Kh\u00f4ng s\u1ea1c pin khi iPhone \u0111ang b\u1ecb \u01b0\u1edbt. Vui l\u00f2ng tham kh\u1ea3o h\u01b0\u1edbng d\u1eabn s\u1eed d\u1ee5ng \u0111\u1ec3 bi\u1ebft c\u00e1ch lau s\u1ea1ch v\u00e0 l\u00e0m kh\u00f4 m\u00e1y. Kh\u00f4ng b\u1ea3o h\u00e0nh s\u1ea3n ph\u1ea9m b\u1ecb h\u1ecfng do th\u1ea5m ch\u1ea5t l\u1ecfng.\r\n(2) Th\u1eddi l\u01b0\u1ee3ng pin kh\u00e1c nhau t\u00f9y theo c\u00e1ch s\u1eed d\u1ee5ng v\u00e0 c\u1ea5u h\u00ecnh. Truy c\u1eadp www.apple.com/batteries \u0111\u1ec3 bi\u1ebft th\u00eam th\u00f4ng tin. \r\n(3) M\u00e0n h\u00ecnh c\u00f3 c\u00e1c g\u00f3c bo tr\u00f2n. Khi t\u00ednh theo h\u00ecnh ch\u1eef nh\u1eadt, k\u00edch th\u01b0\u1edbc m\u00e0n h\u00ecnh iPhone 11 l\u00e0 6.06 inch theo \u0111\u01b0\u1eddng ch\u00e9o. Di\u1ec7n t\u00edch hi\u1ec3n th\u1ecb th\u1ef1c t\u1ebf nh\u1ecf h\u01a1n.\r\n(4) Kh\u00f4ng b\u00e1n k\u00e8m b\u1ed9 s\u1ea1c kh\u00f4ng d\u00e2y Qi. \r\n\r\nB\u1ed9 s\u1ea3n ph\u1ea9m bao g\u1ed3m: \r\n\u2022\t\u0110i\u1ec7n tho\u1ea1i \r\n\u2022\tC\u00e1p s\u1ea1c\r\n\u2022\tC\u1ee7 s\u1ea1c + Tai nghe (V\u1edbi s\u1ea3n ph\u1ea9m s\u1ea3n xu\u1ea5t tr\u01b0\u1edbc 10/2020)\r\n\u2022\tHDSD B\u1ea3o h\u00e0nh \u0111i\u1ec7n t\u1eed 12 th\u00e1ng.\r\n\r\nTh\u00f4ng tin b\u1ea3o h\u00e0nh:\r\nB\u1ea3o h\u00e0nh: 12 th\u00e1ng k\u1ec3 t\u1eeb ng\u00e0y k\u00edch ho\u1ea1t s\u1ea3n ph\u1ea9m.\r\nK\u00edch ho\u1ea1t b\u1ea3o h\u00e0nh t\u1ea1i: https://checkcoverage.apple.com/vn/en/\r\n\r\nH\u01b0\u1edbng d\u1eabn ki\u1ec3m tra \u0111\u1ecba \u0111i\u1ec3m b\u1ea3o h\u00e0nh g\u1ea7n nh\u1ea5t:\r\nB\u01b0\u1edbc 1: Truy c\u1eadp v\u00e0o \u0111\u01b0\u1eddng link https://getsupport.apple.com/?caller=grl&locale=en_VN \r\nB\u01b0\u1edbc 2: Ch\u1ecdn s\u1ea3n ph\u1ea9m.\r\nB\u01b0\u1edbc 3: \u0110i\u1ec1n Apple ID, nh\u1eadp m\u1eadt kh\u1ea9u.\r\nSau khi ho\u00e0n t\u1ea5t, h\u1ec7 th\u1ed1ng s\u1ebd g\u1ee3i \u00fd nh\u1eefng trung t\u00e2m b\u1ea3o h\u00e0nh g\u1ea7n nh\u1ea5t.", "is_mart": false, "show_shopee_verified_label": false, "size_chart": null, "reference_item_id": "", "brand": "Apple", "item_rating": {"rating_star": 4.866666666666666, "rating_count": [631, 10, 6, 8, 13, 594]}, "label_ids": [1003974, 1000182, 1001042, 1001070, 1001011, 1001022, 1000262, 1000260, 1000258, 1000259, 1000255, 1000263, 1000254, 1000256, 1000257, 1000264, 1000265, 1000266, 1000269, 1000268, 1000267, 1000272, 1000271, 1000274, 1000273, 1000276, 1000278, 1000277, 1000275, 1000637, 1000651, 1000672, 1000279, 1000815, 1000948, 1000104, 1000105, 1000107, 1000108, 1000109, 1000110, 1000114, 1000155, 1000156, 1000157, 1000270, 1000150, 1000655, 1001035, 1001412, 1001509, 1001545, 1001613, 1001728, 1001946, 1001975, 1001978, 1002119, 1002130, 1002132, 1002131, 1002136, 1002137, 1002163, 1002190, 1002232, 1002289, 1002291, 1002373, 1002424, 1002480, 1002556, 1002579, 1002639, 1002696, 1002697, 1002727, 1002768, 1002770, 1002772, 1002827, 1002861, 1002863, 1002898, 1002965, 1002966, 1002997, 1002998, 1003118, 1003117, 1003181, 1003204, 1003280, 1003307, 1003448, 1003449, 1003462, 1003466, 1003750, 1000121, 1003866, 1003868, 1004143, 1004149, 1004292, 1004376, 1004412, 1004413, 1004471, 1004530, 1004630, 1004689, 1004870, 1005000, 1005113, 1005330, 1005357, 1005544, 1005650, 1005829, 1006117, 1006159, 1006306, 1006331, 1006352, 1006435, 1006480, 1006483, 1006624, 1006642, 1006669, 1007082, 1007113, 1007155, 1007328, 1007394, 1007516, 1007546, 1007631, 1007765, 1007768, 1006856, 1007975, 1008223, 1008283, 1008290, 1008313, 1008471, 1008515, 1008632, 1008664, 1008837, 1008862, 1008793, 1008941, 1009039, 1009058, 1009063, 1009113, 1009198, 1009374, 1009377, 1009427, 1009522, 1009763, 1010033, 1010111, 1010449, 1010668, 1010797, 1011155, 1011654, 1011843, 1012191, 1000112, 1000248, 1000352, 1000765, 1000779, 1000785, 1000836, 1000881, 1000905, 1000944, 1000973, 1001021, 1001044, 1001943, 1001950, 1001965, 58, 1002087, 1002088, 1002246, 1002248, 1002256, 1002262, 1002698, 1002932, 1003125, 1003165, 1003170, 1003233, 1003321, 1003428, 1003695, 1003698, 1003744, 1004146, 1004349, 1004370, 1004371, 1004374, 1004432, 1004542, 1004556, 1004700, 1004709, 1004487, 1005114, 1005149, 1005269, 1005342, 1005460, 1005496, 1006037, 1006129, 1006454, 1006619, 1006825, 1007182, 1007414, 1007696, 1007861, 1008562, 1008747, 1008842, 1009035, 1009079, 1009347, 1010012, 1010289, 1010290, 1010348, 1010351, 1010506, 1010507, 1011193, 1011294, 1011378, 1011519, 1011627, 1011629, 1011780, 1012011, 1009370, 1011387, 1012107, 1012539, 1012551], "attributes": null, "liked": false, "liked_count": 4753, "cmt_count": 631, "flag": 268959746, "shopee_verified": false, "is_adult": false, "is_preferred_plus_seller": false, "tier_variations": [{"name": "M\u00e0u s\u1eafc", "options": ["Yellow", "Purple", "Green", "Black", "Red", "White"], "images": ["205cbc5c4300620d0c652b6f09efed27", "ea44daff059a669d030e81d4c8f2deb8", "fd9e89a6a091f372964657a3f049c9f4", "b0ab35749de9dc6941fdca46b30d0459", "60d1ee715145b0fa39516f7dc2af3bac", "8637a4a14060c2c3b19877f2d9f940e4"], "properties": null, "type": 0}], "bundle_deal_id": 0, "can_use_bundle_deal": false, "add_on_deal_info": null, "bundle_deal_info": null, "can_use_wholesale": false, "wholesale_tier_list": [], "is_group_buy_item": null, "group_buy_info": null, "welcome_package_type": 0, "welcome_package_info": null, "tax_code": null, "invoice_option": null, "complaint_policy": null, "images": ["e891e6f900bf8b1760a343231e31f726", "eeafae3c3b0ffd4c23f04c1fa2cddb22", "d168a64934c79b21b7aeabbed2dd786c", "288d6e31cf22f1cd099138917a98f78a", "e913516afa46c4c4e2931dd3dbaa32a4", "2c00817b083fe90bbfbee67937cfa4ac", "7a23bb82197be858affc76168ee91637"], "image": "e891e6f900bf8b1760a343231e31f726", "video_info_list": null, "item_type": 0, "is_official_shop": true, "show_official_shop_label_in_title": true, "shop_location": "TP. H\u1ed3 Ch\u00ed Minh", "coin_earn_label": null, "cb_option": 0, "is_pre_order": false, "estimated_days": 2, "badge_icon_type": 6, "show_free_shipping": true, "shipping_icon_type": 0, "cod_flag": 0, "is_service_by_shopee": true, "show_original_guarantee": false, "categories": [{"catid": 100013, "display_name": "\u0110i\u1ec7n Tho\u1ea1i & Ph\u1ee5 Ki\u1ec7n", "no_sub": false, "is_default_subcat": false}, {"catid": 100073, "display_name": "\u0110i\u1ec7n tho\u1ea1i", "no_sub": true, "is_default_subcat": false}], "other_stock": 8, "item_has_post": true, "discount_stock": 6, "current_promotion_has_reserve_stock": true, "current_promotion_reserved_stock": 6, "normal_stock": 8, "brand_id": 1189223, "is_alcohol_product": false, "show_recycling_info": false, "coin_info": {"spend_cash_unit": 100000, "coin_earn_items": [{"coin_earn": 0}, {"coin_earn": 0}, {"coin_earn": 0}, {"coin_earn": 0}, {"coin_earn": 0}, {"coin_earn": 0}]}, "models": [{"itemid": 3400182282, "status": 1, "current_promotion_reserved_stock": 0, "name": "Yellow", "promotionid": 250439, "price": 1449000000000, "price_stocks": [{"allocated_stock": 0, "stock_breakdown_by_location": null}, {"allocated_stock": null, "stock_breakdown_by_location": [{"location_id": "VNW", "available_stock": 0, "fulfilment_type": 1, "address_id": 38200026}, {"location_id": "VNN", "available_stock": 0, "fulfilment_type": 1, "address_id": 38200025}, {"location_id": "VNZ", "available_stock": 0, "fulfilment_type": 2, "address_id": null}]}], "current_promotion_has_reserve_stock": false, "normal_stock": 0, "extinfo": {"tier_index": [0], "group_buy_info": null, "is_pre_order": null, "estimated_days": 2}, "price_before_discount": 2299000000000, "modelid": 7617339853, "stock": 0, "has_gimmick_tag": false}, {"itemid": 3400182282, "status": 1, "current_promotion_reserved_stock": 0, "name": "Purple", "promotionid": 250439, "price": 1449000000000, "price_stocks": [{"allocated_stock": 0, "stock_breakdown_by_location": null}, {"allocated_stock": null, "stock_breakdown_by_location": [{"location_id": "VNW", "available_stock": 0, "fulfilment_type": 1, "address_id": 38200026}, {"location_id": "VNN", "available_stock": 0, "fulfilment_type": 1, "address_id": 38200025}, {"location_id": "VNZ", "available_stock": 0, "fulfilment_type": 2, "address_id": null}]}], "current_promotion_has_reserve_stock": false, "normal_stock": 0, "extinfo": {"tier_index": [1], "group_buy_info": null, "is_pre_order": null, "estimated_days": 2}, "price_before_discount": 2299000000000, "modelid": 7617339854, "stock": 0, "has_gimmick_tag": false}, {"itemid": 3400182282, "status": 1, "current_promotion_reserved_stock": 0, "name": "Green", "promotionid": 250439, "price": 1449000000000, "price_stocks": [{"allocated_stock": 0, "stock_breakdown_by_location": null}, {"allocated_stock": null, "stock_breakdown_by_location": [{"location_id": "VNW", "available_stock": 0, "fulfilment_type": 1, "address_id": 38200026}, {"location_id": "VNN", "available_stock": 0, "fulfilment_type": 1, "address_id": 38200025}, {"location_id": "VNZ", "available_stock": 0, "fulfilment_type": 2, "address_id": null}]}], "current_promotion_has_reserve_stock": false, "normal_stock": 0, "extinfo": {"tier_index": [2], "group_buy_info": null, "is_pre_order": null, "estimated_days": 2}, "price_before_discount": 2299000000000, "modelid": 7617339855, "stock": 0, "has_gimmick_tag": false}, {"itemid": 3400182282, "status": 1, "current_promotion_reserved_stock": 6, "name": "Black", "promotionid": 2037119860, "price": 1449000000000, "price_stocks": [{"allocated_stock": 20, "stock_breakdown_by_location": [{"location_id": "VNW", "available_stock": 6, "fulfilment_type": 1, "address_id": 38200026}, {"location_id": "VNN", "available_stock": 0, "fulfilment_type": 1, "address_id": 38200025}, {"location_id": "VNZ", "available_stock": 0, "fulfilment_type": 2, "address_id": null}]}, {"allocated_stock": null, "stock_breakdown_by_location": [{"location_id": "VNW", "available_stock": 14, "fulfilment_type": 1, "address_id": null}, {"location_id": "VNN", "available_stock": 0, "fulfilment_type": 1, "address_id": null}, {"location_id": "VNZ", "available_stock": 0, "fulfilment_type": 2, "address_id": null}]}], "current_promotion_has_reserve_stock": true, "normal_stock": 8, "extinfo": {"tier_index": [3], "group_buy_info": null, "is_pre_order": null, "estimated_days": 2}, "price_before_discount": 2299000000000, "modelid": 8900639824, "stock": 6, "has_gimmick_tag": false}, {"itemid": 3400182282, "status": 1, "current_promotion_reserved_stock": 0, "name": "Red", "promotionid": 250439, "price": 1449000000000, "price_stocks": [{"allocated_stock": 0, "stock_breakdown_by_location": null}, {"allocated_stock": null, "stock_breakdown_by_location": [{"location_id": "VNW", "available_stock": 0, "fulfilment_type": 1, "address_id": 38200026}, {"location_id": "VNN", "available_stock": 0, "fulfilment_type": 1, "address_id": 38200025}, {"location_id": "VNZ", "available_stock": 0, "fulfilment_type": 2, "address_id": null}]}], "current_promotion_has_reserve_stock": false, "normal_stock": 0, "extinfo": {"tier_index": [4], "group_buy_info": null, "is_pre_order": null, "estimated_days": 2}, "price_before_discount": 2299000000000, "modelid": 8900639825, "stock": 0, "has_gimmick_tag": false}, {"itemid": 3400182282, "status": 1, "current_promotion_reserved_stock": 0, "name": "White", "promotionid": 250439, "price": 1449000000000, "price_stocks": [{"allocated_stock": 0, "stock_breakdown_by_location": null}, {"allocated_stock": null, "stock_breakdown_by_location": [{"location_id": "VNW", "available_stock": 0, "fulfilment_type": 1, "address_id": 38200026}, {"location_id": "VNN", "available_stock": 0, "fulfilment_type": 1, "address_id": 38200025}, {"location_id": "VNZ", "available_stock": 0, "fulfilment_type": 2, "address_id": null}]}], "current_promotion_has_reserve_stock": false, "normal_stock": 0, "extinfo": {"tier_index": [5], "group_buy_info": null, "is_pre_order": null, "estimated_days": 2}, "price_before_discount": 2299000000000, "modelid": 70222657182, "stock": 0, "has_gimmick_tag": false}], "spl_info": {"installment_info": null, "user_credit_info": null, "channel_id": null, "show_spl": false, "show_spl_lite": false}, "preview_info": null, "fe_categories": [{"catid": 11036030, "display_name": "Mobile & Gadgets", "no_sub": false, "is_default_subcat": false}, {"catid": 11036031, "display_name": "Mobile Phones", "no_sub": false, "is_default_subcat": false}, {"catid": 11036032, "display_name": "Apple", "no_sub": true, "is_default_subcat": false}], "presale_info": null, "is_cc_installment_payment_eligible": true, "is_non_cc_installment_payment_eligible": false, "flash_sale": {"flash_sale_type": 0, "extra_discount_info": null, "promotionid": 2037119860, "start_time": 1643778000, "end_time": 1643810400, "promo_images": ["e891e6f900bf8b1760a343231e31f726"], "price": 1449000000000, "flash_sale_stock": 20, "stock": 6, "hidden_price_display": null, "promo_overlay_image": null, "price_before_discount": 2299000000000}, "upcoming_flash_sale": null, "deep_discount": null, "has_low_fulfillment_rate": false, "is_partial_fulfilled": false, "makeups": null, "shop_vouchers": null, "global_sold": null, "is_infant_milk_formula_product": false, "should_show_amp_tag": false}