{"itemid": 11168268521, "shopid": 88201679, "userid": 0, "price_max_before_discount": 5499000000000, "has_lowest_price_guarantee": false, "price_before_discount": 5499000000000, "price_min_before_discount": 5499000000000, "exclusive_price_info": null, "hidden_price_display": null, "price_min": 5250000000000, "price_max": 5250000000000, "price": 5250000000000, "stock": 2, "discount": "5%", "historical_sold": 20, "sold": 4, "show_discount": 5, "raw_discount": 5, "min_purchase_limit": 0, "overall_purchase_limit": {"order_max_purchase_limit": 0, "overall_purchase_limit": null, "item_overall_quota": null, "start_date": null, "end_date": null}, "pack_size": null, "is_live_streaming_price": null, "name": "Apple M1 Pro chip 14-inch with 8\u2011core CPU and 14\u2011core GPU, 16GB, 512GB SSD", "ctime": 1636097189, "item_status": "normal", "status": 1, "condition": 1, "catid": 100644, "description": "Apple M1 Pro chip 14-inch with 8\u2011core CPU and 14\u2011core GPU, 16GB, 512GB SSD\n\n\nApple M1 Pro l\u00e0 phi\u00ean b\u1ea3n k\u1ebf nhi\u1ec7m c\u1ee7a con chip Apple M1 v\u1edbi ti\u1ebfn tr\u00ecnh 5 nm, t\u00edch h\u1ee3p 8 l\u00f5i CPU v\u1edbi 6 l\u00f5i hi\u1ec7u su\u1ea5t cao v\u00e0 2 l\u00f5i ti\u1ebft ki\u1ec7m \u0111i\u1ec7n mang \u0111\u1ebfn cho b\u1ea1n m\u1ed9t hi\u1ec7u su\u1ea5t l\u00e0m vi\u1ec7c c\u1ef1c k\u1ef3 cao v\u1edbi t\u1ed1c \u0111\u1ed9 x\u1eed l\u00fd nhanh ch\u00f3ng nhanh h\u01a1n 70% v\u00e0 hi\u1ec7u n\u0103ng t\u0103ng 1.7 l\u1ea7n so v\u1edbi c\u00e1c th\u1ebf h\u1ec7 ti\u1ec1n nhi\u1ec7m \u0111\u1ed3ng th\u1eddi ti\u1ebft ki\u1ec7m m\u1ed9t l\u01b0\u1ee3ng \u0111i\u1ec7n n\u0103ng \u0111\u00e1ng k\u1ec3 \u0111\u1ec3 k\u00e9o d\u00e0i th\u1eddi l\u01b0\u1ee3ng pin h\u01a1n.\n\nD\u1ec5 d\u00e0ng chinh ph\u1ee5c c\u00e1c t\u00e1c v\u1ee5 kh\u1eaft khe nh\u1ea5t nh\u01b0 ch\u1ec9nh s\u1eeda \u1ea3nh v\u1edbi \u0111\u1ed9 ph\u00e2n gi\u1ea3i cao, thi\u1ebft k\u1ebf \u0111\u1ed3 h\u1ecda 2D, 3D, render video chuy\u00ean nghi\u1ec7p tr\u00ean c\u00e1c \u1ee9ng d\u1ee5ng c\u1ee7a nh\u00e0 Adobe nh\u01b0 Photoshop, Illustrator, Premiere,... nhanh h\u01a1n g\u1ea5p 2 l\u1ea7n so v\u1edbi chip Apple M1 v\u00e0 g\u1ea5p 7 l\u1ea7n so v\u1edbi c\u00e1c chip \u0111\u1ed3 h\u1ecda t\u00edch h\u1ee3p 8 l\u00f5i ph\u1ed5 bi\u1ebfn hi\u1ec7n nay nh\u1edd v\u00e0o 14 nh\u00e2n GPU m\u1ea1nh m\u1ebd.\n\n\u0110a nhi\u1ec7m m\u01b0\u1ee3t m\u00e0 h\u01a1n bao gi\u1edd h\u1ebft v\u1edbi b\u1ed9 nh\u1edb RAM 16 GB cho ph\u00e9p b\u1ea1n h\u00e0ng ch\u1ee5c c\u1eeda s\u1ed5 hay c\u00e1c layer \u0111\u1ed3 h\u1ecda c\u00f9ng l\u00fac m\u00e0 kh\u00f4ng x\u1ea3y ra hi\u1ec7n t\u01b0\u1ee3ng lag, gi\u1eadt, gi\u1ea3i quy\u1ebft kh\u1ed1i l\u01b0\u1ee3ng c\u00f4ng vi\u1ec7c l\u1edbn m\u1ed9t c\u00e1ch nhanh ch\u00f3ng v\u00e0 \u1ea5n t\u01b0\u1ee3ng.\n\n\u1ed4 c\u1ee9ng SSD 512 GB cung c\u1ea5p kh\u00f4ng gian l\u01b0u tr\u1eef v\u1eeba \u0111\u1ee7 \u0111\u1ec3 b\u1ea1n t\u1ea3i c\u00e1c t\u1eadp t\u00e0i li\u1ec7u h\u1eefu \u00edch v\u1ec1 m\u00e1y v\u1edbi t\u1ed1c \u0111\u1ed9 \u0111\u1ecdc ghi nhanh ch\u00f3ng, t\u0103ng t\u1ed1c to\u00e0n di\u1ec7n gi\u00fap r\u00fat ng\u1eafn th\u1eddi gian kh\u1edfi \u0111\u1ed9ng m\u00e1y v\u00e0 m\u1edf c\u00e1c \u1ee9ng d\u1ee5ng trong t\u00edch t\u1eafc.\n\nH\u1ec7 \u0111i\u1ec1u h\u00e0nh macOS Big Sur mang \u0111\u1ebfn m\u1ed9t giao di\u1ec7n m\u1edbi tinh t\u1ebf, gi\u00fap c\u00e1c thao t\u00e1c l\u00e0m vi\u1ec7c c\u1ee7a b\u1ea1n tr\u1edf n\u00ean d\u1ec5 d\u00e0ng h\u01a1n v\u1edbi c\u00e1c thanh c\u00f4ng c\u1ee5 g\u1ecdn g\u00e0ng \u1edf v\u1ecb tr\u00ed gi\u1eefa m\u00e0n h\u00ecnh \u0111\u1ea3m b\u1ea3o n\u1ed9i dung lu\u00f4n n\u1eb1m ch\u00ednh x\u00e1c \u1edf v\u1ecb tr\u00ed m\u00e0 b\u1ea1n mu\u1ed1n \u0111\u1ed3ng th\u1eddi t\u0103ng c\u01b0\u1eddng t\u00ednh b\u1ea3o m\u1eadt c\u0169ng nh\u01b0 c\u1eadp nh\u1eadt kho \u1ee9ng d\u1ee5ng kh\u1ed5ng l\u1ed3 \u0111\u00e1p \u1ee9ng t\u1ea5t c\u1ea3 nhu c\u1ea7u c\u1ee7a b\u1ea1n.\n\n\u0110\u1eb7c bi\u1ec7t h\u01a1n l\u00e0 Apple \u0111\u00e3 n\u00e2ng c\u1ea5p l\u00ean Camera 1080p FaceTime HD mang \u0111\u1ebfn m\u1ed9t ch\u1ea5t l\u01b0\u1ee3ng video s\u1eafc n\u00e9t h\u01a1n \u0111\u1ec3 ph\u1ee5c v\u1ee5 cho c\u00e1c cu\u1ed9c h\u1ecdp tr\u1ef1c tuy\u1ebfn hay h\u1ecdc t\u1eadp online c\u1ee7a ng\u01b0\u1eddi d\u00f9ng.\n\n\u0110\u01b0\u1ee3c trang b\u1ecb 3 c\u1ed5ng Thunderbolt 4 USB-C v\u1edbi kh\u1ea3 n\u0103ng v\u1eeba s\u1ea1c v\u1eeba truy\u1ec1n d\u1eef li\u1ec7u nhanh ch\u00f3ng, HDMI v\u00e0 Jack tai nghe 3.5 mm h\u1ed7 tr\u1ee3 li\u00ean k\u1ebft d\u1ec5 d\u00e0ng v\u1edbi c\u00e1c thi\u1ebft b\u1ecb ngo\u1ea1i vi t\u01b0\u01a1ng th\u00edch nh\u01b0 loa, m\u00e1y chi\u1ebfu, m\u00e1y in,... m\u1ed9t c\u00e1ch d\u1ec5 d\u00e0ng. Ngo\u00e0i ra, chu\u1ea9n Bluetooth 5.0 v\u00e0 Wi-Fi 6 (802.11ax) \u0111\u1ea3m b\u1ea3o cho \u0111\u01b0\u1eddng truy\u1ec1n lu\u00f4n trong tr\u1ea1ng th\u00e1i \u1ed5n \u0111\u1ecbnh, h\u1ea1n ch\u1ebf t\u1ed1i \u0111a vi\u1ec7c b\u1ecb ng\u1eaft k\u1ebft n\u1ed1i gi\u1eefa ch\u1eebng.\n\nS\u1ef1 xu\u1ea5t hi\u1ec7n c\u1ee7a khe \u0111\u1ecdc th\u1ebb nh\u1edb SD tr\u00ean MacBook Pro 14 inch s\u1ebd l\u00e0 m\u1ed9t tin vui v\u1edbi nh\u1eefng ng\u01b0\u1eddi th\u01b0\u1eddng xuy\u00ean ph\u1ea3i l\u00e0m c\u00e1c c\u00f4ng vi\u1ec7c ghi h\u00ecnh, ch\u1ee5p \u1ea3nh v\u00e0 s\u1ea1c MagSafe 3 v\u1edbi thi\u1ebft k\u1ebf nh\u1ecf nh\u1eafn h\u01a1n r\u1ea5t nhi\u1ec1u, gi\u00fap ng\u01b0\u1eddi d\u00f9ng thu\u1eadn ti\u1ec7n r\u00fat c\u1eafm m\u00e0 kh\u00f4ng c\u1ea7n \u0111\u1ebfn d\u00e2y c\u00e1p d\u00e0i, r\u01b0\u1eddm r\u00e0 v\u00e0 gi\u00fap b\u1ea1n s\u1ea1c pin nhanh ch\u00f3ng.\n\nPh\u00e1p l\u00fd \nHi\u1ec7n c\u00f3 s\u1eb5n c\u00e1c l\u1ef1a ch\u1ecdn \u0111\u1ec3 n\u00e2ng c\u1ea5p. \n(1) So v\u1edbi th\u1ebf h\u1ec7 m\u00e1y tr\u01b0\u1edbc. \n(2) Th\u1eddi l\u01b0\u1ee3ng pin kh\u00e1c nhau t\u00f9y theo c\u00e1ch s\u1eed d\u1ee5ng v\u00e0 c\u1ea5u h\u00ecnh. Truy c\u1eadp apple.com/batteries \u0111\u1ec3 bi\u1ebft th\u00eam th\u00f4ng tin. \n(3) K\u00edch th\u01b0\u1edbc m\u00e0n h\u00ecnh t\u00ednh theo \u0111\u01b0\u1eddng ch\u00e9o.\n\nTh\u00f4ng tin b\u1ea3o h\u00e0nh:\nB\u1ea3o h\u00e0nh: 12 th\u00e1ng k\u1ec3 t\u1eeb ng\u00e0y k\u00edch ho\u1ea1t s\u1ea3n ph\u1ea9m.\nK\u00edch ho\u1ea1t b\u1ea3o h\u00e0nh t\u1ea1i: https://checkcoverage.apple.com/vn/en/\n\nH\u01b0\u1edbng d\u1eabn ki\u1ec3m tra \u0111\u1ecba \u0111i\u1ec3m b\u1ea3o h\u00e0nh g\u1ea7n nh\u1ea5t:\nB\u01b0\u1edbc 1: Truy c\u1eadp v\u00e0o \u0111\u01b0\u1eddng link https://getsupport.apple.com/?caller=grl&locale=en_VN \nB\u01b0\u1edbc 2: Ch\u1ecdn s\u1ea3n ph\u1ea9m.\nB\u01b0\u1edbc 3: \u0110i\u1ec1n Apple ID, nh\u1eadp m\u1eadt kh\u1ea9u.\nSau khi ho\u00e0n t\u1ea5t, h\u1ec7 th\u1ed1ng s\u1ebd g\u1ee3i \u00fd nh\u1eefng trung t\u00e2m b\u1ea3o h\u00e0nh g\u1ea7n nh\u1ea5t.", "is_mart": false, "show_shopee_verified_label": false, "size_chart": null, "reference_item_id": "", "brand": "Apple", "item_rating": {"rating_star": 5, "rating_count": [5, 0, 0, 0, 0, 5]}, "label_ids": [1003974, 1000182, 1001042, 1001070, 1001011, 1001022, 1000262, 1000260, 1000258, 1000259, 1000255, 1000263, 1000254, 1000256, 1000257, 1000264, 1000265, 1000266, 1000269, 1000268, 1000267, 1000272, 1000271, 1000274, 1000273, 1000276, 1000278, 1000277, 1000275, 1000637, 1000651, 1000672, 1000279, 1000815, 1000948, 1000104, 1000105, 1000107, 1000108, 1000109, 1000110, 1000114, 1000155, 1000156, 1000157, 1000270, 1000150, 1000655, 1001035, 1001412, 1001509, 1001545, 1001613, 1001728, 1001946, 1001975, 1001978, 1002119, 1002130, 1002132, 1002131, 1002136, 1002137, 1002163, 1002190, 1002232, 1002289, 1002291, 1002373, 1002424, 1002480, 1002556, 1002579, 1002639, 1002696, 1002697, 1002727, 1002768, 1002770, 1002772, 1002827, 1002861, 1002863, 1002898, 1002965, 1002966, 1002997, 1002998, 1003118, 1003117, 1003181, 1003204, 1003280, 1003307, 1003448, 1003449, 1003462, 1003466, 1003750, 1000121, 1003866, 1003868, 1004143, 1004149, 1004292, 1004376, 1004412, 1004413, 1004471, 1004530, 1004630, 1004689, 1004870, 1005000, 1005113, 1005330, 1005357, 1005544, 1005650, 1005829, 1006117, 1006159, 1006306, 1006331, 1006352, 1006435, 1006480, 1006483, 1006624, 1006642, 1006669, 1007082, 1007113, 1007155, 1007328, 1007394, 1007516, 1007546, 1007631, 1007765, 1007768, 1006856, 1007975, 1008223, 1008283, 1008290, 1008313, 1008471, 1008515, 1008632, 1008664, 1008837, 1008862, 1008793, 1008941, 1009039, 1009058, 1009063, 1009113, 1009198, 1009374, 1009377, 1009427, 1009522, 1009763, 1010033, 1010111, 1010449, 1010668, 1010797, 1011155, 1011654, 1011843, 1012191, 1004367, 1011627, 1011629, 1012011, 1006619, 1011387, 1012107, 1012539, 1012551], "attributes": [{"name": "Lo\u1ea1i laptop", "value": "2-in-1", "id": 100388, "is_timestamp": false, "brand_option": null, "val_id": null}], "liked": false, "liked_count": 94, "cmt_count": 5, "flag": 268959744, "shopee_verified": false, "is_adult": false, "is_preferred_plus_seller": false, "tier_variations": [{"name": "Ph\u00e2n Lo\u1ea1i", "options": ["Space Grey", "Silver"], "images": null, "properties": null, "type": 0}], "bundle_deal_id": 0, "can_use_bundle_deal": false, "add_on_deal_info": null, "bundle_deal_info": null, "can_use_wholesale": false, "wholesale_tier_list": [], "is_group_buy_item": null, "group_buy_info": null, "welcome_package_type": 0, "welcome_package_info": null, "tax_code": null, "invoice_option": null, "complaint_policy": null, "images": ["45e67f8dc0615580d0565fbf298dab2a", "81b348af8d6b59236f79a53a785d1e75", "fb1000cbf772a2f749adc3879727cabe", "cbcccf9d5b896809f2c44f9e4a208260", "a3057cd66b030a3e4cbab585d607027e", "bdc870fb3e7ecaec28696ea7687eff6c"], "image": "45e67f8dc0615580d0565fbf298dab2a", "video_info_list": null, "item_type": 0, "is_official_shop": true, "show_official_shop_label_in_title": true, "shop_location": "TP. H\u1ed3 Ch\u00ed Minh", "coin_earn_label": null, "cb_option": 0, "is_pre_order": false, "estimated_days": 2, "badge_icon_type": 6, "show_free_shipping": false, "shipping_icon_type": 0, "cod_flag": 0, "is_service_by_shopee": true, "show_original_guarantee": false, "categories": [{"catid": 100644, "display_name": "M\u00e1y t\u00ednh & Laptop", "no_sub": false, "is_default_subcat": false}, {"catid": 101942, "display_name": "Laptop", "no_sub": true, "is_default_subcat": false}], "other_stock": 0, "item_has_post": false, "discount_stock": 2, "current_promotion_has_reserve_stock": false, "current_promotion_reserved_stock": 0, "normal_stock": 2, "brand_id": 1189223, "is_alcohol_product": false, "show_recycling_info": false, "coin_info": {"spend_cash_unit": 100000, "coin_earn_items": [{"coin_earn": 0}, {"coin_earn": 0}]}, "models": [{"itemid": 11168268521, "status": 1, "current_promotion_reserved_stock": 0, "name": "Space Grey", "promotionid": 1301690468, "price": 5250000000000, "price_stocks": [{"allocated_stock": 0, "stock_breakdown_by_location": null}, {"allocated_stock": null, "stock_breakdown_by_location": [{"location_id": "VNW", "available_stock": 0, "fulfilment_type": 1, "address_id": 38200026}, {"location_id": "VNN", "available_stock": 0, "fulfilment_type": 1, "address_id": 38200025}, {"location_id": "VNZ", "available_stock": 0, "fulfilment_type": 2, "address_id": null}]}], "current_promotion_has_reserve_stock": false, "normal_stock": 0, "extinfo": {"tier_index": [0], "group_buy_info": null, "is_pre_order": null, "estimated_days": 2}, "price_before_discount": 5499000000000, "modelid": 103668794751, "stock": 0, "has_gimmick_tag": false}, {"itemid": 11168268521, "status": 1, "current_promotion_reserved_stock": 0, "name": "Silver", "promotionid": 1301690468, "price": 5250000000000, "price_stocks": [{"allocated_stock": 0, "stock_breakdown_by_location": null}, {"allocated_stock": null, "stock_breakdown_by_location": [{"location_id": "VNW", "available_stock": 2, "fulfilment_type": 1, "address_id": 38200026}, {"location_id": "VNN", "available_stock": 0, "fulfilment_type": 1, "address_id": 38200025}, {"location_id": "VNZ", "available_stock": 0, "fulfilment_type": 2, "address_id": null}]}], "current_promotion_has_reserve_stock": false, "normal_stock": 2, "extinfo": {"tier_index": [1], "group_buy_info": null, "is_pre_order": null, "estimated_days": 2}, "price_before_discount": 5499000000000, "modelid": 103668794752, "stock": 2, "has_gimmick_tag": false}], "spl_info": {"installment_info": null, "user_credit_info": null, "channel_id": null, "show_spl": false, "show_spl_lite": false}, "preview_info": null, "fe_categories": [{"catid": 11035954, "display_name": "Computer & Accessories", "no_sub": false, "is_default_subcat": false}, {"catid": 11036015, "display_name": "Laptops", "no_sub": true, "is_default_subcat": false}], "presale_info": null, "is_cc_installment_payment_eligible": true, "is_non_cc_installment_payment_eligible": false, "flash_sale": null, "upcoming_flash_sale": null, "deep_discount": null, "has_low_fulfillment_rate": false, "is_partial_fulfilled": false, "makeups": null, "shop_vouchers": null, "global_sold": null, "is_infant_milk_formula_product": false, "should_show_amp_tag": false}