{"itemid": 7995352788, "shopid": 88201679, "userid": 0, "price_max_before_discount": 129000000000, "has_lowest_price_guarantee": false, "price_before_discount": 129000000000, "price_min_before_discount": 129000000000, "exclusive_price_info": null, "hidden_price_display": null, "price_min": 89000000000, "price_max": 89000000000, "price": 89000000000, "stock": 4, "discount": "31%", "historical_sold": 1, "sold": 0, "show_discount": 31, "raw_discount": 31, "min_purchase_limit": 0, "overall_purchase_limit": {"order_max_purchase_limit": 0, "overall_purchase_limit": null, "item_overall_quota": null, "start_date": null, "end_date": null}, "pack_size": null, "is_live_streaming_price": null, "name": "[M\u00e3 ELAPFEB gi\u1ea3m 8% \u0111\u01a1n 500K] D\u00e2y \u0111eo Apple Watch Sport Loop 44mm - H\u00e0ng ch\u00ednh h\u00e3ng", "ctime": 1627010752, "item_status": "normal", "status": 1, "condition": 1, "catid": 100013, "description": "D\u00e2y \u0111eo Apple Watch Nike Sport Loop \u2013 D\u00e2y \u0111eo ch\u00ednh h\u00e3ng t\u1eeb Nike cho Apple Watch\r\nD\u00e2y \u0111eo Apple Watch Nike Sport Loop l\u00e0 d\u00f2ng d\u00e2y \u0111eo chuy\u00ean d\u00e0nh cho ng\u01b0\u1eddi d\u00f9ng Apple Watch y\u00eau th\u00edch c\u00e1c ho\u1ea1t \u0111\u1ed9ng th\u1ec3 thao. S\u1ea3n ph\u1ea9m l\u00e0 s\u1ef1 nghi\u00ean c\u1ee9u v\u00e0 h\u1ee3p t\u00e1c t\u1eeb th\u01b0\u01a1ng hi\u1ec7u th\u1ec3 thao h\u00e0ng \u0111\u1ea7u Nike, mang \u0111\u1ebfn cho ng\u01b0\u1eddi d\u00f9ng s\u1ea3n ph\u1ea9m d\u00e2y \u0111eo cao c\u00e1p, t\u1ed1i \u01b0u cho vi\u1ec7c v\u1eadn \u0111\u1ed9ng h\u1eb1ng ng\u00e0y.\r\n\r\nTr\u1ecdng l\u01b0\u1ee3ng si\u00eau nh\u1eb9, c\u1ea3m gi\u00e1c \u0111eo tho\u1ea3i m\u00e1i nh\u1edd thi\u1ebft k\u1ebf l\u1ed7 \u0111\u00fac tho\u00e1ng kh\u00ed\r\nM\u1eabu d\u00e2y \u0111eo \u0111\u1ed3ng h\u1ed3 Nike Sport Loop cho Apple Watch \u0111\u01b0\u1ee3c thi\u1ebft k\u1ebf d\u1ec7t nylon hai l\u1edbp, gi\u00fap gi\u1ea3m tr\u1ecdng l\u01b0\u1ee3ng d\u00e2y \u0111eo \u0111i d\u00e1ng k\u1ec3, s\u1eed d\u1ee5ng ch\u1ea5t li\u1ec7u Polymer hi\u1ec7u su\u1ea5t cao gi\u00fap t\u0103ng kh\u1ea3 n\u0103ng tho\u00e1ng kh\u00ed, \u0111\u1ed9 b\u1ec1n c\u1ee7a d\u00e2y \u0111eo theo th\u1eddi gian.", "is_mart": false, "show_shopee_verified_label": false, "size_chart": null, "reference_item_id": "", "brand": null, "item_rating": {"rating_star": 5, "rating_count": [1, 0, 0, 0, 0, 1]}, "label_ids": [1003974, 1000182, 1001042, 1001070, 1001011, 1001022, 1000262, 1000260, 1000258, 1000259, 1000255, 1000263, 1000254, 1000256, 1000257, 1000264, 1000265, 1000266, 1000269, 1000268, 1000267, 1000272, 1000271, 1000274, 1000273, 1000276, 1000278, 1000277, 1000275, 1000637, 1000651, 1000672, 1000279, 1000815, 1000948, 1000104, 1000105, 1000107, 1000108, 1000109, 1000110, 1000114, 1000155, 1000156, 1000157, 1000270, 1000150, 1000655, 1001035, 1001412, 1001509, 1001545, 1001613, 1001728, 1001946, 1001975, 1001978, 1002119, 1002130, 1002132, 1002131, 1002136, 1002137, 1002163, 1002190, 1002232, 1002289, 1002291, 1002373, 1002424, 1002480, 1002556, 1002579, 1002639, 1002696, 1002697, 1002727, 1002768, 1002770, 1002772, 1002827, 1002861, 1002863, 1002898, 1002965, 1002966, 1002997, 1002998, 1003118, 1003117, 1003181, 1003204, 1003280, 1003307, 1003448, 1003449, 1003462, 1003466, 1003750, 1000121, 1003866, 1003868, 1004143, 1004149, 1004292, 1004376, 1004412, 1004413, 1004471, 1004530, 1004630, 1004689, 1004870, 1005000, 1005113, 1005330, 1005357, 1005544, 1005650, 1005829, 1006117, 1006159, 1006306, 1006331, 1006352, 1006435, 1006480, 1006483, 1006624, 1006642, 1006669, 1007082, 1007113, 1007155, 1007328, 1007394, 1007516, 1007546, 1007631, 1007765, 1007768, 1006856, 1007975, 1008223, 1008283, 1008290, 1008313, 1008471, 1008515, 1008632, 1008664, 1008837, 1008862, 1008793, 1008941, 1009039, 1009058, 1009063, 1009113, 1009198, 1009374, 1009377, 1009427, 1009522, 1009763, 1010033, 1010111, 1010449, 1010668, 1010797, 1011155, 1011654, 1011843, 1012191, 1001044, 1009687, 1010348, 1010425, 1011193, 1011294, 1011378, 1011627, 1011629, 1012011, 1012107, 1012539, 1011387], "attributes": null, "liked": false, "liked_count": 3, "cmt_count": 1, "flag": 268435458, "shopee_verified": false, "is_adult": false, "is_preferred_plus_seller": false, "tier_variations": [{"name": "M\u00e0u S\u1eafc", "options": ["Sunflower"], "images": null, "properties": null, "type": 0}], "bundle_deal_id": 0, "can_use_bundle_deal": false, "add_on_deal_info": null, "bundle_deal_info": null, "can_use_wholesale": false, "wholesale_tier_list": [], "is_group_buy_item": null, "group_buy_info": null, "welcome_package_type": 0, "welcome_package_info": null, "tax_code": null, "invoice_option": null, "complaint_policy": null, "images": ["083042c2c5aa7e5390aaa6cbbf861f2b", "a6606961fecce9f79cf193cf88a286f8", "830fa52cc7f0f849b6267a0b655bfcc7"], "image": "083042c2c5aa7e5390aaa6cbbf861f2b", "video_info_list": null, "item_type": 0, "is_official_shop": true, "show_official_shop_label_in_title": true, "shop_location": "H\u00e0 N\u1ed9i", "coin_earn_label": null, "cb_option": 0, "is_pre_order": false, "estimated_days": 2, "badge_icon_type": 6, "show_free_shipping": true, "shipping_icon_type": 0, "cod_flag": 0, "is_service_by_shopee": true, "show_original_guarantee": false, "categories": [{"catid": 100013, "display_name": "\u0110i\u1ec7n Tho\u1ea1i & Ph\u1ee5 Ki\u1ec7n", "no_sub": false, "is_default_subcat": false}, {"catid": 100075, "display_name": "Ph\u1ee5 ki\u1ec7n", "no_sub": false, "is_default_subcat": false}, {"catid": 100288, "display_name": "Ph\u1ee5 ki\u1ec7n cho \u0111\u1ed3ng h\u1ed3 th\u00f4ng minh", "no_sub": true, "is_default_subcat": false}], "other_stock": 0, "item_has_post": false, "discount_stock": 4, "current_promotion_has_reserve_stock": false, "current_promotion_reserved_stock": 0, "normal_stock": 4, "brand_id": 0, "is_alcohol_product": false, "show_recycling_info": false, "coin_info": {"spend_cash_unit": 100000, "coin_earn_items": [{"coin_earn": 0}]}, "models": [{"itemid": 7995352788, "status": 1, "current_promotion_reserved_stock": 0, "name": "Sunflower", "promotionid": 1293148807, "price": 89000000000, "price_stocks": [{"allocated_stock": 0, "stock_breakdown_by_location": null}, {"allocated_stock": null, "stock_breakdown_by_location": [{"location_id": "VNW", "available_stock": 0, "fulfilment_type": 1, "address_id": 38200026}, {"location_id": "VNN", "available_stock": 4, "fulfilment_type": 1, "address_id": 38200025}, {"location_id": "VNZ", "available_stock": 0, "fulfilment_type": 2, "address_id": null}]}], "current_promotion_has_reserve_stock": false, "normal_stock": 4, "extinfo": {"tier_index": [0], "group_buy_info": null, "is_pre_order": false, "estimated_days": 2}, "price_before_discount": 129000000000, "modelid": 46575301896, "stock": 4, "has_gimmick_tag": false}], "spl_info": {"installment_info": null, "user_credit_info": null, "channel_id": null, "show_spl": false, "show_spl_lite": false}, "preview_info": null, "fe_categories": [{"catid": 11036132, "display_name": "Consumer Electronics", "no_sub": false, "is_default_subcat": false}, {"catid": 11036160, "display_name": "Wearable Devices", "no_sub": false, "is_default_subcat": false}, {"catid": 11036166, "display_name": "Wearable accessories", "no_sub": true, "is_default_subcat": false}], "presale_info": null, "is_cc_installment_payment_eligible": false, "is_non_cc_installment_payment_eligible": false, "flash_sale": null, "upcoming_flash_sale": null, "deep_discount": null, "has_low_fulfillment_rate": false, "is_partial_fulfilled": false, "makeups": null, "shop_vouchers": null, "global_sold": null, "is_infant_milk_formula_product": false, "should_show_amp_tag": false}