{"itemid": 8969737118, "shopid": 95303264, "userid": 0, "price_max_before_discount": 1440000000000, "has_lowest_price_guarantee": true, "price_before_discount": 1440000000000, "price_min_before_discount": 1440000000000, "exclusive_price_info": null, "hidden_price_display": null, "price_min": 1059000000000, "price_max": 1059000000000, "price": 1059000000000, "stock": 9, "discount": "26%", "historical_sold": 107, "sold": 35, "show_discount": 26, "raw_discount": 26, "min_purchase_limit": 0, "overall_purchase_limit": {"order_max_purchase_limit": 0, "overall_purchase_limit": null, "item_overall_quota": null, "start_date": null, "end_date": null}, "pack_size": null, "is_live_streaming_price": null, "name": "[M\u00e3 ELLGHOT gi\u1ea3m 5% \u0111\u01a1n 3TR] Smart UHD Tivi LG 43 inch 4K 43UP7550PTC - Model 2021 - Mi\u1ec5n ph\u00ed l\u1eafp \u0111\u1eb7t", "ctime": 1624344854, "item_status": "normal", "status": 1, "condition": 1, "catid": 100010, "description": "LG UP7550 43inch 4K Smart UHD TV\r\nChu\u1ea9n 4K \u0111\u00edch th\u1ef1c\r\n\u0110i\u1ec7n \u1ea3nh\r\nTr\u00f2 ch\u01a1i\r\nTh\u1ec3 thao\r\nB\u1ed9 x\u1eed l\u00fd AI a5 4K\r\nAI ThinQ\r\n\r\nTH\u00d4NG S\u1ed0 T\u1ea4M N\u1ec0N\r\nLo\u1ea1i m\u00e0n h\u00ecnh hi\u1ec3n th\u1ecb: 4K UHD\r\nK\u00edch th\u01b0\u1edbc: 43 inch\r\n\u0110\u1ed9 ph\u00e2n gi\u1ea3i: 3840 x 2160\r\nMotion / Refresh Rate: Refresh Rate 60Hz\r\n\r\nPLATFORM\r\nB\u1ed9 x\u1eed l\u00fd (SoC): B\u1ed9 x\u1eed l\u00fd l\u00f5i t\u1ee9 4K\r\n\r\nC\u00d4NG NGH\u1ec6 H\u00ccNH \u1ea2NH\r\nN\u00e2ng c\u1ea5p ch\u1ea5t l\u01b0\u1ee3ng h\u00ecnh \u1ea3nh v\u1edbi AI: 4K Upscaling\r\nN\u00e2ng c\u1ea5p h\u00ecnh \u1ea3nh: Image Enhancing\r\n\r\nC\u00d4NG NGH\u1ec6 \u00c2M THANH\r\nLoa (\u00c2m thanh \u0111\u1ea7u ra): 20W\r\nH\u1ec7 th\u1ed1ng loa: 2.0ch\r\n\r\nT\u00cdN HI\u1ec6U TRUY\u1ec0N H\u00ccNH\r\nTi\u1ebfp nh\u1eadn t\u00edn hi\u1ec7u k\u1ef9 thu\u1eadt s\u1ed1: DVB-T/C\r\n\r\nK\u1ebeT N\u1ed0I\r\nHDMI: 2\r\nHDMI Version: HDMI 2.0\r\nWifi: C\u00f3 (802.11ac)\r\nBluetooth: C\u00f3 (V5.0)\r\n\r\nPH\u1ee4 KI\u1ec6N\r\n\u0110i\u1ec1u khi\u1ec3n th\u00f4ng minh: MR21\r\nPin: C\u00f3 (AA x 2)\r\n\r\nTR\u1eccNG L\u01af\u1ee2NG & K\u00cdCH TH\u01af\u1edaC\r\nK\u00edch th\u01b0\u1edbc (R\u1ed9ng x Cao x S\u00e2u) mm: 973 x 572 x 85\r\nK\u00edch th\u01b0\u1edbc c\u00f3 ch\u00e2n \u0111\u1ebf (R\u1ed9ng x Cao x S\u00e2u) mm: 973 x 623 x 216\r\nTr\u1ecdng l\u01b0\u1ee3ng (kg): 8\r\nTr\u1ecdng l\u01b0\u1ee3ng c\u00f3 ch\u00e2n \u0111\u1ebf (kg): 8.1\r\n\r\nTh\u00f4ng tin b\u1ea3o h\u00e0nh\r\nTh\u1eddi gian b\u1ea3o h\u00e0nh: 24 th\u00e1ng.\r\nTh\u00f4ng tin chi ti\u1ebft xem t\u1ea1i: https://www.lg.com/vn/tro-giup/bao-hanh.\r\n\r\nC\u00f4ng l\u1eafp \u0111\u1eb7t:\r\n- Mi\u1ec5n ph\u00ed cho n\u1ed9i th\u00e0nh HCM (Qu\u1eadn 1, 2, 3, 4, 5, 6, 7, 8, 10, 11, T\u00e2n B\u00ecnh, T\u00e2n Ph\u00fa, Ph\u00fa Nhu\u1eadn, B\u00ecnh Th\u1ea1nh, G\u00f2 V\u1ea5p, Qu\u1eadn 9, 12, Th\u1ee7 \u0110\u1ee9c, B\u00ecnh T\u00e2n, H\u00f3c M\u00f4n) v\u00e0 n\u1ed9i th\u00e0nh H\u00e0 N\u1ed9i (Qu\u1eadn Ba \u0110\u00ecnh, Qu\u1eadn B\u1eafc T\u1eeb Li\u00eam, Qu\u1eadn C\u1ea7u Gi\u1ea5y, Qu\u1eadn H\u00e0 \u0110\u00f4ng, Qu\u1eadn Hai B\u00e0 Tr\u01b0ng, Qu\u1eadn Ho\u00e0n Ki\u1ebfm, Qu\u1eadn Ho\u00e0ng Mai, Qu\u1eadn Long Bi\u00ean, Qu\u1eadn Nam T\u1eeb Li\u00eam, Qu\u1eadn T\u00e2y H\u1ed3, Qu\u1eadn Thanh Xu\u00e2n, Qu\u1eadn \u0110\u1ed1ng \u0110a)\r\n- Chi ph\u00ed v\u1eadt t\u01b0: Nh\u00e2n vi\u00ean s\u1ebd th\u00f4ng b\u00e1o ph\u00ed v\u1eadt t\u01b0 (\u1ed1ng \u0111\u1ed3ng, d\u00e2y \u0111i\u1ec7n v.v...) khi kh\u1ea3o s\u00e1t l\u1eafp \u0111\u1eb7t (B\u1ea3ng k\u00ea xem t\u1ea1i \u1ea3nh 2). Kh\u00e1ch h\u00e0ng s\u1ebd thanh to\u00e1n tr\u1ef1c ti\u1ebfp cho nh\u00e2n vi\u00ean k\u1ef9 thu\u1eadt sau khi vi\u1ec7c l\u1eafp \u0111\u1eb7t ho\u00e0n th\u00e0nh - chi ph\u00ed n\u00e0y s\u1ebd kh\u00f4ng ho\u00e0n l\u1ea1i trong b\u1ea5t c\u1ee9 tr\u01b0\u1eddng h\u1ee3p n\u00e0o.\r\n- Qu\u00fd kh\u00e1ch h\u00e0ng c\u00f3 th\u1ec3 tr\u00ec ho\u00e3n vi\u1ec7c l\u1eafp \u0111\u1eb7t t\u1ed1i \u0111a l\u00e0 7 ng\u00e0y l\u1ecbch k\u1ec3 t\u1eeb ng\u00e0y giao h\u00e0ng th\u00e0nh c\u00f4ng (kh\u00f4ng t\u00ednh ng\u00e0y L\u1ec5). N\u1ebfu nh\u00e2n vi\u00ean h\u1ed7 tr\u1ee3 kh\u00f4ng th\u1ec3 li\u00ean h\u1ec7 \u0111\u01b0\u1ee3c v\u1edbi Kh\u00e1ch h\u00e0ng qu\u00e1 3 l\u1ea7n, ho\u1eb7c Kh\u00e1ch h\u00e0ng tr\u00ec ho\u00e3n vi\u1ec7c l\u1eafp \u0111\u1eb7t qu\u00e1 th\u1eddi h\u1ea1n tr\u00ean, D\u1ecbch v\u1ee5 l\u1eafp \u0111\u1eb7t s\u1ebd \u0111\u01b0\u1ee3c h\u1ee7y b\u1ecf.\r\n- \u0110\u01a1n v\u1ecb v\u1eadn chuy\u1ec3n giao h\u00e0ng cho b\u1ea1n KH\u00d4NG c\u00f3 nghi\u1ec7p v\u1ee5 l\u1eafp \u0111\u1eb7t s\u1ea3n ph\u1ea9m. \r\n- Th\u1eddi gian b\u1ed9 ph\u1eadn l\u1eafp \u0111\u1eb7t li\u00ean h\u1ec7 (kh\u00f4ng bao g\u1ed3m th\u1eddi gian l\u1eafp \u0111\u1eb7t): trong v\u00f2ng 24h k\u1ec3 t\u1eeb khi nh\u1eadn h\u00e0ng (Tr\u1eeb Ch\u1ee7 nh\u1eadt/ Ng\u00e0y L\u1ec5). Trong tr\u01b0\u1eddng h\u1ee3p b\u1ea1n ch\u01b0a \u0111\u01b0\u1ee3c li\u00ean h\u1ec7 sau th\u1eddi gian n\u00e0y, vui l\u00f2ng g\u1ecdi l\u00ean hotline c\u1ee7a Shopee (19001221) \u0111\u1ec3 \u0111\u01b0\u1ee3c t\u01b0 v\u1ea5n.\r\n- T\u00ecm hi\u1ec3u th\u00eam v\u1ec1 D\u1ecbch v\u1ee5 l\u1eafp \u0111\u1eb7t: \r\nhelp.shopee.vn/vn/s/article/L\u00e0m-th\u1ebf-n\u00e0o-\u0111\u1ec3-t\u00f4i-c\u00f3-th\u1ec3-s\u1eed-d\u1ee5ng-d\u1ecbch-v\u1ee5-l\u1eafp-\u0111\u1eb7t-t\u1ea1i-nh\u00e0-cho-c\u00e1c-s\u1ea3n-ph\u1ea9m-tivi-\u0111i\u1ec7n-m\u00e1y-l\u1edbn-1542942683961\r\n\r\n- Quy \u0111\u1ecbnh \u0111\u1ed5i tr\u1ea3: Ch\u1ec9 \u0111\u1ed5i/tr\u1ea3 s\u1ea3n ph\u1ea9m, t\u1eeb ch\u1ed1i nh\u1eadn h\u00e0ng t\u1ea1i th\u1eddi \u0111i\u1ec3m nh\u1eadn h\u00e0ng trong tr\u01b0\u1eddng h\u1ee3p s\u1ea3n ph\u1ea9m giao \u0111\u1ebfn kh\u00f4ng c\u00f2n nguy\u00ean v\u1eb9n, thi\u1ebfu ph\u1ee5 ki\u1ec7n ho\u1eb7c nh\u1eadn \u0111\u01b0\u1ee3c sai h\u00e0ng. Khi s\u1ea3n ph\u1ea9m \u0111\u00e3 \u0111\u01b0\u1ee3c c\u1eafm \u0111i\u1ec7n s\u1eed d\u1ee5ng v\u00e0/ho\u1eb7c l\u1eafp \u0111\u1eb7t, v\u00e0 g\u1eb7p l\u1ed7i k\u0129 thu\u1eadt, s\u1ea3n ph\u1ea9m s\u1ebd \u0111\u01b0\u1ee3c h\u01b0\u1edfng ch\u1ebf \u0111\u1ed9 b\u1ea3o h\u00e0nh theo \u0111\u00fang ch\u00ednh s\u00e1ch c\u1ee7a nh\u00e0 s\u1ea3n xu\u1ea5t", "is_mart": false, "show_shopee_verified_label": false, "size_chart": null, "reference_item_id": "", "brand": "LG", "item_rating": {"rating_star": 4.730769230769231, "rating_count": [26, 1, 0, 1, 1, 23]}, "label_ids": [1003974, 1000182, 1001011, 1001022, 1001039, 1000260, 1000262, 1000256, 1000255, 1000263, 1000254, 1000264, 1000266, 1000267, 1000268, 1000270, 1000269, 1000271, 1000272, 1000273, 1000274, 1000278, 1000277, 1000276, 1000275, 1000535, 1000456, 1000627, 1000637, 1000651, 1000660, 1000672, 1000674, 1000677, 1000710, 1000779, 1000279, 1000353, 1000826, 1000883, 1000908, 1000927, 1000948, 62, 1000114, 1000141, 1000155, 1000156, 1000157, 1000257, 1000258, 1000259, 1000265, 1000655, 1001035, 1001411, 1001509, 1001545, 1001613, 1001734, 1001740, 1001739, 1001946, 1001972, 1001975, 1001978, 1002190, 1002289, 1002291, 1002424, 1002579, 1002644, 1002646, 1002727, 1002772, 1002827, 1002834, 1002861, 1002863, 1002897, 1002965, 1002966, 1003118, 1003117, 1003233, 1003258, 1003259, 1003280, 1003307, 1003422, 1003448, 1003449, 1003462, 1003750, 1000121, 1003866, 1003868, 1004111, 1004143, 1004149, 1004292, 1004376, 1004412, 1004413, 1004530, 1004590, 1004689, 1004870, 1004897, 1004929, 1005000, 1005113, 1005163, 1005330, 1005357, 1005544, 1005650, 1005829, 1006117, 1006159, 1006306, 1006352, 1006435, 1006480, 1006483, 1006624, 1006642, 1006669, 1007082, 1007113, 1007155, 1007286, 1007328, 1007394, 1007516, 1007546, 1007631, 1007765, 1007768, 1006856, 1007975, 1008223, 1008283, 1008290, 1008313, 1008515, 1008632, 1008664, 1008837, 1008862, 1008793, 1008941, 1009039, 1009058, 1009063, 1009113, 1009198, 1009202, 1009374, 1009377, 1009427, 1009522, 1009763, 1010033, 1010111, 1010449, 1010668, 1010797, 1011155, 1011654, 1011843, 1012090, 1012191, 1001044, 1006619, 1006641, 1004367, 1006660, 1006825, 1007414, 1007696, 1007861, 1008842, 1010351, 1010506, 1010507, 1011193, 1011294, 1011378, 1011627, 1011629, 1012011, 1009370, 1011387, 1012551, 1012624], "attributes": [{"name": "K\u00edch th\u01b0\u1edbc m\u00e0n h\u00ecnh tivi", "value": "40 - 49 Inches", "id": 100364, "is_timestamp": false, "brand_option": null, "val_id": null}], "liked": false, "liked_count": 79, "cmt_count": 26, "flag": 268959746, "shopee_verified": false, "is_adult": false, "is_preferred_plus_seller": false, "tier_variations": [{"name": "", "options": [""], "images": null, "properties": null, "type": 0}], "bundle_deal_id": 0, "can_use_bundle_deal": false, "add_on_deal_info": null, "bundle_deal_info": null, "can_use_wholesale": false, "wholesale_tier_list": [], "is_group_buy_item": null, "group_buy_info": null, "welcome_package_type": 0, "welcome_package_info": null, "tax_code": null, "invoice_option": null, "complaint_policy": null, "images": ["f1634d35336e31f5c1cf4607fade9296", "7b55bcaae44d0723d63e657fc50185b0", "b71167d1fb870ed39fca7f6b22ca8978", "82fae7850447af40167ffc364e14a5b4", "d52840774f4cfd6fa12484a1539e88a8", "c997ce5d330fe4d6ed5655ec783b273e", "307797e0b6c02d0005f2f55858cea9d6", "0b07d16d1ecb98a070031c399b405da3", "3f56a59a2e0a52920f6f23bd770f3991"], "image": "f1634d35336e31f5c1cf4607fade9296", "video_info_list": null, "item_type": 0, "is_official_shop": true, "show_official_shop_label_in_title": true, "shop_location": "H\u00e0 N\u1ed9i", "coin_earn_label": null, "cb_option": 0, "is_pre_order": false, "estimated_days": 2, "badge_icon_type": 6, "show_free_shipping": true, "shipping_icon_type": 0, "cod_flag": 0, "is_service_by_shopee": true, "show_original_guarantee": false, "categories": [{"catid": 100010, "display_name": "Thi\u1ebft B\u1ecb \u0110i\u1ec7n Gia D\u1ee5ng", "no_sub": false, "is_default_subcat": false}, {"catid": 100040, "display_name": "Tivi & Ph\u1ee5 ki\u1ec7n", "no_sub": false, "is_default_subcat": false}, {"catid": 100185, "display_name": "Tivi", "no_sub": true, "is_default_subcat": false}], "other_stock": 53, "item_has_post": true, "discount_stock": 9, "current_promotion_has_reserve_stock": true, "current_promotion_reserved_stock": 9, "normal_stock": 53, "brand_id": 1695281, "is_alcohol_product": false, "show_recycling_info": false, "coin_info": {"spend_cash_unit": 100000, "coin_earn_items": [{"coin_earn": 0}]}, "models": [{"itemid": 8969737118, "status": 1, "current_promotion_reserved_stock": 9, "name": "", "promotionid": 251793, "price": 1059000000000, "price_stocks": [{"allocated_stock": 10, "stock_breakdown_by_location": [{"location_id": "VNN", "available_stock": 9, "fulfilment_type": 1, "address_id": 38200025}, {"location_id": "VNS", "available_stock": 9, "fulfilment_type": 1, "address_id": 38200027}, {"location_id": "VNZ", "available_stock": 0, "fulfilment_type": 2, "address_id": null}]}, {"allocated_stock": null, "stock_breakdown_by_location": [{"location_id": "VNN", "available_stock": 32, "fulfilment_type": 1, "address_id": null}, {"location_id": "VNS", "available_stock": 40, "fulfilment_type": 1, "address_id": null}, {"location_id": "VNZ", "available_stock": 0, "fulfilment_type": 2, "address_id": null}]}], "current_promotion_has_reserve_stock": true, "normal_stock": 53, "extinfo": {"tier_index": [0], "group_buy_info": null, "is_pre_order": false, "estimated_days": 2}, "price_before_discount": 1440000000000, "modelid": 92932307828, "stock": 9, "has_gimmick_tag": false}], "spl_info": {"installment_info": null, "user_credit_info": null, "channel_id": null, "show_spl": false, "show_spl_lite": false}, "preview_info": null, "fe_categories": [{"catid": 11036132, "display_name": "Consumer Electronics", "no_sub": false, "is_default_subcat": false}, {"catid": 11036151, "display_name": "Tivi", "no_sub": false, "is_default_subcat": false}, {"catid": 11036154, "display_name": "40 - 49 inches", "no_sub": true, "is_default_subcat": false}], "presale_info": null, "is_cc_installment_payment_eligible": true, "is_non_cc_installment_payment_eligible": false, "flash_sale": null, "upcoming_flash_sale": null, "deep_discount": null, "has_low_fulfillment_rate": false, "is_partial_fulfilled": false, "makeups": null, "shop_vouchers": null, "global_sold": null, "is_infant_milk_formula_product": false, "should_show_amp_tag": false}