{"itemid": 11731418759, "shopid": 95303264, "userid": 0, "price_max_before_discount": 639000000000, "has_lowest_price_guarantee": true, "price_before_discount": 639000000000, "price_min_before_discount": 639000000000, "exclusive_price_info": null, "hidden_price_display": null, "price_min": 299000000000, "price_max": 299000000000, "price": 299000000000, "stock": 14, "discount": "53%", "historical_sold": 30, "sold": 5, "show_discount": 53, "raw_discount": 53, "min_purchase_limit": 0, "overall_purchase_limit": {"order_max_purchase_limit": 0, "overall_purchase_limit": null, "item_overall_quota": null, "start_date": null, "end_date": null}, "pack_size": null, "is_live_streaming_price": null, "name": "[M\u00e3 ELLGFEB gi\u1ea3m 8% \u0111\u01a1n 500K] Loa thanh LG SNH5 - H\u00e0ng ch\u00ednh h\u00e3ng", "ctime": 1629252334, "item_status": "normal", "status": 1, "condition": 1, "catid": 100535, "description": "TH\u00d4NG TIN S\u1ea2N PH\u1ea8M\r\nT\u1eeb n\u0103m 1977, Meridian \u0111\u00e3 cung c\u1ea5p c\u00e1c gi\u1ea3i ph\u00e1p \u00e2m thanh s\u00e1ng t\u1ea1o v\u00e0 thanh l\u1ecbch v\u1edbi ch\u1ea5t l\u01b0\u1ee3ng cao. H\u1ecd \u0111\u00e3 \u0111\u1ea9y xa c\u00e1c gi\u1edbi h\u1ea1n, ph\u00e1 v\u1ee1 c\u00e1c ti\u00eau chu\u1ea9n v\u00e0 \u0111em l\u1ea1i c\u00e1c s\u1ea3n ph\u1ea9m l\u00e0m thay \u0111\u1ed5i h\u1eb3n c\u00e1ch m\u1ecdi ng\u01b0\u1eddi nghe nh\u1ea1c, xem phim, cho d\u00f9 \u0111ang \u1edf \u0111\u00e2u.\r\nC\u1ea3m nh\u1eadn s\u1ef1 kh\u00e1c bi\u1ec7t v\u1edbi \u00e2m thanh 3D ng\u1eadp tr\u00e0n\r\nLoa thanh LG SNH5 k\u1ebft h\u1ee3p v\u1edbi DTS Virtual:X \u0111\u1ec3 bi\u1ebfn ng\u00f4i nh\u00e0 c\u1ee7a b\u1ea1n th\u00e0nh m\u1ed9t r\u1ea1p h\u00e1t, \u0111\u01b0a b\u1ea1n \u0111\u1eafm ch\u00ecm v\u00e0o kh\u00f4ng gian c\u1ee7a nh\u1eefng b\u1ed9 phim y\u00eau th\u00edch.\r\nTr\u1ea3i nghi\u1ec7m c\u0103n ph\u00f2ng ng\u1eadp tr\u00e0n \u00e2m thanh nh\u01b0 trong r\u1ea1p\r\nLoa thanh LG SNH5 h\u1ed7 tr\u1ee3 ng\u00f5 ra k\u00eanh 4.1, nh\u1edd \u0111\u00f3 b\u1ea1n lu\u00f4n c\u00f3 th\u1ec3 xem TV v\u1edbi \u00e2m thanh th\u1eadt nh\u1ea5t.\r\nTV v\u00e0 Loa thanh tr\u1edf th\u00e0nh trung t\u00e2m \u0111i\u1ec1u khi\u1ec3n c\u1ee7a b\u1ea1n\r\nLoa thanh c\u1ee7a b\u1ea1n gi\u1edd \u0111\u00e2y c\u00f3 th\u1ec3 \u0111\u00f3ng vai tr\u00f2 c\u00f4ng c\u1ee5 qu\u1ea3n l\u00fd ng\u00f4i nh\u00e0 b\u1ea1n. Gi\u00e1m s\u00e1t ti\u1ec7n l\u1ee3i v\u00e0 \u0111i\u1ec1u khi\u1ec3n c\u00e1c thi\u1ebft b\u1ecb gia d\u1ee5ng LG ThinQ \u0111\u01b0\u1ee3c k\u1ebft n\u1ed1i ngay trong ph\u00f2ng kh\u00e1ch c\u1ee7a b\u1ea1n. Ki\u1ec3m tra t\u00ecnh tr\u1ea1ng t\u1ee7 l\u1ea1nh, m\u00e1y gi\u1eb7t, m\u00e1y l\u1ecdc kh\u00f4ng kh\u00ed v\u00e0 th\u1eadm ch\u00ed t\u1eaft hay b\u1eadt m\u00e1y h\u00fat b\u1ee5i.\r\n m thanh ph\u00f9 h\u1ee3p v\u1edbi n\u1ed9i dung b\u1ea1n xem\r\nAI Sound Pro t\u1ef1 \u0111\u1ed9ng ph\u00e2n t\u00edch n\u1ed9i dung \u0111\u1ec3 ngay l\u1eadp t\u1ee9c t\u1ed1i \u01b0u h\u00f3a c\u00e1c c\u00e0i \u0111\u1eb7t \u00e2m thanh cho n\u1ed9i dung \u0111ang ph\u00e1t. Nghe r\u00f5 t\u1eebng \u0111o\u1ea1n h\u1ed9i tho\u1ea1i v\u1edbi ch\u1ea5t l\u01b0\u1ee3ng trong tr\u1ebbo, s\u1eafc n\u00e9t hay \u00e2m thanh h\u1ed3i h\u1ed9p cho nh\u1eefng ph\u00e2n \u0111o\u1ea1n h\u00e0nh \u0111\u1ed9ng, t\u00f9y thu\u1ed9c theo th\u1ec3 lo\u1ea1i.\r\n m thanh ch\u1ea5t l\u01b0\u1ee3ng cao n\u00e2ng t\u1ea7m gi\u1ea3i tr\u00ed\r\nTh\u01b0\u1edfng th\u1ee9c tr\u1ecdn v\u1eb9n n\u1ed9i dung m\u00e0 ch\u1ec9 c\u1ea7n k\u1ebft n\u1ed1i v\u1edbi LG TV qua Bluetooth\u00ae ho\u1eb7c d\u00e2y c\u00e1p quang.  m thanh m\u1ea1nh m\u1ebd h\u01a1n \u0111\u1ec3 \u0111\u00e1p \u1ee9ng m\u1ecdi nhu c\u1ea7u gi\u1ea3i tr\u00ed c\u1ee7a b\u1ea1n.\r\nTh\u00eam k\u1ebft n\u1ed1i Bluetooth\u00ae cho h\u1ec7 th\u1ed1ng \u00e2m thanh c\u1ee7a b\u1ea1n ho\u1eb7c k\u1ebft n\u1ed1i ti\u1ec7n l\u1ee3i v\u00e0 ph\u00e1t qua c\u00e1p quang ho\u1eb7c HDMI.\r\n\r\nTH\u00d4NG S\u1ed0 K\u1ef8 THU\u1eacT\r\nLo\u1ea1i loa: Loa thanh (soundbar)\r\nS\u1ed1 l\u01b0\u1ee3ng k\u00eanh: 4.1 k\u00eanh\r\nT\u1ed5ng c\u00f4ng su\u1ea5t: 600 W\r\nTh\u1eddi gian s\u1eed d\u1ee5ng: C\u1eafm \u0111i\u1ec7n tr\u1ef1c ti\u1ebfp\r\nC\u00f4ng ngh\u1ec7 \u00e2m thanh: DTS Virtual:X, Bass Blast, AI Sound Pro\r\n m thanh \u0111\u1ecdc \u0111\u01b0\u1ee3c: mp3\r\nTi\u1ec7n \u00edch: C\u00f3 c\u1ed5ng USB,C\u00f3 k\u00e8m remote\r\n K\u1ebft n\u1ed1i\r\nK\u1ebft n\u1ed1i kh\u00f4ng d\u00e2y: Bluetooth 4.0,Wireless Active Subwoofer\r\nK\u1ebft n\u1ed1i kh\u00e1c: HDMI, Optical, USB\r\nT\u1ed5ng quan\r\nLoa ch\u00ednh: Cao 99 cm - Ngang 12.5 cm - S\u00e2u 9.7 cm - N\u1eb7ng 6.5 kg\r\nCh\u1ea5t li\u1ec7u loa: Loa ch\u00ednh: l\u01b0\u1edbi kim lo\u1ea1i - Loa tr\u1ea7m: th\u00e2n g\u1ed7, l\u01b0\u1edbi v\u1ea3i\r\nTh\u01b0\u01a1ng hi\u1ec7u c\u1ee7a: H\u00e0n Qu\u1ed1c\r\n\r\n\r\nTH\u00d4NG TIN B\u1ea2O H\u00c0NH\r\nTh\u1eddi h\u1ea1n b\u1ea3o h\u00e0nh: 12 th\u00e1ng\r\nTrung T\u00e2m Th\u00f4ng Tin Kh\u00e1ch H\u00e0ng / Customer Information Center: Qu\u00fd kh\u00e1ch vui l\u00f2ng truy c\u1eadp v\u00e0o link https://www.lg.com/vn/tro-giup/bao-hanh Hotline: 18001503 (Mi\u1ec5n ph\u00ed c\u01b0\u1edbc g\u1ecdi/Toll free)", "is_mart": false, "show_shopee_verified_label": false, "size_chart": null, "reference_item_id": "", "brand": "LG", "item_rating": {"rating_star": 5, "rating_count": [15, 0, 0, 0, 0, 15]}, "label_ids": [1003974, 1000182, 1001011, 1001022, 1001039, 1000260, 1000262, 1000256, 1000255, 1000263, 1000254, 1000264, 1000266, 1000267, 1000268, 1000270, 1000269, 1000271, 1000272, 1000273, 1000274, 1000278, 1000277, 1000276, 1000275, 1000535, 1000456, 1000627, 1000637, 1000651, 1000660, 1000672, 1000674, 1000677, 1000710, 1000779, 1000279, 1000353, 1000826, 1000883, 1000908, 1000927, 1000948, 62, 1000114, 1000141, 1000155, 1000156, 1000157, 1000257, 1000258, 1000259, 1000265, 1000655, 1001035, 1001411, 1001509, 1001545, 1001613, 1001734, 1001740, 1001739, 1001946, 1001972, 1001975, 1001978, 1002190, 1002289, 1002291, 1002424, 1002579, 1002644, 1002646, 1002727, 1002772, 1002827, 1002834, 1002861, 1002863, 1002897, 1002965, 1002966, 1003118, 1003117, 1003233, 1003258, 1003259, 1003280, 1003307, 1003422, 1003448, 1003449, 1003462, 1003750, 1000121, 1003866, 1003868, 1004111, 1004143, 1004149, 1004292, 1004376, 1004412, 1004413, 1004530, 1004590, 1004689, 1004870, 1004897, 1004929, 1005000, 1005113, 1005163, 1005330, 1005357, 1005544, 1005650, 1005829, 1006117, 1006159, 1006306, 1006352, 1006435, 1006480, 1006483, 1006624, 1006642, 1006669, 1007082, 1007113, 1007155, 1007286, 1007328, 1007394, 1007516, 1007546, 1007631, 1007765, 1007768, 1006856, 1007975, 1008223, 1008283, 1008290, 1008313, 1008515, 1008632, 1008664, 1008837, 1008862, 1008793, 1008941, 1009039, 1009058, 1009063, 1009113, 1009198, 1009202, 1009374, 1009377, 1009427, 1009522, 1009763, 1010033, 1010111, 1010449, 1010668, 1010797, 1011155, 1011654, 1011843, 1012090, 1012191, 1004367, 1008842, 1009167, 1001044, 1009687, 1010348, 1010425, 1011226, 1011193, 1011294, 1011336, 1011378, 1011618, 1011619, 1011627, 1011629, 1011912, 1011918, 1011933, 1012011, 1012033, 1012038, 1012089, 1006619, 1009370, 1011387], "attributes": [{"name": "Ki\u1ec3u k\u1ebft n\u1ed1i", "value": "Kh\u00f4ng d\u00e2y", "id": 100408, "is_timestamp": false, "brand_option": null, "val_id": null}], "liked": false, "liked_count": 49, "cmt_count": 15, "flag": 268435458, "shopee_verified": false, "is_adult": false, "is_preferred_plus_seller": false, "tier_variations": [{"name": "H\u00e0ng", "options": ["Ch\u00ednh h\u00e3ng"], "images": null, "properties": null, "type": 0}], "bundle_deal_id": 0, "can_use_bundle_deal": false, "add_on_deal_info": null, "bundle_deal_info": null, "can_use_wholesale": false, "wholesale_tier_list": [], "is_group_buy_item": null, "group_buy_info": null, "welcome_package_type": 0, "welcome_package_info": null, "tax_code": null, "invoice_option": null, "complaint_policy": null, "images": ["8d07fabbe2cf92db439ba2820501766d", "b98f51254cc707ad520a05b144e5ee12", "58cd6d498b054f2f71d1bf6173097b3f", "8c34c89a333bf744bdd083229a31b824", "10af910e11366214dda4d7796bf23097", "511d0a5f100cab272ea743116e2eff83"], "image": "8d07fabbe2cf92db439ba2820501766d", "video_info_list": null, "item_type": 0, "is_official_shop": true, "show_official_shop_label_in_title": true, "shop_location": "TP. H\u1ed3 Ch\u00ed Minh", "coin_earn_label": null, "cb_option": 0, "is_pre_order": false, "estimated_days": 2, "badge_icon_type": 6, "show_free_shipping": true, "shipping_icon_type": 0, "cod_flag": 0, "is_service_by_shopee": true, "show_original_guarantee": false, "categories": [{"catid": 100535, "display_name": "Thi\u1ebft B\u1ecb \u00c2m Thanh", "no_sub": false, "is_default_subcat": false}, {"catid": 100582, "display_name": "D\u00e0n \u00e2m thanh", "no_sub": false, "is_default_subcat": false}, {"catid": 100625, "display_name": "Loa", "no_sub": true, "is_default_subcat": false}], "other_stock": 0, "item_has_post": false, "discount_stock": 14, "current_promotion_has_reserve_stock": false, "current_promotion_reserved_stock": 0, "normal_stock": 14, "brand_id": 1695281, "is_alcohol_product": false, "show_recycling_info": false, "coin_info": {"spend_cash_unit": 100000, "coin_earn_items": [{"coin_earn": 0}]}, "models": [{"itemid": 11731418759, "status": 1, "current_promotion_reserved_stock": 0, "name": "Ch\u00ednh h\u00e3ng", "promotionid": 251793, "price": 299000000000, "price_stocks": [{"allocated_stock": 0, "stock_breakdown_by_location": null}, {"allocated_stock": null, "stock_breakdown_by_location": [{"location_id": "VNW", "available_stock": 9, "fulfilment_type": 1, "address_id": 38200026}, {"location_id": "VNN", "available_stock": 5, "fulfilment_type": 1, "address_id": 38200025}, {"location_id": "VNZ", "available_stock": 0, "fulfilment_type": 2, "address_id": null}]}], "current_promotion_has_reserve_stock": false, "normal_stock": 14, "extinfo": {"tier_index": [0], "group_buy_info": null, "is_pre_order": false, "estimated_days": 2}, "price_before_discount": 639000000000, "modelid": 111640052434, "stock": 14, "has_gimmick_tag": false}], "spl_info": {"installment_info": null, "user_credit_info": null, "channel_id": null, "show_spl": false, "show_spl_lite": false}, "preview_info": null, "fe_categories": [{"catid": 11036132, "display_name": "Consumer Electronics", "no_sub": false, "is_default_subcat": false}, {"catid": 11036135, "display_name": "Audio", "no_sub": false, "is_default_subcat": false}, {"catid": 11036140, "display_name": "Portable speakers", "no_sub": true, "is_default_subcat": false}], "presale_info": null, "is_cc_installment_payment_eligible": false, "is_non_cc_installment_payment_eligible": false, "flash_sale": null, "upcoming_flash_sale": null, "deep_discount": null, "has_low_fulfillment_rate": false, "is_partial_fulfilled": false, "makeups": null, "shop_vouchers": null, "global_sold": null, "is_infant_milk_formula_product": false, "should_show_amp_tag": false}