{"itemid": 6467191719, "shopid": 95701859, "userid": 0, "price_max_before_discount": 23100000000, "has_lowest_price_guarantee": false, "price_before_discount": 23100000000, "price_min_before_discount": 23100000000, "exclusive_price_info": null, "hidden_price_display": null, "price_min": 21252000000, "price_max": 21252000000, "price": 21252000000, "stock": 40, "discount": "8%", "historical_sold": 51, "sold": 1, "show_discount": 8, "raw_discount": 8, "min_purchase_limit": 0, "overall_purchase_limit": {"order_max_purchase_limit": 0, "overall_purchase_limit": null, "item_overall_quota": null, "start_date": null, "end_date": null}, "pack_size": null, "is_live_streaming_price": null, "name": "Loa Soundmax A120/2.0 \u0110en - Ha\u0300ng Chi\u0301nh Ha\u0303ng", "ctime": 1606880427, "item_status": "normal", "status": 1, "condition": 1, "catid": 100535, "description": "T\u00ean s\u1ea3n ph\u1ea9m: A-120\r\nH\u1ec7 th\u1ed1ng loa: Portable Speaker System\r\nC\u1ea5u h\u00ecnh: 2 loa\r\nCh\u1ed1ng nhi\u1ec5m t\u1eeb: C\u00f3\r\nT\u00edn hi\u1ec7u ng\u00f5 v\u00e0o: 3.5mm Headphone Stereo Jack\r\nT\u00edn hi\u1ec7u ng\u00f5 ra: 2 x3W\r\nT\u01b0\u01a1ng th\u00edch ng\u00f5 v\u00e0o 2.1/5.1: 2.0\r\n\u0110i\u1ec1u ch\u1ec9nh \u00e2m thanh: C\u00f3\r\nT\u1ed5ng c\u00f4ng su\u1ea5t: 6W (RMS)\r\n\u0110\u00e1p \u1ee9ng t\u1ea7n s\u1ed1: 20Hz ~ 20KHz\r\nT\u1ef7 s\u1ed1 n\u00e9n nhi\u1ec5u S/N: >40dB\r\nM\u00e0u loa: \u0110en\r\nCh\u00e2n \u0111\u1ebf cho Loa Surround: Kh\u00f4ng\r\n\u0110i\u1ec1u khi\u1ec3n t\u1eeb xa: Kh\u00f4ng\r\nK\u00edch th\u01b0\u1edbc (WxDxH,mm): W70xD72.5xH72 (mm)\r\nNgu\u1ed3n: USB 5V DC\r\nCh\u1ea5t li\u1ec7u: Nh\u1ef1a\r\nTr\u1ecdng l\u01b0\u1ee3ng: 650g\r\n\r\nTH\u00d4NG TIN B\u1ea2O H\u00c0NH\r\nBa\u0309o ha\u0300nh 12 tha\u0301ng\r\n\u0110\u1ecba \u0111i\u1ec3m b\u1ea3o h\u00e0nh:\r\n- Trung T\u00e2m B\u1ea3o H\u00e0nh SoundMax\r\n- \u0110\u1ecba ch\u1ec9 : 14 \u2013 16 \u2013 18 \u0110\u01b0\u1eddng 59, Ph\u01b0\u1eddng 10, Qu\u1eadn 6, Tp H\u1ed3 Ch\u00ed Minh.\r\n- S\u1ed1 \u0110T: 028 3755 5264\r\n- HOTLINE:  0912 10 25 24", "is_mart": false, "show_shopee_verified_label": false, "size_chart": null, "reference_item_id": "", "brand": "SoundMax", "item_rating": {"rating_star": 5, "rating_count": [19, 0, 0, 0, 0, 19]}, "label_ids": [1000476, 1000182, 1000959, 1000260, 1000262, 1000255, 1000254, 1000256, 1000263, 1000257, 1000266, 1000264, 1000265, 1000270, 1000267, 1000268, 1000271, 1000269, 1000273, 1000272, 1000274, 1000277, 1000276, 1000278, 1000275, 1000456, 1000604, 1000685, 1000687, 1000710, 1000713, 1000716, 1000748, 1000749, 1000790, 1000797, 1000279, 1000844, 1000867, 1000477, 1000946, 1000099, 1000104, 1000105, 1000107, 1000108, 1000109, 1000110, 1000155, 1000156, 1000157, 1000258, 1000259, 1000150, 1000455, 1000121, 1006306, 1006331, 1006625, 1007155, 1007190, 1007328, 1007394, 1007516, 1007546, 1007765, 1007768, 1006856, 1008283, 1008290, 1008313, 1008515, 1008793, 1009058, 1009063, 1009202, 1009427, 1009489, 1009763, 1010033, 1010111, 1010449, 1010668, 1010797, 1011155, 44, 1007525, 1011293, 1011470, 1011654, 1011685, 1011843, 1011909, 1012191, 1012192, 1012514, 1002827, 1002828, 1003744, 1004709, 1003794, 1005269, 1005342, 1005460, 1005496, 1006037, 1006129, 1006454, 1006825, 1007182, 1008542, 1008562, 1008842, 1009167, 1009687, 1010242, 1010319, 1010348, 1011193], "attributes": [{"name": "Ki\u1ec3u k\u1ebft n\u1ed1i", "value": "C\u00f3 d\u00e2y", "id": 100408, "is_timestamp": false, "brand_option": null, "val_id": null}], "liked": false, "liked_count": 295, "cmt_count": 19, "flag": 268435458, "shopee_verified": false, "is_adult": false, "is_preferred_plus_seller": false, "tier_variations": [{"name": "", "options": [""], "images": null, "properties": null, "type": 0}], "bundle_deal_id": 0, "can_use_bundle_deal": false, "add_on_deal_info": null, "bundle_deal_info": null, "can_use_wholesale": false, "wholesale_tier_list": [], "is_group_buy_item": null, "group_buy_info": null, "welcome_package_type": 0, "welcome_package_info": null, "tax_code": null, "invoice_option": null, "complaint_policy": null, "images": ["d51cbfbf0f52b4821179fc14c15e9b62", "e6772f9f2e6e101fccab5df8fd40ed64", "5eb4b472c33748328a860cb05a12f9c6", "cf0a0c8fc3ba430a2d4c2777beb09d38", "8f1f0768b1f3841cbbdcb926cdbafa52", "ddf9d30bd817ccaa55932267cf183390"], "image": "d51cbfbf0f52b4821179fc14c15e9b62", "video_info_list": null, "item_type": 0, "is_official_shop": true, "show_official_shop_label_in_title": true, "shop_location": "TP. H\u1ed3 Ch\u00ed Minh", "coin_earn_label": null, "cb_option": 0, "is_pre_order": false, "estimated_days": 2, "badge_icon_type": 6, "show_free_shipping": true, "shipping_icon_type": 0, "cod_flag": 0, "is_service_by_shopee": true, "show_original_guarantee": false, "categories": [{"catid": 100535, "display_name": "Thi\u1ebft B\u1ecb \u00c2m Thanh", "no_sub": false, "is_default_subcat": false}, {"catid": 100582, "display_name": "D\u00e0n \u00e2m thanh", "no_sub": false, "is_default_subcat": false}, {"catid": 100625, "display_name": "Loa", "no_sub": true, "is_default_subcat": false}], "other_stock": 0, "item_has_post": false, "discount_stock": 40, "current_promotion_has_reserve_stock": false, "current_promotion_reserved_stock": 0, "normal_stock": 40, "brand_id": 1076820, "is_alcohol_product": false, "show_recycling_info": false, "coin_info": {"spend_cash_unit": 100000, "coin_earn_items": [{"coin_earn": 0}]}, "models": [{"itemid": 6467191719, "status": 1, "current_promotion_reserved_stock": 0, "name": "", "promotionid": 1315748162, "price": 21252000000, "price_stocks": [{"allocated_stock": 0, "stock_breakdown_by_location": null}, {"allocated_stock": null, "stock_breakdown_by_location": [{"location_id": "VNW", "available_stock": 40, "fulfilment_type": 1, "address_id": 38200026}, {"location_id": "VNZ", "available_stock": 0, "fulfilment_type": 2, "address_id": null}]}], "current_promotion_has_reserve_stock": false, "normal_stock": 40, "extinfo": {"tier_index": [0], "group_buy_info": null, "is_pre_order": false, "estimated_days": 2}, "price_before_discount": 23100000000, "modelid": 42227429950, "stock": 40, "has_gimmick_tag": false}], "spl_info": {"installment_info": null, "user_credit_info": null, "channel_id": null, "show_spl": false, "show_spl_lite": false}, "preview_info": null, "fe_categories": [{"catid": 11036132, "display_name": "Consumer Electronics", "no_sub": false, "is_default_subcat": false}, {"catid": 11036135, "display_name": "Audio", "no_sub": false, "is_default_subcat": false}, {"catid": 11036140, "display_name": "Portable speakers", "no_sub": true, "is_default_subcat": false}], "presale_info": null, "is_cc_installment_payment_eligible": false, "is_non_cc_installment_payment_eligible": false, "flash_sale": null, "upcoming_flash_sale": null, "deep_discount": null, "has_low_fulfillment_rate": false, "is_partial_fulfilled": true, "makeups": null, "shop_vouchers": null, "global_sold": null, "is_infant_milk_formula_product": false, "should_show_amp_tag": false}