{"itemid": 5150205860, "shopid": 95701859, "userid": 0, "price_max_before_discount": 7500000000, "has_lowest_price_guarantee": false, "price_before_discount": 7500000000, "price_min_before_discount": 7500000000, "exclusive_price_info": null, "hidden_price_display": null, "price_min": 7125000000, "price_max": 7125000000, "price": 7125000000, "stock": 10, "discount": "5%", "historical_sold": 15, "sold": 0, "show_discount": 5, "raw_discount": 5, "min_purchase_limit": 0, "overall_purchase_limit": {"order_max_purchase_limit": 0, "overall_purchase_limit": null, "item_overall_quota": null, "start_date": null, "end_date": null}, "pack_size": null, "is_live_streaming_price": null, "name": "\u0110\u1ea7u Chuy\u1ec3n G\u1ed9p C\u1ed5ng Audio V\u00e0 Micro SoundMax - Ha\u0300ng Chi\u0301nh Ha\u0303ng", "ctime": 1598945351, "item_status": "normal", "status": 1, "condition": 1, "catid": 100535, "description": "C\u00e1p chuy\u1ec3n SoundMax Jack g\u1ed9p Mic & Audio\r\n- \u0110\u1ea7u chuy\u1ec3n g\u1ed9p c\u1ed5ng Audio v\u00e0 Micro d\u00e0nh cho \u0111i\u1ec7n tho\u1ea1i, Laptop kh\u00f4ng c\u00f3 c\u1ed5ng Micro ri\u00eang bi\u1ec7t\r\nHi\u1ec7n nay, h\u1ea7u h\u1ebft c\u00e1c lo\u1ea1i laptop \u0111\u00e3 \u0111\u01b0\u1ee3c s\u1ea3n xu\u1ea5t b\u1ecf \u0111i Audio/Micro truy\u1ec1n th\u1ed1ng. Thay v\u00e0o \u0111\u00f3 l\u00e0 nh\u1eefng c\u1ed5ng 3,5mm duy nh\u1ea5t t\u00edch h\u1ee3p\u2026 Tuy nhi\u00ean, n\u1ebfu ng\u01b0\u1eddi d\u00f9ng mu\u1ed1n s\u1eed d\u1ee5ng c\u00e1c lo\u1ea1i tai nghe gaming, thi\u1ebft b\u1ecb \u00e2m thanh c\u0169 s\u1eed d\u1ee5ng 2 d\u00e2y k\u1ebft n\u1ed1i Audio/Micro s\u1ebd kh\u00f4ng th\u1ec3 k\u1ebft n\u1ed1i.\r\nC\u00e1p g\u1ed9p audio v\u00e0 micro 3.5 mm m\u1ed9t s\u1ea3n ph\u1ea9m ph\u1ee5 ki\u1ec7n ti\u1ec7n \u00edch \u0111\u1ed9c \u0111\u00e1o cho ph\u00e9p b\u1ea1n g\u1ed9p, s\u1eed d\u1ee5ng \u0111\u1ed3ng th\u1eddi c\u1ea3 micro v\u00e0 \u00e2m thanh v\u1edbi ch\u1ea5t l\u01b0\u1ee3ng cao tr\u00ean laptop \u2026\r\nJack g\u1ed9p tai nghe v\u00e0 micro chu\u1ea9n 3.5 mm t\u0103ng \nc\u01b0\u1eddng ch\u1ea5t l\u01b0\u1ee3ng t\u00edn hi\u1ec7u, gi\u1ea3m nhi\u1ec5u t\u1ed1t. Ho\u1ea1t \u0111\u1ed9ng t\u1ed1t v\u1edbi t\u1ea5t c\u1ea3 c\u00e1c thi\u1ebft b\u1ecb c\u00f3 jack c\u1eafm 3.5 mm\r\nV\u00ec v\u1eady, s\u1ea3n ph\u1ea9m c\u00e1p chuy\u1ec3n Jack g\u1ed9p Mic & Audio gi\u00fap ng\u01b0\u1eddi s\u1eed d\u1ee5ng c\u00f3 gi\u1ea3i quy\u1ebft v\u1ea5n \u0111\u1ec1 tr\u00ean v\u00e0 \u0111\u1ea3m b\u1ea3o s\u1ef1 y\u00ean t\u00e2m v\u1ec1 ch\u1ea5t l\u01b0\u1ee3ng.\r\n-D\u00e2y b\u1ecdc d\u00f9 ch\u1ed1ng \u0111\u1ee9t.", "is_mart": false, "show_shopee_verified_label": false, "size_chart": null, "reference_item_id": "", "brand": "SoundMax", "item_rating": {"rating_star": 4.833333333333333, "rating_count": [6, 0, 0, 0, 1, 5]}, "label_ids": [1000476, 1000182, 1000959, 1000260, 1000262, 1000255, 1000254, 1000256, 1000263, 1000257, 1000266, 1000264, 1000265, 1000270, 1000267, 1000268, 1000271, 1000269, 1000273, 1000272, 1000274, 1000277, 1000276, 1000278, 1000275, 1000456, 1000604, 1000685, 1000687, 1000710, 1000713, 1000716, 1000748, 1000749, 1000790, 1000797, 1000279, 1000844, 1000867, 1000477, 1000946, 1000099, 1000104, 1000105, 1000107, 1000108, 1000109, 1000110, 1000155, 1000156, 1000157, 1000258, 1000259, 1000150, 1000455, 1000121, 1006306, 1006331, 1006625, 1007155, 1007190, 1007328, 1007394, 1007516, 1007546, 1007765, 1007768, 1006856, 1008283, 1008290, 1008313, 1008515, 1008793, 1009058, 1009063, 1009202, 1009427, 1009489, 1009763, 1010033, 1010111, 1010449, 1010668, 1010797, 1011155, 44, 1007525, 1011293, 1011470, 1011654, 1011685, 1011843, 1011909, 1012191, 1012192, 1012514, 1002827, 1002828, 1005342, 1005460, 1005496, 1006037, 1006129, 1006454, 1006825, 1007182, 1008542, 1008562, 1008842, 1009167, 1009687, 1010348], "attributes": null, "liked": false, "liked_count": 451, "cmt_count": 6, "flag": 268435458, "shopee_verified": false, "is_adult": false, "is_preferred_plus_seller": false, "tier_variations": [{"name": "", "options": [""], "images": null, "properties": null, "type": 0}], "bundle_deal_id": 0, "can_use_bundle_deal": false, "add_on_deal_info": null, "bundle_deal_info": null, "can_use_wholesale": false, "wholesale_tier_list": [], "is_group_buy_item": null, "group_buy_info": null, "welcome_package_type": 0, "welcome_package_info": null, "tax_code": null, "invoice_option": null, "complaint_policy": null, "images": ["3de1b144c9bcbd7c2cf4fb11df577775", "22c01b80ae11f395a761c1dea26f1ed1", "1102b83c9c66e3f80468b72c61b35ba5", "8f51b60536d2f5aeae8b1051d100b31f"], "image": "3de1b144c9bcbd7c2cf4fb11df577775", "video_info_list": null, "item_type": 0, "is_official_shop": true, "show_official_shop_label_in_title": true, "shop_location": "TP. H\u1ed3 Ch\u00ed Minh", "coin_earn_label": null, "cb_option": 0, "is_pre_order": false, "estimated_days": 2, "badge_icon_type": 6, "show_free_shipping": true, "shipping_icon_type": 0, "cod_flag": 0, "is_service_by_shopee": true, "show_original_guarantee": false, "categories": [{"catid": 100535, "display_name": "Thi\u1ebft B\u1ecb \u00c2m Thanh", "no_sub": false, "is_default_subcat": false}, {"catid": 100583, "display_name": "C\u00e1p \u00e2m thanh/ video & \u0110\u1ea7u chuy\u1ec3n", "no_sub": true, "is_default_subcat": false}], "other_stock": 0, "item_has_post": true, "discount_stock": 10, "current_promotion_has_reserve_stock": false, "current_promotion_reserved_stock": 0, "normal_stock": 10, "brand_id": 1076820, "is_alcohol_product": false, "show_recycling_info": false, "coin_info": {"spend_cash_unit": 100000, "coin_earn_items": [{"coin_earn": 0}]}, "models": [{"itemid": 5150205860, "status": 1, "current_promotion_reserved_stock": 0, "name": "", "promotionid": 249460, "price": 7125000000, "price_stocks": [{"allocated_stock": 0, "stock_breakdown_by_location": null}, {"allocated_stock": null, "stock_breakdown_by_location": [{"location_id": "VNW", "available_stock": 10, "fulfilment_type": 1, "address_id": 38200026}, {"location_id": "VNZ", "available_stock": 0, "fulfilment_type": 2, "address_id": null}]}], "current_promotion_has_reserve_stock": false, "normal_stock": 10, "extinfo": {"tier_index": [0], "group_buy_info": null, "is_pre_order": false, "estimated_days": 2}, "price_before_discount": 7500000000, "modelid": 60845567144, "stock": 10, "has_gimmick_tag": false}], "spl_info": {"installment_info": null, "user_credit_info": null, "channel_id": null, "show_spl": false, "show_spl_lite": false}, "preview_info": null, "fe_categories": [{"catid": 11036132, "display_name": "Consumer Electronics", "no_sub": false, "is_default_subcat": false}, {"catid": 11036135, "display_name": "Audio", "no_sub": false, "is_default_subcat": false}, {"catid": 11109137, "display_name": "Audio & Video Cables & Converters", "no_sub": true, "is_default_subcat": false}], "presale_info": null, "is_cc_installment_payment_eligible": false, "is_non_cc_installment_payment_eligible": false, "flash_sale": null, "upcoming_flash_sale": null, "deep_discount": null, "has_low_fulfillment_rate": false, "is_partial_fulfilled": true, "makeups": null, "shop_vouchers": null, "global_sold": null, "is_infant_milk_formula_product": false, "should_show_amp_tag": false}