{"itemid": 5618101449, "shopid": 95701859, "userid": 0, "price_max_before_discount": 55000000000, "has_lowest_price_guarantee": false, "price_before_discount": 55000000000, "price_min_before_discount": 55000000000, "exclusive_price_info": null, "hidden_price_display": null, "price_min": 54150000000, "price_max": 54150000000, "price": 54150000000, "stock": 2, "discount": "2%", "historical_sold": 0, "sold": 0, "show_discount": 2, "raw_discount": 2, "min_purchase_limit": 0, "overall_purchase_limit": {"order_max_purchase_limit": 0, "overall_purchase_limit": null, "item_overall_quota": null, "start_date": null, "end_date": null}, "pack_size": null, "is_live_streaming_price": null, "name": "Tai Nghe Ch\u1ee5p Tai SoundMax AH-327- H\u00e0ng Ch\u00ednh H\u00e3ng", "ctime": 1582879079, "item_status": "normal", "status": 1, "condition": 1, "catid": 100535, "description": "SoundMax AH-327 tr\u00f4ng c\u1ee9ng c\u00e1p nh\u1edd c\u1ee7 tai l\u1edbn thi\u1ebft k\u1ebf g\u00f3c c\u1ea1nh k\u1ebft h\u1ee3p b\u1ed9 c\u00e1nh t\u00f4ng m\u00e0u t\u1ed1i. \r\n\r\nS\u1ea3n ph\u1ea9m \u0111\u01b0\u1ee3c trang b\u1ecb micro b\u00ean c\u1ee7 tai \u0111\u1ec3 ph\u1ee5c v\u1ee5 cho vi\u1ec7c giao ti\u1ebfp v\u1edbi \u0111\u1ed3ng \u0111\u1ed9i trong l\u00fac kh\u00e1m ph\u00e1 th\u1ebf gi\u1edbi game r\u1ed9ng l\u1edbn ho\u1eb7c b\u00e0n k\u1ebf ho\u1ea1ch t\u00e1c chi\u1ebfn trong m\u1ed9t chi\u1ebfn tr\u01b0\u1eddng n\u1ea3y l\u1eeda.\r\n\r\nV\u1ec1 m\u1eb7t k\u1ef9 thu\u1eadt, SoundMax AH-327 \u0111\u01b0\u1ee3c trang b\u1ecb driver \u0111\u01b0\u1eddng k\u00ednh 50mm \u0111\u00e1p \u1ee9ng d\u1ea3i t\u1ea7n t\u1eeb 20Hz \u0111\u1ebfn 20.000Hz v\u00e0 c\u00f3 tr\u1edf kh\u00e1ng 32 Ohm.\r\n\r\nT\u00ean s\u1ea3n ph\u1ea9m: AH327\r\nK\u00edch th\u01b0\u1edbc mic: \u03a66.0 x 5.0mm\r\n\u0110\u1ed9 nh\u1ea1y: -48 \u00b1 3dB\r\nH\u01b0\u1edbng \u00e2m mic: \u0110a h\u01b0\u1edbng\r\nLoa phone: \u03a650mm\r\nTr\u1edf kh\u00e1ng: 32\u03a9 \u00b1 15%\r\nT\u1ea7n s\u1ed1 \u0111\u00e1p \u1ee9ng:\t20Hz - 20KHz\r\nNg\u00f5 v\u00e0o: 3.5mm\r\n\u0110\u1ed9 nh\u1ea1y (S.P.L): 94 \u00b1 3dB \r\n\u0110\u1ed9 d\u00e0i d\u00e2y: \u2265 2.2m\r\n\r\nTH\u00d4NG TIN B\u1ea2O H\u00c0NH\r\nBa\u0309o ha\u0300nh 12 tha\u0301ng\r\n\u0110\u1ecba \u0111i\u1ec3m b\u1ea3o h\u00e0nh: \r\n- Trung T\u00e2m B\u1ea3o H\u00e0nh SoundMax \r\n- \u0110\u1ecba ch\u1ec9 : 14 \u2013 16 \u2013 18 \u0110\u01b0\u1eddng 59, Ph\u01b0\u1eddng 10, Qu\u1eadn 6, Tp H\u1ed3 Ch\u00ed Minh.\r\n- S\u1ed1 \u0110T: 028 3755 5264 \r\n- HOTLINE:  0912 10 25 24", "is_mart": false, "show_shopee_verified_label": false, "size_chart": null, "reference_item_id": "", "brand": "SoundMax", "item_rating": {"rating_star": 0, "rating_count": [0, 0, 0, 0, 0, 0]}, "label_ids": [1000476, 1000182, 1000959, 1000260, 1000262, 1000255, 1000254, 1000256, 1000263, 1000257, 1000266, 1000264, 1000265, 1000270, 1000267, 1000268, 1000271, 1000269, 1000273, 1000272, 1000274, 1000277, 1000276, 1000278, 1000275, 1000456, 1000604, 1000685, 1000687, 1000710, 1000713, 1000716, 1000748, 1000749, 1000790, 1000797, 1000279, 1000844, 1000867, 1000477, 1000946, 1000099, 1000104, 1000105, 1000107, 1000108, 1000109, 1000110, 1000155, 1000156, 1000157, 1000258, 1000259, 1000150, 1000455, 1000121, 1006306, 1006331, 1006625, 1007155, 1007190, 1007328, 1007394, 1007516, 1007546, 1007765, 1007768, 1006856, 1008283, 1008290, 1008313, 1008515, 1008793, 1009058, 1009063, 1009202, 1009427, 1009489, 1009763, 1010033, 1010111, 1010449, 1010668, 1010797, 1011155, 44, 1007525, 1011293, 1011470, 1011654, 1011685, 1011843, 1011909, 1012191, 1012192, 1012514, 1002827, 1002828, 1003744, 1004709, 1005269, 1005342, 1005460, 1005496, 1006037, 1006129, 1006454, 1006825, 1007182, 1008562], "attributes": null, "liked": false, "liked_count": 495, "cmt_count": 0, "flag": 268435458, "shopee_verified": false, "is_adult": false, "is_preferred_plus_seller": false, "tier_variations": [{"name": "", "options": [""], "images": null, "properties": null, "type": 0}], "bundle_deal_id": 0, "can_use_bundle_deal": false, "add_on_deal_info": null, "bundle_deal_info": null, "can_use_wholesale": false, "wholesale_tier_list": [], "is_group_buy_item": null, "group_buy_info": null, "welcome_package_type": 0, "welcome_package_info": null, "tax_code": null, "invoice_option": null, "complaint_policy": null, "images": ["87fb31317db668335588ddf55773c912", "718af9cb2249ee1a90b0be566c31c241", "6e8fce406339ddfc030d4d308030cc95"], "image": "87fb31317db668335588ddf55773c912", "video_info_list": null, "item_type": 0, "is_official_shop": true, "show_official_shop_label_in_title": true, "shop_location": "TP. H\u1ed3 Ch\u00ed Minh", "coin_earn_label": null, "cb_option": 0, "is_pre_order": false, "estimated_days": 2, "badge_icon_type": 6, "show_free_shipping": true, "shipping_icon_type": 0, "cod_flag": 0, "is_service_by_shopee": true, "show_original_guarantee": false, "categories": [{"catid": 100535, "display_name": "Thi\u1ebft B\u1ecb \u00c2m Thanh", "no_sub": false, "is_default_subcat": false}, {"catid": 100578, "display_name": "Tai nghe nh\u00e9t tai & ch\u1ee5p tai", "no_sub": true, "is_default_subcat": false}], "other_stock": 0, "item_has_post": false, "discount_stock": 2, "current_promotion_has_reserve_stock": false, "current_promotion_reserved_stock": 0, "normal_stock": 2, "brand_id": 1076820, "is_alcohol_product": false, "show_recycling_info": false, "coin_info": {"spend_cash_unit": 100000, "coin_earn_items": [{"coin_earn": 0}]}, "models": [{"itemid": 5618101449, "status": 1, "current_promotion_reserved_stock": 0, "name": "", "promotionid": 249460, "price": 54150000000, "price_stocks": [{"allocated_stock": 0, "stock_breakdown_by_location": null}, {"allocated_stock": null, "stock_breakdown_by_location": [{"location_id": "VNW", "available_stock": 2, "fulfilment_type": 1, "address_id": 38200026}, {"location_id": "VNZ", "available_stock": 0, "fulfilment_type": 2, "address_id": null}]}], "current_promotion_has_reserve_stock": false, "normal_stock": 2, "extinfo": {"tier_index": [0], "group_buy_info": null, "is_pre_order": null, "estimated_days": 2}, "price_before_discount": 55000000000, "modelid": 21399250227, "stock": 2, "has_gimmick_tag": false}], "spl_info": {"installment_info": null, "user_credit_info": null, "channel_id": null, "show_spl": false, "show_spl_lite": false}, "preview_info": null, "fe_categories": [{"catid": 11036132, "display_name": "Consumer Electronics", "no_sub": false, "is_default_subcat": false}, {"catid": 11109141, "display_name": "Headphones", "no_sub": true, "is_default_subcat": false}], "presale_info": null, "is_cc_installment_payment_eligible": false, "is_non_cc_installment_payment_eligible": false, "flash_sale": null, "upcoming_flash_sale": null, "deep_discount": null, "has_low_fulfillment_rate": false, "is_partial_fulfilled": true, "makeups": null, "shop_vouchers": null, "global_sold": null, "is_infant_milk_formula_product": false, "should_show_amp_tag": false}