{"itemid": 8810927599, "shopid": 95701859, "userid": 0, "price_max_before_discount": 26200000000, "has_lowest_price_guarantee": false, "price_before_discount": 26200000000, "price_min_before_discount": 26200000000, "exclusive_price_info": null, "hidden_price_display": null, "price_min": 24700000000, "price_max": 24700000000, "price": 24700000000, "stock": 2, "discount": "6%", "historical_sold": 3, "sold": 0, "show_discount": 6, "raw_discount": 6, "min_purchase_limit": 0, "overall_purchase_limit": {"order_max_purchase_limit": 0, "overall_purchase_limit": null, "item_overall_quota": null, "start_date": null, "end_date": null}, "pack_size": null, "is_live_streaming_price": null, "name": "Loa Soundmax MB-6 - H\u00e0ng Ch\u00ednh H\u00e3ng", "ctime": 1611124175, "item_status": "normal", "status": 1, "condition": 1, "catid": 100535, "description": "SoundMax MB-series - D\u00f2ng loa bluetooth mini h\u00ecnh th\u00fa c\u01b0ng d\u1ec5 th\u01b0\u01a1ng.\nSoundMax MB l\u00e0 d\u00f2ng loa bluetooth nh\u1ecf g\u1ecdn, h\u1ed7 tr\u1ee3 k\u1ebft n\u1ed1i bluetooth chu\u1ea9n 5.0 v\u00e0 th\u1ebb nh\u1edb TF l\u00ean \u0111\u1ebfn 128GB.\nNgo\u00e0i ra b\u1ea1n c\u00f3 th\u1ec3 k\u1ebft n\u1ed1i 2 m\u1eabu MB v\u1edbi nhau \u0111\u1ec3 t\u1ea1o th\u00e0nh 1 b\u1ed9 loa 2.0 th\u00f4ng qua k\u1ebft n\u1ed1i kh\u00f4ng d\u00e2y True Wireless.\n\nT\u00ean s\u1ea3n ph\u1ea9m: MB-6\nH\u1ec7 th\u1ed1ng loa: Portable Speaker System\nC\u1ea5u h\u00ecnh: 1 loa\nCh\u1ed1ng nhi\u1ec5m t\u1eeb: C\u00f3\nT\u00edn hi\u1ec7u ng\u00f5 v\u00e0o: Bluetooth 5.0, th\u1ebb nh\u1edb TF 128GB\nT\u00edn hi\u1ec7u ng\u00f5 ra: 3W\nT\u01b0\u01a1ng th\u00edch ng\u00f5 v\u00e0o: 2.1/5.1\t2.0\n\u0110i\u1ec1u ch\u1ec9nh \u00e2m thanh: C\u00f3\nT\u1ed5ng c\u00f4ng su\u1ea5t: 3W (RMS)\n\u0110\u00e1p \u1ee9ng t\u1ea7n s\u1ed1: 90Hz ~ 20KHz\nT\u1ef7 s\u1ed1 n\u00e9n nhi\u1ec5u S/N: >60dB\nK\u00edch th\u01b0\u1edbc (WxDxH,mm): W70xD64xH49 (mm)\nNgu\u1ed3n: Built-in battery 3.7V/400mAh Li-ion\n\u0110\u1eb7c \u0111i\u1ec3m: C\u00f3 ch\u1ee9c n\u0103ng tr\u1ea3 l\u1eddi \u0111i\u1ec7n tho\u1ea1i khi \u0111\u01b0\u1ee3c k\u1ebft n\u1ed1i Bluetooth v\u1edbi \u0111i\u1ec7n tho\u1ea1i, h\u1ed7 tr\u1ee3 k\u1ebft n\u1ed1i True Wireless.\nCh\u1ea5t li\u1ec7u: Nh\u1ef1a\nTr\u1ecdng l\u01b0\u1ee3ng: 100g\n\n\nTH\u00d4NG TIN B\u1ea2O H\u00c0NH\nBa\u0309o ha\u0300nh 12 tha\u0301ng\n\u0110\u1ecba \u0111i\u1ec3m b\u1ea3o h\u00e0nh: \n- Trung T\u00e2m B\u1ea3o H\u00e0nh SoundMax \n- \u0110\u1ecba ch\u1ec9 : 14 \u2013 16 \u2013 18 \u0110\u01b0\u1eddng 59, Ph\u01b0\u1eddng 10, Qu\u1eadn 6, Tp H\u1ed3 Ch\u00ed Minh.\n- S\u1ed1 \u0110T: 028 3755 5264 \n- HOTLINE B\u1ea2O H\u00c0NH:  0912 10 25 24", "is_mart": false, "show_shopee_verified_label": false, "size_chart": null, "reference_item_id": "", "brand": "SoundMax", "item_rating": {"rating_star": 5, "rating_count": [1, 0, 0, 0, 0, 1]}, "label_ids": [1000476, 1000182, 1000959, 1000260, 1000262, 1000255, 1000254, 1000256, 1000263, 1000257, 1000266, 1000264, 1000265, 1000270, 1000267, 1000268, 1000271, 1000269, 1000273, 1000272, 1000274, 1000277, 1000276, 1000278, 1000275, 1000456, 1000604, 1000685, 1000687, 1000710, 1000713, 1000716, 1000748, 1000749, 1000790, 1000797, 1000279, 1000844, 1000867, 1000477, 1000946, 1000099, 1000104, 1000105, 1000107, 1000108, 1000109, 1000110, 1000155, 1000156, 1000157, 1000258, 1000259, 1000150, 1000455, 1000121, 1006306, 1006331, 1006625, 1007155, 1007190, 1007328, 1007394, 1007516, 1007546, 1007765, 1007768, 1006856, 1008283, 1008290, 1008313, 1008515, 1008793, 1009058, 1009063, 1009202, 1009427, 1009489, 1009763, 1010033, 1010111, 1010449, 1010668, 1010797, 1011155, 44, 1007525, 1011293, 1011470, 1011654, 1011685, 1011843, 1011909, 1012191, 1012192, 1012514, 1003744, 1004709, 1005269, 1006454, 1006825, 1007182, 1008562, 1009687, 1010348], "attributes": [{"name": "Thi\u1ebft b\u1ecb \u00e2m thanh t\u01b0\u01a1ng th\u00edch", "value": "PC & Laptop", "id": 100516, "is_timestamp": false, "brand_option": null, "val_id": null}, {"name": "Ch\u1ee9c n\u0103ng bluetooth", "value": "C\u00f3", "id": 100525, "is_timestamp": false, "brand_option": null, "val_id": null}, {"name": "Ki\u1ec3u k\u1ebft n\u1ed1i", "value": "Kh\u00f4ng d\u00e2y", "id": 100408, "is_timestamp": false, "brand_option": null, "val_id": null}], "liked": false, "liked_count": 269, "cmt_count": 1, "flag": 268435456, "shopee_verified": false, "is_adult": false, "is_preferred_plus_seller": false, "tier_variations": [{"name": "", "options": [""], "images": null, "properties": null, "type": 0}], "bundle_deal_id": 0, "can_use_bundle_deal": false, "add_on_deal_info": null, "bundle_deal_info": null, "can_use_wholesale": false, "wholesale_tier_list": [], "is_group_buy_item": null, "group_buy_info": null, "welcome_package_type": 0, "welcome_package_info": null, "tax_code": null, "invoice_option": null, "complaint_policy": null, "images": ["40320e62e60385d15a08691a0e02ae0e", "0c2b88e2a5794eab02ebc5ae4017f95a", "1a67ea4d4d4f7c4db47c6ba208726856", "77a2b67f54616d76273126120d72dd57", "f3fed0f83e37d21256da3e828d57e8e8", "0b649bb819f14df7080a9399d1bae812", "ccdf566e39b745d40e7bca8324c43a99", "dbdfe89c33565a5aff0a4a8ad6fd589a", "66f726534fb572ef30c12325c2eaa397"], "image": "40320e62e60385d15a08691a0e02ae0e", "video_info_list": null, "item_type": 0, "is_official_shop": true, "show_official_shop_label_in_title": true, "shop_location": "TP. H\u1ed3 Ch\u00ed Minh", "coin_earn_label": null, "cb_option": 0, "is_pre_order": false, "estimated_days": 2, "badge_icon_type": 6, "show_free_shipping": false, "shipping_icon_type": 0, "cod_flag": 0, "is_service_by_shopee": true, "show_original_guarantee": false, "categories": [{"catid": 100535, "display_name": "Thi\u1ebft B\u1ecb \u00c2m Thanh", "no_sub": false, "is_default_subcat": false}, {"catid": 100582, "display_name": "D\u00e0n \u00e2m thanh", "no_sub": false, "is_default_subcat": false}, {"catid": 100625, "display_name": "Loa", "no_sub": true, "is_default_subcat": false}], "other_stock": 0, "item_has_post": false, "discount_stock": 2, "current_promotion_has_reserve_stock": false, "current_promotion_reserved_stock": 0, "normal_stock": 2, "brand_id": 1076820, "is_alcohol_product": false, "show_recycling_info": false, "coin_info": {"spend_cash_unit": 100000, "coin_earn_items": [{"coin_earn": 0}]}, "models": [{"itemid": 8810927599, "status": 1, "current_promotion_reserved_stock": 0, "name": "", "promotionid": 249756, "price": 24700000000, "price_stocks": [{"allocated_stock": 0, "stock_breakdown_by_location": null}, {"allocated_stock": null, "stock_breakdown_by_location": [{"location_id": "VNW", "available_stock": 2, "fulfilment_type": 1, "address_id": 38200026}, {"location_id": "VNZ", "available_stock": 0, "fulfilment_type": 2, "address_id": null}]}], "current_promotion_has_reserve_stock": false, "normal_stock": 2, "extinfo": {"tier_index": [0], "group_buy_info": null, "is_pre_order": false, "estimated_days": 2}, "price_before_discount": 26200000000, "modelid": 33480645044, "stock": 2, "has_gimmick_tag": false}], "spl_info": {"installment_info": null, "user_credit_info": null, "channel_id": null, "show_spl": false, "show_spl_lite": false}, "preview_info": null, "fe_categories": [{"catid": 11036132, "display_name": "Consumer Electronics", "no_sub": false, "is_default_subcat": false}, {"catid": 11036135, "display_name": "Audio", "no_sub": false, "is_default_subcat": false}, {"catid": 11036139, "display_name": "Bluetooth speakers", "no_sub": true, "is_default_subcat": false}], "presale_info": null, "is_cc_installment_payment_eligible": false, "is_non_cc_installment_payment_eligible": false, "flash_sale": null, "upcoming_flash_sale": null, "deep_discount": null, "has_low_fulfillment_rate": false, "is_partial_fulfilled": true, "makeups": null, "shop_vouchers": null, "global_sold": null, "is_infant_milk_formula_product": false, "should_show_amp_tag": false}