{"bff_meta": null, "error": null, "error_msg": null, "reserved_keyword": null, "suggestion_algorithm": null, "algorithm": "eyJzZWFyY2giOiIwLmEuMjk1MEBRUFBRUllGTU9OVkZSWDBNRURZMUVUR1ZFUzJHTzE2OSJ9", "total_count": 18, "nomore": true, "items": [{"item_basic": {"itemid": 15630227691, "shopid": 394822515, "name": "V\u1ecf b\u1ecdc cao c\u1ea5p d\u00e0nh cho tay c\u1ea7m ch\u01a1i game KontrolFreek  PS5 - \u0110en", "label_ids": [1000279, 1000258, 1006306, 1006625, 1007155, 1007286, 1007328, 1007394, 1007627, 1009202, 1009763, 1010033, 1000266, 1000274, 1000260, 1009063, 1012655], "image": "26a080d60f119430d3c420de8e3c3e10", "images": ["26a080d60f119430d3c420de8e3c3e10", "33d8490684bbcd2fd139317da65dba66", "908b4bc40c8aac41aa9d27be830eff74"], "currency": "VND", "stock": 2, "status": 1, "ctime": 1641201764, "sold": 3, "historical_sold": 2, "liked": false, "liked_count": 0, "view_count": 24, "catid": 100634, "brand": null, "cmt_count": 1, "flag": 0, "cb_option": 0, "item_status": "normal", "price": 35000000000, "price_min": 35000000000, "price_max": 35000000000, "price_min_before_discount": -1, "price_max_before_discount": -1, "hidden_price_display": null, "price_before_discount": 0, "has_lowest_price_guarantee": false, "show_discount": 0, "raw_discount": 0, "discount": null, "is_category_failed": false, "size_chart": null, "video_info_list": null, "tier_variations": [{"name": "", "options": [""], "images": null, "properties": [], "type": 0}], "item_rating": {"rating_star": 5, "rating_count": [1, 0, 0, 0, 0, 1], "rcount_with_context": 0, "rcount_with_image": 0}, "item_type": 0, "reference_item_id": "", "transparent_background_image": "", "is_adult": false, "badge_icon_type": 0, "shopee_verified": false, "is_official_shop": true, "show_official_shop_label": true, "show_shopee_verified_label": false, "show_official_shop_label_in_title": true, "is_cc_installment_payment_eligible": false, "is_non_cc_installment_payment_eligible": false, "coin_earn_label": null, "show_free_shipping": false, "preview_info": null, "coin_info": null, "exclusive_price_info": null, "bundle_deal_id": 0, "can_use_bundle_deal": false, "bundle_deal_info": null, "is_group_buy_item": null, "has_group_buy_stock": null, "group_buy_info": null, "welcome_package_type": 0, "welcome_package_info": null, "add_on_deal_info": null, "can_use_wholesale": false, "is_preferred_plus_seller": false, "shop_location": "TP. H\u1ed3 Ch\u00ed Minh", "has_model_with_available_shopee_stock": false, "voucher_info": null, "can_use_cod": false, "is_on_flash_sale": false, "spl_installment_tenure": null, "is_live_streaming_price": null, "is_mart": false, "pack_size": null, "deep_discount_skin": null}, "adsid": null, "campaignid": null, "distance": null, "match_type": null, "ads_keyword": null, "deduction_info": null, "collection_id": null, "display_name": null, "campaign_stock": null, "json_data": "", "tracking_info": {"viral_spu_tracking": null, "business_tracking": null, "multi_search_tracking": null, "groupid": 0, "ruleid": [29]}, "itemid": 15630227691, "shopid": 394822515, "algo_image": null, "fe_flags": null, "item_type": 1, "foody_item": null, "search_item_tracking": "{\"is_ads\":false,\"ruleids\":[29],\"groupid\":0,\"fe_flags\":\"{}\",\"item_type\":1,\"biz_json\":\"\",\"merge_rank\":0,\"shuffle_rank\":0}", "bff_item_tracking": "{\"label_ids\":[1000279,1000258,1006306,1006625,1007155,1007286,1007328,1007394,1007627,1009202,1009763,1010033,1000266,1000274,1000260,1009063,1012655],\"is_on_flash_sale\":false,\"is_liked\":false,\"with_video\":false,\"is_dp_mirror_sku\":false,\"image_position\":null}", "personalized_labels": null, "biz_json": null}, {"item_basic": {"itemid": 15230167736, "shopid": 394822515, "name": "N\u00fam b\u1ecdc c\u1ea7n analog KontrolFreek cho tay c\u1ea7m FPS Freek Inferno - PS5 - \u0110\u1ecf", "label_ids": [1000279, 1000258, 1006306, 1006625, 1007155, 1007286, 1007328, 1007394, 1007627, 1009202, 1009763, 1010033, 1000266, 1000274, 1000260, 1009063, 1012655], "image": "3e16bfab5b3ae002a6a91b2af2ec7226", "images": ["3e16bfab5b3ae002a6a91b2af2ec7226", "e3532ceb01ce1bbaac1df8fa658f0ed8", "aba100575c5058fd4615c682536ba306", "275a177b397ea2d09b433121bb09d5ea"], "currency": "VND", "stock": 4, "status": 1, "ctime": 1641193858, "sold": 1, "historical_sold": 1, "liked": false, "liked_count": 0, "view_count": 7, "catid": 100634, "brand": null, "cmt_count": 1, "flag": 0, "cb_option": 0, "item_status": "normal", "price": 39000000000, "price_min": 39000000000, "price_max": 39000000000, "price_min_before_discount": -1, "price_max_before_discount": -1, "hidden_price_display": null, "price_before_discount": 0, "has_lowest_price_guarantee": false, "show_discount": 0, "raw_discount": 0, "discount": null, "is_category_failed": false, "size_chart": null, "video_info_list": null, "tier_variations": [{"name": "", "options": [""], "images": null, "properties": [], "type": 0}], "item_rating": {"rating_star": 5, "rating_count": [1, 0, 0, 0, 0, 1], "rcount_with_context": 0, "rcount_with_image": 0}, "item_type": 0, "reference_item_id": "", "transparent_background_image": "", "is_adult": false, "badge_icon_type": 0, "shopee_verified": false, "is_official_shop": true, "show_official_shop_label": true, "show_shopee_verified_label": false, "show_official_shop_label_in_title": true, "is_cc_installment_payment_eligible": false, "is_non_cc_installment_payment_eligible": false, "coin_earn_label": null, "show_free_shipping": false, "preview_info": null, "coin_info": null, "exclusive_price_info": null, "bundle_deal_id": 0, "can_use_bundle_deal": false, "bundle_deal_info": null, "is_group_buy_item": null, "has_group_buy_stock": null, "group_buy_info": null, "welcome_package_type": 0, "welcome_package_info": null, "add_on_deal_info": null, "can_use_wholesale": false, "is_preferred_plus_seller": false, "shop_location": "TP. H\u1ed3 Ch\u00ed Minh", "has_model_with_available_shopee_stock": false, "voucher_info": null, "can_use_cod": false, "is_on_flash_sale": false, "spl_installment_tenure": null, "is_live_streaming_price": null, "is_mart": false, "pack_size": null, "deep_discount_skin": null}, "adsid": null, "campaignid": null, "distance": null, "match_type": null, "ads_keyword": null, "deduction_info": null, "collection_id": null, "display_name": null, "campaign_stock": null, "json_data": "", "tracking_info": {"viral_spu_tracking": null, "business_tracking": null, "multi_search_tracking": null, "groupid": 0, "ruleid": [29]}, "itemid": 15230167736, "shopid": 394822515, "algo_image": null, "fe_flags": null, "item_type": 1, "foody_item": null, "search_item_tracking": "{\"is_ads\":false,\"ruleids\":[29],\"groupid\":0,\"fe_flags\":\"{}\",\"item_type\":1,\"biz_json\":\"\",\"merge_rank\":1,\"shuffle_rank\":0}", "bff_item_tracking": "{\"label_ids\":[1000279,1000258,1006306,1006625,1007155,1007286,1007328,1007394,1007627,1009202,1009763,1010033,1000266,1000274,1000260,1009063,1012655],\"is_on_flash_sale\":false,\"is_liked\":false,\"with_video\":false,\"is_dp_mirror_sku\":false,\"image_position\":null}", "personalized_labels": null, "biz_json": null}, {"item_basic": {"itemid": 13366193880, "shopid": 394822515, "name": "V\u1ecf b\u1ecdc cao c\u1ea5p d\u00e0nh cho tay c\u1ea7m ch\u01a1i game KontrolFreek XBOX - \u0110en", "label_ids": [1000279, 1000258, 1006306, 1006625, 1007155, 1007286, 1007328, 1007394, 1007627, 1009202, 1009763, 1010033, 1000266, 1000274, 1000260, 1009063, 1012655], "image": "ee55c46b64ed029d5e8573f894706458", "images": ["ee55c46b64ed029d5e8573f894706458", "80f721d3a110e387f3fe6c8259787080", "c243f4dc07f2af247f8540a0cb50b56a"], "currency": "VND", "stock": 3, "status": 1, "ctime": 1641206047, "sold": 2, "historical_sold": 1, "liked": false, "liked_count": 0, "view_count": 42, "catid": 100634, "brand": null, "cmt_count": 0, "flag": 0, "cb_option": 0, "item_status": "normal", "price": 35000000000, "price_min": 35000000000, "price_max": 35000000000, "price_min_before_discount": -1, "price_max_before_discount": -1, "hidden_price_display": null, "price_before_discount": 0, "has_lowest_price_guarantee": false, "show_discount": 0, "raw_discount": 0, "discount": null, "is_category_failed": false, "size_chart": null, "video_info_list": null, "tier_variations": [{"name": "", "options": [""], "images": null, "properties": [], "type": 0}], "item_rating": {"rating_star": 0, "rating_count": [0, 0, 0, 0, 0, 0], "rcount_with_context": 0, "rcount_with_image": 0}, "item_type": 0, "reference_item_id": "", "transparent_background_image": "", "is_adult": false, "badge_icon_type": 0, "shopee_verified": false, "is_official_shop": true, "show_official_shop_label": true, "show_shopee_verified_label": false, "show_official_shop_label_in_title": true, "is_cc_installment_payment_eligible": false, "is_non_cc_installment_payment_eligible": false, "coin_earn_label": null, "show_free_shipping": false, "preview_info": null, "coin_info": null, "exclusive_price_info": null, "bundle_deal_id": 0, "can_use_bundle_deal": false, "bundle_deal_info": null, "is_group_buy_item": null, "has_group_buy_stock": null, "group_buy_info": null, "welcome_package_type": 0, "welcome_package_info": null, "add_on_deal_info": null, "can_use_wholesale": false, "is_preferred_plus_seller": false, "shop_location": "TP. H\u1ed3 Ch\u00ed Minh", "has_model_with_available_shopee_stock": false, "voucher_info": null, "can_use_cod": false, "is_on_flash_sale": false, "spl_installment_tenure": null, "is_live_streaming_price": null, "is_mart": false, "pack_size": null, "deep_discount_skin": null}, "adsid": null, "campaignid": null, "distance": null, "match_type": null, "ads_keyword": null, "deduction_info": null, "collection_id": null, "display_name": null, "campaign_stock": null, "json_data": "", "tracking_info": {"viral_spu_tracking": null, "business_tracking": null, "multi_search_tracking": null, "groupid": 0, "ruleid": [29]}, "itemid": 13366193880, "shopid": 394822515, "algo_image": null, "fe_flags": null, "item_type": 1, "foody_item": null, "search_item_tracking": "{\"is_ads\":false,\"ruleids\":[29],\"groupid\":0,\"fe_flags\":\"{}\",\"item_type\":1,\"biz_json\":\"\",\"merge_rank\":2,\"shuffle_rank\":0}", "bff_item_tracking": "{\"label_ids\":[1000279,1000258,1006306,1006625,1007155,1007286,1007328,1007394,1007627,1009202,1009763,1010033,1000266,1000274,1000260,1009063,1012655],\"is_on_flash_sale\":false,\"is_liked\":false,\"with_video\":false,\"is_dp_mirror_sku\":false,\"image_position\":null}", "personalized_labels": null, "biz_json": null}, {"item_basic": {"itemid": 14830087644, "shopid": 394822515, "name": "Chai v\u1ec7 sinh KontrolFreek \u0111a n\u0103ng CleanFreek d\u00e0nh cho Gaming Gears", "label_ids": [1000279, 1000258, 1006306, 1006625, 1007155, 1007286, 1007328, 1007394, 1007627, 1009202, 1009763, 1010033, 1000266, 1000274, 1000260, 1009063, 1012655], "image": "7c8d5c1f6adcc079a64acde4625ce211", "images": ["7c8d5c1f6adcc079a64acde4625ce211", "7903bb89787d2b2555fc1a56e92c0d64", "21b8a8dfd6530ba201b0aea491886eaa", "7b03e3e755d7e5181463c220d9453be1"], "currency": "VND", "stock": 4, "status": 1, "ctime": 1641182202, "sold": 1, "historical_sold": 0, "liked": false, "liked_count": 0, "view_count": 7, "catid": 100634, "brand": null, "cmt_count": 0, "flag": 0, "cb_option": 0, "item_status": "normal", "price": 26500000000, "price_min": 26500000000, "price_max": 26500000000, "price_min_before_discount": -1, "price_max_before_discount": -1, "hidden_price_display": null, "price_before_discount": 0, "has_lowest_price_guarantee": false, "show_discount": 0, "raw_discount": 0, "discount": null, "is_category_failed": false, "size_chart": null, "video_info_list": null, "tier_variations": [{"name": "", "options": [""], "images": null, "properties": [], "type": 0}], "item_rating": {"rating_star": 0, "rating_count": [0, 0, 0, 0, 0, 0], "rcount_with_context": 0, "rcount_with_image": 0}, "item_type": 0, "reference_item_id": "", "transparent_background_image": "", "is_adult": false, "badge_icon_type": 0, "shopee_verified": false, "is_official_shop": true, "show_official_shop_label": true, "show_shopee_verified_label": false, "show_official_shop_label_in_title": true, "is_cc_installment_payment_eligible": false, "is_non_cc_installment_payment_eligible": false, "coin_earn_label": null, "show_free_shipping": false, "preview_info": null, "coin_info": null, "exclusive_price_info": null, "bundle_deal_id": 0, "can_use_bundle_deal": false, "bundle_deal_info": null, "is_group_buy_item": null, "has_group_buy_stock": null, "group_buy_info": null, "welcome_package_type": 0, "welcome_package_info": null, "add_on_deal_info": null, "can_use_wholesale": false, "is_preferred_plus_seller": false, "shop_location": "TP. H\u1ed3 Ch\u00ed Minh", "has_model_with_available_shopee_stock": false, "voucher_info": null, "can_use_cod": false, "is_on_flash_sale": false, "spl_installment_tenure": null, "is_live_streaming_price": null, "is_mart": false, "pack_size": null, "deep_discount_skin": null}, "adsid": null, "campaignid": null, "distance": null, "match_type": null, "ads_keyword": null, "deduction_info": null, "collection_id": null, "display_name": null, "campaign_stock": null, "json_data": "", "tracking_info": {"viral_spu_tracking": null, "business_tracking": null, "multi_search_tracking": null, "groupid": 0, "ruleid": [29]}, "itemid": 14830087644, "shopid": 394822515, "algo_image": null, "fe_flags": null, "item_type": 1, "foody_item": null, "search_item_tracking": "{\"is_ads\":false,\"ruleids\":[29],\"groupid\":0,\"fe_flags\":\"{}\",\"item_type\":1,\"biz_json\":\"\",\"merge_rank\":3,\"shuffle_rank\":0}", "bff_item_tracking": "{\"label_ids\":[1000279,1000258,1006306,1006625,1007155,1007286,1007328,1007394,1007627,1009202,1009763,1010033,1000266,1000274,1000260,1009063,1012655],\"is_on_flash_sale\":false,\"is_liked\":false,\"with_video\":false,\"is_dp_mirror_sku\":false,\"image_position\":null}", "personalized_labels": null, "biz_json": null}, {"item_basic": {"itemid": 14730091356, "shopid": 394822515, "name": "V\u00f2ng cao su h\u1ed7n h\u1ee3p KontrolFreek cho tay c\u1ea7m ch\u01a1i game (1 b\u1ed9 c\u00f3 3 c\u1eb7p v\u00f2ng bao g\u1ed3m Xanh L\u00e1, \u0110en, T\u00edm)", "label_ids": [1000279, 1000258, 1006306, 1006625, 1007155, 1007286, 1007328, 1007394, 1007627, 1009202, 1009763, 1010033, 1000266, 1000274, 1000260, 1009063, 1012655], "image": "5c7a55da48371f5576b48c99c1b747ca", "images": ["5c7a55da48371f5576b48c99c1b747ca", "becb00c270e321d18214837d5e896d05", "0b8a0d9a65068cb3720a8fe98eff5620", "43e9ad9ad054bb222ec47bc0afd81389", "899ad44382a9a94f7335a7a091190cd7", "7f26de59d60089c838f7d8daa42ef134", "5eb852dbca7650b3a3e5e54a76d8a8d3"], "currency": "VND", "stock": 4, "status": 1, "ctime": 1641182774, "sold": 1, "historical_sold": 1, "liked": false, "liked_count": 1, "view_count": 52, "catid": 100634, "brand": null, "cmt_count": 0, "flag": 0, "cb_option": 0, "item_status": "normal", "price": 26000000000, "price_min": 26000000000, "price_max": 26000000000, "price_min_before_discount": -1, "price_max_before_discount": -1, "hidden_price_display": null, "price_before_discount": 0, "has_lowest_price_guarantee": false, "show_discount": 0, "raw_discount": 0, "discount": null, "is_category_failed": false, "size_chart": null, "video_info_list": null, "tier_variations": [{"name": "", "options": [""], "images": null, "properties": [], "type": 0}], "item_rating": {"rating_star": 0, "rating_count": [0, 0, 0, 0, 0, 0], "rcount_with_context": 0, "rcount_with_image": 0}, "item_type": 0, "reference_item_id": "", "transparent_background_image": "", "is_adult": false, "badge_icon_type": 0, "shopee_verified": false, "is_official_shop": true, "show_official_shop_label": true, "show_shopee_verified_label": false, "show_official_shop_label_in_title": true, "is_cc_installment_payment_eligible": false, "is_non_cc_installment_payment_eligible": false, "coin_earn_label": null, "show_free_shipping": false, "preview_info": null, "coin_info": null, "exclusive_price_info": null, "bundle_deal_id": 0, "can_use_bundle_deal": false, "bundle_deal_info": null, "is_group_buy_item": null, "has_group_buy_stock": null, "group_buy_info": null, "welcome_package_type": 0, "welcome_package_info": null, "add_on_deal_info": null, "can_use_wholesale": false, "is_preferred_plus_seller": false, "shop_location": "TP. H\u1ed3 Ch\u00ed Minh", "has_model_with_available_shopee_stock": false, "voucher_info": null, "can_use_cod": false, "is_on_flash_sale": false, "spl_installment_tenure": null, "is_live_streaming_price": null, "is_mart": false, "pack_size": null, "deep_discount_skin": null}, "adsid": null, "campaignid": null, "distance": null, "match_type": null, "ads_keyword": null, "deduction_info": null, "collection_id": null, "display_name": null, "campaign_stock": null, "json_data": "", "tracking_info": {"viral_spu_tracking": null, "business_tracking": null, "multi_search_tracking": null, "groupid": 0, "ruleid": [29]}, "itemid": 14730091356, "shopid": 394822515, "algo_image": null, "fe_flags": null, "item_type": 1, "foody_item": null, "search_item_tracking": "{\"is_ads\":false,\"ruleids\":[29],\"groupid\":0,\"fe_flags\":\"{}\",\"item_type\":1,\"biz_json\":\"\",\"merge_rank\":4,\"shuffle_rank\":0}", "bff_item_tracking": "{\"label_ids\":[1000279,1000258,1006306,1006625,1007155,1007286,1007328,1007394,1007627,1009202,1009763,1010033,1000266,1000274,1000260,1009063,1012655],\"is_on_flash_sale\":false,\"is_liked\":false,\"with_video\":false,\"is_dp_mirror_sku\":false,\"image_position\":null}", "personalized_labels": null, "biz_json": null}, {"item_basic": {"itemid": 11880889916, "shopid": 394822515, "name": "V\u1ecf b\u1ecdc cao c\u1ea5p d\u00e0nh cho tay c\u1ea7m ch\u01a1i game KontrolFreek XBOX - XBX1 - \u0110en (XT)", "label_ids": [1000279, 1000258, 1006306, 1006625, 1007155, 1007286, 1007328, 1007394, 1007627, 1009202, 1009763, 1010033, 1000266, 1000274, 1000260, 1009063, 1012655], "image": "49cfacbf9895b25d559d17d785261824", "images": ["49cfacbf9895b25d559d17d785261824", "66691738f6dc301ddc14a54ca92f8cef", "f1a1364cde598c8f8ba805c9906e392c", "5f928d3fc3468b9d95be4b95c099fc80", "28ad32425945f219a2911210729cb2e5", "3ac32f5957781aa59f9f62ff75240bab", "e999113378c730dbcba2b10b5f2cb7c8"], "currency": "VND", "stock": 4, "status": 1, "ctime": 1641200976, "sold": 1, "historical_sold": 1, "liked": false, "liked_count": 0, "view_count": 16, "catid": 100634, "brand": null, "cmt_count": 0, "flag": 0, "cb_option": 0, "item_status": "normal", "price": 35000000000, "price_min": 35000000000, "price_max": 35000000000, "price_min_before_discount": -1, "price_max_before_discount": -1, "hidden_price_display": null, "price_before_discount": 0, "has_lowest_price_guarantee": false, "show_discount": 0, "raw_discount": 0, "discount": null, "is_category_failed": false, "size_chart": null, "video_info_list": null, "tier_variations": [{"name": "", "options": [""], "images": null, "properties": [], "type": 0}], "item_rating": {"rating_star": 0, "rating_count": [0, 0, 0, 0, 0, 0], "rcount_with_context": 0, "rcount_with_image": 0}, "item_type": 0, "reference_item_id": "", "transparent_background_image": "", "is_adult": false, "badge_icon_type": 0, "shopee_verified": false, "is_official_shop": true, "show_official_shop_label": true, "show_shopee_verified_label": false, "show_official_shop_label_in_title": true, "is_cc_installment_payment_eligible": false, "is_non_cc_installment_payment_eligible": false, "coin_earn_label": null, "show_free_shipping": false, "preview_info": null, "coin_info": null, "exclusive_price_info": null, "bundle_deal_id": 0, "can_use_bundle_deal": false, "bundle_deal_info": null, "is_group_buy_item": null, "has_group_buy_stock": null, "group_buy_info": null, "welcome_package_type": 0, "welcome_package_info": null, "add_on_deal_info": null, "can_use_wholesale": false, "is_preferred_plus_seller": false, "shop_location": "TP. H\u1ed3 Ch\u00ed Minh", "has_model_with_available_shopee_stock": false, "voucher_info": null, "can_use_cod": false, "is_on_flash_sale": false, "spl_installment_tenure": null, "is_live_streaming_price": null, "is_mart": false, "pack_size": null, "deep_discount_skin": null}, "adsid": null, "campaignid": null, "distance": null, "match_type": null, "ads_keyword": null, "deduction_info": null, "collection_id": null, "display_name": null, "campaign_stock": null, "json_data": "", "tracking_info": {"viral_spu_tracking": null, "business_tracking": null, "multi_search_tracking": null, "groupid": 0, "ruleid": [29]}, "itemid": 11880889916, "shopid": 394822515, "algo_image": null, "fe_flags": null, "item_type": 1, "foody_item": null, "search_item_tracking": "{\"is_ads\":false,\"ruleids\":[29],\"groupid\":0,\"fe_flags\":\"{}\",\"item_type\":1,\"biz_json\":\"\",\"merge_rank\":5,\"shuffle_rank\":0}", "bff_item_tracking": "{\"label_ids\":[1000279,1000258,1006306,1006625,1007155,1007286,1007328,1007394,1007627,1009202,1009763,1010033,1000266,1000274,1000260,1009063,1012655],\"is_on_flash_sale\":false,\"is_liked\":false,\"with_video\":false,\"is_dp_mirror_sku\":false,\"image_position\":null}", "personalized_labels": null, "biz_json": null}, {"item_basic": {"itemid": 10680876961, "shopid": 394822515, "name": "N\u00fam b\u1ecdc c\u1ea7n analog tay c\u1ea7m ch\u01a1i game KontrolFreek FPS Freek Galaxy - PS5 - Tr\u1eafng", "label_ids": [1000279, 1000258, 1006306, 1006625, 1007155, 1007286, 1007328, 1007394, 1007627, 1009202, 1009763, 1010033, 1000266, 1000274, 1000260, 1009063, 1012655], "image": "17211bb95cd44e9155a4405618ecd0af", "images": ["17211bb95cd44e9155a4405618ecd0af", "5c6be43ca3ba8eae6b7e0232c80d7b23", "b7b9cd78e12857462003dc4c9d743e62", "35f88318efc46f0e55c4c35b871e1ffb", "1b88453f2c05abbe6402483a3fe05ff9"], "currency": "VND", "stock": 4, "status": 1, "ctime": 1641194599, "sold": 1, "historical_sold": 0, "liked": false, "liked_count": 0, "view_count": 6, "catid": 100634, "brand": null, "cmt_count": 0, "flag": 0, "cb_option": 0, "item_status": "normal", "price": 39000000000, "price_min": 39000000000, "price_max": 39000000000, "price_min_before_discount": -1, "price_max_before_discount": -1, "hidden_price_display": null, "price_before_discount": 0, "has_lowest_price_guarantee": false, "show_discount": 0, "raw_discount": 0, "discount": null, "is_category_failed": false, "size_chart": null, "video_info_list": null, "tier_variations": [{"name": "", "options": [""], "images": null, "properties": [], "type": 0}], "item_rating": {"rating_star": 0, "rating_count": [0, 0, 0, 0, 0, 0], "rcount_with_context": 0, "rcount_with_image": 0}, "item_type": 0, "reference_item_id": "", "transparent_background_image": "", "is_adult": false, "badge_icon_type": 0, "shopee_verified": false, "is_official_shop": true, "show_official_shop_label": true, "show_shopee_verified_label": false, "show_official_shop_label_in_title": true, "is_cc_installment_payment_eligible": false, "is_non_cc_installment_payment_eligible": false, "coin_earn_label": null, "show_free_shipping": false, "preview_info": null, "coin_info": null, "exclusive_price_info": null, "bundle_deal_id": 0, "can_use_bundle_deal": false, "bundle_deal_info": null, "is_group_buy_item": null, "has_group_buy_stock": null, "group_buy_info": null, "welcome_package_type": 0, "welcome_package_info": null, "add_on_deal_info": null, "can_use_wholesale": false, "is_preferred_plus_seller": false, "shop_location": "TP. H\u1ed3 Ch\u00ed Minh", "has_model_with_available_shopee_stock": false, "voucher_info": null, "can_use_cod": false, "is_on_flash_sale": false, "spl_installment_tenure": null, "is_live_streaming_price": null, "is_mart": false, "pack_size": null, "deep_discount_skin": null}, "adsid": null, "campaignid": null, "distance": null, "match_type": null, "ads_keyword": null, "deduction_info": null, "collection_id": null, "display_name": null, "campaign_stock": null, "json_data": "", "tracking_info": {"viral_spu_tracking": null, "business_tracking": null, "multi_search_tracking": null, "groupid": 0, "ruleid": [29]}, "itemid": 10680876961, "shopid": 394822515, "algo_image": null, "fe_flags": null, "item_type": 1, "foody_item": null, "search_item_tracking": "{\"is_ads\":false,\"ruleids\":[29],\"groupid\":0,\"fe_flags\":\"{}\",\"item_type\":1,\"biz_json\":\"\",\"merge_rank\":6,\"shuffle_rank\":0}", "bff_item_tracking": "{\"label_ids\":[1000279,1000258,1006306,1006625,1007155,1007286,1007328,1007394,1007627,1009202,1009763,1010033,1000266,1000274,1000260,1009063,1012655],\"is_on_flash_sale\":false,\"is_liked\":false,\"with_video\":false,\"is_dp_mirror_sku\":false,\"image_position\":null}", "personalized_labels": null, "biz_json": null}, {"item_basic": {"itemid": 10080889965, "shopid": 394822515, "name": "N\u00fam b\u1ecdc c\u1ea7n analog tay c\u1ea7m ch\u01a1i game KontrolFreek FPS Freek Galaxy - XBOX - Tr\u1eafng", "label_ids": [1000279, 1000258, 1006306, 1006625, 1007155, 1007286, 1007328, 1007394, 1007627, 1009202, 1009763, 1010033, 1000266, 1000274, 1000260, 1009063, 1012655], "image": "087814c15ab453b8457a95c74023c901", "images": ["087814c15ab453b8457a95c74023c901", "5c6be43ca3ba8eae6b7e0232c80d7b23", "b7b9cd78e12857462003dc4c9d743e62", "6cff3ecb86acce8d0beeb729cd0577c9", "f093911afcc2ce3cc7df6068da91f2c7"], "currency": "VND", "stock": 4, "status": 1, "ctime": 1641195976, "sold": 1, "historical_sold": 1, "liked": false, "liked_count": 0, "view_count": 19, "catid": 100634, "brand": null, "cmt_count": 0, "flag": 0, "cb_option": 0, "item_status": "normal", "price": 39000000000, "price_min": 39000000000, "price_max": 39000000000, "price_min_before_discount": -1, "price_max_before_discount": -1, "hidden_price_display": null, "price_before_discount": 0, "has_lowest_price_guarantee": false, "show_discount": 0, "raw_discount": 0, "discount": null, "is_category_failed": false, "size_chart": null, "video_info_list": null, "tier_variations": [{"name": "", "options": [""], "images": null, "properties": [], "type": 0}], "item_rating": {"rating_star": 0, "rating_count": [0, 0, 0, 0, 0, 0], "rcount_with_context": 0, "rcount_with_image": 0}, "item_type": 0, "reference_item_id": "", "transparent_background_image": "", "is_adult": false, "badge_icon_type": 0, "shopee_verified": false, "is_official_shop": true, "show_official_shop_label": true, "show_shopee_verified_label": false, "show_official_shop_label_in_title": true, "is_cc_installment_payment_eligible": false, "is_non_cc_installment_payment_eligible": false, "coin_earn_label": null, "show_free_shipping": false, "preview_info": null, "coin_info": null, "exclusive_price_info": null, "bundle_deal_id": 0, "can_use_bundle_deal": false, "bundle_deal_info": null, "is_group_buy_item": null, "has_group_buy_stock": null, "group_buy_info": null, "welcome_package_type": 0, "welcome_package_info": null, "add_on_deal_info": null, "can_use_wholesale": false, "is_preferred_plus_seller": false, "shop_location": "TP. H\u1ed3 Ch\u00ed Minh", "has_model_with_available_shopee_stock": false, "voucher_info": null, "can_use_cod": false, "is_on_flash_sale": false, "spl_installment_tenure": null, "is_live_streaming_price": null, "is_mart": false, "pack_size": null, "deep_discount_skin": null}, "adsid": null, "campaignid": null, "distance": null, "match_type": null, "ads_keyword": null, "deduction_info": null, "collection_id": null, "display_name": null, "campaign_stock": null, "json_data": "", "tracking_info": {"viral_spu_tracking": null, "business_tracking": null, "multi_search_tracking": null, "groupid": 0, "ruleid": [29]}, "itemid": 10080889965, "shopid": 394822515, "algo_image": null, "fe_flags": null, "item_type": 1, "foody_item": null, "search_item_tracking": "{\"is_ads\":false,\"ruleids\":[29],\"groupid\":0,\"fe_flags\":\"{}\",\"item_type\":1,\"biz_json\":\"\",\"merge_rank\":7,\"shuffle_rank\":0}", "bff_item_tracking": "{\"label_ids\":[1000279,1000258,1006306,1006625,1007155,1007286,1007328,1007394,1007627,1009202,1009763,1010033,1000266,1000274,1000260,1009063,1012655],\"is_on_flash_sale\":false,\"is_liked\":false,\"with_video\":false,\"is_dp_mirror_sku\":false,\"image_position\":null}", "personalized_labels": null, "biz_json": null}, {"item_basic": {"itemid": 15730179797, "shopid": 394822515, "name": "N\u00fam b\u1ecdc c\u1ea7n analog tay c\u1ea7m ch\u01a1i game KontrolFreek Omni - PS5 - Blue (Chuy\u00ean FIFA, PES)", "label_ids": [1000279, 1000258, 1006306, 1006625, 1007155, 1007286, 1007328, 1007394, 1007627, 1009202, 1009763, 1010033, 1000266, 1000274, 1000260, 1009063, 1012655], "image": "51da8f2477152c13bef73fcd96c01a09", "images": ["51da8f2477152c13bef73fcd96c01a09", "20b3ea28836ff1f86d3338886a65fd71", "1aac52d3be522a45cf92fb35e41629ed", "759a098ef1dc276ee34dd3630baaad17"], "currency": "VND", "stock": 5, "status": 1, "ctime": 1641195314, "sold": 0, "historical_sold": 0, "liked": false, "liked_count": 0, "view_count": 24, "catid": 100634, "brand": null, "cmt_count": 0, "flag": 0, "cb_option": 0, "item_status": "normal", "price": 35000000000, "price_min": 35000000000, "price_max": 35000000000, "price_min_before_discount": -1, "price_max_before_discount": -1, "hidden_price_display": null, "price_before_discount": 0, "has_lowest_price_guarantee": false, "show_discount": 0, "raw_discount": 0, "discount": null, "is_category_failed": false, "size_chart": null, "video_info_list": null, "tier_variations": [{"name": "", "options": [""], "images": null, "properties": [], "type": 0}], "item_rating": {"rating_star": 0, "rating_count": [0, 0, 0, 0, 0, 0], "rcount_with_context": 0, "rcount_with_image": 0}, "item_type": 0, "reference_item_id": "", "transparent_background_image": "", "is_adult": false, "badge_icon_type": 0, "shopee_verified": false, "is_official_shop": true, "show_official_shop_label": true, "show_shopee_verified_label": false, "show_official_shop_label_in_title": true, "is_cc_installment_payment_eligible": false, "is_non_cc_installment_payment_eligible": false, "coin_earn_label": null, "show_free_shipping": false, "preview_info": null, "coin_info": null, "exclusive_price_info": null, "bundle_deal_id": 0, "can_use_bundle_deal": false, "bundle_deal_info": null, "is_group_buy_item": null, "has_group_buy_stock": null, "group_buy_info": null, "welcome_package_type": 0, "welcome_package_info": null, "add_on_deal_info": null, "can_use_wholesale": false, "is_preferred_plus_seller": false, "shop_location": "TP. H\u1ed3 Ch\u00ed Minh", "has_model_with_available_shopee_stock": false, "voucher_info": null, "can_use_cod": false, "is_on_flash_sale": false, "spl_installment_tenure": null, "is_live_streaming_price": null, "is_mart": false, "pack_size": null, "deep_discount_skin": null}, "adsid": null, "campaignid": null, "distance": null, "match_type": null, "ads_keyword": null, "deduction_info": null, "collection_id": null, "display_name": null, "campaign_stock": null, "json_data": "", "tracking_info": {"viral_spu_tracking": null, "business_tracking": null, "multi_search_tracking": null, "groupid": 0, "ruleid": [29]}, "itemid": 15730179797, "shopid": 394822515, "algo_image": null, "fe_flags": null, "item_type": 1, "foody_item": null, "search_item_tracking": "{\"is_ads\":false,\"ruleids\":[29],\"groupid\":0,\"fe_flags\":\"{}\",\"item_type\":1,\"biz_json\":\"\",\"merge_rank\":8,\"shuffle_rank\":0}", "bff_item_tracking": "{\"label_ids\":[1000279,1000258,1006306,1006625,1007155,1007286,1007328,1007394,1007627,1009202,1009763,1010033,1000266,1000274,1000260,1009063,1012655],\"is_on_flash_sale\":false,\"is_liked\":false,\"with_video\":false,\"is_dp_mirror_sku\":false,\"image_position\":null}", "personalized_labels": null, "biz_json": null}, {"item_basic": {"itemid": 15130224605, "shopid": 394822515, "name": "V\u1ecf b\u1ecdc cao c\u1ea5p d\u00e0nh cho tay c\u1ea7m ch\u01a1i game KontrolFreek  PS4 - \u0110\u1ecf", "label_ids": [1000279, 1000258, 1006306, 1006625, 1007155, 1007286, 1007328, 1007394, 1007627, 1009202, 1009763, 1010033, 1000266, 1000274, 1000260, 1009063, 1012655], "image": "13be1feb34b38e1a39a68cd32cc80b45", "images": ["13be1feb34b38e1a39a68cd32cc80b45", "d3b69daf12834e70369e2f5518841d44", "bc34c2b95fad35ffc70caea1c0415274"], "currency": "VND", "stock": 5, "status": 1, "ctime": 1641201344, "sold": 0, "historical_sold": 0, "liked": false, "liked_count": 0, "view_count": 16, "catid": 100634, "brand": null, "cmt_count": 0, "flag": 0, "cb_option": 0, "item_status": "normal", "price": 35000000000, "price_min": 35000000000, "price_max": 35000000000, "price_min_before_discount": -1, "price_max_before_discount": -1, "hidden_price_display": null, "price_before_discount": 0, "has_lowest_price_guarantee": false, "show_discount": 0, "raw_discount": 0, "discount": null, "is_category_failed": false, "size_chart": null, "video_info_list": null, "tier_variations": [{"name": "", "options": [""], "images": null, "properties": [], "type": 0}], "item_rating": {"rating_star": 0, "rating_count": [0, 0, 0, 0, 0, 0], "rcount_with_context": 0, "rcount_with_image": 0}, "item_type": 0, "reference_item_id": "", "transparent_background_image": "", "is_adult": false, "badge_icon_type": 0, "shopee_verified": false, "is_official_shop": true, "show_official_shop_label": true, "show_shopee_verified_label": false, "show_official_shop_label_in_title": true, "is_cc_installment_payment_eligible": false, "is_non_cc_installment_payment_eligible": false, "coin_earn_label": null, "show_free_shipping": false, "preview_info": null, "coin_info": null, "exclusive_price_info": null, "bundle_deal_id": 0, "can_use_bundle_deal": false, "bundle_deal_info": null, "is_group_buy_item": null, "has_group_buy_stock": null, "group_buy_info": null, "welcome_package_type": 0, "welcome_package_info": null, "add_on_deal_info": null, "can_use_wholesale": false, "is_preferred_plus_seller": false, "shop_location": "TP. H\u1ed3 Ch\u00ed Minh", "has_model_with_available_shopee_stock": false, "voucher_info": null, "can_use_cod": false, "is_on_flash_sale": false, "spl_installment_tenure": null, "is_live_streaming_price": null, "is_mart": false, "pack_size": null, "deep_discount_skin": null}, "adsid": null, "campaignid": null, "distance": null, "match_type": null, "ads_keyword": null, "deduction_info": null, "collection_id": null, "display_name": null, "campaign_stock": null, "json_data": "", "tracking_info": {"viral_spu_tracking": null, "business_tracking": null, "multi_search_tracking": null, "groupid": 0, "ruleid": [29]}, "itemid": 15130224605, "shopid": 394822515, "algo_image": null, "fe_flags": null, "item_type": 1, "foody_item": null, "search_item_tracking": "{\"is_ads\":false,\"ruleids\":[29],\"groupid\":0,\"fe_flags\":\"{}\",\"item_type\":1,\"biz_json\":\"\",\"merge_rank\":9,\"shuffle_rank\":0}", "bff_item_tracking": "{\"label_ids\":[1000279,1000258,1006306,1006625,1007155,1007286,1007328,1007394,1007627,1009202,1009763,1010033,1000266,1000274,1000260,1009063,1012655],\"is_on_flash_sale\":false,\"is_liked\":false,\"with_video\":false,\"is_dp_mirror_sku\":false,\"image_position\":null}", "personalized_labels": null, "biz_json": null}, {"item_basic": {"itemid": 15130171414, "shopid": 394822515, "name": "N\u00fam b\u1ecdc c\u1ea7n analog tay c\u1ea7m ch\u01a1i game KontrolFreek FPS Freek Galaxy - PS5 - T\u00edm", "label_ids": [1000279, 1000258, 1006306, 1006625, 1007155, 1007286, 1007328, 1007394, 1007627, 1009202, 1009763, 1010033, 1000266, 1000274, 1000260, 1009063, 1012655], "image": "6fce3723246fc1f3dd4e79af43249c1b", "images": ["6fce3723246fc1f3dd4e79af43249c1b", "7ab395fac69a01b4a7b065b185daec9b", "dfb2781b15c80fee6c69643f06b36806", "47efb397eab461b1e281b39b218ab675", "21c9106c2228296f7a4c66e9592ba398", "e688a4a56bd280eb13b63e3b628483b0", "0006aa49c3f0426581aabe20320a2ac9"], "currency": "VND", "stock": 5, "status": 1, "ctime": 1641194313, "sold": 0, "historical_sold": 0, "liked": false, "liked_count": 0, "view_count": 11, "catid": 100634, "brand": null, "cmt_count": 0, "flag": 0, "cb_option": 0, "item_status": "normal", "price": 39000000000, "price_min": 39000000000, "price_max": 39000000000, "price_min_before_discount": -1, "price_max_before_discount": -1, "hidden_price_display": null, "price_before_discount": 0, "has_lowest_price_guarantee": false, "show_discount": 0, "raw_discount": 0, "discount": null, "is_category_failed": false, "size_chart": null, "video_info_list": null, "tier_variations": [{"name": "", "options": [""], "images": null, "properties": [], "type": 0}], "item_rating": {"rating_star": 0, "rating_count": [0, 0, 0, 0, 0, 0], "rcount_with_context": 0, "rcount_with_image": 0}, "item_type": 0, "reference_item_id": "", "transparent_background_image": "", "is_adult": false, "badge_icon_type": 0, "shopee_verified": false, "is_official_shop": true, "show_official_shop_label": true, "show_shopee_verified_label": false, "show_official_shop_label_in_title": true, "is_cc_installment_payment_eligible": false, "is_non_cc_installment_payment_eligible": false, "coin_earn_label": null, "show_free_shipping": false, "preview_info": null, "coin_info": null, "exclusive_price_info": null, "bundle_deal_id": 0, "can_use_bundle_deal": false, "bundle_deal_info": null, "is_group_buy_item": null, "has_group_buy_stock": null, "group_buy_info": null, "welcome_package_type": 0, "welcome_package_info": null, "add_on_deal_info": null, "can_use_wholesale": false, "is_preferred_plus_seller": false, "shop_location": "TP. H\u1ed3 Ch\u00ed Minh", "has_model_with_available_shopee_stock": false, "voucher_info": null, "can_use_cod": false, "is_on_flash_sale": false, "spl_installment_tenure": null, "is_live_streaming_price": null, "is_mart": false, "pack_size": null, "deep_discount_skin": null}, "adsid": null, "campaignid": null, "distance": null, "match_type": null, "ads_keyword": null, "deduction_info": null, "collection_id": null, "display_name": null, "campaign_stock": null, "json_data": "", "tracking_info": {"viral_spu_tracking": null, "business_tracking": null, "multi_search_tracking": null, "groupid": 0, "ruleid": [29]}, "itemid": 15130171414, "shopid": 394822515, "algo_image": null, "fe_flags": null, "item_type": 1, "foody_item": null, "search_item_tracking": "{\"is_ads\":false,\"ruleids\":[29],\"groupid\":0,\"fe_flags\":\"{}\",\"item_type\":1,\"biz_json\":\"\",\"merge_rank\":10,\"shuffle_rank\":0}", "bff_item_tracking": "{\"label_ids\":[1000279,1000258,1006306,1006625,1007155,1007286,1007328,1007394,1007627,1009202,1009763,1010033,1000266,1000274,1000260,1009063,1012655],\"is_on_flash_sale\":false,\"is_liked\":false,\"with_video\":false,\"is_dp_mirror_sku\":false,\"image_position\":null}", "personalized_labels": null, "biz_json": null}, {"item_basic": {"itemid": 14630175798, "shopid": 394822515, "name": "N\u00fam b\u1ecdc c\u1ea7n analog tay c\u1ea7m ch\u01a1i game KontrolFreek Battle Royale Nightfall - PS5 - \u0110en", "label_ids": [1000279, 1000258, 1006306, 1006625, 1007155, 1007286, 1007328, 1007394, 1007627, 1009202, 1009763, 1010033, 1000266, 1000274, 1000260, 1009063, 1012655], "image": "3a55700e15607c24ee91174742eb2a12", "images": ["3a55700e15607c24ee91174742eb2a12", "ef5e2ecf61235cd904f75771a5845f41", "cab3461239513c0be427b5e9b698ebc1", "74deeeb70d79b0f03f4206dd0af5126b", "3e81f1a06679efc6c794d6fd9b2df1ea"], "currency": "VND", "stock": 5, "status": 1, "ctime": 1641194813, "sold": 0, "historical_sold": 0, "liked": false, "liked_count": 0, "view_count": 2, "catid": 100634, "brand": null, "cmt_count": 0, "flag": 0, "cb_option": 0, "item_status": "normal", "price": 39000000000, "price_min": 39000000000, "price_max": 39000000000, "price_min_before_discount": -1, "price_max_before_discount": -1, "hidden_price_display": null, "price_before_discount": 0, "has_lowest_price_guarantee": false, "show_discount": 0, "raw_discount": 0, "discount": null, "is_category_failed": false, "size_chart": null, "video_info_list": null, "tier_variations": [{"name": "", "options": [""], "images": null, "properties": [], "type": 0}], "item_rating": {"rating_star": 0, "rating_count": [0, 0, 0, 0, 0, 0], "rcount_with_context": 0, "rcount_with_image": 0}, "item_type": 0, "reference_item_id": "", "transparent_background_image": "", "is_adult": false, "badge_icon_type": 0, "shopee_verified": false, "is_official_shop": true, "show_official_shop_label": true, "show_shopee_verified_label": false, "show_official_shop_label_in_title": true, "is_cc_installment_payment_eligible": false, "is_non_cc_installment_payment_eligible": false, "coin_earn_label": null, "show_free_shipping": false, "preview_info": null, "coin_info": null, "exclusive_price_info": null, "bundle_deal_id": 0, "can_use_bundle_deal": false, "bundle_deal_info": null, "is_group_buy_item": null, "has_group_buy_stock": null, "group_buy_info": null, "welcome_package_type": 0, "welcome_package_info": null, "add_on_deal_info": null, "can_use_wholesale": false, "is_preferred_plus_seller": false, "shop_location": "TP. H\u1ed3 Ch\u00ed Minh", "has_model_with_available_shopee_stock": false, "voucher_info": null, "can_use_cod": false, "is_on_flash_sale": false, "spl_installment_tenure": null, "is_live_streaming_price": null, "is_mart": false, "pack_size": null, "deep_discount_skin": null}, "adsid": null, "campaignid": null, "distance": null, "match_type": null, "ads_keyword": null, "deduction_info": null, "collection_id": null, "display_name": null, "campaign_stock": null, "json_data": "", "tracking_info": {"viral_spu_tracking": null, "business_tracking": null, "multi_search_tracking": null, "groupid": 0, "ruleid": [29]}, "itemid": 14630175798, "shopid": 394822515, "algo_image": null, "fe_flags": null, "item_type": 1, "foody_item": null, "search_item_tracking": "{\"is_ads\":false,\"ruleids\":[29],\"groupid\":0,\"fe_flags\":\"{}\",\"item_type\":1,\"biz_json\":\"\",\"merge_rank\":11,\"shuffle_rank\":0}", "bff_item_tracking": "{\"label_ids\":[1000279,1000258,1006306,1006625,1007155,1007286,1007328,1007394,1007627,1009202,1009763,1010033,1000266,1000274,1000260,1009063,1012655],\"is_on_flash_sale\":false,\"is_liked\":false,\"with_video\":false,\"is_dp_mirror_sku\":false,\"image_position\":null}", "personalized_labels": null, "biz_json": null}, {"item_basic": {"itemid": 14520013104, "shopid": 394822515, "name": "D\u00e2y c\u00e1p KontrolFreek HDMI 8K Ultra Gaming Cable 12FT", "label_ids": [1000279, 1000258, 1006306, 1006625, 1007155, 1007286, 1007328, 1007394, 1007627, 1009202, 1009763, 1010033, 1000266, 1000274, 1000260, 1009063, 1012655], "image": "55b3729b1fb762094e0e15d980aa670b", "images": ["55b3729b1fb762094e0e15d980aa670b", "ddb8450ae70781b2c22330f176f3b6c0", "803d2d370de974a02e2c8eff4f28046d", "9041f593a705575b44543aec7d82569e", "203bce2a0e3fa2eb3b6b6e4f101bb932", "f1f65d0696c5ac4aa5f79968b388703d", "f1878e446d703400bd0789345b26ffbc", "dec44d280a91a65e3c5e642c88a070df", "9f02036d5b4930304a99c62d70b7da28"], "currency": "VND", "stock": 5, "status": 1, "ctime": 1639736014, "sold": 0, "historical_sold": 0, "liked": false, "liked_count": 0, "view_count": 0, "catid": 100010, "brand": null, "cmt_count": 0, "flag": 0, "cb_option": 0, "item_status": "normal", "price": 78000000000, "price_min": 78000000000, "price_max": 78000000000, "price_min_before_discount": -1, "price_max_before_discount": -1, "hidden_price_display": null, "price_before_discount": 0, "has_lowest_price_guarantee": false, "show_discount": 0, "raw_discount": 0, "discount": null, "is_category_failed": false, "size_chart": null, "video_info_list": null, "tier_variations": [{"name": "", "options": [""], "images": null, "properties": [], "type": 0}], "item_rating": {"rating_star": 0, "rating_count": [0, 0, 0, 0, 0, 0], "rcount_with_context": 0, "rcount_with_image": 0}, "item_type": 0, "reference_item_id": "", "transparent_background_image": "", "is_adult": false, "badge_icon_type": 0, "shopee_verified": false, "is_official_shop": true, "show_official_shop_label": true, "show_shopee_verified_label": false, "show_official_shop_label_in_title": true, "is_cc_installment_payment_eligible": false, "is_non_cc_installment_payment_eligible": false, "coin_earn_label": null, "show_free_shipping": false, "preview_info": null, "coin_info": null, "exclusive_price_info": null, "bundle_deal_id": 0, "can_use_bundle_deal": false, "bundle_deal_info": null, "is_group_buy_item": null, "has_group_buy_stock": null, "group_buy_info": null, "welcome_package_type": 0, "welcome_package_info": null, "add_on_deal_info": null, "can_use_wholesale": false, "is_preferred_plus_seller": false, "shop_location": "TP. H\u1ed3 Ch\u00ed Minh", "has_model_with_available_shopee_stock": false, "voucher_info": null, "can_use_cod": false, "is_on_flash_sale": false, "spl_installment_tenure": null, "is_live_streaming_price": null, "is_mart": false, "pack_size": null, "deep_discount_skin": null}, "adsid": null, "campaignid": null, "distance": null, "match_type": null, "ads_keyword": null, "deduction_info": null, "collection_id": null, "display_name": null, "campaign_stock": null, "json_data": "", "tracking_info": {"viral_spu_tracking": null, "business_tracking": null, "multi_search_tracking": null, "groupid": 0, "ruleid": [29]}, "itemid": 14520013104, "shopid": 394822515, "algo_image": null, "fe_flags": null, "item_type": 1, "foody_item": null, "search_item_tracking": "{\"is_ads\":false,\"ruleids\":[29],\"groupid\":0,\"fe_flags\":\"{}\",\"item_type\":1,\"biz_json\":\"\",\"merge_rank\":12,\"shuffle_rank\":0}", "bff_item_tracking": "{\"label_ids\":[1000279,1000258,1006306,1006625,1007155,1007286,1007328,1007394,1007627,1009202,1009763,1010033,1000266,1000274,1000260,1009063,1012655],\"is_on_flash_sale\":false,\"is_liked\":false,\"with_video\":false,\"is_dp_mirror_sku\":false,\"image_position\":null}", "personalized_labels": null, "biz_json": null}, {"item_basic": {"itemid": 14330186719, "shopid": 394822515, "name": "N\u00fam b\u1ecdc c\u1ea7n analog tay c\u1ea7m ch\u01a1i game KontrolFreek FPS Freek Galaxy - XBOX - T\u00edm", "label_ids": [1000279, 1000258, 1006306, 1006625, 1007155, 1007286, 1007328, 1007394, 1007627, 1009202, 1009763, 1010033, 1000266, 1000274, 1000260, 1009063, 1012655], "image": "58f717df8b3c7a07cc1b2608bf16668f", "images": ["58f717df8b3c7a07cc1b2608bf16668f", "82fcc5cddac12779206972b5124e9854", "f7d604c929e47f19032a230baab6b95d", "4d64ee72621b55cc447bb88fafb78183", "010f365b3c7864c7c2f1202610306335", "c41e6d8b301cd9e714e9b91d39b18ef0"], "currency": "VND", "stock": 5, "status": 1, "ctime": 1641196198, "sold": 0, "historical_sold": 0, "liked": false, "liked_count": 0, "view_count": 2, "catid": 100634, "brand": null, "cmt_count": 0, "flag": 0, "cb_option": 0, "item_status": "normal", "price": 39000000000, "price_min": 39000000000, "price_max": 39000000000, "price_min_before_discount": -1, "price_max_before_discount": -1, "hidden_price_display": null, "price_before_discount": 0, "has_lowest_price_guarantee": false, "show_discount": 0, "raw_discount": 0, "discount": null, "is_category_failed": false, "size_chart": null, "video_info_list": null, "tier_variations": [{"name": "", "options": [""], "images": null, "properties": [], "type": 0}], "item_rating": {"rating_star": 0, "rating_count": [0, 0, 0, 0, 0, 0], "rcount_with_context": 0, "rcount_with_image": 0}, "item_type": 0, "reference_item_id": "", "transparent_background_image": "", "is_adult": false, "badge_icon_type": 0, "shopee_verified": false, "is_official_shop": true, "show_official_shop_label": true, "show_shopee_verified_label": false, "show_official_shop_label_in_title": true, "is_cc_installment_payment_eligible": false, "is_non_cc_installment_payment_eligible": false, "coin_earn_label": null, "show_free_shipping": false, "preview_info": null, "coin_info": null, "exclusive_price_info": null, "bundle_deal_id": 0, "can_use_bundle_deal": false, "bundle_deal_info": null, "is_group_buy_item": null, "has_group_buy_stock": null, "group_buy_info": null, "welcome_package_type": 0, "welcome_package_info": null, "add_on_deal_info": null, "can_use_wholesale": false, "is_preferred_plus_seller": false, "shop_location": "TP. H\u1ed3 Ch\u00ed Minh", "has_model_with_available_shopee_stock": false, "voucher_info": null, "can_use_cod": false, "is_on_flash_sale": false, "spl_installment_tenure": null, "is_live_streaming_price": null, "is_mart": false, "pack_size": null, "deep_discount_skin": null}, "adsid": null, "campaignid": null, "distance": null, "match_type": null, "ads_keyword": null, "deduction_info": null, "collection_id": null, "display_name": null, "campaign_stock": null, "json_data": "", "tracking_info": {"viral_spu_tracking": null, "business_tracking": null, "multi_search_tracking": null, "groupid": 0, "ruleid": [29]}, "itemid": 14330186719, "shopid": 394822515, "algo_image": null, "fe_flags": null, "item_type": 1, "foody_item": null, "search_item_tracking": "{\"is_ads\":false,\"ruleids\":[29],\"groupid\":0,\"fe_flags\":\"{}\",\"item_type\":1,\"biz_json\":\"\",\"merge_rank\":13,\"shuffle_rank\":0}", "bff_item_tracking": "{\"label_ids\":[1000279,1000258,1006306,1006625,1007155,1007286,1007328,1007394,1007627,1009202,1009763,1010033,1000266,1000274,1000260,1009063,1012655],\"is_on_flash_sale\":false,\"is_liked\":false,\"with_video\":false,\"is_dp_mirror_sku\":false,\"image_position\":null}", "personalized_labels": null, "biz_json": null}, {"item_basic": {"itemid": 14230193309, "shopid": 394822515, "name": "N\u00fam b\u1ecdc c\u1ea7n analog tay c\u1ea7m ch\u01a1i game FPS Freek Inferno - XBOX - \u0110\u1ecf", "label_ids": [1000279, 1000258, 1006306, 1006625, 1007155, 1007286, 1007328, 1007394, 1007627, 1009202, 1009763, 1010033, 1000266, 1000274, 1000260, 1009063, 1012655], "image": "47bc80261f92a177707ba23aa7875d1d", "images": ["47bc80261f92a177707ba23aa7875d1d", "dc5bd6acb06ba0a09cba1362dd494be7", "e66ca65a83c0c72b66bfd03c9235e450", "e15aa996b012e9c6d5daadc9637fc267", "42ba2cd78551ee9b49bc4f82b715c79b", "53b68a2cae7302dba05a1816c840c9da"], "currency": "VND", "stock": 5, "status": 1, "ctime": 1641197094, "sold": 0, "historical_sold": 0, "liked": false, "liked_count": 0, "view_count": 0, "catid": 100634, "brand": null, "cmt_count": 0, "flag": 0, "cb_option": 0, "item_status": "normal", "price": 39000000000, "price_min": 39000000000, "price_max": 39000000000, "price_min_before_discount": -1, "price_max_before_discount": -1, "hidden_price_display": null, "price_before_discount": 0, "has_lowest_price_guarantee": false, "show_discount": 0, "raw_discount": 0, "discount": null, "is_category_failed": false, "size_chart": null, "video_info_list": null, "tier_variations": [{"name": "", "options": [""], "images": null, "properties": [], "type": 0}], "item_rating": {"rating_star": 0, "rating_count": [0, 0, 0, 0, 0, 0], "rcount_with_context": 0, "rcount_with_image": 0}, "item_type": 0, "reference_item_id": "", "transparent_background_image": "", "is_adult": false, "badge_icon_type": 0, "shopee_verified": false, "is_official_shop": true, "show_official_shop_label": true, "show_shopee_verified_label": false, "show_official_shop_label_in_title": true, "is_cc_installment_payment_eligible": false, "is_non_cc_installment_payment_eligible": false, "coin_earn_label": null, "show_free_shipping": false, "preview_info": null, "coin_info": null, "exclusive_price_info": null, "bundle_deal_id": 0, "can_use_bundle_deal": false, "bundle_deal_info": null, "is_group_buy_item": null, "has_group_buy_stock": null, "group_buy_info": null, "welcome_package_type": 0, "welcome_package_info": null, "add_on_deal_info": null, "can_use_wholesale": false, "is_preferred_plus_seller": false, "shop_location": "TP. H\u1ed3 Ch\u00ed Minh", "has_model_with_available_shopee_stock": false, "voucher_info": null, "can_use_cod": false, "is_on_flash_sale": false, "spl_installment_tenure": null, "is_live_streaming_price": null, "is_mart": false, "pack_size": null, "deep_discount_skin": null}, "adsid": null, "campaignid": null, "distance": null, "match_type": null, "ads_keyword": null, "deduction_info": null, "collection_id": null, "display_name": null, "campaign_stock": null, "json_data": "", "tracking_info": {"viral_spu_tracking": null, "business_tracking": null, "multi_search_tracking": null, "groupid": 0, "ruleid": [29]}, "itemid": 14230193309, "shopid": 394822515, "algo_image": null, "fe_flags": null, "item_type": 1, "foody_item": null, "search_item_tracking": "{\"is_ads\":false,\"ruleids\":[29],\"groupid\":0,\"fe_flags\":\"{}\",\"item_type\":1,\"biz_json\":\"\",\"merge_rank\":14,\"shuffle_rank\":0}", "bff_item_tracking": "{\"label_ids\":[1000279,1000258,1006306,1006625,1007155,1007286,1007328,1007394,1007627,1009202,1009763,1010033,1000266,1000274,1000260,1009063,1012655],\"is_on_flash_sale\":false,\"is_liked\":false,\"with_video\":false,\"is_dp_mirror_sku\":false,\"image_position\":null}", "personalized_labels": null, "biz_json": null}, {"item_basic": {"itemid": 13666179518, "shopid": 394822515, "name": "V\u1ecf b\u1ecdc cao c\u1ea5p d\u00e0nh cho tay c\u1ea7m ch\u01a1i game KontrolFreek XBOX - T\u00edm", "label_ids": [1000279, 1000258, 1006306, 1006625, 1007155, 1007286, 1007328, 1007394, 1007627, 1009202, 1009763, 1010033, 1000266, 1000274, 1000260, 1009063, 1012655], "image": "8f65b92a8abd18f403dde7e61359963e", "images": ["8f65b92a8abd18f403dde7e61359963e", "7de01b72563c308fa013cc04cc5df634", "10a564e89704c9ed7390ed095293b5d6", "8acba85e23d78c72473ee7af7be2532f"], "currency": "VND", "stock": 5, "status": 1, "ctime": 1641202247, "sold": 0, "historical_sold": 0, "liked": false, "liked_count": 0, "view_count": 11, "catid": 100634, "brand": null, "cmt_count": 0, "flag": 0, "cb_option": 0, "item_status": "normal", "price": 35000000000, "price_min": 35000000000, "price_max": 35000000000, "price_min_before_discount": -1, "price_max_before_discount": -1, "hidden_price_display": null, "price_before_discount": 0, "has_lowest_price_guarantee": false, "show_discount": 0, "raw_discount": 0, "discount": null, "is_category_failed": false, "size_chart": null, "video_info_list": null, "tier_variations": [{"name": "", "options": [""], "images": null, "properties": [], "type": 0}], "item_rating": {"rating_star": 0, "rating_count": [0, 0, 0, 0, 0, 0], "rcount_with_context": 0, "rcount_with_image": 0}, "item_type": 0, "reference_item_id": "", "transparent_background_image": "", "is_adult": false, "badge_icon_type": 0, "shopee_verified": false, "is_official_shop": true, "show_official_shop_label": true, "show_shopee_verified_label": false, "show_official_shop_label_in_title": true, "is_cc_installment_payment_eligible": false, "is_non_cc_installment_payment_eligible": false, "coin_earn_label": null, "show_free_shipping": false, "preview_info": null, "coin_info": null, "exclusive_price_info": null, "bundle_deal_id": 0, "can_use_bundle_deal": false, "bundle_deal_info": null, "is_group_buy_item": null, "has_group_buy_stock": null, "group_buy_info": null, "welcome_package_type": 0, "welcome_package_info": null, "add_on_deal_info": null, "can_use_wholesale": false, "is_preferred_plus_seller": false, "shop_location": "TP. H\u1ed3 Ch\u00ed Minh", "has_model_with_available_shopee_stock": false, "voucher_info": null, "can_use_cod": false, "is_on_flash_sale": false, "spl_installment_tenure": null, "is_live_streaming_price": null, "is_mart": false, "pack_size": null, "deep_discount_skin": null}, "adsid": null, "campaignid": null, "distance": null, "match_type": null, "ads_keyword": null, "deduction_info": null, "collection_id": null, "display_name": null, "campaign_stock": null, "json_data": "", "tracking_info": {"viral_spu_tracking": null, "business_tracking": null, "multi_search_tracking": null, "groupid": 0, "ruleid": [29]}, "itemid": 13666179518, "shopid": 394822515, "algo_image": null, "fe_flags": null, "item_type": 1, "foody_item": null, "search_item_tracking": "{\"is_ads\":false,\"ruleids\":[29],\"groupid\":0,\"fe_flags\":\"{}\",\"item_type\":1,\"biz_json\":\"\",\"merge_rank\":15,\"shuffle_rank\":0}", "bff_item_tracking": "{\"label_ids\":[1000279,1000258,1006306,1006625,1007155,1007286,1007328,1007394,1007627,1009202,1009763,1010033,1000266,1000274,1000260,1009063,1012655],\"is_on_flash_sale\":false,\"is_liked\":false,\"with_video\":false,\"is_dp_mirror_sku\":false,\"image_position\":null}", "personalized_labels": null, "biz_json": null}, {"item_basic": {"itemid": 13466155681, "shopid": 394822515, "name": "N\u00fam b\u1ecdc c\u1ea7n analog tay c\u1ea7m ch\u01a1i game KontrolFreek Omni -XBOX - Xanh D\u01b0\u01a1ng (Chuy\u00ean D\u1ee5ng FIFA & PES)", "label_ids": [1000279, 1000258, 1006306, 1006625, 1007155, 1007286, 1007328, 1007394, 1007627, 1009202, 1009763, 1010033, 1000266, 1000274, 1000260, 1009063, 1012655], "image": "751912b6e97718c988200d7f78609d7e", "images": ["751912b6e97718c988200d7f78609d7e", "20b3ea28836ff1f86d3338886a65fd71", "a3c1b183a1de67a0afa4fc52b91b382b", "0b6cf98e5523f08aa1efc0440552aa15", "13d5c862fafbde4d21931b617856fb3f", "42d98fc0f793d454e14e046cfaeb88ff"], "currency": "VND", "stock": 5, "status": 1, "ctime": 1641195650, "sold": 0, "historical_sold": 0, "liked": false, "liked_count": 0, "view_count": 4, "catid": 100634, "brand": null, "cmt_count": 0, "flag": 0, "cb_option": 0, "item_status": "normal", "price": 35000000000, "price_min": 35000000000, "price_max": 35000000000, "price_min_before_discount": -1, "price_max_before_discount": -1, "hidden_price_display": null, "price_before_discount": 0, "has_lowest_price_guarantee": false, "show_discount": 0, "raw_discount": 0, "discount": null, "is_category_failed": false, "size_chart": null, "video_info_list": null, "tier_variations": [{"name": "", "options": [""], "images": null, "properties": [], "type": 0}], "item_rating": {"rating_star": 0, "rating_count": [0, 0, 0, 0, 0, 0], "rcount_with_context": 0, "rcount_with_image": 0}, "item_type": 0, "reference_item_id": "", "transparent_background_image": "", "is_adult": false, "badge_icon_type": 0, "shopee_verified": false, "is_official_shop": true, "show_official_shop_label": true, "show_shopee_verified_label": false, "show_official_shop_label_in_title": true, "is_cc_installment_payment_eligible": false, "is_non_cc_installment_payment_eligible": false, "coin_earn_label": null, "show_free_shipping": false, "preview_info": null, "coin_info": null, "exclusive_price_info": null, "bundle_deal_id": 0, "can_use_bundle_deal": false, "bundle_deal_info": null, "is_group_buy_item": null, "has_group_buy_stock": null, "group_buy_info": null, "welcome_package_type": 0, "welcome_package_info": null, "add_on_deal_info": null, "can_use_wholesale": false, "is_preferred_plus_seller": false, "shop_location": "TP. H\u1ed3 Ch\u00ed Minh", "has_model_with_available_shopee_stock": false, "voucher_info": null, "can_use_cod": false, "is_on_flash_sale": false, "spl_installment_tenure": null, "is_live_streaming_price": null, "is_mart": false, "pack_size": null, "deep_discount_skin": null}, "adsid": null, "campaignid": null, "distance": null, "match_type": null, "ads_keyword": null, "deduction_info": null, "collection_id": null, "display_name": null, "campaign_stock": null, "json_data": "", "tracking_info": {"viral_spu_tracking": null, "business_tracking": null, "multi_search_tracking": null, "groupid": 0, "ruleid": [29]}, "itemid": 13466155681, "shopid": 394822515, "algo_image": null, "fe_flags": null, "item_type": 1, "foody_item": null, "search_item_tracking": "{\"is_ads\":false,\"ruleids\":[29],\"groupid\":0,\"fe_flags\":\"{}\",\"item_type\":1,\"biz_json\":\"\",\"merge_rank\":16,\"shuffle_rank\":0}", "bff_item_tracking": "{\"label_ids\":[1000279,1000258,1006306,1006625,1007155,1007286,1007328,1007394,1007627,1009202,1009763,1010033,1000266,1000274,1000260,1009063,1012655],\"is_on_flash_sale\":false,\"is_liked\":false,\"with_video\":false,\"is_dp_mirror_sku\":false,\"image_position\":null}", "personalized_labels": null, "biz_json": null}, {"item_basic": {"itemid": 12361260341, "shopid": 394822515, "name": "D\u00e2y c\u00e1p KontrolFreek USB A - Micro Gaming Cable 12FT d\u00e0nh cho PS4", "label_ids": [1000279, 1000258, 1006306, 1006625, 1007155, 1007286, 1007328, 1007394, 1007627, 1009202, 1009763, 1010033, 1000266, 1000274, 1000260, 1009063, 1012655], "image": "11e015cc16f148ec9c8a015ec2e698ee", "images": ["11e015cc16f148ec9c8a015ec2e698ee", "fed4e9194c67ec2e14cbb2ba699c9c85", "e9b06efa7e9f3384a98aca24e6dd36a8", "08529883eb5d1445cc2b895af9d4e793", "376b723b408093961a10db2715f4d2b9", "ad662626dd70c2e5194486cc8b11f0e4", "106e948a4bb5d5fb37503b7cba4bf581", "95bdb21561edd90be3909c18f1537c75", "965aeecfbdefdb60e162c65c2a64ff7c"], "currency": "VND", "stock": 5, "status": 1, "ctime": 1639736500, "sold": 0, "historical_sold": 0, "liked": false, "liked_count": 0, "view_count": 0, "catid": 100634, "brand": null, "cmt_count": 0, "flag": 0, "cb_option": 0, "item_status": "normal", "price": 72000000000, "price_min": 72000000000, "price_max": 72000000000, "price_min_before_discount": -1, "price_max_before_discount": -1, "hidden_price_display": null, "price_before_discount": 0, "has_lowest_price_guarantee": false, "show_discount": 0, "raw_discount": 0, "discount": null, "is_category_failed": false, "size_chart": null, "video_info_list": null, "tier_variations": [{"name": "", "options": [""], "images": null, "properties": [], "type": 0}], "item_rating": {"rating_star": 0, "rating_count": [0, 0, 0, 0, 0, 0], "rcount_with_context": 0, "rcount_with_image": 0}, "item_type": 0, "reference_item_id": "", "transparent_background_image": "", "is_adult": false, "badge_icon_type": 0, "shopee_verified": false, "is_official_shop": true, "show_official_shop_label": true, "show_shopee_verified_label": false, "show_official_shop_label_in_title": true, "is_cc_installment_payment_eligible": false, "is_non_cc_installment_payment_eligible": false, "coin_earn_label": null, "show_free_shipping": false, "preview_info": null, "coin_info": null, "exclusive_price_info": null, "bundle_deal_id": 0, "can_use_bundle_deal": false, "bundle_deal_info": null, "is_group_buy_item": null, "has_group_buy_stock": null, "group_buy_info": null, "welcome_package_type": 0, "welcome_package_info": null, "add_on_deal_info": null, "can_use_wholesale": false, "is_preferred_plus_seller": false, "shop_location": "TP. H\u1ed3 Ch\u00ed Minh", "has_model_with_available_shopee_stock": false, "voucher_info": null, "can_use_cod": false, "is_on_flash_sale": false, "spl_installment_tenure": null, "is_live_streaming_price": null, "is_mart": false, "pack_size": null, "deep_discount_skin": null}, "adsid": null, "campaignid": null, "distance": null, "match_type": null, "ads_keyword": null, "deduction_info": null, "collection_id": null, "display_name": null, "campaign_stock": null, "json_data": "", "tracking_info": {"viral_spu_tracking": null, "business_tracking": null, "multi_search_tracking": null, "groupid": 0, "ruleid": [29]}, "itemid": 12361260341, "shopid": 394822515, "algo_image": null, "fe_flags": null, "item_type": 1, "foody_item": null, "search_item_tracking": "{\"is_ads\":false,\"ruleids\":[29],\"groupid\":0,\"fe_flags\":\"{}\",\"item_type\":1,\"biz_json\":\"\",\"merge_rank\":17,\"shuffle_rank\":0}", "bff_item_tracking": "{\"label_ids\":[1000279,1000258,1006306,1006625,1007155,1007286,1007328,1007394,1007627,1009202,1009763,1010033,1000266,1000274,1000260,1009063,1012655],\"is_on_flash_sale\":false,\"is_liked\":false,\"with_video\":false,\"is_dp_mirror_sku\":false,\"image_position\":null}", "personalized_labels": null, "biz_json": null}], "price_adjust": null, "adjust": {"count": null}, "total_ads_count": 0, "hint_keywords": null, "show_disclaimer": false, "json_data": "", "query_rewrite": null, "disclaimer_infos": [], "need_next_search": true, "low_result": {"triggered": false, "scenarios": null, "total_organic_count": 18, "pre_lrp_total_organic_count": 18}, "autoplay_info": null, "food_item_info": {"total_count": 0}, "search_tracking": "{\"algorithm\":\"eyJzZWFyY2giOiIwLmEuMjk1MEBRUFBRUllGTU9OVkZSWDBNRURZMUVUR1ZFUzJHTzE2OSJ9\",\"low_result\":{\"triggered\":false,\"total_organic_count\":18,\"pre_lrp_total_organic_count\":18},\"total_ads_count\":0,\"total_count\":18,\"request_id\":\"bff-search_vn_sg9_10.168.90.145_{1f8a1b84d6cb205c9771d70e98045800:0100017b1cb67fbd:00000060e965fff5}_k8s-worker-sg9-live-173.shopeemobile.com\"}", "search_sessionid": null}