{"bff_meta": null, "error": null, "error_msg": null, "reserved_keyword": null, "suggestion_algorithm": null, "algorithm": "eyJzZWFyY2giOiIwLmEuMjk1MEBWRkZNUVBQUVJZT05SWDBNRURZMUVUR1ZFUzJHTzE2OSJ9", "total_count": 18, "nomore": true, "items": [{"item_basic": {"itemid": 8360575952, "shopid": 407195860, "name": "Ph\u1ee5 ki\u1ec7n m\u00e1y \u00e9p ch\u1eadm mini Mokkom", "label_ids": [1000279, 1000265, 1006306, 1006435, 1006483, 1006624, 1006625, 1007155, 1007286, 1007328, 1007394, 1007516, 1007546, 1007765, 1007768, 1006856, 1008283, 1008290, 1008313, 1008515, 1008793, 1000264, 1009063, 1009391, 1009427, 1009489, 1009763, 1010033, 1010111, 1010449, 1010668, 1010797, 1011155, 1011654, 1012191, 1007414, 1007696, 1008542, 1008842, 1009167, 1009347, 1009687, 1010242, 1010319, 1010348, 1011193, 1011294, 1011378], "image": "8c4ce381c03afac1135954a3e09babf1", "images": ["8c4ce381c03afac1135954a3e09babf1", "276cd3258cae5d279df50219eeb7fd7b", "54620d0fdf725a27bd3f828ea3fe3f76", "dda3742c9a8a0d2f0717d205d19f56ff", "1fa9c9fac510b1514e5ce79e9e5ad7df", "3ec237a2bb4197322c6a6fe077fde9e0"], "currency": "VND", "stock": 999, "status": 1, "ctime": 1622262972, "sold": 22, "historical_sold": 255, "liked": false, "liked_count": 22, "view_count": 437, "catid": 100010, "brand": null, "cmt_count": 52, "flag": 0, "cb_option": 0, "item_status": "normal", "price": 3500000000, "price_min": 3500000000, "price_max": 14000000000, "price_min_before_discount": -1, "price_max_before_discount": -1, "hidden_price_display": null, "price_before_discount": 0, "has_lowest_price_guarantee": false, "show_discount": 0, "raw_discount": 0, "discount": null, "is_category_failed": false, "size_chart": null, "video_info_list": null, "tier_variations": [{"name": "Ph\u1ee5 ki\u1ec7n", "options": ["Khay ch\u01b0a n\u01b0\u1edbc \u00e9p", "Tr\u1ee5c \u00e9p", "L\u00f5i l\u1ecdc", "B\u00e0n ch\u1ea3i", "Thanh \u0111\u1ea9y", "N\u1eafp nguy\u00ean li\u1ec7u", "C\u1ed1c ch\u1ee9a b\u00e3", "C\u1ed1c ch\u1ee9a n\u01b0\u1edbc \u00e9p"], "images": ["78a22d788090dacd6331d1e08d09cf1e", "f06caa5d7a64ba680b691a172112702e", "78068f589043c36a93416352b6027c91", "b36bd0947bade83924278e3af4dd18b9", "dc9f3143c2d5f86afdca33930f3513b3", "adbcc747f8a57a65d8b8a9b2ea7c2ec4", "e55c416335dc9ea9b1badce9c8c80e4c", "f7739c6e6f1a5ddb79f7269c0b023f70"], "properties": [], "type": 0}], "item_rating": {"rating_star": 4.980769230769231, "rating_count": [52, 0, 0, 0, 1, 51], "rcount_with_context": 26, "rcount_with_image": 23}, "item_type": 0, "reference_item_id": "", "transparent_background_image": "", "is_adult": false, "badge_icon_type": 0, "shopee_verified": false, "is_official_shop": true, "show_official_shop_label": true, "show_shopee_verified_label": false, "show_official_shop_label_in_title": true, "is_cc_installment_payment_eligible": false, "is_non_cc_installment_payment_eligible": false, "coin_earn_label": null, "show_free_shipping": false, "preview_info": null, "coin_info": null, "exclusive_price_info": null, "bundle_deal_id": 0, "can_use_bundle_deal": false, "bundle_deal_info": null, "is_group_buy_item": null, "has_group_buy_stock": null, "group_buy_info": null, "welcome_package_type": 0, "welcome_package_info": null, "add_on_deal_info": null, "can_use_wholesale": false, "is_preferred_plus_seller": false, "shop_location": "H\u00e0 N\u1ed9i", "has_model_with_available_shopee_stock": false, "voucher_info": null, "can_use_cod": false, "is_on_flash_sale": false, "spl_installment_tenure": null, "is_live_streaming_price": null, "is_mart": false, "pack_size": null, "deep_discount_skin": null}, "adsid": null, "campaignid": null, "distance": null, "match_type": null, "ads_keyword": null, "deduction_info": null, "collection_id": null, "display_name": null, "campaign_stock": null, "json_data": "", "tracking_info": {"viral_spu_tracking": null, "business_tracking": null, "multi_search_tracking": null, "groupid": 0, "ruleid": [29]}, "itemid": 8360575952, "shopid": 407195860, "algo_image": null, "fe_flags": null, "item_type": 1, "foody_item": null, "search_item_tracking": "{\"is_ads\":false,\"ruleids\":[29],\"groupid\":0,\"fe_flags\":\"{}\",\"item_type\":1,\"biz_json\":\"\",\"merge_rank\":0,\"shuffle_rank\":0}", "bff_item_tracking": "{\"label_ids\":[1000279,1000265,1006306,1006435,1006483,1006624,1006625,1007155,1007286,1007328,1007394,1007516,1007546,1007765,1007768,1006856,1008283,1008290,1008313,1008515,1008793,1000264,1009063,1009391,1009427,1009489,1009763,1010033,1010111,1010449,1010668,1010797,1011155,1011654,1012191,1007414,1007696,1008542,1008842,1009167,1009347,1009687,1010242,1010319,1010348,1011193,1011294,1011378],\"is_on_flash_sale\":false,\"is_liked\":false,\"with_video\":false,\"is_dp_mirror_sku\":false,\"image_position\":null}", "personalized_labels": null, "biz_json": null}, {"item_basic": {"itemid": 9281242687, "shopid": 407195860, "name": "[M\u00e3 BMBAU200 gi\u1ea3m 200K \u0111\u01a1n 699K] M\u00e1y L\u00e0m S\u1eefa H\u1ea1t Mokkom 600ml", "label_ids": [1000279, 1000265, 1006306, 1006435, 1006483, 1006624, 1006625, 1007155, 1007286, 1007328, 1007394, 1007516, 1007546, 1007765, 1007768, 1006856, 1008283, 1008290, 1008313, 1008515, 1008793, 1000264, 1009063, 1009391, 1009427, 1009489, 1009763, 1010033, 1010111, 1010449, 1010668, 1010797, 1011155, 1011654, 1012191, 1008842, 1009167, 1009687, 1008201, 1010213, 1010348, 1010999, 1011010, 1010738, 1011226, 1011193, 1011294, 1011378, 1011398, 1011493, 1011618, 1011619, 1011912, 1011918, 1011933, 1012033, 1012038, 1012089, 1009370], "image": "5523f5c412178b2fdbaf916d59da8a83", "images": ["5523f5c412178b2fdbaf916d59da8a83", "ad1936bd9903103ac5feb341b2346d8c", "80cb9b5aab8485d01d1f8a588573fe10", "dd844de06c717d9b3d9bc4f6dd384fb8", "c26be0f36cfa4f3071c14d8f72f99cfa", "36ae645d41c89dff2d65b310cfd62cdb", "b00076b6bf080dd4343dfd7711317725"], "currency": "VND", "stock": 286, "status": 1, "ctime": 1626945583, "sold": 9, "historical_sold": 59, "liked": false, "liked_count": 19, "view_count": 658, "catid": 100010, "brand": null, "cmt_count": 27, "flag": 0, "cb_option": 0, "item_status": "normal", "price": 137950000000, "price_min": 137950000000, "price_max": 137950000000, "price_min_before_discount": 155000000000, "price_max_before_discount": 155000000000, "hidden_price_display": null, "price_before_discount": 155000000000, "has_lowest_price_guarantee": true, "show_discount": 11, "raw_discount": 11, "discount": "11%", "is_category_failed": false, "size_chart": null, "video_info_list": [{"video_id": "c9a0d1dabce9843b08227fccc344f1a9", "thumb_url": "f07d816b8db49b19f5fc121643377652", "duration": 52, "version": 2, "vid": "sg_5ee87cc5-acea-4e26-a11e-65332b8b66c0_000052", "formats": [{"format": 660011, "defn": "V720P", "profile": "MP4", "path": "", "url": "http://play-aka.vod.shopee.com/c4/98934353/10521072217/YzQsMTcwLTQxNDkwLDE0MTgxMzY4Nzk3MTU4MTEzMjgsMg.mp4", "width": 1280, "height": 1280}], "default_format": {"format": 100001, "defn": "ORI", "profile": "MP4", "path": "", "url": "http://1500000774.vod2.myqcloud.com/412c22d9vodhk1500000774/4ecbce1c3701925921176341280/navDAWCPAo4A.mp4", "width": 640, "height": 640}}], "tier_variations": [{"name": "M\u00e0u s\u1eafc", "options": ["Xanh", "H\u1ed3ng"], "images": ["af7a959d2d030d7fbcdb0a098e2b8ad3", "098ae63add8c96145d3778863bf13859"], "properties": [], "type": 0}], "item_rating": {"rating_star": 4.962962962962963, "rating_count": [27, 0, 0, 0, 1, 26], "rcount_with_context": 12, "rcount_with_image": 12}, "item_type": 0, "reference_item_id": "", "transparent_background_image": "5523f5c412178b2fdbaf916d59da8a83", "is_adult": false, "badge_icon_type": 0, "shopee_verified": false, "is_official_shop": true, "show_official_shop_label": true, "show_shopee_verified_label": false, "show_official_shop_label_in_title": true, "is_cc_installment_payment_eligible": false, "is_non_cc_installment_payment_eligible": false, "coin_earn_label": null, "show_free_shipping": false, "preview_info": null, "coin_info": null, "exclusive_price_info": null, "bundle_deal_id": 0, "can_use_bundle_deal": false, "bundle_deal_info": null, "is_group_buy_item": null, "has_group_buy_stock": null, "group_buy_info": null, "welcome_package_type": 0, "welcome_package_info": null, "add_on_deal_info": null, "can_use_wholesale": false, "is_preferred_plus_seller": false, "shop_location": "H\u00e0 N\u1ed9i", "has_model_with_available_shopee_stock": false, "voucher_info": null, "can_use_cod": false, "is_on_flash_sale": false, "spl_installment_tenure": null, "is_live_streaming_price": null, "is_mart": false, "pack_size": null, "deep_discount_skin": null}, "adsid": null, "campaignid": null, "distance": null, "match_type": null, "ads_keyword": null, "deduction_info": null, "collection_id": null, "display_name": null, "campaign_stock": null, "json_data": "", "tracking_info": {"viral_spu_tracking": null, "business_tracking": null, "multi_search_tracking": null, "groupid": 0, "ruleid": [29]}, "itemid": 9281242687, "shopid": 407195860, "algo_image": null, "fe_flags": null, "item_type": 1, "foody_item": null, "search_item_tracking": "{\"is_ads\":false,\"ruleids\":[29],\"groupid\":0,\"fe_flags\":\"{}\",\"item_type\":1,\"biz_json\":\"\",\"merge_rank\":1,\"shuffle_rank\":0}", "bff_item_tracking": "{\"label_ids\":[1000279,1000265,1006306,1006435,1006483,1006624,1006625,1007155,1007286,1007328,1007394,1007516,1007546,1007765,1007768,1006856,1008283,1008290,1008313,1008515,1008793,1000264,1009063,1009391,1009427,1009489,1009763,1010033,1010111,1010449,1010668,1010797,1011155,1011654,1012191,1008842,1009167,1009687,1008201,1010213,1010348,1010999,1011010,1010738,1011226,1011193,1011294,1011378,1011398,1011493,1011618,1011619,1011912,1011918,1011933,1012033,1012038,1012089,1009370],\"is_on_flash_sale\":false,\"is_liked\":false,\"with_video\":true,\"is_dp_mirror_sku\":false,\"image_position\":null}", "personalized_labels": null, "biz_json": null}, {"item_basic": {"itemid": 10944835440, "shopid": 407195860, "name": "[M\u00e3 BMBAU200 gi\u1ea3m 200K \u0111\u01a1n 699K] M\u00e1y \u00c9p Tr\u00e1i C\u00e2y Mokkom MK-199", "label_ids": [1000279, 1000265, 1006306, 1006435, 1006483, 1006624, 1006625, 1007155, 1007286, 1007328, 1007394, 1007516, 1007546, 1007765, 1007768, 1006856, 1008283, 1008290, 1008313, 1008515, 1008793, 1000264, 1009063, 1009391, 1009427, 1009489, 1009763, 1010033, 1010111, 1010449, 1010668, 1010797, 1011155, 1011654, 1012191, 1008842, 1009167, 1009687, 1008201, 1010213, 1010348, 1001044, 1010999, 1011010, 1010738, 1011226, 1011193, 1011398, 1011493, 1011618, 1011619, 1011912, 1011918, 1011933, 1012033, 1012038, 1012089, 1009370, 1011387], "image": "eccff206acd47d20bca5badd67c4d95e", "images": ["eccff206acd47d20bca5badd67c4d95e", "c211758f9101800be2791ebb73867399", "e9c981e91f36b155b209f8a71390e850", "b936c6e01041013f553100bb1cc423aa", "06bf29a83ddc983fbc1ececc01a7b520", "f0e5e9a4e50e9dc8f24010fa2ed00601"], "currency": "VND", "stock": 667, "status": 1, "ctime": 1630657544, "sold": 15, "historical_sold": 85, "liked": false, "liked_count": 38, "view_count": 1137, "catid": 100010, "brand": null, "cmt_count": 27, "flag": 0, "cb_option": 0, "item_status": "normal", "price": 150750000000, "price_min": 150750000000, "price_max": 150750000000, "price_min_before_discount": 225000000000, "price_max_before_discount": 225000000000, "hidden_price_display": null, "price_before_discount": 225000000000, "has_lowest_price_guarantee": true, "show_discount": 33, "raw_discount": 33, "discount": "33%", "is_category_failed": false, "size_chart": null, "video_info_list": [{"video_id": "56280486a2acb13bcd9a40a2f1bb34fb", "thumb_url": "39d285f1e3c0b1ae90be8a3f3a703c20", "duration": 60, "version": 2, "vid": "sg_2e264ae6-a50b-42ed-8391-83d19e0d4ab9_000062", "formats": [{"format": 660011, "defn": "V720P", "profile": "MP4", "path": "", "url": "http://play-aka.vod.shopee.com/c3/98934353/105/YzQsMTg3LTQ2NDAxLDE0MzM3MDMwNTY0OTA0MTQwODAsMg.mp4", "width": 640, "height": 640}], "default_format": {"format": 100001, "defn": "ORI", "profile": "MP4", "path": "", "url": "http://1500000774.vod2.myqcloud.com/412c22d9vodhk1500000774/a71432b93701925923523461312/BiaK7skhY34A.mp4", "width": 640, "height": 640}}], "tier_variations": [{"name": "M\u00e0u s\u1eafc", "options": ["Xanh", "\u0110\u1ecf", "Ghi x\u00e1m"], "images": ["3687333e710e01b23c1013a81c7cef72", "7d1d84df6bc6314584a6d30c3561fef4", "a77a3b013012029580f6e7e82c4bcb3f"], "properties": [], "type": 0}], "item_rating": {"rating_star": 4.851851851851852, "rating_count": [27, 0, 0, 2, 0, 25], "rcount_with_context": 18, "rcount_with_image": 15}, "item_type": 0, "reference_item_id": "", "transparent_background_image": "eccff206acd47d20bca5badd67c4d95e", "is_adult": false, "badge_icon_type": 0, "shopee_verified": false, "is_official_shop": true, "show_official_shop_label": true, "show_shopee_verified_label": false, "show_official_shop_label_in_title": true, "is_cc_installment_payment_eligible": false, "is_non_cc_installment_payment_eligible": false, "coin_earn_label": null, "show_free_shipping": false, "preview_info": null, "coin_info": null, "exclusive_price_info": null, "bundle_deal_id": 0, "can_use_bundle_deal": false, "bundle_deal_info": null, "is_group_buy_item": null, "has_group_buy_stock": null, "group_buy_info": null, "welcome_package_type": 0, "welcome_package_info": null, "add_on_deal_info": null, "can_use_wholesale": false, "is_preferred_plus_seller": false, "shop_location": "H\u00e0 N\u1ed9i", "has_model_with_available_shopee_stock": false, "voucher_info": null, "can_use_cod": false, "is_on_flash_sale": false, "spl_installment_tenure": null, "is_live_streaming_price": null, "is_mart": false, "pack_size": null, "deep_discount_skin": null}, "adsid": null, "campaignid": null, "distance": null, "match_type": null, "ads_keyword": null, "deduction_info": null, "collection_id": null, "display_name": null, "campaign_stock": null, "json_data": "", "tracking_info": {"viral_spu_tracking": null, "business_tracking": null, "multi_search_tracking": null, "groupid": 0, "ruleid": [29]}, "itemid": 10944835440, "shopid": 407195860, "algo_image": null, "fe_flags": null, "item_type": 1, "foody_item": null, "search_item_tracking": "{\"is_ads\":false,\"ruleids\":[29],\"groupid\":0,\"fe_flags\":\"{}\",\"item_type\":1,\"biz_json\":\"\",\"merge_rank\":2,\"shuffle_rank\":0}", "bff_item_tracking": "{\"label_ids\":[1000279,1000265,1006306,1006435,1006483,1006624,1006625,1007155,1007286,1007328,1007394,1007516,1007546,1007765,1007768,1006856,1008283,1008290,1008313,1008515,1008793,1000264,1009063,1009391,1009427,1009489,1009763,1010033,1010111,1010449,1010668,1010797,1011155,1011654,1012191,1008842,1009167,1009687,1008201,1010213,1010348,1001044,1010999,1011010,1010738,1011226,1011193,1011398,1011493,1011618,1011619,1011912,1011918,1011933,1012033,1012038,1012089,1009370,1011387],\"is_on_flash_sale\":false,\"is_liked\":false,\"with_video\":true,\"is_dp_mirror_sku\":false,\"image_position\":null}", "personalized_labels": null, "biz_json": null}, {"item_basic": {"itemid": 8929452622, "shopid": 407195860, "name": "[M\u00e3 BMBAU50 gi\u1ea3m 50K \u0111\u01a1n 150K] C\u1ed1c \u0110i\u1ec7n Mini \u0110a N\u0103ng Mokkom", "label_ids": [1000279, 1000265, 1006306, 1006435, 1006483, 1006624, 1006625, 1007155, 1007286, 1007328, 1007394, 1007516, 1007546, 1007765, 1007768, 1006856, 1008283, 1008290, 1008313, 1008515, 1008793, 1000264, 1009063, 1009391, 1009427, 1009489, 1009763, 1010033, 1010111, 1010449, 1010668, 1010797, 1011155, 1011654, 1012191, 1006641, 1006660, 1007414, 1008542, 1008842, 1009167, 1010999, 1011010, 1010738, 1011226, 1011193, 1011378, 1011398, 1011493, 1011618, 1011619, 1011912, 1011920, 1011933, 1012033, 1012038, 1012089], "image": "7538f203aec85257fd6772d393db3e9b", "images": ["7538f203aec85257fd6772d393db3e9b", "aa27cd75881d50113d9bcc35ca4adee3", "7236ef13a09ad61394fde89c90d210af"], "currency": "VND", "stock": 332, "status": 1, "ctime": 1616299554, "sold": 0, "historical_sold": 9, "liked": false, "liked_count": 20, "view_count": 191, "catid": 100636, "brand": "MOKKOM", "cmt_count": 3, "flag": 0, "cb_option": 0, "item_status": "normal", "price": 40800000000, "price_min": 40800000000, "price_max": 40800000000, "price_min_before_discount": 48000000000, "price_max_before_discount": 48000000000, "hidden_price_display": null, "price_before_discount": 48000000000, "has_lowest_price_guarantee": false, "show_discount": 15, "raw_discount": 15, "discount": "15%", "is_category_failed": false, "size_chart": null, "video_info_list": null, "tier_variations": [{"name": "M\u00e0u s\u1eafc", "options": ["Xanh", "Tr\u1eafng", "H\u1ed3ng"], "images": null, "properties": [], "type": 0}], "item_rating": {"rating_star": 5, "rating_count": [3, 0, 0, 0, 0, 3], "rcount_with_context": 1, "rcount_with_image": 1}, "item_type": 0, "reference_item_id": "", "transparent_background_image": "", "is_adult": false, "badge_icon_type": 0, "shopee_verified": false, "is_official_shop": true, "show_official_shop_label": true, "show_shopee_verified_label": false, "show_official_shop_label_in_title": true, "is_cc_installment_payment_eligible": false, "is_non_cc_installment_payment_eligible": false, "coin_earn_label": null, "show_free_shipping": false, "preview_info": null, "coin_info": null, "exclusive_price_info": null, "bundle_deal_id": 0, "can_use_bundle_deal": false, "bundle_deal_info": null, "is_group_buy_item": null, "has_group_buy_stock": null, "group_buy_info": null, "welcome_package_type": 0, "welcome_package_info": null, "add_on_deal_info": null, "can_use_wholesale": false, "is_preferred_plus_seller": false, "shop_location": "H\u00e0 N\u1ed9i", "has_model_with_available_shopee_stock": false, "voucher_info": null, "can_use_cod": false, "is_on_flash_sale": false, "spl_installment_tenure": null, "is_live_streaming_price": null, "is_mart": false, "pack_size": null, "deep_discount_skin": null}, "adsid": null, "campaignid": null, "distance": null, "match_type": null, "ads_keyword": null, "deduction_info": null, "collection_id": null, "display_name": null, "campaign_stock": null, "json_data": "", "tracking_info": {"viral_spu_tracking": null, "business_tracking": null, "multi_search_tracking": null, "groupid": 0, "ruleid": [29]}, "itemid": 8929452622, "shopid": 407195860, "algo_image": null, "fe_flags": null, "item_type": 1, "foody_item": null, "search_item_tracking": "{\"is_ads\":false,\"ruleids\":[29],\"groupid\":0,\"fe_flags\":\"{}\",\"item_type\":1,\"biz_json\":\"\",\"merge_rank\":3,\"shuffle_rank\":0}", "bff_item_tracking": "{\"label_ids\":[1000279,1000265,1006306,1006435,1006483,1006624,1006625,1007155,1007286,1007328,1007394,1007516,1007546,1007765,1007768,1006856,1008283,1008290,1008313,1008515,1008793,1000264,1009063,1009391,1009427,1009489,1009763,1010033,1010111,1010449,1010668,1010797,1011155,1011654,1012191,1006641,1006660,1007414,1008542,1008842,1009167,1010999,1011010,1010738,1011226,1011193,1011378,1011398,1011493,1011618,1011619,1011912,1011920,1011933,1012033,1012038,1012089],\"is_on_flash_sale\":false,\"is_liked\":false,\"with_video\":false,\"is_dp_mirror_sku\":false,\"image_position\":null}", "personalized_labels": null, "biz_json": null}, {"item_basic": {"itemid": 8229449717, "shopid": 407195860, "name": "[M\u00e3 BMBAU50 gi\u1ea3m 50K \u0111\u01a1n 150K] C\u1ed1c \u0110i\u1ec7n Mini \u0110a N\u0103ng N\u00e2ng C\u1ea5p Mokkom (C\u00f3 l\u1ecdc)", "label_ids": [1000279, 1000265, 1006306, 1006435, 1006483, 1006624, 1006625, 1007155, 1007286, 1007328, 1007394, 1007516, 1007546, 1007765, 1007768, 1006856, 1008283, 1008290, 1008313, 1008515, 1008793, 1000264, 1009063, 1009391, 1009427, 1009489, 1009763, 1010033, 1010111, 1010449, 1010668, 1010797, 1011155, 1011654, 1012191, 1006641, 1006660, 1009687, 1010348, 1010999, 1011010, 1010738, 1011226, 1011398, 1011493, 1011618, 1011619, 1011912, 1011918, 1011933, 1012033, 1012038, 1012089], "image": "b2bfcbaa5135222c903e817b1a7d224f", "images": ["b2bfcbaa5135222c903e817b1a7d224f", "13f1a240255d15288fb963801182cf8e", "a0b858a5d9df71b2904f5c36b25f7a28"], "currency": "VND", "stock": 129, "status": 1, "ctime": 1616299833, "sold": 3, "historical_sold": 10, "liked": false, "liked_count": 11, "view_count": 156, "catid": 100010, "brand": "MOKKOM", "cmt_count": 3, "flag": 2, "cb_option": 0, "item_status": "normal", "price": 49300000000, "price_min": 49300000000, "price_max": 49300000000, "price_min_before_discount": 58000000000, "price_max_before_discount": 58000000000, "hidden_price_display": null, "price_before_discount": 58000000000, "has_lowest_price_guarantee": false, "show_discount": 15, "raw_discount": 15, "discount": "15%", "is_category_failed": false, "size_chart": null, "video_info_list": null, "tier_variations": [{"name": "M\u00e0u s\u1eafc", "options": ["Xanh \u0111\u1eadm", "Xanh nh\u1ea1t", "H\u1ed3ng"], "images": ["9cad7c8a4a6cdd3f05a3b8d375ee3c09", "7a470aad3361cf4b9c7ed2611f87b0f7", "099c08add10eb32643581aba35c24753"], "properties": [], "type": 0}], "item_rating": {"rating_star": 4.333333333333333, "rating_count": [3, 0, 0, 0, 2, 1], "rcount_with_context": 2, "rcount_with_image": 2}, "item_type": 0, "reference_item_id": "", "transparent_background_image": "", "is_adult": false, "badge_icon_type": 0, "shopee_verified": false, "is_official_shop": true, "show_official_shop_label": true, "show_shopee_verified_label": false, "show_official_shop_label_in_title": true, "is_cc_installment_payment_eligible": false, "is_non_cc_installment_payment_eligible": false, "coin_earn_label": null, "show_free_shipping": true, "preview_info": null, "coin_info": null, "exclusive_price_info": null, "bundle_deal_id": 0, "can_use_bundle_deal": false, "bundle_deal_info": null, "is_group_buy_item": null, "has_group_buy_stock": null, "group_buy_info": null, "welcome_package_type": 0, "welcome_package_info": null, "add_on_deal_info": null, "can_use_wholesale": false, "is_preferred_plus_seller": false, "shop_location": "H\u00e0 N\u1ed9i", "has_model_with_available_shopee_stock": false, "voucher_info": null, "can_use_cod": false, "is_on_flash_sale": false, "spl_installment_tenure": null, "is_live_streaming_price": null, "is_mart": false, "pack_size": null, "deep_discount_skin": null}, "adsid": null, "campaignid": null, "distance": null, "match_type": null, "ads_keyword": null, "deduction_info": null, "collection_id": null, "display_name": null, "campaign_stock": null, "json_data": "", "tracking_info": {"viral_spu_tracking": null, "business_tracking": null, "multi_search_tracking": null, "groupid": 0, "ruleid": [29]}, "itemid": 8229449717, "shopid": 407195860, "algo_image": null, "fe_flags": null, "item_type": 1, "foody_item": null, "search_item_tracking": "{\"is_ads\":false,\"ruleids\":[29],\"groupid\":0,\"fe_flags\":\"{}\",\"item_type\":1,\"biz_json\":\"\",\"merge_rank\":4,\"shuffle_rank\":0}", "bff_item_tracking": "{\"label_ids\":[1000279,1000265,1006306,1006435,1006483,1006624,1006625,1007155,1007286,1007328,1007394,1007516,1007546,1007765,1007768,1006856,1008283,1008290,1008313,1008515,1008793,1000264,1009063,1009391,1009427,1009489,1009763,1010033,1010111,1010449,1010668,1010797,1011155,1011654,1012191,1006641,1006660,1009687,1010348,1010999,1011010,1010738,1011226,1011398,1011493,1011618,1011619,1011912,1011918,1011933,1012033,1012038,1012089],\"is_on_flash_sale\":false,\"is_liked\":false,\"with_video\":false,\"is_dp_mirror_sku\":false,\"image_position\":null}", "personalized_labels": null, "biz_json": null}, {"item_basic": {"itemid": 9979238872, "shopid": 407195860, "name": "[M\u00e3 BMBAU200 gi\u1ea3m 200K \u0111\u01a1n 699K] M\u00e1y L\u00e0m S\u1eefa H\u1ea1t Mini N\u00e2ng C\u1ea5p Mokkom Th\u00eam Ch\u1ee9c N\u0103ng Tr\u00e0 S\u1eefa", "label_ids": [1000279, 1000265, 1006306, 1006435, 1006483, 1006624, 1006625, 1007155, 1007286, 1007328, 1007394, 1007516, 1007546, 1007765, 1007768, 1006856, 1008283, 1008290, 1008313, 1008515, 1008793, 1000264, 1009063, 1009391, 1009427, 1009489, 1009763, 1010033, 1010111, 1010449, 1010668, 1010797, 1011155, 1011654, 1012191, 1009167, 1009687, 1010348, 1010999, 1011010, 1010738, 1011226, 1011378, 1011398, 1011493, 1011618, 1011619, 1011912, 1011918, 1011933, 1012033, 1012038, 1012089], "image": "c66384ad915b9a50413f1cb73a89bba8", "images": ["c66384ad915b9a50413f1cb73a89bba8", "d6a70d8bf196d2494c876aef48c21279", "98c62ac89f1648734b7782d658475ced", "6eef975568653cd12c6ca9c848583c89", "ce8e50e2be70f53e557db4ab0012086a"], "currency": "VND", "stock": 1, "status": 1, "ctime": 1626506958, "sold": 1, "historical_sold": 7, "liked": false, "liked_count": 11, "view_count": 186, "catid": 100010, "brand": null, "cmt_count": 1, "flag": 0, "cb_option": 0, "item_status": "normal", "price": 119250000000, "price_min": 119250000000, "price_max": 119250000000, "price_min_before_discount": 159000000000, "price_max_before_discount": 159000000000, "hidden_price_display": null, "price_before_discount": 159000000000, "has_lowest_price_guarantee": false, "show_discount": 25, "raw_discount": 25, "discount": "25%", "is_category_failed": false, "size_chart": null, "video_info_list": null, "tier_variations": [{"name": "M\u00e0u s\u1eafc", "options": ["Xanh \u0111\u1eadm", "Xanh nh\u1ea1t"], "images": ["0c2f8c0c7b1874954a3d7e88b84da74e", "d33ba7519b7429737f1cfe3d5e34ddfd"], "properties": [], "type": 0}], "item_rating": {"rating_star": 5, "rating_count": [1, 0, 0, 0, 0, 1], "rcount_with_context": 1, "rcount_with_image": 1}, "item_type": 0, "reference_item_id": "", "transparent_background_image": "c66384ad915b9a50413f1cb73a89bba8", "is_adult": false, "badge_icon_type": 0, "shopee_verified": false, "is_official_shop": true, "show_official_shop_label": true, "show_shopee_verified_label": false, "show_official_shop_label_in_title": true, "is_cc_installment_payment_eligible": false, "is_non_cc_installment_payment_eligible": false, "coin_earn_label": null, "show_free_shipping": false, "preview_info": null, "coin_info": null, "exclusive_price_info": null, "bundle_deal_id": 0, "can_use_bundle_deal": false, "bundle_deal_info": null, "is_group_buy_item": null, "has_group_buy_stock": null, "group_buy_info": null, "welcome_package_type": 0, "welcome_package_info": null, "add_on_deal_info": null, "can_use_wholesale": false, "is_preferred_plus_seller": false, "shop_location": "H\u00e0 N\u1ed9i", "has_model_with_available_shopee_stock": false, "voucher_info": null, "can_use_cod": false, "is_on_flash_sale": false, "spl_installment_tenure": null, "is_live_streaming_price": null, "is_mart": false, "pack_size": null, "deep_discount_skin": null}, "adsid": null, "campaignid": null, "distance": null, "match_type": null, "ads_keyword": null, "deduction_info": null, "collection_id": null, "display_name": null, "campaign_stock": null, "json_data": "", "tracking_info": {"viral_spu_tracking": null, "business_tracking": null, "multi_search_tracking": null, "groupid": 0, "ruleid": [29]}, "itemid": 9979238872, "shopid": 407195860, "algo_image": null, "fe_flags": null, "item_type": 1, "foody_item": null, "search_item_tracking": "{\"is_ads\":false,\"ruleids\":[29],\"groupid\":0,\"fe_flags\":\"{}\",\"item_type\":1,\"biz_json\":\"\",\"merge_rank\":5,\"shuffle_rank\":0}", "bff_item_tracking": "{\"label_ids\":[1000279,1000265,1006306,1006435,1006483,1006624,1006625,1007155,1007286,1007328,1007394,1007516,1007546,1007765,1007768,1006856,1008283,1008290,1008313,1008515,1008793,1000264,1009063,1009391,1009427,1009489,1009763,1010033,1010111,1010449,1010668,1010797,1011155,1011654,1012191,1009167,1009687,1010348,1010999,1011010,1010738,1011226,1011378,1011398,1011493,1011618,1011619,1011912,1011918,1011933,1012033,1012038,1012089],\"is_on_flash_sale\":false,\"is_liked\":false,\"with_video\":false,\"is_dp_mirror_sku\":false,\"image_position\":null}", "personalized_labels": null, "biz_json": null}, {"item_basic": {"itemid": 12508502021, "shopid": 407195860, "name": "[M\u00e3 BMBAU200 gi\u1ea3m 200K \u0111\u01a1n 699K] M\u00e1y Pha Tr\u00e0 T\u1ef1 \u0110\u1ed9ng Mokkom", "label_ids": [1000279, 1000265, 1006306, 1006435, 1006483, 1006624, 1006625, 1007155, 1007286, 1007328, 1007394, 1007516, 1007546, 1007765, 1007768, 1006856, 1008283, 1008290, 1008313, 1008515, 1008793, 1000264, 1009063, 1009391, 1009427, 1009489, 1009763, 1010033, 1010111, 1010449, 1010668, 1010797, 1011155, 1011654, 1012191, 1009687, 1010348, 1011193, 1011378], "image": "129e813eca51b41e69bd7d12b73937f7", "images": ["129e813eca51b41e69bd7d12b73937f7", "cf4863e552a899581a7a4bdc0f7caba5", "0d4a4bd3abb29fc6191d0c33787f415f", "5f03101461da16155156530c79e494a0", "71ad468090c6c4ca49252c9ca9e7b1f1", "794d302640286da231e708361829dd08"], "currency": "VND", "stock": 205, "status": 1, "ctime": 1631461036, "sold": 0, "historical_sold": 4, "liked": false, "liked_count": 9, "view_count": 58, "catid": 100010, "brand": null, "cmt_count": 0, "flag": 0, "cb_option": 0, "item_status": "normal", "price": 157500000000, "price_min": 157500000000, "price_max": 157500000000, "price_min_before_discount": 225000000000, "price_max_before_discount": 225000000000, "hidden_price_display": null, "price_before_discount": 225000000000, "has_lowest_price_guarantee": false, "show_discount": 30, "raw_discount": 30, "discount": "30%", "is_category_failed": false, "size_chart": null, "video_info_list": null, "tier_variations": [{"name": "M\u00e0u s\u1eafc", "options": ["Xanh", "Tr\u1eafng"], "images": ["6ff09f0c7bb72d8cf7d341e5ad045d48", "89909d97cbf4a6a5f84d3f77098d51ec"], "properties": [], "type": 0}], "item_rating": {"rating_star": 0, "rating_count": [0, 0, 0, 0, 0, 0], "rcount_with_context": 0, "rcount_with_image": 0}, "item_type": 0, "reference_item_id": "", "transparent_background_image": "", "is_adult": false, "badge_icon_type": 0, "shopee_verified": false, "is_official_shop": true, "show_official_shop_label": true, "show_shopee_verified_label": false, "show_official_shop_label_in_title": true, "is_cc_installment_payment_eligible": false, "is_non_cc_installment_payment_eligible": false, "coin_earn_label": null, "show_free_shipping": false, "preview_info": null, "coin_info": null, "exclusive_price_info": null, "bundle_deal_id": 0, "can_use_bundle_deal": false, "bundle_deal_info": null, "is_group_buy_item": null, "has_group_buy_stock": null, "group_buy_info": null, "welcome_package_type": 0, "welcome_package_info": null, "add_on_deal_info": null, "can_use_wholesale": false, "is_preferred_plus_seller": false, "shop_location": "H\u00e0 N\u1ed9i", "has_model_with_available_shopee_stock": false, "voucher_info": null, "can_use_cod": false, "is_on_flash_sale": false, "spl_installment_tenure": null, "is_live_streaming_price": null, "is_mart": false, "pack_size": null, "deep_discount_skin": null}, "adsid": null, "campaignid": null, "distance": null, "match_type": null, "ads_keyword": null, "deduction_info": null, "collection_id": null, "display_name": null, "campaign_stock": null, "json_data": "", "tracking_info": {"viral_spu_tracking": null, "business_tracking": null, "multi_search_tracking": null, "groupid": 0, "ruleid": [29]}, "itemid": 12508502021, "shopid": 407195860, "algo_image": null, "fe_flags": null, "item_type": 1, "foody_item": null, "search_item_tracking": "{\"is_ads\":false,\"ruleids\":[29],\"groupid\":0,\"fe_flags\":\"{}\",\"item_type\":1,\"biz_json\":\"\",\"merge_rank\":6,\"shuffle_rank\":0}", "bff_item_tracking": "{\"label_ids\":[1000279,1000265,1006306,1006435,1006483,1006624,1006625,1007155,1007286,1007328,1007394,1007516,1007546,1007765,1007768,1006856,1008283,1008290,1008313,1008515,1008793,1000264,1009063,1009391,1009427,1009489,1009763,1010033,1010111,1010449,1010668,1010797,1011155,1011654,1012191,1009687,1010348,1011193,1011378],\"is_on_flash_sale\":false,\"is_liked\":false,\"with_video\":false,\"is_dp_mirror_sku\":false,\"image_position\":null}", "personalized_labels": null, "biz_json": null}, {"item_basic": {"itemid": 2931774404, "shopid": 407195860, "name": "[M\u00e3 BMBAU200 gi\u1ea3m 200K \u0111\u01a1n 699K] M\u00e1y L\u00e0m S\u1eefa H\u1ea1t Mini Mokkom", "label_ids": [1000279, 1000265, 1006306, 1006435, 1006483, 1006624, 1006625, 1007155, 1007286, 1007328, 1007394, 1007516, 1007546, 1007765, 1007768, 1006856, 1008283, 1008290, 1008313, 1008515, 1008793, 1000264, 1009063, 1009391, 1009427, 1009489, 1009763, 1010033, 1010111, 1010449, 1010668, 1010797, 1011155, 1011654, 1012191, 1007861, 1008542, 1008842, 1009167, 1009687, 1010348, 1010999, 1011010, 1010738, 1011226, 1011398, 1011493, 1011618, 1011619, 1011912, 1011918, 1011933, 1012033, 1012038, 1012089], "image": "d5fd458adb408cf6e0bcd9ccf5d4030d", "images": ["d5fd458adb408cf6e0bcd9ccf5d4030d", "a5ee952b3406e4ae55b4f5560ed8420a", "7a9987e49bb53b063b809316c63a4b6e", "ab28cc0843c57058208890b882577fab"], "currency": "VND", "stock": 126, "status": 1, "ctime": 1616300391, "sold": 0, "historical_sold": 2, "liked": false, "liked_count": 12, "view_count": 230, "catid": 100010, "brand": "MOKKOM", "cmt_count": 2, "flag": 0, "cb_option": 0, "item_status": "normal", "price": 103600000000, "price_min": 103600000000, "price_max": 103600000000, "price_min_before_discount": 148000000000, "price_max_before_discount": 148000000000, "hidden_price_display": null, "price_before_discount": 148000000000, "has_lowest_price_guarantee": false, "show_discount": 30, "raw_discount": 30, "discount": "30%", "is_category_failed": false, "size_chart": null, "video_info_list": [{"video_id": "97fa072d070e01fb6259b15f6376c0de", "thumb_url": "28ba5604a7a72f56b342970bfc91da6c", "duration": 53, "version": 2, "vid": "sg_3a06782d-079e-4f7b-82d2-fdb84c25a5e6_000056", "formats": [], "default_format": {"format": 600001, "defn": "ORI", "profile": "MP4", "path": "", "url": "http://play-aka.vod.shopee.com/c3/98934353/107/YzQsMTYxLTQ0MDI0LDE0MjI4OTk3NDk5ODg2ODc4NzIsMg.mp4", "width": 960, "height": 1280}}], "tier_variations": [{"name": "M\u00e0u s\u1eafc", "options": ["Xanh", "H\u1ed3ng"], "images": ["436beba70521879fd3b01d198c9545e4", "9bc86847d0c5a84e9820b168bdcdc44d"], "properties": [], "type": 0}], "item_rating": {"rating_star": 5, "rating_count": [2, 0, 0, 0, 0, 2], "rcount_with_context": 1, "rcount_with_image": 1}, "item_type": 0, "reference_item_id": "", "transparent_background_image": "d5fd458adb408cf6e0bcd9ccf5d4030d", "is_adult": false, "badge_icon_type": 0, "shopee_verified": false, "is_official_shop": true, "show_official_shop_label": true, "show_shopee_verified_label": false, "show_official_shop_label_in_title": true, "is_cc_installment_payment_eligible": false, "is_non_cc_installment_payment_eligible": false, "coin_earn_label": null, "show_free_shipping": false, "preview_info": null, "coin_info": null, "exclusive_price_info": null, "bundle_deal_id": 0, "can_use_bundle_deal": false, "bundle_deal_info": null, "is_group_buy_item": null, "has_group_buy_stock": null, "group_buy_info": null, "welcome_package_type": 0, "welcome_package_info": null, "add_on_deal_info": null, "can_use_wholesale": false, "is_preferred_plus_seller": false, "shop_location": "H\u00e0 N\u1ed9i", "has_model_with_available_shopee_stock": false, "voucher_info": null, "can_use_cod": false, "is_on_flash_sale": false, "spl_installment_tenure": null, "is_live_streaming_price": null, "is_mart": false, "pack_size": null, "deep_discount_skin": null}, "adsid": null, "campaignid": null, "distance": null, "match_type": null, "ads_keyword": null, "deduction_info": null, "collection_id": null, "display_name": null, "campaign_stock": null, "json_data": "", "tracking_info": {"viral_spu_tracking": null, "business_tracking": null, "multi_search_tracking": null, "groupid": 0, "ruleid": [29]}, "itemid": 2931774404, "shopid": 407195860, "algo_image": null, "fe_flags": null, "item_type": 1, "foody_item": null, "search_item_tracking": "{\"is_ads\":false,\"ruleids\":[29],\"groupid\":0,\"fe_flags\":\"{}\",\"item_type\":1,\"biz_json\":\"\",\"merge_rank\":7,\"shuffle_rank\":0}", "bff_item_tracking": "{\"label_ids\":[1000279,1000265,1006306,1006435,1006483,1006624,1006625,1007155,1007286,1007328,1007394,1007516,1007546,1007765,1007768,1006856,1008283,1008290,1008313,1008515,1008793,1000264,1009063,1009391,1009427,1009489,1009763,1010033,1010111,1010449,1010668,1010797,1011155,1011654,1012191,1007861,1008542,1008842,1009167,1009687,1010348,1010999,1011010,1010738,1011226,1011398,1011493,1011618,1011619,1011912,1011918,1011933,1012033,1012038,1012089],\"is_on_flash_sale\":false,\"is_liked\":false,\"with_video\":true,\"is_dp_mirror_sku\":false,\"image_position\":null}", "personalized_labels": null, "biz_json": null}, {"item_basic": {"itemid": 9929433511, "shopid": 407195860, "name": "[M\u00e3 BMBAU200 gi\u1ea3m 200K \u0111\u01a1n 699K] M\u00e1y \u00c9p Ch\u1eadm Mini Mokkom", "label_ids": [1000279, 1000265, 1006306, 1006435, 1006483, 1006624, 1006625, 1007155, 1007286, 1007328, 1007394, 1007516, 1007546, 1007765, 1007768, 1006856, 1008283, 1008290, 1008313, 1008515, 1008793, 1000264, 1009063, 1009391, 1009427, 1009489, 1009763, 1010033, 1010111, 1010449, 1010668, 1010797, 1011155, 1011654, 1012191, 1001044, 1006569, 1006641, 1006660, 1006885, 1007414, 1007696, 1007861, 1008842, 1008201, 1010213, 1010348, 1010506, 1010507, 1010999, 1011010, 1010738, 1011193, 1011294, 1011378, 1011398, 1011493, 1011912, 1011918, 1011933, 1012033, 1012038, 1012089, 1009370], "image": "549a9d8e698488398367c5dc6fcc1cef", "images": ["549a9d8e698488398367c5dc6fcc1cef", "3ec237a2bb4197322c6a6fe077fde9e0", "9a2718172498b2d32fca7baa7a0435ca"], "currency": "VND", "stock": 472, "status": 1, "ctime": 1616296662, "sold": 30, "historical_sold": 329, "liked": false, "liked_count": 145, "view_count": 1479, "catid": 100010, "brand": "MOKKOM", "cmt_count": 128, "flag": 2, "cb_option": 0, "item_status": "normal", "price": 91200000000, "price_min": 91200000000, "price_max": 91200000000, "price_min_before_discount": 152000000000, "price_max_before_discount": 152000000000, "hidden_price_display": null, "price_before_discount": 152000000000, "has_lowest_price_guarantee": true, "show_discount": 40, "raw_discount": 40, "discount": "40%", "is_category_failed": false, "size_chart": null, "video_info_list": [{"video_id": "70a3c46e558ec7d5579a458f78ead380", "thumb_url": "d336f9afa52e944038d80513d57a59b1", "duration": 49, "version": 2, "vid": "sg_9b8b80a4-da29-434d-b670-b6e368de2af0_000055", "formats": [], "default_format": {"format": 600001, "defn": "ORI", "profile": "MP4", "path": "", "url": "http://play-aka.vod.shopee.com/c3/98934353/107/YzQsMTczLTQzOTc4LDE0MjI4MDcwODY5MjkxMDg5OTIsMg.mp4", "width": 1280, "height": 1280}}], "tier_variations": [{"name": "M\u00e0u s\u1eafc", "options": ["V\u00e0ng", "Xanh"], "images": ["cb509bb9344015229c830d8533b7fb28", "06559ac1d7e6554dc387a87538f0eb21"], "properties": [], "type": 0}], "item_rating": {"rating_star": 4.921875, "rating_count": [128, 1, 0, 2, 2, 123], "rcount_with_context": 76, "rcount_with_image": 62}, "item_type": 0, "reference_item_id": "", "transparent_background_image": "549a9d8e698488398367c5dc6fcc1cef", "is_adult": false, "badge_icon_type": 0, "shopee_verified": false, "is_official_shop": true, "show_official_shop_label": true, "show_shopee_verified_label": false, "show_official_shop_label_in_title": true, "is_cc_installment_payment_eligible": false, "is_non_cc_installment_payment_eligible": false, "coin_earn_label": null, "show_free_shipping": true, "preview_info": null, "coin_info": null, "exclusive_price_info": null, "bundle_deal_id": 0, "can_use_bundle_deal": false, "bundle_deal_info": null, "is_group_buy_item": null, "has_group_buy_stock": null, "group_buy_info": null, "welcome_package_type": 0, "welcome_package_info": null, "add_on_deal_info": null, "can_use_wholesale": false, "is_preferred_plus_seller": false, "shop_location": "H\u00e0 N\u1ed9i", "has_model_with_available_shopee_stock": false, "voucher_info": null, "can_use_cod": false, "is_on_flash_sale": false, "spl_installment_tenure": null, "is_live_streaming_price": null, "is_mart": false, "pack_size": null, "deep_discount_skin": null}, "adsid": null, "campaignid": null, "distance": null, "match_type": null, "ads_keyword": null, "deduction_info": null, "collection_id": null, "display_name": null, "campaign_stock": null, "json_data": "", "tracking_info": {"viral_spu_tracking": null, "business_tracking": null, "multi_search_tracking": null, "groupid": 0, "ruleid": [29]}, "itemid": 9929433511, "shopid": 407195860, "algo_image": null, "fe_flags": null, "item_type": 1, "foody_item": null, "search_item_tracking": "{\"is_ads\":false,\"ruleids\":[29],\"groupid\":0,\"fe_flags\":\"{}\",\"item_type\":1,\"biz_json\":\"\",\"merge_rank\":8,\"shuffle_rank\":0}", "bff_item_tracking": "{\"label_ids\":[1000279,1000265,1006306,1006435,1006483,1006624,1006625,1007155,1007286,1007328,1007394,1007516,1007546,1007765,1007768,1006856,1008283,1008290,1008313,1008515,1008793,1000264,1009063,1009391,1009427,1009489,1009763,1010033,1010111,1010449,1010668,1010797,1011155,1011654,1012191,1001044,1006569,1006641,1006660,1006885,1007414,1007696,1007861,1008842,1008201,1010213,1010348,1010506,1010507,1010999,1011010,1010738,1011193,1011294,1011378,1011398,1011493,1011912,1011918,1011933,1012033,1012038,1012089,1009370],\"is_on_flash_sale\":false,\"is_liked\":false,\"with_video\":true,\"is_dp_mirror_sku\":false,\"image_position\":null}", "personalized_labels": null, "biz_json": null}, {"item_basic": {"itemid": 8329447265, "shopid": 407195860, "name": "[M\u00e3 BMBAU200 gi\u1ea3m 200K \u0111\u01a1n 699K] M\u00e1y L\u00e0m S\u1eefa H\u1ea1t \u0110a N\u0103ng Mokkom 240A", "label_ids": [1000279, 1000265, 1006306, 1006435, 1006483, 1006624, 1006625, 1007155, 1007286, 1007328, 1007394, 1007516, 1007546, 1007765, 1007768, 1006856, 1008283, 1008290, 1008313, 1008515, 1008793, 1000264, 1009063, 1009391, 1009427, 1009489, 1009763, 1010033, 1010111, 1010449, 1010668, 1010797, 1011155, 1011654, 1012191, 1007861, 1008842, 1009167], "image": "3f8eb121dab6e2275b17393305aaad84", "images": ["3f8eb121dab6e2275b17393305aaad84", "35425b365fdf4b9cd0ea9c53cb9e786f", "4ecb678fd4b89238de500bcfb55e0ff5", "a217037162c2cbc02286994048af2cf2"], "currency": "VND", "stock": 430, "status": 1, "ctime": 1616298998, "sold": 0, "historical_sold": 1, "liked": false, "liked_count": 17, "view_count": 152, "catid": 100636, "brand": "MOKKOM", "cmt_count": 0, "flag": 2, "cb_option": 0, "item_status": "normal", "price": 99400000000, "price_min": 99400000000, "price_max": 99400000000, "price_min_before_discount": 142000000000, "price_max_before_discount": 142000000000, "hidden_price_display": null, "price_before_discount": 142000000000, "has_lowest_price_guarantee": false, "show_discount": 30, "raw_discount": 30, "discount": "30%", "is_category_failed": false, "size_chart": null, "video_info_list": [{"video_id": "308b0bdb707e4156069a56ecc2daad6b", "thumb_url": "081e646db4e841f7d36c3ba63c2bfb3d", "duration": 46, "version": 2, "vid": "sg_0eaf9c0a-1af8-4cac-b5cd-b0563846f4c9_000055", "formats": [], "default_format": {"format": 600001, "defn": "ORI", "profile": "MP4", "path": "", "url": "http://play-ws.vod.shopee.com/c3/98934353/107/YzQsOTEtNDM5ODYsMTQyMjgyOTQyMzg3MTYyMzE2OCwy.mp4", "width": 960, "height": 1280}}], "tier_variations": [{"name": "M\u00e0u s\u1eafc", "options": ["Xanh", "Tr\u1eafng", "H\u1ed3ng", "Xanh \u0111\u1eadm"], "images": ["a8b310c25cb3f313e51394d9032fe2cf", "027a9f3629d6dfa66b94d9887a7d6e24", "11db25737086adb5d8e7c87e460f5a52", "ba509f55a51af4361089f2e7025a6dc2"], "properties": [], "type": 0}], "item_rating": {"rating_star": 0, "rating_count": [0, 0, 0, 0, 0, 0], "rcount_with_context": 0, "rcount_with_image": 0}, "item_type": 0, "reference_item_id": "", "transparent_background_image": "", "is_adult": false, "badge_icon_type": 0, "shopee_verified": false, "is_official_shop": true, "show_official_shop_label": true, "show_shopee_verified_label": false, "show_official_shop_label_in_title": true, "is_cc_installment_payment_eligible": false, "is_non_cc_installment_payment_eligible": false, "coin_earn_label": null, "show_free_shipping": true, "preview_info": null, "coin_info": null, "exclusive_price_info": null, "bundle_deal_id": 0, "can_use_bundle_deal": false, "bundle_deal_info": null, "is_group_buy_item": null, "has_group_buy_stock": null, "group_buy_info": null, "welcome_package_type": 0, "welcome_package_info": null, "add_on_deal_info": null, "can_use_wholesale": false, "is_preferred_plus_seller": false, "shop_location": "H\u00e0 N\u1ed9i", "has_model_with_available_shopee_stock": false, "voucher_info": null, "can_use_cod": false, "is_on_flash_sale": false, "spl_installment_tenure": null, "is_live_streaming_price": null, "is_mart": false, "pack_size": null, "deep_discount_skin": null}, "adsid": null, "campaignid": null, "distance": null, "match_type": null, "ads_keyword": null, "deduction_info": null, "collection_id": null, "display_name": null, "campaign_stock": null, "json_data": "", "tracking_info": {"viral_spu_tracking": null, "business_tracking": null, "multi_search_tracking": null, "groupid": 0, "ruleid": [29]}, "itemid": 8329447265, "shopid": 407195860, "algo_image": null, "fe_flags": null, "item_type": 1, "foody_item": null, "search_item_tracking": "{\"is_ads\":false,\"ruleids\":[29],\"groupid\":0,\"fe_flags\":\"{}\",\"item_type\":1,\"biz_json\":\"\",\"merge_rank\":9,\"shuffle_rank\":0}", "bff_item_tracking": "{\"label_ids\":[1000279,1000265,1006306,1006435,1006483,1006624,1006625,1007155,1007286,1007328,1007394,1007516,1007546,1007765,1007768,1006856,1008283,1008290,1008313,1008515,1008793,1000264,1009063,1009391,1009427,1009489,1009763,1010033,1010111,1010449,1010668,1010797,1011155,1011654,1012191,1007861,1008842,1009167],\"is_on_flash_sale\":false,\"is_liked\":false,\"with_video\":true,\"is_dp_mirror_sku\":false,\"image_position\":null}", "personalized_labels": null, "biz_json": null}, {"item_basic": {"itemid": 14409885300, "shopid": 407195860, "name": "[M\u00e3 BMBAU50 gi\u1ea3m 50K \u0111\u01a1n 150K] M\u00e1y V\u1eaft Cam T\u1ef1 \u0110\u1ed9ng Mokkom S\u1ea1c Pin 1H", "label_ids": [1000279, 1000265, 1006306, 1006435, 1006483, 1006624, 1006625, 1007155, 1007286, 1007328, 1007394, 1007516, 1007546, 1007765, 1007768, 1006856, 1008283, 1008290, 1008313, 1008515, 1008793, 1000264, 1009063, 1009391, 1009427, 1009489, 1009763, 1010033, 1010111, 1010449, 1010668, 1010797, 1011155, 1011654, 1012191], "image": "f714b5698415c63cee12c6a99362e464", "images": ["f714b5698415c63cee12c6a99362e464", "679755334cfb070c13ebbb3c5683e32b", "2f06ee2e4a7b98fb8cb0ee3fe05e41b8", "5917b295032c638cf09ea1490e52de5d", "81650c92e54e330f62c4d1dc38682aae", "362a7c4e0847088c5f7e10e9b9227ca6", "1f7ce3052f85dcc09edbdbe370a62f3c"], "currency": "VND", "stock": 123, "status": 1, "ctime": 1638325332, "sold": 1, "historical_sold": 2, "liked": false, "liked_count": 0, "view_count": 58, "catid": 100010, "brand": null, "cmt_count": 1, "flag": 0, "cb_option": 0, "item_status": "normal", "price": 46750000000, "price_min": 46750000000, "price_max": 46750000000, "price_min_before_discount": 55000000000, "price_max_before_discount": 55000000000, "hidden_price_display": null, "price_before_discount": 55000000000, "has_lowest_price_guarantee": false, "show_discount": 15, "raw_discount": 15, "discount": "15%", "is_category_failed": false, "size_chart": null, "video_info_list": null, "tier_variations": [{"name": "M\u00e0u s\u1eafc", "options": ["Xanh \u0110\u1eadm"], "images": null, "properties": [], "type": 0}], "item_rating": {"rating_star": 5, "rating_count": [1, 0, 0, 0, 0, 1], "rcount_with_context": 1, "rcount_with_image": 1}, "item_type": 0, "reference_item_id": "", "transparent_background_image": "", "is_adult": false, "badge_icon_type": 0, "shopee_verified": false, "is_official_shop": true, "show_official_shop_label": true, "show_shopee_verified_label": false, "show_official_shop_label_in_title": true, "is_cc_installment_payment_eligible": false, "is_non_cc_installment_payment_eligible": false, "coin_earn_label": null, "show_free_shipping": false, "preview_info": null, "coin_info": null, "exclusive_price_info": null, "bundle_deal_id": 0, "can_use_bundle_deal": false, "bundle_deal_info": null, "is_group_buy_item": null, "has_group_buy_stock": null, "group_buy_info": null, "welcome_package_type": 0, "welcome_package_info": null, "add_on_deal_info": null, "can_use_wholesale": false, "is_preferred_plus_seller": false, "shop_location": "H\u00e0 N\u1ed9i", "has_model_with_available_shopee_stock": false, "voucher_info": null, "can_use_cod": false, "is_on_flash_sale": false, "spl_installment_tenure": null, "is_live_streaming_price": null, "is_mart": false, "pack_size": null, "deep_discount_skin": null}, "adsid": null, "campaignid": null, "distance": null, "match_type": null, "ads_keyword": null, "deduction_info": null, "collection_id": null, "display_name": null, "campaign_stock": null, "json_data": "", "tracking_info": {"viral_spu_tracking": null, "business_tracking": null, "multi_search_tracking": null, "groupid": 0, "ruleid": [29]}, "itemid": 14409885300, "shopid": 407195860, "algo_image": null, "fe_flags": null, "item_type": 1, "foody_item": null, "search_item_tracking": "{\"is_ads\":false,\"ruleids\":[29],\"groupid\":0,\"fe_flags\":\"{}\",\"item_type\":1,\"biz_json\":\"\",\"merge_rank\":10,\"shuffle_rank\":0}", "bff_item_tracking": "{\"label_ids\":[1000279,1000265,1006306,1006435,1006483,1006624,1006625,1007155,1007286,1007328,1007394,1007516,1007546,1007765,1007768,1006856,1008283,1008290,1008313,1008515,1008793,1000264,1009063,1009391,1009427,1009489,1009763,1010033,1010111,1010449,1010668,1010797,1011155,1011654,1012191],\"is_on_flash_sale\":false,\"is_liked\":false,\"with_video\":false,\"is_dp_mirror_sku\":false,\"image_position\":null}", "personalized_labels": null, "biz_json": null}, {"item_basic": {"itemid": 12055255234, "shopid": 407195860, "name": "[M\u00e3 BMBAU50 gi\u1ea3m 50K \u0111\u01a1n 150K] \u1ea4m \u0110i\u1ec7n Th\u1ee7y Tinh \u0110a N\u0103ng Mokkom", "label_ids": [1000279, 1000265, 1006306, 1006435, 1006483, 1006624, 1006625, 1007155, 1007286, 1007328, 1007394, 1007516, 1007546, 1007765, 1007768, 1006856, 1008283, 1008290, 1008313, 1008515, 1008793, 1000264, 1009063, 1009391, 1009427, 1009489, 1009763, 1010033, 1010111, 1010449, 1010668, 1010797, 1011155, 1011654, 1012191], "image": "b7b19ce609ea8346b9414596b76feff3", "images": ["b7b19ce609ea8346b9414596b76feff3", "6981443b4e9f2e491f4c2cf339f2e209", "1fafedf77e8c8462d8e81cc12317215e", "c369d32c379ffadd54875cbfb4407a9d", "4b2e6c2da287809c539dd8a252ee763e", "b7fcccb51a4bc6e9f24f9521f1813c94", "6b55eb27799458359b837f92c69b3370"], "currency": "VND", "stock": 106, "status": 1, "ctime": 1638000837, "sold": 1, "historical_sold": 1, "liked": false, "liked_count": 0, "view_count": 71, "catid": 100636, "brand": null, "cmt_count": 1, "flag": 0, "cb_option": 0, "item_status": "normal", "price": 59040000000, "price_min": 59040000000, "price_max": 59040000000, "price_min_before_discount": 72000000000, "price_max_before_discount": 72000000000, "hidden_price_display": null, "price_before_discount": 72000000000, "has_lowest_price_guarantee": false, "show_discount": 18, "raw_discount": 18, "discount": "18%", "is_category_failed": false, "size_chart": null, "video_info_list": null, "tier_variations": [{"name": "M\u00e0u s\u1eafc", "options": ["Xanh"], "images": ["b7b19ce609ea8346b9414596b76feff3"], "properties": [], "type": 0}], "item_rating": {"rating_star": 5, "rating_count": [1, 0, 0, 0, 0, 1], "rcount_with_context": 1, "rcount_with_image": 1}, "item_type": 0, "reference_item_id": "", "transparent_background_image": "", "is_adult": false, "badge_icon_type": 0, "shopee_verified": false, "is_official_shop": true, "show_official_shop_label": true, "show_shopee_verified_label": false, "show_official_shop_label_in_title": true, "is_cc_installment_payment_eligible": false, "is_non_cc_installment_payment_eligible": false, "coin_earn_label": null, "show_free_shipping": false, "preview_info": null, "coin_info": null, "exclusive_price_info": null, "bundle_deal_id": 0, "can_use_bundle_deal": false, "bundle_deal_info": null, "is_group_buy_item": null, "has_group_buy_stock": null, "group_buy_info": null, "welcome_package_type": 0, "welcome_package_info": null, "add_on_deal_info": null, "can_use_wholesale": false, "is_preferred_plus_seller": false, "shop_location": "H\u00e0 N\u1ed9i", "has_model_with_available_shopee_stock": false, "voucher_info": null, "can_use_cod": false, "is_on_flash_sale": false, "spl_installment_tenure": null, "is_live_streaming_price": null, "is_mart": false, "pack_size": null, "deep_discount_skin": null}, "adsid": null, "campaignid": null, "distance": null, "match_type": null, "ads_keyword": null, "deduction_info": null, "collection_id": null, "display_name": null, "campaign_stock": null, "json_data": "", "tracking_info": {"viral_spu_tracking": null, "business_tracking": null, "multi_search_tracking": null, "groupid": 0, "ruleid": [29]}, "itemid": 12055255234, "shopid": 407195860, "algo_image": null, "fe_flags": null, "item_type": 1, "foody_item": null, "search_item_tracking": "{\"is_ads\":false,\"ruleids\":[29],\"groupid\":0,\"fe_flags\":\"{}\",\"item_type\":1,\"biz_json\":\"\",\"merge_rank\":11,\"shuffle_rank\":0}", "bff_item_tracking": "{\"label_ids\":[1000279,1000265,1006306,1006435,1006483,1006624,1006625,1007155,1007286,1007328,1007394,1007516,1007546,1007765,1007768,1006856,1008283,1008290,1008313,1008515,1008793,1000264,1009063,1009391,1009427,1009489,1009763,1010033,1010111,1010449,1010668,1010797,1011155,1011654,1012191],\"is_on_flash_sale\":false,\"is_liked\":false,\"with_video\":false,\"is_dp_mirror_sku\":false,\"image_position\":null}", "personalized_labels": null, "biz_json": null}, {"item_basic": {"itemid": 10271138239, "shopid": 407195860, "name": "[M\u00e3 BMBAU50 gi\u1ea3m 50K \u0111\u01a1n 150K] \u0110\u1ebf H\u00e2m N\u00f3ng Gi\u1eef Nhi\u1ec7t \u0110a N\u0103ng Mokkom L\u00e0m \u1ea4m M\u1ecdi Ch\u1ea5t Li\u1ec7u", "label_ids": [1000279, 1000265, 1006306, 1006435, 1006483, 1006624, 1006625, 1007155, 1007286, 1007328, 1007394, 1007516, 1007546, 1007765, 1007768, 1006856, 1008283, 1008290, 1008313, 1008515, 1008793, 1000264, 1009063, 1009391, 1009427, 1009489, 1009763, 1010033, 1010111, 1010449, 1010668, 1010797, 1011155, 1011654, 1012191], "image": "3e96932e9dd7b2bd1f12026a44198b6e", "images": ["3e96932e9dd7b2bd1f12026a44198b6e", "e0e1a21e75b2dd2ba39c9b5de7c485ea", "cfa149bcbebbe44df6b3e344884296dc", "849864a77f0d248b44dd32d66cc6de05", "ac70858e4787f215e279d0cdef46a463", "238b7d60e938083b70be2a53dc704a32", "6dd87601a5e4b9f9cd9257cef2198b11", "187b01c3863bffc3316cb31179a971c8", "40676b1aa9369e1f81360520cb94eded"], "currency": "VND", "stock": 236, "status": 1, "ctime": 1636694694, "sold": 1, "historical_sold": 3, "liked": false, "liked_count": 2, "view_count": 69, "catid": 100636, "brand": null, "cmt_count": 0, "flag": 0, "cb_option": 0, "item_status": "normal", "price": 49500000000, "price_min": 49500000000, "price_max": 49500000000, "price_min_before_discount": 55000000000, "price_max_before_discount": 55000000000, "hidden_price_display": null, "price_before_discount": 55000000000, "has_lowest_price_guarantee": false, "show_discount": 10, "raw_discount": 10, "discount": "10%", "is_category_failed": false, "size_chart": null, "video_info_list": null, "tier_variations": [{"name": "M\u00e0u s\u1eafc", "options": ["Xanh L\u00e1", "Xanh D\u01b0\u01a1ng", "T\u00edm"], "images": ["98e178bb3a37d67f1b801108825643cf", "5d9b6a44f491e17d7191e68d11f01d05", "3c1da6eae4169f357fc0685147d17091"], "properties": [], "type": 0}], "item_rating": {"rating_star": 0, "rating_count": [0, 0, 0, 0, 0, 0], "rcount_with_context": 0, "rcount_with_image": 0}, "item_type": 0, "reference_item_id": "", "transparent_background_image": "", "is_adult": false, "badge_icon_type": 0, "shopee_verified": false, "is_official_shop": true, "show_official_shop_label": true, "show_shopee_verified_label": false, "show_official_shop_label_in_title": true, "is_cc_installment_payment_eligible": false, "is_non_cc_installment_payment_eligible": false, "coin_earn_label": null, "show_free_shipping": false, "preview_info": null, "coin_info": null, "exclusive_price_info": null, "bundle_deal_id": 0, "can_use_bundle_deal": false, "bundle_deal_info": null, "is_group_buy_item": null, "has_group_buy_stock": null, "group_buy_info": null, "welcome_package_type": 0, "welcome_package_info": null, "add_on_deal_info": null, "can_use_wholesale": false, "is_preferred_plus_seller": false, "shop_location": "H\u00e0 N\u1ed9i", "has_model_with_available_shopee_stock": false, "voucher_info": null, "can_use_cod": false, "is_on_flash_sale": false, "spl_installment_tenure": null, "is_live_streaming_price": null, "is_mart": false, "pack_size": null, "deep_discount_skin": null}, "adsid": null, "campaignid": null, "distance": null, "match_type": null, "ads_keyword": null, "deduction_info": null, "collection_id": null, "display_name": null, "campaign_stock": null, "json_data": "", "tracking_info": {"viral_spu_tracking": null, "business_tracking": null, "multi_search_tracking": null, "groupid": 0, "ruleid": [29]}, "itemid": 10271138239, "shopid": 407195860, "algo_image": null, "fe_flags": null, "item_type": 1, "foody_item": null, "search_item_tracking": "{\"is_ads\":false,\"ruleids\":[29],\"groupid\":0,\"fe_flags\":\"{}\",\"item_type\":1,\"biz_json\":\"\",\"merge_rank\":12,\"shuffle_rank\":0}", "bff_item_tracking": "{\"label_ids\":[1000279,1000265,1006306,1006435,1006483,1006624,1006625,1007155,1007286,1007328,1007394,1007516,1007546,1007765,1007768,1006856,1008283,1008290,1008313,1008515,1008793,1000264,1009063,1009391,1009427,1009489,1009763,1010033,1010111,1010449,1010668,1010797,1011155,1011654,1012191],\"is_on_flash_sale\":false,\"is_liked\":false,\"with_video\":false,\"is_dp_mirror_sku\":false,\"image_position\":null}", "personalized_labels": null, "biz_json": null}, {"item_basic": {"itemid": 15205318371, "shopid": 407195860, "name": "[M\u00e3 BMBAU200 gi\u1ea3m 200K \u0111\u01a1n 699K] \u0110\u1ebf H\u00e2m N\u00f3ng Gi\u1eef Nhi\u1ec7t 2 Trong 1 Mokkom D\u00f9ng Cho M\u1ecdi Ch\u1ea5t Li\u1ec7u", "label_ids": [1000279, 1000265, 1006306, 1006435, 1006483, 1006624, 1006625, 1007155, 1007286, 1007328, 1007394, 1007516, 1007546, 1007765, 1007768, 1006856, 1008283, 1008290, 1008313, 1008515, 1008793, 1000264, 1009063, 1009391, 1009427, 1009489, 1009763, 1010033, 1010111, 1010449, 1010668, 1010797, 1011155, 1011654, 1012191], "image": "205667c4ec62e470642a5803b0c45627", "images": ["205667c4ec62e470642a5803b0c45627", "ee51e89b6305900dda60017d0ee7bc45", "57f8824ccbfdc142562b83d24d766430", "a8b444e7c4fc75717ee4c95027439667", "5672047a764d0b4d8495d38dba3dbe67", "ab2a08b8b8f5f15901a2ee3f39971c4f"], "currency": "VND", "stock": 315, "status": 1, "ctime": 1637725981, "sold": 0, "historical_sold": 0, "liked": false, "liked_count": 0, "view_count": 27, "catid": 100636, "brand": null, "cmt_count": 0, "flag": 0, "cb_option": 0, "item_status": "normal", "price": 106250000000, "price_min": 106250000000, "price_max": 106250000000, "price_min_before_discount": 125000000000, "price_max_before_discount": 125000000000, "hidden_price_display": null, "price_before_discount": 125000000000, "has_lowest_price_guarantee": false, "show_discount": 15, "raw_discount": 15, "discount": "15%", "is_category_failed": false, "size_chart": null, "video_info_list": null, "tier_variations": [{"name": "M\u00e0u s\u1eafc", "options": ["T\u00edm", "Xanh D\u01b0\u01a1ng", "Xanh L\u00e1"], "images": ["adabbb4a170662bb1904342be7f5b360", "e9b8c6e5d68370a4e45dc7d4b00cb314", "3075225842a7a4112b728c23ca6b2e43"], "properties": [], "type": 0}], "item_rating": {"rating_star": 0, "rating_count": [0, 0, 0, 0, 0, 0], "rcount_with_context": 0, "rcount_with_image": 0}, "item_type": 0, "reference_item_id": "", "transparent_background_image": "", "is_adult": false, "badge_icon_type": 0, "shopee_verified": false, "is_official_shop": true, "show_official_shop_label": true, "show_shopee_verified_label": false, "show_official_shop_label_in_title": true, "is_cc_installment_payment_eligible": false, "is_non_cc_installment_payment_eligible": false, "coin_earn_label": null, "show_free_shipping": false, "preview_info": null, "coin_info": null, "exclusive_price_info": null, "bundle_deal_id": 0, "can_use_bundle_deal": false, "bundle_deal_info": null, "is_group_buy_item": null, "has_group_buy_stock": null, "group_buy_info": null, "welcome_package_type": 0, "welcome_package_info": null, "add_on_deal_info": null, "can_use_wholesale": false, "is_preferred_plus_seller": false, "shop_location": "H\u00e0 N\u1ed9i", "has_model_with_available_shopee_stock": false, "voucher_info": null, "can_use_cod": false, "is_on_flash_sale": false, "spl_installment_tenure": null, "is_live_streaming_price": null, "is_mart": false, "pack_size": null, "deep_discount_skin": null}, "adsid": null, "campaignid": null, "distance": null, "match_type": null, "ads_keyword": null, "deduction_info": null, "collection_id": null, "display_name": null, "campaign_stock": null, "json_data": "", "tracking_info": {"viral_spu_tracking": null, "business_tracking": null, "multi_search_tracking": null, "groupid": 0, "ruleid": [29]}, "itemid": 15205318371, "shopid": 407195860, "algo_image": null, "fe_flags": null, "item_type": 1, "foody_item": null, "search_item_tracking": "{\"is_ads\":false,\"ruleids\":[29],\"groupid\":0,\"fe_flags\":\"{}\",\"item_type\":1,\"biz_json\":\"\",\"merge_rank\":13,\"shuffle_rank\":0}", "bff_item_tracking": "{\"label_ids\":[1000279,1000265,1006306,1006435,1006483,1006624,1006625,1007155,1007286,1007328,1007394,1007516,1007546,1007765,1007768,1006856,1008283,1008290,1008313,1008515,1008793,1000264,1009063,1009391,1009427,1009489,1009763,1010033,1010111,1010449,1010668,1010797,1011155,1011654,1012191],\"is_on_flash_sale\":false,\"is_liked\":false,\"with_video\":false,\"is_dp_mirror_sku\":false,\"image_position\":null}", "personalized_labels": null, "biz_json": null}, {"item_basic": {"itemid": 13455241909, "shopid": 407195860, "name": "[M\u00e3 BMBAU200 gi\u1ea3m 200K \u0111\u01a1n 699K] B\u1ebfp T\u1eeb \u0110a N\u0103ng Mokkom K\u00e8m N\u1ed3i V\u00e0 V\u1ec9 N\u01b0\u1edbng", "label_ids": [1000279, 1000265, 1006306, 1006435, 1006483, 1006624, 1006625, 1007155, 1007286, 1007328, 1007394, 1007516, 1007546, 1007765, 1007768, 1006856, 1008283, 1008290, 1008313, 1008515, 1008793, 1000264, 1009063, 1009391, 1009427, 1009489, 1009763, 1010033, 1010111, 1010449, 1010668, 1010797, 1011155, 1011654, 1012191], "image": "16468831b30e6237a8527f2f72a393db", "images": ["16468831b30e6237a8527f2f72a393db", "7cdaccb6bdf2f8b005a0a6108ec98718", "1734e27806cd05d9ef7b2b019b59b2af", "3c1fb2be36b560b5669641aede375e50", "2fd070cf9e0378ef1bb1eab6bdbe0538"], "currency": "VND", "stock": 109, "status": 1, "ctime": 1638001968, "sold": 0, "historical_sold": 0, "liked": false, "liked_count": 0, "view_count": 77, "catid": 100010, "brand": null, "cmt_count": 0, "flag": 0, "cb_option": 0, "item_status": "normal", "price": 191200000000, "price_min": 191200000000, "price_max": 191200000000, "price_min_before_discount": 239000000000, "price_max_before_discount": 239000000000, "hidden_price_display": null, "price_before_discount": 239000000000, "has_lowest_price_guarantee": false, "show_discount": 20, "raw_discount": 20, "discount": "20%", "is_category_failed": false, "size_chart": null, "video_info_list": null, "tier_variations": [{"name": "M\u00e0u s\u1eafc", "options": ["Xanh", "Tr\u1eafng"], "images": null, "properties": [], "type": 0}], "item_rating": {"rating_star": 0, "rating_count": [0, 0, 0, 0, 0, 0], "rcount_with_context": 0, "rcount_with_image": 0}, "item_type": 0, "reference_item_id": "", "transparent_background_image": "", "is_adult": false, "badge_icon_type": 0, "shopee_verified": false, "is_official_shop": true, "show_official_shop_label": true, "show_shopee_verified_label": false, "show_official_shop_label_in_title": true, "is_cc_installment_payment_eligible": false, "is_non_cc_installment_payment_eligible": false, "coin_earn_label": null, "show_free_shipping": false, "preview_info": null, "coin_info": null, "exclusive_price_info": null, "bundle_deal_id": 0, "can_use_bundle_deal": false, "bundle_deal_info": null, "is_group_buy_item": null, "has_group_buy_stock": null, "group_buy_info": null, "welcome_package_type": 0, "welcome_package_info": null, "add_on_deal_info": null, "can_use_wholesale": false, "is_preferred_plus_seller": false, "shop_location": "H\u00e0 N\u1ed9i", "has_model_with_available_shopee_stock": false, "voucher_info": null, "can_use_cod": false, "is_on_flash_sale": false, "spl_installment_tenure": null, "is_live_streaming_price": null, "is_mart": false, "pack_size": null, "deep_discount_skin": null}, "adsid": null, "campaignid": null, "distance": null, "match_type": null, "ads_keyword": null, "deduction_info": null, "collection_id": null, "display_name": null, "campaign_stock": null, "json_data": "", "tracking_info": {"viral_spu_tracking": null, "business_tracking": null, "multi_search_tracking": null, "groupid": 0, "ruleid": [29]}, "itemid": 13455241909, "shopid": 407195860, "algo_image": null, "fe_flags": null, "item_type": 1, "foody_item": null, "search_item_tracking": "{\"is_ads\":false,\"ruleids\":[29],\"groupid\":0,\"fe_flags\":\"{}\",\"item_type\":1,\"biz_json\":\"\",\"merge_rank\":14,\"shuffle_rank\":0}", "bff_item_tracking": "{\"label_ids\":[1000279,1000265,1006306,1006435,1006483,1006624,1006625,1007155,1007286,1007328,1007394,1007516,1007546,1007765,1007768,1006856,1008283,1008290,1008313,1008515,1008793,1000264,1009063,1009391,1009427,1009489,1009763,1010033,1010111,1010449,1010668,1010797,1011155,1011654,1012191],\"is_on_flash_sale\":false,\"is_liked\":false,\"with_video\":false,\"is_dp_mirror_sku\":false,\"image_position\":null}", "personalized_labels": null, "biz_json": null}, {"item_basic": {"itemid": 11771063898, "shopid": 407195860, "name": "M\u00e1y l\u00e0m s\u1eefa h\u1ea1t \u0111a n\u0103ng Mokkom MK240C dung t\u00edch 350ml", "label_ids": [1000279, 1000265, 1006306, 1006435, 1006483, 1006624, 1006625, 1007155, 1007286, 1007328, 1007394, 1007516, 1007546, 1007765, 1007768, 1006856, 1008283, 1008290, 1008313, 1008515, 1008793, 1000264, 1009063, 1009391, 1009427, 1009489, 1009763, 1010033, 1010111, 1010449, 1010668, 1010797, 1011155, 1011654, 1012191], "image": "9b3c3af759481d4f8910a0597bed8e57", "images": ["9b3c3af759481d4f8910a0597bed8e57", "86dc648ac0cd9984cdcb0cfc860febc4", "16c6b5a572790228e2032303b8c3009d", "5658746d106767ba7db9e819d1186ea9", "f9f3596371900cacaa271679be46b09f", "013341d980bb4fa3ece0752a203437b9", "bfc776b8481276936a5d4758d494472b", "5ef9ffdd9534c54455a2410076488f3d", "0674baef8fc6f7d91cb11f81031c96fb"], "currency": "VND", "stock": 102, "status": 1, "ctime": 1636682820, "sold": 0, "historical_sold": 0, "liked": false, "liked_count": 2, "view_count": 69, "catid": 100010, "brand": null, "cmt_count": 0, "flag": 0, "cb_option": 0, "item_status": "normal", "price": 159000000000, "price_min": 159000000000, "price_max": 159000000000, "price_min_before_discount": -1, "price_max_before_discount": -1, "hidden_price_display": null, "price_before_discount": 0, "has_lowest_price_guarantee": false, "show_discount": 0, "raw_discount": 0, "discount": null, "is_category_failed": false, "size_chart": null, "video_info_list": null, "tier_variations": [{"name": "M\u00e0u s\u1eafc", "options": ["Tr\u1eafng", "Xanh"], "images": null, "properties": [], "type": 0}], "item_rating": {"rating_star": 0, "rating_count": [0, 0, 0, 0, 0, 0], "rcount_with_context": 0, "rcount_with_image": 0}, "item_type": 0, "reference_item_id": "", "transparent_background_image": "", "is_adult": false, "badge_icon_type": 0, "shopee_verified": false, "is_official_shop": true, "show_official_shop_label": true, "show_shopee_verified_label": false, "show_official_shop_label_in_title": true, "is_cc_installment_payment_eligible": false, "is_non_cc_installment_payment_eligible": false, "coin_earn_label": null, "show_free_shipping": false, "preview_info": null, "coin_info": null, "exclusive_price_info": null, "bundle_deal_id": 0, "can_use_bundle_deal": false, "bundle_deal_info": null, "is_group_buy_item": null, "has_group_buy_stock": null, "group_buy_info": null, "welcome_package_type": 0, "welcome_package_info": null, "add_on_deal_info": null, "can_use_wholesale": false, "is_preferred_plus_seller": false, "shop_location": "H\u00e0 N\u1ed9i", "has_model_with_available_shopee_stock": false, "voucher_info": null, "can_use_cod": false, "is_on_flash_sale": false, "spl_installment_tenure": null, "is_live_streaming_price": null, "is_mart": false, "pack_size": null, "deep_discount_skin": null}, "adsid": null, "campaignid": null, "distance": null, "match_type": null, "ads_keyword": null, "deduction_info": null, "collection_id": null, "display_name": null, "campaign_stock": null, "json_data": "", "tracking_info": {"viral_spu_tracking": null, "business_tracking": null, "multi_search_tracking": null, "groupid": 0, "ruleid": [29]}, "itemid": 11771063898, "shopid": 407195860, "algo_image": null, "fe_flags": null, "item_type": 1, "foody_item": null, "search_item_tracking": "{\"is_ads\":false,\"ruleids\":[29],\"groupid\":0,\"fe_flags\":\"{}\",\"item_type\":1,\"biz_json\":\"\",\"merge_rank\":15,\"shuffle_rank\":0}", "bff_item_tracking": "{\"label_ids\":[1000279,1000265,1006306,1006435,1006483,1006624,1006625,1007155,1007286,1007328,1007394,1007516,1007546,1007765,1007768,1006856,1008283,1008290,1008313,1008515,1008793,1000264,1009063,1009391,1009427,1009489,1009763,1010033,1010111,1010449,1010668,1010797,1011155,1011654,1012191],\"is_on_flash_sale\":false,\"is_liked\":false,\"with_video\":false,\"is_dp_mirror_sku\":false,\"image_position\":null}", "personalized_labels": null, "biz_json": null}, {"item_basic": {"itemid": 11071148706, "shopid": 407195860, "name": "[M\u00e3 BMBAU50 gi\u1ea3m 50K \u0111\u01a1n 150K] N\u1ed3i \u0110i\u1ec7n \u0110a N\u0103ng Mokkom C\u00f3 L\u1ed3ng H\u1ea5p Ch\u1ed1ng D\u00ednh B\u1eb1ng \u0110\u00e1 Maifan", "label_ids": [1000279, 1000265, 1006306, 1006435, 1006483, 1006624, 1006625, 1007155, 1007286, 1007328, 1007394, 1007516, 1007546, 1007765, 1007768, 1006856, 1008283, 1008290, 1008313, 1008515, 1008793, 1000264, 1009063, 1009391, 1009427, 1009489, 1009763, 1010033, 1010111, 1010449, 1010668, 1010797, 1011155, 1011654, 1012191], "image": "2c8b826413070841116fd5c75a6c3b5a", "images": ["2c8b826413070841116fd5c75a6c3b5a", "d18da3c673f8130ac3c3dd588af85cc2", "e753f85f15a5b07d129d0238da5da58e", "80453dd8526682066e50af986b184bb9", "62088431185f4511e58d001caf52e520", "0270630c2469952986615dfe6f2a26a8", "30a838c07cb83ae1e18a39eef6290d09", "3b9177bc79b760b67f59b4c950effc6f", "224d360e2925e56bdfc78784fce009e5"], "currency": "VND", "stock": 251, "status": 1, "ctime": 1636696363, "sold": 0, "historical_sold": 0, "liked": false, "liked_count": 0, "view_count": 51, "catid": 100010, "brand": null, "cmt_count": 0, "flag": 0, "cb_option": 0, "item_status": "normal", "price": 53300000000, "price_min": 53300000000, "price_max": 53300000000, "price_min_before_discount": 65000000000, "price_max_before_discount": 65000000000, "hidden_price_display": null, "price_before_discount": 65000000000, "has_lowest_price_guarantee": false, "show_discount": 18, "raw_discount": 18, "discount": "18%", "is_category_failed": false, "size_chart": null, "video_info_list": null, "tier_variations": [{"name": "M\u00e0u s\u1eafc", "options": ["V\u00e0ng", "Xanh"], "images": ["82191bd7415738f0dc4302a277f03ba2", "b924e6a3fb541c183bc9896cbd0e379f"], "properties": [], "type": 0}], "item_rating": {"rating_star": 0, "rating_count": [0, 0, 0, 0, 0, 0], "rcount_with_context": 0, "rcount_with_image": 0}, "item_type": 0, "reference_item_id": "", "transparent_background_image": "", "is_adult": false, "badge_icon_type": 0, "shopee_verified": false, "is_official_shop": true, "show_official_shop_label": true, "show_shopee_verified_label": false, "show_official_shop_label_in_title": true, "is_cc_installment_payment_eligible": false, "is_non_cc_installment_payment_eligible": false, "coin_earn_label": null, "show_free_shipping": false, "preview_info": null, "coin_info": null, "exclusive_price_info": null, "bundle_deal_id": 0, "can_use_bundle_deal": false, "bundle_deal_info": null, "is_group_buy_item": null, "has_group_buy_stock": null, "group_buy_info": null, "welcome_package_type": 0, "welcome_package_info": null, "add_on_deal_info": null, "can_use_wholesale": false, "is_preferred_plus_seller": false, "shop_location": "H\u00e0 N\u1ed9i", "has_model_with_available_shopee_stock": false, "voucher_info": null, "can_use_cod": false, "is_on_flash_sale": false, "spl_installment_tenure": null, "is_live_streaming_price": null, "is_mart": false, "pack_size": null, "deep_discount_skin": null}, "adsid": null, "campaignid": null, "distance": null, "match_type": null, "ads_keyword": null, "deduction_info": null, "collection_id": null, "display_name": null, "campaign_stock": null, "json_data": "", "tracking_info": {"viral_spu_tracking": null, "business_tracking": null, "multi_search_tracking": null, "groupid": 0, "ruleid": [29]}, "itemid": 11071148706, "shopid": 407195860, "algo_image": null, "fe_flags": null, "item_type": 1, "foody_item": null, "search_item_tracking": "{\"is_ads\":false,\"ruleids\":[29],\"groupid\":0,\"fe_flags\":\"{}\",\"item_type\":1,\"biz_json\":\"\",\"merge_rank\":16,\"shuffle_rank\":0}", "bff_item_tracking": "{\"label_ids\":[1000279,1000265,1006306,1006435,1006483,1006624,1006625,1007155,1007286,1007328,1007394,1007516,1007546,1007765,1007768,1006856,1008283,1008290,1008313,1008515,1008793,1000264,1009063,1009391,1009427,1009489,1009763,1010033,1010111,1010449,1010668,1010797,1011155,1011654,1012191],\"is_on_flash_sale\":false,\"is_liked\":false,\"with_video\":false,\"is_dp_mirror_sku\":false,\"image_position\":null}", "personalized_labels": null, "biz_json": null}, {"item_basic": {"itemid": 11048046210, "shopid": 407195860, "name": "[M\u00e3 BMBAU200 gi\u1ea3m 200K \u0111\u01a1n 699K] N\u1ed3i C\u01a1m \u0110i\u1ec7n Gi\u1ea3m \u0110\u01b0\u1eddng Mokkom", "label_ids": [1000279, 1000265, 1006306, 1006435, 1006483, 1006624, 1006625, 1007155, 1007286, 1007328, 1007394, 1007516, 1007546, 1007765, 1007768, 1006856, 1008283, 1008290, 1008313, 1008515, 1008793, 1000264, 1009063, 1009391, 1009427, 1009489, 1009763, 1010033, 1010111, 1010449, 1010668, 1010797, 1011155, 1011654, 1012191], "image": "785746f36c05f706127a4e2e4d581945", "images": ["785746f36c05f706127a4e2e4d581945", "a974ac6c4d172638755bc917096e435d", "dcf614a05860b8b5d33a9dd9626cae9e", "4f744deb2ba67891bf3ab0154b009a6e", "ec971b5bb53da6d664019234530d7971", "070fcba54b759cbe4ad43a7fe011fe9d", "8576d03130718d35ce7d1077ce6332a3", "8f1c21b26c3a9e69aef2680ee4181860"], "currency": "VND", "stock": 101, "status": 1, "ctime": 1631453070, "sold": 0, "historical_sold": 0, "liked": false, "liked_count": 1, "view_count": 50, "catid": 100010, "brand": null, "cmt_count": 0, "flag": 0, "cb_option": 0, "item_status": "normal", "price": 139300000000, "price_min": 139300000000, "price_max": 139300000000, "price_min_before_discount": 199000000000, "price_max_before_discount": 199000000000, "hidden_price_display": null, "price_before_discount": 199000000000, "has_lowest_price_guarantee": false, "show_discount": 30, "raw_discount": 30, "discount": "30%", "is_category_failed": false, "size_chart": null, "video_info_list": null, "tier_variations": [{"name": "", "options": [""], "images": null, "properties": [], "type": 0}], "item_rating": {"rating_star": 0, "rating_count": [0, 0, 0, 0, 0, 0], "rcount_with_context": 0, "rcount_with_image": 0}, "item_type": 0, "reference_item_id": "", "transparent_background_image": "", "is_adult": false, "badge_icon_type": 0, "shopee_verified": false, "is_official_shop": true, "show_official_shop_label": true, "show_shopee_verified_label": false, "show_official_shop_label_in_title": true, "is_cc_installment_payment_eligible": false, "is_non_cc_installment_payment_eligible": false, "coin_earn_label": null, "show_free_shipping": false, "preview_info": null, "coin_info": null, "exclusive_price_info": null, "bundle_deal_id": 0, "can_use_bundle_deal": false, "bundle_deal_info": null, "is_group_buy_item": null, "has_group_buy_stock": null, "group_buy_info": null, "welcome_package_type": 0, "welcome_package_info": null, "add_on_deal_info": null, "can_use_wholesale": false, "is_preferred_plus_seller": false, "shop_location": "H\u00e0 N\u1ed9i", "has_model_with_available_shopee_stock": false, "voucher_info": null, "can_use_cod": false, "is_on_flash_sale": false, "spl_installment_tenure": null, "is_live_streaming_price": null, "is_mart": false, "pack_size": null, "deep_discount_skin": null}, "adsid": null, "campaignid": null, "distance": null, "match_type": null, "ads_keyword": null, "deduction_info": null, "collection_id": null, "display_name": null, "campaign_stock": null, "json_data": "", "tracking_info": {"viral_spu_tracking": null, "business_tracking": null, "multi_search_tracking": null, "groupid": 0, "ruleid": [29]}, "itemid": 11048046210, "shopid": 407195860, "algo_image": null, "fe_flags": null, "item_type": 1, "foody_item": null, "search_item_tracking": "{\"is_ads\":false,\"ruleids\":[29],\"groupid\":0,\"fe_flags\":\"{}\",\"item_type\":1,\"biz_json\":\"\",\"merge_rank\":17,\"shuffle_rank\":0}", "bff_item_tracking": "{\"label_ids\":[1000279,1000265,1006306,1006435,1006483,1006624,1006625,1007155,1007286,1007328,1007394,1007516,1007546,1007765,1007768,1006856,1008283,1008290,1008313,1008515,1008793,1000264,1009063,1009391,1009427,1009489,1009763,1010033,1010111,1010449,1010668,1010797,1011155,1011654,1012191],\"is_on_flash_sale\":false,\"is_liked\":false,\"with_video\":false,\"is_dp_mirror_sku\":false,\"image_position\":null}", "personalized_labels": null, "biz_json": null}], "price_adjust": null, "adjust": {"count": null}, "total_ads_count": 0, "hint_keywords": null, "show_disclaimer": false, "json_data": "", "query_rewrite": null, "disclaimer_infos": [], "need_next_search": true, "low_result": {"triggered": false, "scenarios": null, "total_organic_count": 18, "pre_lrp_total_organic_count": 18}, "autoplay_info": null, "food_item_info": {"total_count": 0}, "search_tracking": "{\"algorithm\":\"eyJzZWFyY2giOiIwLmEuMjk1MEBWRkZNUVBQUVJZT05SWDBNRURZMUVUR1ZFUzJHTzE2OSJ9\",\"low_result\":{\"triggered\":false,\"total_organic_count\":18,\"pre_lrp_total_organic_count\":18},\"total_ads_count\":0,\"total_count\":18,\"request_id\":\"bff-search_vn_sg9_10.168.58.209_{1f8a1b84d6cb2097c5c3b7821a2b5700:010001936beb643e:0000004e849edf8b}_k8s-worker-sg9-live-476.shopeemobile.com\"}", "search_sessionid": null}