{"bff_meta": null, "error": null, "error_msg": null, "reserved_keyword": null, "suggestion_algorithm": null, "algorithm": "eyJzZWFyY2giOiIwLmEuMjk1MEBPTlFQVkZGTVBRUlhSWTBNRURZMUdWRVRFUzJHTzE2OSJ9", "total_count": 15, "nomore": true, "items": [{"item_basic": {"itemid": 8753764791, "shopid": 441656386, "name": "S\u1ea1c d\u1ef1 ph\u00f2ng DKB 6 in 1 s\u1ea1c c\u00f9ng l\u00fac 6 thi\u1ebft b\u1ecb t\u00edch h\u1ee3p s\u1ea1c kh\u00f4ng d\u00e2y b\u1ea3o h\u00e0nh 6 th\u00e1ng", "label_ids": [1000270, 1000279, 1000259, 1006435, 1006483, 1006624, 1006625, 1007155, 1007328, 1007394, 1007516, 1007546, 1007765, 1007768, 1006856, 1008283, 1008290, 1008313, 1008515, 1008793, 1009058, 1009063, 1009190, 1009202, 1009427, 1009489, 1009763, 1010033, 1010111, 1010449, 1010668, 1010797, 1011155, 1011654, 1012191, 1007414, 1008542], "image": "c90917b2513c9e00074539653041cd79", "images": ["c90917b2513c9e00074539653041cd79", "7a55ce99b828f695bbc43590b104e270", "a35fc2b93e610622e9e659d74be72242", "de57d75653f3a3cc98cabda4acf5db98", "1864f998c99dace77897727e7736da21", "347c3d923058346e6b67ece7cfe8a183", "bede597e8d04a143215801aa05a85a5b", "74fb97258c1de8e9366311ccac26e8cc", "8ed43797e1a9c01434d150afc27a2192"], "currency": "VND", "stock": 5996, "status": 1, "ctime": 1620728295, "sold": 0, "historical_sold": 4, "liked": false, "liked_count": 8, "view_count": 57, "catid": 100013, "brand": "DKB", "cmt_count": 3, "flag": 0, "cb_option": 0, "item_status": "normal", "price": 36900000000, "price_min": 36900000000, "price_max": 36900000000, "price_min_before_discount": -1, "price_max_before_discount": -1, "hidden_price_display": null, "price_before_discount": 0, "has_lowest_price_guarantee": false, "show_discount": 0, "raw_discount": 0, "discount": null, "is_category_failed": false, "size_chart": null, "video_info_list": null, "tier_variations": [{"name": "m\u00e0u s\u1eafc", "options": ["xanh", "\u0111en", "tr\u1eafng"], "images": ["c846a105f4f019a0bd03c8388b488aa6", "7a55ce99b828f695bbc43590b104e270", "a35fc2b93e610622e9e659d74be72242"], "properties": [], "type": 0}], "item_rating": {"rating_star": 5, "rating_count": [3, 0, 0, 0, 0, 3], "rcount_with_context": 3, "rcount_with_image": 1}, "item_type": 0, "reference_item_id": "", "transparent_background_image": "", "is_adult": false, "badge_icon_type": 0, "shopee_verified": false, "is_official_shop": true, "show_official_shop_label": true, "show_shopee_verified_label": false, "show_official_shop_label_in_title": true, "is_cc_installment_payment_eligible": false, "is_non_cc_installment_payment_eligible": false, "coin_earn_label": null, "show_free_shipping": false, "preview_info": null, "coin_info": null, "exclusive_price_info": null, "bundle_deal_id": 0, "can_use_bundle_deal": false, "bundle_deal_info": null, "is_group_buy_item": null, "has_group_buy_stock": null, "group_buy_info": null, "welcome_package_type": 0, "welcome_package_info": null, "add_on_deal_info": null, "can_use_wholesale": true, "is_preferred_plus_seller": false, "shop_location": "H\u00e0 N\u1ed9i", "has_model_with_available_shopee_stock": false, "voucher_info": null, "can_use_cod": false, "is_on_flash_sale": false, "spl_installment_tenure": null, "is_live_streaming_price": null, "is_mart": false, "pack_size": null, "deep_discount_skin": null}, "adsid": null, "campaignid": null, "distance": null, "match_type": null, "ads_keyword": null, "deduction_info": null, "collection_id": null, "display_name": null, "campaign_stock": null, "json_data": "", "tracking_info": {"viral_spu_tracking": null, "business_tracking": null, "multi_search_tracking": null, "groupid": 0, "ruleid": [29]}, "itemid": 8753764791, "shopid": 441656386, "algo_image": null, "fe_flags": null, "item_type": 1, "foody_item": null, "search_item_tracking": "{\"is_ads\":false,\"ruleids\":[29],\"groupid\":0,\"fe_flags\":\"{}\",\"item_type\":1,\"biz_json\":\"\",\"merge_rank\":0,\"shuffle_rank\":0}", "bff_item_tracking": "{\"label_ids\":[1000270,1000279,1000259,1006435,1006483,1006624,1006625,1007155,1007328,1007394,1007516,1007546,1007765,1007768,1006856,1008283,1008290,1008313,1008515,1008793,1009058,1009063,1009190,1009202,1009427,1009489,1009763,1010033,1010111,1010449,1010668,1010797,1011155,1011654,1012191,1007414,1008542],\"is_on_flash_sale\":false,\"is_liked\":false,\"with_video\":false,\"is_dp_mirror_sku\":false,\"image_position\":null}", "personalized_labels": null, "biz_json": null}, {"item_basic": {"itemid": 10006873860, "shopid": 441656386, "name": "Thanh k\u1eb9p c\u1ed1 \u0111\u1ecbnh silicon ch\u1ed1ng r\u1ed1i cho d\u00e2y s\u1ea1c,d\u00e2y chu\u1ed9t m\u00e1y t\u00ednh...h\u00e0ng ch\u00ednh h\u00e3ng DKB", "label_ids": [1000270, 1000279, 1000259, 1006435, 1006483, 1006624, 1006625, 1007155, 1007328, 1007394, 1007516, 1007546, 1007765, 1007768, 1006856, 1008283, 1008290, 1008313, 1008515, 1008793, 1009058, 1009063, 1009190, 1009202, 1009427, 1009489, 1009763, 1010033, 1010111, 1010449, 1010668, 1010797, 1011155, 1011654, 1012191], "image": "1aad53fc284d4db6b12ae24c0e66afc4", "images": ["1aad53fc284d4db6b12ae24c0e66afc4", "ceeec5b29218a5d23802ef326d8fe08c", "5614d1763d45bad5f692a3ce1639324c", "dc1185f75153af6564fbb346d16c82a6", "4a3f9a22ebde582a6d22cff86fefd080", "856d4fdfe204698c6e9517c1c7705506", "70e0aa3a5c77526fa74d7b53a4a8c36a", "43eea5c68f01ab5a16a44080a744132b", "145d998a610e579de04a8220f36203e6"], "currency": "VND", "stock": 997, "status": 1, "ctime": 1622082138, "sold": 0, "historical_sold": 3, "liked": false, "liked_count": 2, "view_count": 7, "catid": 100013, "brand": null, "cmt_count": 1, "flag": 0, "cb_option": 0, "item_status": "normal", "price": 4900000000, "price_min": 4900000000, "price_max": 4900000000, "price_min_before_discount": -1, "price_max_before_discount": -1, "hidden_price_display": null, "price_before_discount": 0, "has_lowest_price_guarantee": false, "show_discount": 0, "raw_discount": 0, "discount": null, "is_category_failed": false, "size_chart": null, "video_info_list": null, "tier_variations": [{"name": "", "options": [""], "images": null, "properties": [], "type": 0}], "item_rating": {"rating_star": 5, "rating_count": [1, 0, 0, 0, 0, 1], "rcount_with_context": 1, "rcount_with_image": 0}, "item_type": 0, "reference_item_id": "", "transparent_background_image": "", "is_adult": false, "badge_icon_type": 0, "shopee_verified": false, "is_official_shop": true, "show_official_shop_label": true, "show_shopee_verified_label": false, "show_official_shop_label_in_title": true, "is_cc_installment_payment_eligible": false, "is_non_cc_installment_payment_eligible": false, "coin_earn_label": null, "show_free_shipping": false, "preview_info": null, "coin_info": null, "exclusive_price_info": null, "bundle_deal_id": 0, "can_use_bundle_deal": false, "bundle_deal_info": null, "is_group_buy_item": null, "has_group_buy_stock": null, "group_buy_info": null, "welcome_package_type": 0, "welcome_package_info": null, "add_on_deal_info": null, "can_use_wholesale": false, "is_preferred_plus_seller": false, "shop_location": "H\u00e0 N\u1ed9i", "has_model_with_available_shopee_stock": false, "voucher_info": null, "can_use_cod": false, "is_on_flash_sale": false, "spl_installment_tenure": null, "is_live_streaming_price": null, "is_mart": false, "pack_size": null, "deep_discount_skin": null}, "adsid": null, "campaignid": null, "distance": null, "match_type": null, "ads_keyword": null, "deduction_info": null, "collection_id": null, "display_name": null, "campaign_stock": null, "json_data": "", "tracking_info": {"viral_spu_tracking": null, "business_tracking": null, "multi_search_tracking": null, "groupid": 0, "ruleid": [29]}, "itemid": 10006873860, "shopid": 441656386, "algo_image": null, "fe_flags": null, "item_type": 1, "foody_item": null, "search_item_tracking": "{\"is_ads\":false,\"ruleids\":[29],\"groupid\":0,\"fe_flags\":\"{}\",\"item_type\":1,\"biz_json\":\"\",\"merge_rank\":1,\"shuffle_rank\":0}", "bff_item_tracking": "{\"label_ids\":[1000270,1000279,1000259,1006435,1006483,1006624,1006625,1007155,1007328,1007394,1007516,1007546,1007765,1007768,1006856,1008283,1008290,1008313,1008515,1008793,1009058,1009063,1009190,1009202,1009427,1009489,1009763,1010033,1010111,1010449,1010668,1010797,1011155,1011654,1012191],\"is_on_flash_sale\":false,\"is_liked\":false,\"with_video\":false,\"is_dp_mirror_sku\":false,\"image_position\":null}", "personalized_labels": null, "biz_json": null}, {"item_basic": {"itemid": 10606870299, "shopid": 441656386, "name": "Tai nghe nh\u00e9t tai ch\u00ednh h\u00e3ng DKB ki\u1ec3u d\u00e1ng th\u1ec3 thao gi\u1eafc c\u1eafm 3.5mm t\u00edch h\u1ee3p microphone", "label_ids": [1000270, 1000279, 1000259, 1006435, 1006483, 1006624, 1006625, 1007155, 1007328, 1007394, 1007516, 1007546, 1007765, 1007768, 1006856, 1008283, 1008290, 1008313, 1008515, 1008793, 1009058, 1009063, 1009190, 1009202, 1009427, 1009489, 1009763, 1010033, 1010111, 1010449, 1010668, 1010797, 1011155, 1011654, 1012191, 1008842, 1009167], "image": "95b9c0a6f965667f8532a65a020f91e9", "images": ["95b9c0a6f965667f8532a65a020f91e9", "11c3804b80fc07d88d143d2c554d9696", "7af3da9b87cd596da1bbb586e1c6b82a", "900319154a61ef1359715ec9dae891cf", "c486f1239333e9d77a1ceb0abc477674", "a416ad8aece10ac20c77c5ff725ca5b4", "1ae2a6550c9d4b6116879b3fa75e4160", "77b752836d109bf8b8b610e53571b4fd", "031124a99d6cc05a2a63bd134e898717"], "currency": "VND", "stock": 3997, "status": 1, "ctime": 1622081226, "sold": 0, "historical_sold": 2, "liked": false, "liked_count": 1, "view_count": 0, "catid": 100535, "brand": null, "cmt_count": 1, "flag": 0, "cb_option": 0, "item_status": "normal", "price": 8900000000, "price_min": 8900000000, "price_max": 8900000000, "price_min_before_discount": -1, "price_max_before_discount": -1, "hidden_price_display": null, "price_before_discount": 0, "has_lowest_price_guarantee": false, "show_discount": 0, "raw_discount": 0, "discount": null, "is_category_failed": false, "size_chart": null, "video_info_list": null, "tier_variations": [{"name": "m\u00e0u s\u1eafc", "options": ["\u0111en", "\u0111\u1ecf"], "images": ["95b9c0a6f965667f8532a65a020f91e9", "11c3804b80fc07d88d143d2c554d9696"], "properties": [], "type": 0}], "item_rating": {"rating_star": 5, "rating_count": [1, 0, 0, 0, 0, 1], "rcount_with_context": 1, "rcount_with_image": 0}, "item_type": 0, "reference_item_id": "", "transparent_background_image": "", "is_adult": false, "badge_icon_type": 0, "shopee_verified": false, "is_official_shop": true, "show_official_shop_label": true, "show_shopee_verified_label": false, "show_official_shop_label_in_title": true, "is_cc_installment_payment_eligible": false, "is_non_cc_installment_payment_eligible": false, "coin_earn_label": null, "show_free_shipping": false, "preview_info": null, "coin_info": null, "exclusive_price_info": null, "bundle_deal_id": 0, "can_use_bundle_deal": false, "bundle_deal_info": null, "is_group_buy_item": null, "has_group_buy_stock": null, "group_buy_info": null, "welcome_package_type": 0, "welcome_package_info": null, "add_on_deal_info": null, "can_use_wholesale": false, "is_preferred_plus_seller": false, "shop_location": "H\u00e0 N\u1ed9i", "has_model_with_available_shopee_stock": false, "voucher_info": null, "can_use_cod": false, "is_on_flash_sale": false, "spl_installment_tenure": null, "is_live_streaming_price": null, "is_mart": false, "pack_size": null, "deep_discount_skin": null}, "adsid": null, "campaignid": null, "distance": null, "match_type": null, "ads_keyword": null, "deduction_info": null, "collection_id": null, "display_name": null, "campaign_stock": null, "json_data": "", "tracking_info": {"viral_spu_tracking": null, "business_tracking": null, "multi_search_tracking": null, "groupid": 0, "ruleid": [29]}, "itemid": 10606870299, "shopid": 441656386, "algo_image": null, "fe_flags": null, "item_type": 1, "foody_item": null, "search_item_tracking": "{\"is_ads\":false,\"ruleids\":[29],\"groupid\":0,\"fe_flags\":\"{}\",\"item_type\":1,\"biz_json\":\"\",\"merge_rank\":2,\"shuffle_rank\":0}", "bff_item_tracking": "{\"label_ids\":[1000270,1000279,1000259,1006435,1006483,1006624,1006625,1007155,1007328,1007394,1007516,1007546,1007765,1007768,1006856,1008283,1008290,1008313,1008515,1008793,1009058,1009063,1009190,1009202,1009427,1009489,1009763,1010033,1010111,1010449,1010668,1010797,1011155,1011654,1012191,1008842,1009167],\"is_on_flash_sale\":false,\"is_liked\":false,\"with_video\":false,\"is_dp_mirror_sku\":false,\"image_position\":null}", "personalized_labels": null, "biz_json": null}, {"item_basic": {"itemid": 9653749480, "shopid": 441656386, "name": "Tai nghe bluetooth nh\u00e9t tai DKB - TW30 t\u00edch h\u1ee3p c\u00e1c d\u00f2ng \u0111i\u1ec7n tho\u1ea1i b\u1ea3o h\u00e0nh 6 th\u00e1ng", "label_ids": [1000270, 1000279, 1000259, 1006435, 1006483, 1006624, 1006625, 1007155, 1007328, 1007394, 1007516, 1007546, 1007765, 1007768, 1006856, 1008283, 1008290, 1008313, 1008515, 1008793, 1009058, 1009063, 1009190, 1009202, 1009427, 1009489, 1009763, 1010033, 1010111, 1010449, 1010668, 1010797, 1011155, 1011654, 1012191], "image": "dc10e704a53f8e3ab02b22c711fea695", "images": ["dc10e704a53f8e3ab02b22c711fea695", "ebe6c2c0222e8a02792d45acd4c8627d", "7b9834f3ba77aff0e18a4a5e96495d66", "f7f71687663223a4dcfeb0ef88dcb79d", "fde32fdbd6ed54f6791c301fa57b5af1", "580e1eebfd9c2a6511a81df8abf38b10", "21477166cae3bed03c5fbc4e49321c1a", "5b31f337598719915bb9558bc59cbf44", "9ef84e4d90976ba226a61e4196867a4e"], "currency": "VND", "stock": 1498, "status": 1, "ctime": 1620726381, "sold": 0, "historical_sold": 2, "liked": false, "liked_count": 3, "view_count": 7, "catid": 100535, "brand": "DKB", "cmt_count": 1, "flag": 0, "cb_option": 0, "item_status": "normal", "price": 32900000000, "price_min": 32900000000, "price_max": 32900000000, "price_min_before_discount": -1, "price_max_before_discount": -1, "hidden_price_display": null, "price_before_discount": 0, "has_lowest_price_guarantee": false, "show_discount": 0, "raw_discount": 0, "discount": null, "is_category_failed": false, "size_chart": null, "video_info_list": null, "tier_variations": [{"name": "m\u00e0u s\u1eafc", "options": ["\u0111en", "\u0111\u1ecf", "tr\u1eafng"], "images": ["dc10e704a53f8e3ab02b22c711fea695", "7b9834f3ba77aff0e18a4a5e96495d66", "ebe6c2c0222e8a02792d45acd4c8627d"], "properties": [], "type": 0}], "item_rating": {"rating_star": 5, "rating_count": [1, 0, 0, 0, 0, 1], "rcount_with_context": 0, "rcount_with_image": 0}, "item_type": 0, "reference_item_id": "", "transparent_background_image": "", "is_adult": false, "badge_icon_type": 0, "shopee_verified": false, "is_official_shop": true, "show_official_shop_label": true, "show_shopee_verified_label": false, "show_official_shop_label_in_title": true, "is_cc_installment_payment_eligible": false, "is_non_cc_installment_payment_eligible": false, "coin_earn_label": null, "show_free_shipping": false, "preview_info": null, "coin_info": null, "exclusive_price_info": null, "bundle_deal_id": 0, "can_use_bundle_deal": false, "bundle_deal_info": null, "is_group_buy_item": null, "has_group_buy_stock": null, "group_buy_info": null, "welcome_package_type": 0, "welcome_package_info": null, "add_on_deal_info": null, "can_use_wholesale": true, "is_preferred_plus_seller": false, "shop_location": "H\u00e0 N\u1ed9i", "has_model_with_available_shopee_stock": false, "voucher_info": null, "can_use_cod": false, "is_on_flash_sale": false, "spl_installment_tenure": null, "is_live_streaming_price": null, "is_mart": false, "pack_size": null, "deep_discount_skin": null}, "adsid": null, "campaignid": null, "distance": null, "match_type": null, "ads_keyword": null, "deduction_info": null, "collection_id": null, "display_name": null, "campaign_stock": null, "json_data": "", "tracking_info": {"viral_spu_tracking": null, "business_tracking": null, "multi_search_tracking": null, "groupid": 0, "ruleid": [29]}, "itemid": 9653749480, "shopid": 441656386, "algo_image": null, "fe_flags": null, "item_type": 1, "foody_item": null, "search_item_tracking": "{\"is_ads\":false,\"ruleids\":[29],\"groupid\":0,\"fe_flags\":\"{}\",\"item_type\":1,\"biz_json\":\"\",\"merge_rank\":3,\"shuffle_rank\":0}", "bff_item_tracking": "{\"label_ids\":[1000270,1000279,1000259,1006435,1006483,1006624,1006625,1007155,1007328,1007394,1007516,1007546,1007765,1007768,1006856,1008283,1008290,1008313,1008515,1008793,1009058,1009063,1009190,1009202,1009427,1009489,1009763,1010033,1010111,1010449,1010668,1010797,1011155,1011654,1012191],\"is_on_flash_sale\":false,\"is_liked\":false,\"with_video\":false,\"is_dp_mirror_sku\":false,\"image_position\":null}", "personalized_labels": null, "biz_json": null}, {"item_basic": {"itemid": 5489769257, "shopid": 441656386, "name": "S\u1ea1c d\u1ef1 ph\u00f2ng ch\u00ednh h\u00e3ng DKB 10000mah b\u1ea3o h\u00e0nh ch\u00ednh h\u00e3ng 6 th\u00e1ng l\u1ed7i 1 \u0111\u1ed5i 1 3 m\u00e0u", "label_ids": [1000270, 1000279, 1000259, 1006435, 1006483, 1006624, 1006625, 1007155, 1007328, 1007394, 1007516, 1007546, 1007765, 1007768, 1006856, 1008283, 1008290, 1008313, 1008515, 1008793, 1009058, 1009063, 1009190, 1009202, 1009427, 1009489, 1009763, 1010033, 1010111, 1010449, 1010668, 1010797, 1011155, 1011654, 1012191, 1008542, 1008842, 1009167], "image": "2de9b7737fc74a8823179d2e64894cbf", "images": ["2de9b7737fc74a8823179d2e64894cbf", "e6b78e90892748479dadc40df3f91438", "993de95374fdc356326aa1afbbdfaa5f", "7b823224a381735325f33ec97d1376a5", "075bfd5fbd77a144a28c0a8d899a684a", "16c829a90d9c770cf28e02263eebadb6", "9b7aea4c6d16d3f91304016e235b476f", "ce88cd04787af60d08104bee62d5d109", "b6e00fe6ef1fd59f26aaf756fc86ed37"], "currency": "VND", "stock": 5997, "status": 1, "ctime": 1621846830, "sold": 0, "historical_sold": 2, "liked": false, "liked_count": 2, "view_count": 12, "catid": 100013, "brand": null, "cmt_count": 1, "flag": 0, "cb_option": 0, "item_status": "normal", "price": 23500000000, "price_min": 23500000000, "price_max": 23500000000, "price_min_before_discount": -1, "price_max_before_discount": -1, "hidden_price_display": null, "price_before_discount": 0, "has_lowest_price_guarantee": false, "show_discount": 0, "raw_discount": 0, "discount": null, "is_category_failed": false, "size_chart": null, "video_info_list": null, "tier_variations": [{"name": "m\u00e0u s\u1eafc", "options": ["\u0111en", "h\u1ed3ng", "tr\u1eafng"], "images": ["2de9b7737fc74a8823179d2e64894cbf", "993de95374fdc356326aa1afbbdfaa5f", "e6b78e90892748479dadc40df3f91438"], "properties": [], "type": 0}], "item_rating": {"rating_star": 5, "rating_count": [1, 0, 0, 0, 0, 1], "rcount_with_context": 1, "rcount_with_image": 0}, "item_type": 0, "reference_item_id": "", "transparent_background_image": "", "is_adult": false, "badge_icon_type": 0, "shopee_verified": false, "is_official_shop": true, "show_official_shop_label": true, "show_shopee_verified_label": false, "show_official_shop_label_in_title": true, "is_cc_installment_payment_eligible": false, "is_non_cc_installment_payment_eligible": false, "coin_earn_label": null, "show_free_shipping": false, "preview_info": null, "coin_info": null, "exclusive_price_info": null, "bundle_deal_id": 0, "can_use_bundle_deal": false, "bundle_deal_info": null, "is_group_buy_item": null, "has_group_buy_stock": null, "group_buy_info": null, "welcome_package_type": 0, "welcome_package_info": null, "add_on_deal_info": null, "can_use_wholesale": false, "is_preferred_plus_seller": false, "shop_location": "H\u00e0 N\u1ed9i", "has_model_with_available_shopee_stock": false, "voucher_info": null, "can_use_cod": false, "is_on_flash_sale": false, "spl_installment_tenure": null, "is_live_streaming_price": null, "is_mart": false, "pack_size": null, "deep_discount_skin": null}, "adsid": null, "campaignid": null, "distance": null, "match_type": null, "ads_keyword": null, "deduction_info": null, "collection_id": null, "display_name": null, "campaign_stock": null, "json_data": "", "tracking_info": {"viral_spu_tracking": null, "business_tracking": null, "multi_search_tracking": null, "groupid": 0, "ruleid": [29]}, "itemid": 5489769257, "shopid": 441656386, "algo_image": null, "fe_flags": null, "item_type": 1, "foody_item": null, "search_item_tracking": "{\"is_ads\":false,\"ruleids\":[29],\"groupid\":0,\"fe_flags\":\"{}\",\"item_type\":1,\"biz_json\":\"\",\"merge_rank\":4,\"shuffle_rank\":0}", "bff_item_tracking": "{\"label_ids\":[1000270,1000279,1000259,1006435,1006483,1006624,1006625,1007155,1007328,1007394,1007516,1007546,1007765,1007768,1006856,1008283,1008290,1008313,1008515,1008793,1009058,1009063,1009190,1009202,1009427,1009489,1009763,1010033,1010111,1010449,1010668,1010797,1011155,1011654,1012191,1008542,1008842,1009167],\"is_on_flash_sale\":false,\"is_liked\":false,\"with_video\":false,\"is_dp_mirror_sku\":false,\"image_position\":null}", "personalized_labels": null, "biz_json": null}, {"item_basic": {"itemid": 11306436567, "shopid": 441656386, "name": "Gi\u00e1 \u0111\u1ee1 \u0111i\u1ec7n tho\u1ea1i,ipad h\u00e3ng ch\u00ednh h\u00e3ng DKB c\u00f3 th\u1ec3 \u0111i\u1ec1u ch\u1ec9nh cao g\u00f3c xoay ti\u1ec7n d\u1ee5ng", "label_ids": [1000270, 1000279, 1000259, 1006435, 1006483, 1006624, 1006625, 1007155, 1007328, 1007394, 1007516, 1007546, 1007765, 1007768, 1006856, 1008283, 1008290, 1008313, 1008515, 1008793, 1009058, 1009063, 1009190, 1009202, 1009427, 1009489, 1009763, 1010033, 1010111, 1010449, 1010668, 1010797, 1011155, 1011654, 1012191, 1008842, 1009167], "image": "3f22daffc48ac7ffbecddb5914a99d22", "images": ["3f22daffc48ac7ffbecddb5914a99d22", "602002428d79a9b2a8921a3c9635d9b3", "3f6a25442f6dd3b6efc83a62904ef9f8", "a975abb87e9b50145eaaa9b6030bb02e", "28d2687df56b1ef331a8acaa18b475b9", "34c3c8d71d1e3d126a60104324bc768d", "cffb8827692a15b4c6e390bac2702beb", "0b9797d87c28cc1e4ecc4f546b356677", "510d9f178a8edaf5c8e744f3d59f9c34"], "currency": "VND", "stock": 6995, "status": 1, "ctime": 1621932111, "sold": 0, "historical_sold": 2, "liked": false, "liked_count": 3, "view_count": 18, "catid": 100013, "brand": null, "cmt_count": 1, "flag": 0, "cb_option": 0, "item_status": "normal", "price": 4900000000, "price_min": 4900000000, "price_max": 4900000000, "price_min_before_discount": -1, "price_max_before_discount": -1, "hidden_price_display": null, "price_before_discount": 0, "has_lowest_price_guarantee": false, "show_discount": 0, "raw_discount": 0, "discount": null, "is_category_failed": false, "size_chart": null, "video_info_list": null, "tier_variations": [{"name": "m\u00e0u s\u1eafc", "options": ["\u0111en", "tr\u1eafng", "xanh", "h\u1ed3ng"], "images": ["3f22daffc48ac7ffbecddb5914a99d22", "3f6a25442f6dd3b6efc83a62904ef9f8", "602002428d79a9b2a8921a3c9635d9b3", "a975abb87e9b50145eaaa9b6030bb02e"], "properties": [], "type": 0}], "item_rating": {"rating_star": 5, "rating_count": [1, 0, 0, 0, 0, 1], "rcount_with_context": 1, "rcount_with_image": 0}, "item_type": 0, "reference_item_id": "", "transparent_background_image": "", "is_adult": false, "badge_icon_type": 0, "shopee_verified": false, "is_official_shop": true, "show_official_shop_label": true, "show_shopee_verified_label": false, "show_official_shop_label_in_title": true, "is_cc_installment_payment_eligible": false, "is_non_cc_installment_payment_eligible": false, "coin_earn_label": null, "show_free_shipping": false, "preview_info": null, "coin_info": null, "exclusive_price_info": null, "bundle_deal_id": 0, "can_use_bundle_deal": false, "bundle_deal_info": null, "is_group_buy_item": null, "has_group_buy_stock": null, "group_buy_info": null, "welcome_package_type": 0, "welcome_package_info": null, "add_on_deal_info": null, "can_use_wholesale": false, "is_preferred_plus_seller": false, "shop_location": "H\u00e0 N\u1ed9i", "has_model_with_available_shopee_stock": false, "voucher_info": null, "can_use_cod": false, "is_on_flash_sale": false, "spl_installment_tenure": null, "is_live_streaming_price": null, "is_mart": false, "pack_size": null, "deep_discount_skin": null}, "adsid": null, "campaignid": null, "distance": null, "match_type": null, "ads_keyword": null, "deduction_info": null, "collection_id": null, "display_name": null, "campaign_stock": null, "json_data": "", "tracking_info": {"viral_spu_tracking": null, "business_tracking": null, "multi_search_tracking": null, "groupid": 0, "ruleid": [29]}, "itemid": 11306436567, "shopid": 441656386, "algo_image": null, "fe_flags": null, "item_type": 1, "foody_item": null, "search_item_tracking": "{\"is_ads\":false,\"ruleids\":[29],\"groupid\":0,\"fe_flags\":\"{}\",\"item_type\":1,\"biz_json\":\"\",\"merge_rank\":5,\"shuffle_rank\":0}", "bff_item_tracking": "{\"label_ids\":[1000270,1000279,1000259,1006435,1006483,1006624,1006625,1007155,1007328,1007394,1007516,1007546,1007765,1007768,1006856,1008283,1008290,1008313,1008515,1008793,1009058,1009063,1009190,1009202,1009427,1009489,1009763,1010033,1010111,1010449,1010668,1010797,1011155,1011654,1012191,1008842,1009167],\"is_on_flash_sale\":false,\"is_liked\":false,\"with_video\":false,\"is_dp_mirror_sku\":false,\"image_position\":null}", "personalized_labels": null, "biz_json": null}, {"item_basic": {"itemid": 11603238727, "shopid": 441656386, "name": "Tai nghe blutooth nh\u00e9t tai DKB - TW16 c\u1ea3m \u1ee9ng v\u00e2n tay h\u1ed7 tr\u1ee3 c\u00e1c d\u00f2ng \u0111i\u1ec7n tho\u1ea1i", "label_ids": [1000270, 1000279, 1000259, 1006435, 1006483, 1006624, 1006625, 1007155, 1007328, 1007394, 1007516, 1007546, 1007765, 1007768, 1006856, 1008283, 1008290, 1008313, 1008515, 1008793, 1009058, 1009063, 1009190, 1009202, 1009427, 1009489, 1009763, 1010033, 1010111, 1010449, 1010668, 1010797, 1011155, 1011654, 1012191, 1008542, 1008842], "image": "d6851fd5fb6dd62562149f410593c1fe", "images": ["d6851fd5fb6dd62562149f410593c1fe", "1e33f779932956c7b3f1b6ce0ddbcb5e", "895e467c5f256996a471e5dbe72a4f7b", "945a65c035a62d5eff2e14fdb1a6fdfe", "4af13a737e45f009eceac9c60f3f7e3a", "434eb722676f182b1ad4b2b91443d1bf", "63769b1e3c9037e01e69e570dfedd24e", "bb27700051a77353939ebacbbd3900be", "7509f9c8c1723a4d5a78b1e4660b7046"], "currency": "VND", "stock": 1999, "status": 1, "ctime": 1620726923, "sold": 0, "historical_sold": 1, "liked": false, "liked_count": 1, "view_count": 4, "catid": 100535, "brand": "DKB", "cmt_count": 1, "flag": 0, "cb_option": 0, "item_status": "normal", "price": 35900000000, "price_min": 35900000000, "price_max": 35900000000, "price_min_before_discount": -1, "price_max_before_discount": -1, "hidden_price_display": null, "price_before_discount": 0, "has_lowest_price_guarantee": false, "show_discount": 0, "raw_discount": 0, "discount": null, "is_category_failed": false, "size_chart": null, "video_info_list": [{"video_id": "d138111e1a9217fed78e1e9f58749d3b", "thumb_url": "93bcf3632be39c7e6c0b693d3dad9c0c", "duration": 55, "version": 2, "vid": "sg_4ad168ee-3e7f-4d4f-a4b5-384263fb86a5_000054", "formats": [], "default_format": {"format": 600001, "defn": "ORI", "profile": "MP4", "path": "", "url": "http://play-ws.vod.shopee.com/c3/98934353/107/YzQsMTM0LTQzODI2LDE0MjIxOTU0Nzg0OTAwNzkyMzIsMg.mp4", "width": 1280, "height": 720}}], "tier_variations": [{"name": "m\u00e0u s\u1eafc", "options": ["\u0111en", "tr\u1eafng"], "images": ["d6851fd5fb6dd62562149f410593c1fe", "1e33f779932956c7b3f1b6ce0ddbcb5e"], "properties": [], "type": 0}], "item_rating": {"rating_star": 5, "rating_count": [1, 0, 0, 0, 0, 1], "rcount_with_context": 1, "rcount_with_image": 0}, "item_type": 0, "reference_item_id": "", "transparent_background_image": "", "is_adult": false, "badge_icon_type": 0, "shopee_verified": false, "is_official_shop": true, "show_official_shop_label": true, "show_shopee_verified_label": false, "show_official_shop_label_in_title": true, "is_cc_installment_payment_eligible": false, "is_non_cc_installment_payment_eligible": false, "coin_earn_label": null, "show_free_shipping": false, "preview_info": null, "coin_info": null, "exclusive_price_info": null, "bundle_deal_id": 0, "can_use_bundle_deal": false, "bundle_deal_info": null, "is_group_buy_item": null, "has_group_buy_stock": null, "group_buy_info": null, "welcome_package_type": 0, "welcome_package_info": null, "add_on_deal_info": null, "can_use_wholesale": true, "is_preferred_plus_seller": false, "shop_location": "H\u00e0 N\u1ed9i", "has_model_with_available_shopee_stock": false, "voucher_info": null, "can_use_cod": false, "is_on_flash_sale": false, "spl_installment_tenure": null, "is_live_streaming_price": null, "is_mart": false, "pack_size": null, "deep_discount_skin": null}, "adsid": null, "campaignid": null, "distance": null, "match_type": null, "ads_keyword": null, "deduction_info": null, "collection_id": null, "display_name": null, "campaign_stock": null, "json_data": "", "tracking_info": {"viral_spu_tracking": null, "business_tracking": null, "multi_search_tracking": null, "groupid": 0, "ruleid": [29]}, "itemid": 11603238727, "shopid": 441656386, "algo_image": null, "fe_flags": null, "item_type": 1, "foody_item": null, "search_item_tracking": "{\"is_ads\":false,\"ruleids\":[29],\"groupid\":0,\"fe_flags\":\"{}\",\"item_type\":1,\"biz_json\":\"\",\"merge_rank\":6,\"shuffle_rank\":0}", "bff_item_tracking": "{\"label_ids\":[1000270,1000279,1000259,1006435,1006483,1006624,1006625,1007155,1007328,1007394,1007516,1007546,1007765,1007768,1006856,1008283,1008290,1008313,1008515,1008793,1009058,1009063,1009190,1009202,1009427,1009489,1009763,1010033,1010111,1010449,1010668,1010797,1011155,1011654,1012191,1008542,1008842],\"is_on_flash_sale\":false,\"is_liked\":false,\"with_video\":true,\"is_dp_mirror_sku\":false,\"image_position\":null}", "personalized_labels": null, "biz_json": null}, {"item_basic": {"itemid": 11303242610, "shopid": 441656386, "name": "Tai nghe bluetooth DKB - TW10 h\u1ed7 tr\u1ee3 c\u00e1c d\u00f2ng \u0111i\u1ec7n tho\u1ea1i b\u1ea3o h\u00e0nh 6 th\u00e1ng l\u1ed7i 1 \u0111\u1ed5i 1", "label_ids": [1000270, 1000279, 1000259, 1006435, 1006483, 1006624, 1006625, 1007155, 1007328, 1007394, 1007516, 1007546, 1007765, 1007768, 1006856, 1008283, 1008290, 1008313, 1008515, 1008793, 1009058, 1009063, 1009190, 1009202, 1009427, 1009489, 1009763, 1010033, 1010111, 1010449, 1010668, 1010797, 1011155, 1011654, 1012191, 1009687, 1010348], "image": "e49eb9134d85cfe003c0e8b788ffe030", "images": ["e49eb9134d85cfe003c0e8b788ffe030", "8facecfe7a71d2d5aab4baa5a70f799f", "01992d9b7d2f4571005d5df18fa19e65", "b2e187c519d1d49e7398e6b1639f18a1", "b5c96f9899b51a3939a67f36bd3e6af4", "6fc3aa8f217e5faa0eb0351449fc652c", "e7c58d4937ac9150bd9004e632da067f", "16e2469266d6780ec2370b18ff72a862", "faf90fea31ec1d717e9f7e3742fee71b"], "currency": "VND", "stock": 1499, "status": 1, "ctime": 1620727701, "sold": 0, "historical_sold": 1, "liked": false, "liked_count": 1, "view_count": 1, "catid": 100535, "brand": "DKB", "cmt_count": 0, "flag": 0, "cb_option": 0, "item_status": "normal", "price": 31900000000, "price_min": 31900000000, "price_max": 31900000000, "price_min_before_discount": -1, "price_max_before_discount": -1, "hidden_price_display": null, "price_before_discount": 0, "has_lowest_price_guarantee": false, "show_discount": 0, "raw_discount": 0, "discount": null, "is_category_failed": false, "size_chart": null, "video_info_list": [{"video_id": "74d5ea7918b0e465d8bc6011c1376077", "thumb_url": "f63b4552784c48f0d362efe1ee2aaeea", "duration": 15, "version": 2, "vid": "sg_58dc1620-c6f6-4a0e-86f1-fb89fefd8df6_000012", "formats": [], "default_format": {"format": 600001, "defn": "ORI", "profile": "MP4", "path": "", "url": "http://play-ws.vod.shopee.com/c3/98934353/107/YzQsMTU4LTQzOTYzLDE0MjI3Nzc2Njg2Nzk0NzUyMDAsMg.mp4", "width": 1280, "height": 736}}], "tier_variations": [{"name": "m\u00e0u s\u1eafc", "options": ["\u0111en", "h\u1ed3ng", "tr\u1eafng"], "images": ["e49eb9134d85cfe003c0e8b788ffe030", "01992d9b7d2f4571005d5df18fa19e65", "8facecfe7a71d2d5aab4baa5a70f799f"], "properties": [], "type": 0}], "item_rating": {"rating_star": 0, "rating_count": [0, 0, 0, 0, 0, 0], "rcount_with_context": 0, "rcount_with_image": 0}, "item_type": 0, "reference_item_id": "", "transparent_background_image": "", "is_adult": false, "badge_icon_type": 0, "shopee_verified": false, "is_official_shop": true, "show_official_shop_label": true, "show_shopee_verified_label": false, "show_official_shop_label_in_title": true, "is_cc_installment_payment_eligible": false, "is_non_cc_installment_payment_eligible": false, "coin_earn_label": null, "show_free_shipping": false, "preview_info": null, "coin_info": null, "exclusive_price_info": null, "bundle_deal_id": 0, "can_use_bundle_deal": false, "bundle_deal_info": null, "is_group_buy_item": null, "has_group_buy_stock": null, "group_buy_info": null, "welcome_package_type": 0, "welcome_package_info": null, "add_on_deal_info": null, "can_use_wholesale": true, "is_preferred_plus_seller": false, "shop_location": "H\u00e0 N\u1ed9i", "has_model_with_available_shopee_stock": false, "voucher_info": null, "can_use_cod": false, "is_on_flash_sale": false, "spl_installment_tenure": null, "is_live_streaming_price": null, "is_mart": false, "pack_size": null, "deep_discount_skin": null}, "adsid": null, "campaignid": null, "distance": null, "match_type": null, "ads_keyword": null, "deduction_info": null, "collection_id": null, "display_name": null, "campaign_stock": null, "json_data": "", "tracking_info": {"viral_spu_tracking": null, "business_tracking": null, "multi_search_tracking": null, "groupid": 0, "ruleid": [29]}, "itemid": 11303242610, "shopid": 441656386, "algo_image": null, "fe_flags": null, "item_type": 1, "foody_item": null, "search_item_tracking": "{\"is_ads\":false,\"ruleids\":[29],\"groupid\":0,\"fe_flags\":\"{}\",\"item_type\":1,\"biz_json\":\"\",\"merge_rank\":7,\"shuffle_rank\":0}", "bff_item_tracking": "{\"label_ids\":[1000270,1000279,1000259,1006435,1006483,1006624,1006625,1007155,1007328,1007394,1007516,1007546,1007765,1007768,1006856,1008283,1008290,1008313,1008515,1008793,1009058,1009063,1009190,1009202,1009427,1009489,1009763,1010033,1010111,1010449,1010668,1010797,1011155,1011654,1012191,1009687,1010348],\"is_on_flash_sale\":false,\"is_liked\":false,\"with_video\":true,\"is_dp_mirror_sku\":false,\"image_position\":null}", "personalized_labels": null, "biz_json": null}, {"item_basic": {"itemid": 11923230890, "shopid": 441656386, "name": "Tai nghe bluetooth nh\u00e9t tai t\u00edch h\u1ee3p s\u1ea1c d\u1ef1 ph\u00f2ng ch\u00ednh h\u00e3ng DKB b\u1ea3o h\u00e0nh 12th", "label_ids": [1000270, 1000279, 1000259, 1006435, 1006483, 1006624, 1006625, 1007155, 1007328, 1007394, 1007516, 1007546, 1007765, 1007768, 1006856, 1008283, 1008290, 1008313, 1008515, 1008793, 1009058, 1009063, 1009190, 1009202, 1009427, 1009489, 1009763, 1010033, 1010111, 1010449, 1010668, 1010797, 1011155, 1011654, 1012191], "image": "55c78c708cbba46b545a359292edab41", "images": ["55c78c708cbba46b545a359292edab41", "16091f52f4f15b1aec50ccbdb242ed8e", "afea932a0b0380b87215bcb896d74c94", "787041e4be3033f4d0c7adcf095ff5c1", "3faaf66685320e713b78307aa8aa409c", "7515284b445a2af15f44bc9721bf3d34", "65c0d1ee5dee7193812b9fc66ea02749", "a2bfeeea6e9fe822381ac63d25b8600c", "1d5c87460f8c2c37084f1c94faeb3903"], "currency": "VND", "stock": 2000, "status": 1, "ctime": 1627983561, "sold": 0, "historical_sold": 0, "liked": false, "liked_count": 1, "view_count": 0, "catid": 100535, "brand": null, "cmt_count": 0, "flag": 0, "cb_option": 0, "item_status": "normal", "price": 7950000000, "price_min": 7950000000, "price_max": 35900000000, "price_min_before_discount": -1, "price_max_before_discount": -1, "hidden_price_display": null, "price_before_discount": 0, "has_lowest_price_guarantee": false, "show_discount": 0, "raw_discount": 0, "discount": null, "is_category_failed": false, "size_chart": null, "video_info_list": null, "tier_variations": [{"name": "t\u00ean sp", "options": ["tai nghe", "k\u1eb9p d\u00e1n"], "images": ["3eea52cb27814026e588f2b111eb541e", "8f677fb55cf2455259d5c2594af02434"], "properties": [], "type": 0}], "item_rating": {"rating_star": 0, "rating_count": [0, 0, 0, 0, 0, 0], "rcount_with_context": 0, "rcount_with_image": 0}, "item_type": 0, "reference_item_id": "", "transparent_background_image": "", "is_adult": false, "badge_icon_type": 0, "shopee_verified": false, "is_official_shop": true, "show_official_shop_label": true, "show_shopee_verified_label": false, "show_official_shop_label_in_title": true, "is_cc_installment_payment_eligible": false, "is_non_cc_installment_payment_eligible": false, "coin_earn_label": null, "show_free_shipping": false, "preview_info": null, "coin_info": null, "exclusive_price_info": null, "bundle_deal_id": 0, "can_use_bundle_deal": false, "bundle_deal_info": null, "is_group_buy_item": null, "has_group_buy_stock": null, "group_buy_info": null, "welcome_package_type": 0, "welcome_package_info": null, "add_on_deal_info": null, "can_use_wholesale": false, "is_preferred_plus_seller": false, "shop_location": "H\u00e0 N\u1ed9i", "has_model_with_available_shopee_stock": false, "voucher_info": null, "can_use_cod": false, "is_on_flash_sale": false, "spl_installment_tenure": null, "is_live_streaming_price": null, "is_mart": false, "pack_size": null, "deep_discount_skin": null}, "adsid": null, "campaignid": null, "distance": null, "match_type": null, "ads_keyword": null, "deduction_info": null, "collection_id": null, "display_name": null, "campaign_stock": null, "json_data": "", "tracking_info": {"viral_spu_tracking": null, "business_tracking": null, "multi_search_tracking": null, "groupid": 0, "ruleid": [29]}, "itemid": 11923230890, "shopid": 441656386, "algo_image": null, "fe_flags": null, "item_type": 1, "foody_item": null, "search_item_tracking": "{\"is_ads\":false,\"ruleids\":[29],\"groupid\":0,\"fe_flags\":\"{}\",\"item_type\":1,\"biz_json\":\"\",\"merge_rank\":8,\"shuffle_rank\":0}", "bff_item_tracking": "{\"label_ids\":[1000270,1000279,1000259,1006435,1006483,1006624,1006625,1007155,1007328,1007394,1007516,1007546,1007765,1007768,1006856,1008283,1008290,1008313,1008515,1008793,1009058,1009063,1009190,1009202,1009427,1009489,1009763,1010033,1010111,1010449,1010668,1010797,1011155,1011654,1012191],\"is_on_flash_sale\":false,\"is_liked\":false,\"with_video\":false,\"is_dp_mirror_sku\":false,\"image_position\":null}", "personalized_labels": null, "biz_json": null}, {"item_basic": {"itemid": 10003232150, "shopid": 441656386, "name": "Tai nghe bluetooth nh\u00e9t tai DKB - TW20 t\u00edch h\u1ee3p c\u00e1c d\u00f2ng \u0111i\u1ec7n tho\u1ea1i b\u1ea3o h\u00e0nh 6 th\u00e1ng", "label_ids": [1000270, 1000279, 1000259, 1006435, 1006483, 1006624, 1006625, 1007155, 1007328, 1007394, 1007516, 1007546, 1007765, 1007768, 1006856, 1008283, 1008290, 1008313, 1008515, 1008793, 1009058, 1009063, 1009190, 1009202, 1009427, 1009489, 1009763, 1010033, 1010111, 1010449, 1010668, 1010797, 1011155, 1011654, 1012191], "image": "3d49f290d0ed85ccbb1fe1ae36ec0a33", "images": ["3d49f290d0ed85ccbb1fe1ae36ec0a33", "ebe6c2c0222e8a02792d45acd4c8627d", "24c0ee3bb54de3df725bd5da4566adc3", "e8a41c969cf3bce56c21570612797dec", "ed101fe0a49bd43f488891b51432037d", "ac6133cb53254e451d12180ce8d95da6", "a934b07895e64678b1e2c5529a3f5d83", "bb56e5a6c818e141fb79314b35438b05", "0f75eec65544985797c1bef9d8ebb5f2"], "currency": "VND", "stock": 1000, "status": 1, "ctime": 1620725639, "sold": 0, "historical_sold": 0, "liked": false, "liked_count": 3, "view_count": 21, "catid": 100535, "brand": "DKB", "cmt_count": 0, "flag": 0, "cb_option": 0, "item_status": "normal", "price": 32900000000, "price_min": 32900000000, "price_max": 32900000000, "price_min_before_discount": -1, "price_max_before_discount": -1, "hidden_price_display": null, "price_before_discount": 0, "has_lowest_price_guarantee": false, "show_discount": 0, "raw_discount": 0, "discount": null, "is_category_failed": false, "size_chart": null, "video_info_list": null, "tier_variations": [{"name": "m\u00e0u s\u1eafc", "options": ["tr\u1eafng", "\u0111en"], "images": ["ebe6c2c0222e8a02792d45acd4c8627d", "3d49f290d0ed85ccbb1fe1ae36ec0a33"], "properties": [], "type": 0}], "item_rating": {"rating_star": 0, "rating_count": [0, 0, 0, 0, 0, 0], "rcount_with_context": 0, "rcount_with_image": 0}, "item_type": 0, "reference_item_id": "", "transparent_background_image": "", "is_adult": false, "badge_icon_type": 0, "shopee_verified": false, "is_official_shop": true, "show_official_shop_label": true, "show_shopee_verified_label": false, "show_official_shop_label_in_title": true, "is_cc_installment_payment_eligible": false, "is_non_cc_installment_payment_eligible": false, "coin_earn_label": null, "show_free_shipping": false, "preview_info": null, "coin_info": null, "exclusive_price_info": null, "bundle_deal_id": 0, "can_use_bundle_deal": false, "bundle_deal_info": null, "is_group_buy_item": null, "has_group_buy_stock": null, "group_buy_info": null, "welcome_package_type": 0, "welcome_package_info": null, "add_on_deal_info": null, "can_use_wholesale": true, "is_preferred_plus_seller": false, "shop_location": "H\u00e0 N\u1ed9i", "has_model_with_available_shopee_stock": false, "voucher_info": null, "can_use_cod": false, "is_on_flash_sale": false, "spl_installment_tenure": null, "is_live_streaming_price": null, "is_mart": false, "pack_size": null, "deep_discount_skin": null}, "adsid": null, "campaignid": null, "distance": null, "match_type": null, "ads_keyword": null, "deduction_info": null, "collection_id": null, "display_name": null, "campaign_stock": null, "json_data": "", "tracking_info": {"viral_spu_tracking": null, "business_tracking": null, "multi_search_tracking": null, "groupid": 0, "ruleid": [29]}, "itemid": 10003232150, "shopid": 441656386, "algo_image": null, "fe_flags": null, "item_type": 1, "foody_item": null, "search_item_tracking": "{\"is_ads\":false,\"ruleids\":[29],\"groupid\":0,\"fe_flags\":\"{}\",\"item_type\":1,\"biz_json\":\"\",\"merge_rank\":9,\"shuffle_rank\":0}", "bff_item_tracking": "{\"label_ids\":[1000270,1000279,1000259,1006435,1006483,1006624,1006625,1007155,1007328,1007394,1007516,1007546,1007765,1007768,1006856,1008283,1008290,1008313,1008515,1008793,1009058,1009063,1009190,1009202,1009427,1009489,1009763,1010033,1010111,1010449,1010668,1010797,1011155,1011654,1012191],\"is_on_flash_sale\":false,\"is_liked\":false,\"with_video\":false,\"is_dp_mirror_sku\":false,\"image_position\":null}", "personalized_labels": null, "biz_json": null}, {"item_basic": {"itemid": 8781038255, "shopid": 441656386, "name": "S\u1ea1c d\u1ef1 ph\u00f2ng 20000mah ch\u00ednh h\u00e3ng DKB t\u00edch h\u1ee3p d\u00e2y s\u1ea1c cho c\u00e1c d\u00f2ng \u0111i\u1ec7n tho\u1ea1i,h\u1ed7 tr\u1ee3 s\u1ea1c nhanh BH 12th", "label_ids": [1000270, 1000279, 1000259, 1006435, 1006483, 1006624, 1006625, 1007155, 1007328, 1007394, 1007516, 1007546, 1007765, 1007768, 1006856, 1008283, 1008290, 1008313, 1008515, 1008793, 1009058, 1009063, 1009190, 1009202, 1009427, 1009489, 1009763, 1010033, 1010111, 1010449, 1010668, 1010797, 1011155, 1011654, 1012191], "image": "aaf57e220696371dd360a717a7992f38", "images": ["aaf57e220696371dd360a717a7992f38", "f124e04547d9e8166fdc53860cb66445", "0a1043ba27759da96dd282e20491a0ac", "fbe89e4ae04dbe10a291aba0f6f57bba", "c3c288d56a4ac807b26f77956d1dc523", "7de6d63f1fb181328424ea05e6ee3975", "546722b71a12004e7e425fc7524f400c", "22136ba9d271d1a9ebd906efea8750ae", "d45aa2bd036b75e10dc1d5051be4d527"], "currency": "VND", "stock": 4999, "status": 1, "ctime": 1626919232, "sold": 0, "historical_sold": 1, "liked": false, "liked_count": 5, "view_count": 98, "catid": 100013, "brand": null, "cmt_count": 1, "flag": 0, "cb_option": 0, "item_status": "normal", "price": 7980000000, "price_min": 7980000000, "price_max": 39900000000, "price_min_before_discount": -1, "price_max_before_discount": -1, "hidden_price_display": null, "price_before_discount": 0, "has_lowest_price_guarantee": false, "show_discount": 0, "raw_discount": 0, "discount": null, "is_category_failed": false, "size_chart": null, "video_info_list": [{"video_id": "2a9ae6f87f00f1ca4843d84ab2119126", "thumb_url": "c49ced82d166dc2c41815e5e11db8715", "duration": 35, "version": 2, "vid": "sg_9b39ffc2-c871-4ca6-a9df-31902a636b42_000051", "formats": [{"format": 260011, "defn": "V720P", "profile": "MP4", "path": "", "url": "http://play-ws.vod.shopee.com/sg_9b39ffc2-c871-4ca6-a9df-31902a636b42_000051.60011.mp4", "width": 1280, "height": 1280}], "default_format": {"format": 200001, "defn": "ORI", "profile": "MP4", "path": "", "url": "http://play-ws.vod.shopee.com/sg_9b39ffc2-c871-4ca6-a9df-31902a636b42_000051.ori.mp4", "width": 544, "height": 544}}], "tier_variations": [{"name": "m\u00e0u s\u1eafc", "options": ["xanh", "v\u00e0ng", "\u0111\u1ecf", "xanh nh\u1ea1t", "d\u00e2y s\u1ea1c \u0111i\u1ec7n tho\u1ea1i"], "images": ["89752cdf29ca425e63c8daf2f0aa0348", "a71bde18d76e1240398517691a1d83dc", "f2b54b4f5b80c640ea852bb8d2a9ad46", "7a1af8e9a4032d7bdb09933383e06a61", "8f677fb55cf2455259d5c2594af02434"], "properties": [], "type": 0}], "item_rating": {"rating_star": 2, "rating_count": [1, 0, 1, 0, 0, 0], "rcount_with_context": 1, "rcount_with_image": 0}, "item_type": 0, "reference_item_id": "", "transparent_background_image": "", "is_adult": false, "badge_icon_type": 0, "shopee_verified": false, "is_official_shop": true, "show_official_shop_label": true, "show_shopee_verified_label": false, "show_official_shop_label_in_title": true, "is_cc_installment_payment_eligible": false, "is_non_cc_installment_payment_eligible": false, "coin_earn_label": null, "show_free_shipping": false, "preview_info": null, "coin_info": null, "exclusive_price_info": null, "bundle_deal_id": 0, "can_use_bundle_deal": false, "bundle_deal_info": null, "is_group_buy_item": null, "has_group_buy_stock": null, "group_buy_info": null, "welcome_package_type": 0, "welcome_package_info": null, "add_on_deal_info": null, "can_use_wholesale": false, "is_preferred_plus_seller": false, "shop_location": "H\u00e0 N\u1ed9i", "has_model_with_available_shopee_stock": false, "voucher_info": null, "can_use_cod": false, "is_on_flash_sale": false, "spl_installment_tenure": null, "is_live_streaming_price": null, "is_mart": false, "pack_size": null, "deep_discount_skin": null}, "adsid": null, "campaignid": null, "distance": null, "match_type": null, "ads_keyword": null, "deduction_info": null, "collection_id": null, "display_name": null, "campaign_stock": null, "json_data": "", "tracking_info": {"viral_spu_tracking": null, "business_tracking": null, "multi_search_tracking": null, "groupid": 0, "ruleid": [29]}, "itemid": 8781038255, "shopid": 441656386, "algo_image": null, "fe_flags": null, "item_type": 1, "foody_item": null, "search_item_tracking": "{\"is_ads\":false,\"ruleids\":[29],\"groupid\":0,\"fe_flags\":\"{}\",\"item_type\":1,\"biz_json\":\"\",\"merge_rank\":10,\"shuffle_rank\":0}", "bff_item_tracking": "{\"label_ids\":[1000270,1000279,1000259,1006435,1006483,1006624,1006625,1007155,1007328,1007394,1007516,1007546,1007765,1007768,1006856,1008283,1008290,1008313,1008515,1008793,1009058,1009063,1009190,1009202,1009427,1009489,1009763,1010033,1010111,1010449,1010668,1010797,1011155,1011654,1012191],\"is_on_flash_sale\":false,\"is_liked\":false,\"with_video\":true,\"is_dp_mirror_sku\":false,\"image_position\":null}", "personalized_labels": null, "biz_json": null}, {"item_basic": {"itemid": 10106872140, "shopid": 441656386, "name": "Gi\u00e1 \u0111\u1ee1 \u0111i\u1ec7n tho\u1ea1i nam ch\u00e2m ch\u00ednh h\u00e3ng DKB c\u00f3 th\u1ec3 g\u1eafn tr\u00ean \u00f4 t\u00f4,xe m\u00e1y,treo t\u01b0\u1eddng...", "label_ids": [1000270, 1000279, 1000259, 1006435, 1006483, 1006624, 1006625, 1007155, 1007328, 1007394, 1007516, 1007546, 1007765, 1007768, 1006856, 1008283, 1008290, 1008313, 1008515, 1008793, 1009058, 1009063, 1009190, 1009202, 1009427, 1009489, 1009763, 1010033, 1010111, 1010449, 1010668, 1010797, 1011155, 1011654, 1012191], "image": "1a8941f17090c3fb3c3df42e01b16dd9", "images": ["1a8941f17090c3fb3c3df42e01b16dd9", "dddfabbed206cf8623e67fd8f333def7", "06355dc5250ff0335aa0a288973c28c2", "dce04a9761a3b94184aa0badabcaaa38", "e37a325d5810d494578d5a4ad8e4422b", "6035dded6e9f3db9d18b4ab8d3da8d23", "140b9d6b5382c99a2cbad3f10040c670", "0f6149dd7c4aeb5b42e42be1f4f3a5b6", "197782a3c152c3f7b5273e1256739456"], "currency": "VND", "stock": 1000, "status": 1, "ctime": 1622081747, "sold": 0, "historical_sold": 0, "liked": false, "liked_count": 1, "view_count": 21, "catid": 100640, "brand": null, "cmt_count": 0, "flag": 0, "cb_option": 0, "item_status": "normal", "price": 5900000000, "price_min": 5900000000, "price_max": 5900000000, "price_min_before_discount": -1, "price_max_before_discount": -1, "hidden_price_display": null, "price_before_discount": 0, "has_lowest_price_guarantee": false, "show_discount": 0, "raw_discount": 0, "discount": null, "is_category_failed": false, "size_chart": null, "video_info_list": null, "tier_variations": [{"name": "", "options": [""], "images": null, "properties": [], "type": 0}], "item_rating": {"rating_star": 0, "rating_count": [0, 0, 0, 0, 0, 0], "rcount_with_context": 0, "rcount_with_image": 0}, "item_type": 0, "reference_item_id": "", "transparent_background_image": "", "is_adult": false, "badge_icon_type": 0, "shopee_verified": false, "is_official_shop": true, "show_official_shop_label": true, "show_shopee_verified_label": false, "show_official_shop_label_in_title": true, "is_cc_installment_payment_eligible": false, "is_non_cc_installment_payment_eligible": false, "coin_earn_label": null, "show_free_shipping": false, "preview_info": null, "coin_info": null, "exclusive_price_info": null, "bundle_deal_id": 0, "can_use_bundle_deal": false, "bundle_deal_info": null, "is_group_buy_item": null, "has_group_buy_stock": null, "group_buy_info": null, "welcome_package_type": 0, "welcome_package_info": null, "add_on_deal_info": null, "can_use_wholesale": false, "is_preferred_plus_seller": false, "shop_location": "H\u00e0 N\u1ed9i", "has_model_with_available_shopee_stock": false, "voucher_info": null, "can_use_cod": false, "is_on_flash_sale": false, "spl_installment_tenure": null, "is_live_streaming_price": null, "is_mart": false, "pack_size": null, "deep_discount_skin": null}, "adsid": null, "campaignid": null, "distance": null, "match_type": null, "ads_keyword": null, "deduction_info": null, "collection_id": null, "display_name": null, "campaign_stock": null, "json_data": "", "tracking_info": {"viral_spu_tracking": null, "business_tracking": null, "multi_search_tracking": null, "groupid": 0, "ruleid": [29]}, "itemid": 10106872140, "shopid": 441656386, "algo_image": null, "fe_flags": null, "item_type": 1, "foody_item": null, "search_item_tracking": "{\"is_ads\":false,\"ruleids\":[29],\"groupid\":0,\"fe_flags\":\"{}\",\"item_type\":1,\"biz_json\":\"\",\"merge_rank\":11,\"shuffle_rank\":0}", "bff_item_tracking": "{\"label_ids\":[1000270,1000279,1000259,1006435,1006483,1006624,1006625,1007155,1007328,1007394,1007516,1007546,1007765,1007768,1006856,1008283,1008290,1008313,1008515,1008793,1009058,1009063,1009190,1009202,1009427,1009489,1009763,1010033,1010111,1010449,1010668,1010797,1011155,1011654,1012191],\"is_on_flash_sale\":false,\"is_liked\":false,\"with_video\":false,\"is_dp_mirror_sku\":false,\"image_position\":null}", "personalized_labels": null, "biz_json": null}, {"item_basic": {"itemid": 9253773035, "shopid": 441656386, "name": "Tai nghe blutooth DKB - TW13 c\u1ea3m \u1ee9ng v\u00e2n tay h\u1ed7 tr\u1ee3 c\u00e1c d\u00f2ng \u0111i\u1ec7n tho\u1ea1i b\u1ea3o h\u00e0nh 6 th\u00e1ng", "label_ids": [1000270, 1000279, 1000259, 1006435, 1006483, 1006624, 1006625, 1007155, 1007328, 1007394, 1007516, 1007546, 1007765, 1007768, 1006856, 1008283, 1008290, 1008313, 1008515, 1008793, 1009058, 1009063, 1009190, 1009202, 1009427, 1009489, 1009763, 1010033, 1010111, 1010449, 1010668, 1010797, 1011155, 1011654, 1012191], "image": "b9bc614dea8afa8a9124b953d8f76094", "images": ["b9bc614dea8afa8a9124b953d8f76094", "e1f6533d54b85e11555cc1baf369f864", "b6382786febc70afb523efc04cc6057c", "2ba3bf4081e752fe4532831a5feb7edf", "6f5517351e8d4703e7327f3463e8538c", "ef7259d29b65b5ae329f9ff23eb13698", "4f28cc103a0fb6f3608f6cdaf00e14db", "4b03c1ef3307e11ddbf5a36fb0aff3f9", "e3fbebaaa8075cb6fadd55b916cbd54a"], "currency": "VND", "stock": 2000, "status": 1, "ctime": 1620727296, "sold": 0, "historical_sold": 0, "liked": false, "liked_count": 1, "view_count": 6, "catid": 100013, "brand": "DKB", "cmt_count": 0, "flag": 0, "cb_option": 0, "item_status": "normal", "price": 37900000000, "price_min": 37900000000, "price_max": 37900000000, "price_min_before_discount": -1, "price_max_before_discount": -1, "hidden_price_display": null, "price_before_discount": 0, "has_lowest_price_guarantee": false, "show_discount": 0, "raw_discount": 0, "discount": null, "is_category_failed": false, "size_chart": null, "video_info_list": [{"video_id": "cfd2d9c852b4678de07c8c990b8ef67c", "thumb_url": "e81ebc77a2aa42ecfdfd05c1a4e62628", "duration": 60, "version": 2, "vid": "sg_c8a9c515-6ddf-4d2a-ba33-57e326442e53_000017", "formats": [], "default_format": {"format": 600001, "defn": "ORI", "profile": "MP4", "path": "", "url": "http://play-aka.vod.shopee.com/c3/98934353/107/YzQsMTUzLTQzODM0LDE0MjIyMDc0MjYxNDk1NzI2MDgsMg.mp4", "width": 1280, "height": 720}}], "tier_variations": [{"name": "m\u00e0u s\u1eafc", "options": ["\u0111en", "tr\u1eafng"], "images": ["b9bc614dea8afa8a9124b953d8f76094", "e1f6533d54b85e11555cc1baf369f864"], "properties": [], "type": 0}], "item_rating": {"rating_star": 0, "rating_count": [0, 0, 0, 0, 0, 0], "rcount_with_context": 0, "rcount_with_image": 0}, "item_type": 0, "reference_item_id": "", "transparent_background_image": "", "is_adult": false, "badge_icon_type": 0, "shopee_verified": false, "is_official_shop": true, "show_official_shop_label": true, "show_shopee_verified_label": false, "show_official_shop_label_in_title": true, "is_cc_installment_payment_eligible": false, "is_non_cc_installment_payment_eligible": false, "coin_earn_label": null, "show_free_shipping": false, "preview_info": null, "coin_info": null, "exclusive_price_info": null, "bundle_deal_id": 0, "can_use_bundle_deal": false, "bundle_deal_info": null, "is_group_buy_item": null, "has_group_buy_stock": null, "group_buy_info": null, "welcome_package_type": 0, "welcome_package_info": null, "add_on_deal_info": null, "can_use_wholesale": true, "is_preferred_plus_seller": false, "shop_location": "H\u00e0 N\u1ed9i", "has_model_with_available_shopee_stock": false, "voucher_info": null, "can_use_cod": false, "is_on_flash_sale": false, "spl_installment_tenure": null, "is_live_streaming_price": null, "is_mart": false, "pack_size": null, "deep_discount_skin": null}, "adsid": null, "campaignid": null, "distance": null, "match_type": null, "ads_keyword": null, "deduction_info": null, "collection_id": null, "display_name": null, "campaign_stock": null, "json_data": "", "tracking_info": {"viral_spu_tracking": null, "business_tracking": null, "multi_search_tracking": null, "groupid": 0, "ruleid": [29]}, "itemid": 9253773035, "shopid": 441656386, "algo_image": null, "fe_flags": null, "item_type": 1, "foody_item": null, "search_item_tracking": "{\"is_ads\":false,\"ruleids\":[29],\"groupid\":0,\"fe_flags\":\"{}\",\"item_type\":1,\"biz_json\":\"\",\"merge_rank\":12,\"shuffle_rank\":0}", "bff_item_tracking": "{\"label_ids\":[1000270,1000279,1000259,1006435,1006483,1006624,1006625,1007155,1007328,1007394,1007516,1007546,1007765,1007768,1006856,1008283,1008290,1008313,1008515,1008793,1009058,1009063,1009190,1009202,1009427,1009489,1009763,1010033,1010111,1010449,1010668,1010797,1011155,1011654,1012191],\"is_on_flash_sale\":false,\"is_liked\":false,\"with_video\":true,\"is_dp_mirror_sku\":false,\"image_position\":null}", "personalized_labels": null, "biz_json": null}, {"item_basic": {"itemid": 8358946494, "shopid": 441656386, "name": "Loa bluetooth mini h\u00e0ng ch\u00ednh h\u00e3ng DKB \u00e2m thanh trong tr\u1ebbo t\u00edch h\u1ee3p c\u00e1c thi\u1ebft b\u1ecb", "label_ids": [1000270, 1000279, 1000259, 1006435, 1006483, 1006624, 1006625, 1007155, 1007328, 1007394, 1007516, 1007546, 1007765, 1007768, 1006856, 1008283, 1008290, 1008313, 1008515, 1008793, 1009058, 1009063, 1009190, 1009202, 1009427, 1009489, 1009763, 1010033, 1010111, 1010449, 1010668, 1010797, 1011155, 1011654, 1012191], "image": "21d8d714848060a40b945b0f6993380f", "images": ["21d8d714848060a40b945b0f6993380f", "f324f1e1abc104d82015e7c9eb99aea8", "fd6cb3d6d49791f258c542789743504e", "5dc1b651c75cc1129a8cc0e6fdacaff2", "5b5b5845a4cc80c8076eb9de30d9cb87", "5ef3a2d41a7b957d544f3f3672f14540", "6fbd8b191c11485653a43e225285b5ca", "e4ee943614acdddd4a545472e380d035", "40faaffc731e004674adcd8b1c9ee44d"], "currency": "VND", "stock": 3000, "status": 1, "ctime": 1621936589, "sold": 0, "historical_sold": 0, "liked": false, "liked_count": 1, "view_count": 3, "catid": 100535, "brand": null, "cmt_count": 0, "flag": 0, "cb_option": 0, "item_status": "normal", "price": 22500000000, "price_min": 22500000000, "price_max": 22500000000, "price_min_before_discount": -1, "price_max_before_discount": -1, "hidden_price_display": null, "price_before_discount": 0, "has_lowest_price_guarantee": false, "show_discount": 0, "raw_discount": 0, "discount": null, "is_category_failed": false, "size_chart": null, "video_info_list": null, "tier_variations": [{"name": "m\u00e0u s\u1eafc", "options": ["\u0111en", "\u0111\u1ecf", "tr\u1eafng"], "images": ["21d8d714848060a40b945b0f6993380f", "f324f1e1abc104d82015e7c9eb99aea8", "fd6cb3d6d49791f258c542789743504e"], "properties": [], "type": 0}], "item_rating": {"rating_star": 0, "rating_count": [0, 0, 0, 0, 0, 0], "rcount_with_context": 0, "rcount_with_image": 0}, "item_type": 0, "reference_item_id": "", "transparent_background_image": "", "is_adult": false, "badge_icon_type": 0, "shopee_verified": false, "is_official_shop": true, "show_official_shop_label": true, "show_shopee_verified_label": false, "show_official_shop_label_in_title": true, "is_cc_installment_payment_eligible": false, "is_non_cc_installment_payment_eligible": false, "coin_earn_label": null, "show_free_shipping": false, "preview_info": null, "coin_info": null, "exclusive_price_info": null, "bundle_deal_id": 0, "can_use_bundle_deal": false, "bundle_deal_info": null, "is_group_buy_item": null, "has_group_buy_stock": null, "group_buy_info": null, "welcome_package_type": 0, "welcome_package_info": null, "add_on_deal_info": null, "can_use_wholesale": false, "is_preferred_plus_seller": false, "shop_location": "H\u00e0 N\u1ed9i", "has_model_with_available_shopee_stock": false, "voucher_info": null, "can_use_cod": false, "is_on_flash_sale": false, "spl_installment_tenure": null, "is_live_streaming_price": null, "is_mart": false, "pack_size": null, "deep_discount_skin": null}, "adsid": null, "campaignid": null, "distance": null, "match_type": null, "ads_keyword": null, "deduction_info": null, "collection_id": null, "display_name": null, "campaign_stock": null, "json_data": "", "tracking_info": {"viral_spu_tracking": null, "business_tracking": null, "multi_search_tracking": null, "groupid": 0, "ruleid": [29]}, "itemid": 8358946494, "shopid": 441656386, "algo_image": null, "fe_flags": null, "item_type": 1, "foody_item": null, "search_item_tracking": "{\"is_ads\":false,\"ruleids\":[29],\"groupid\":0,\"fe_flags\":\"{}\",\"item_type\":1,\"biz_json\":\"\",\"merge_rank\":13,\"shuffle_rank\":0}", "bff_item_tracking": "{\"label_ids\":[1000270,1000279,1000259,1006435,1006483,1006624,1006625,1007155,1007328,1007394,1007516,1007546,1007765,1007768,1006856,1008283,1008290,1008313,1008515,1008793,1009058,1009063,1009190,1009202,1009427,1009489,1009763,1010033,1010111,1010449,1010668,1010797,1011155,1011654,1012191],\"is_on_flash_sale\":false,\"is_liked\":false,\"with_video\":false,\"is_dp_mirror_sku\":false,\"image_position\":null}", "personalized_labels": null, "biz_json": null}, {"item_basic": {"itemid": 6588603769, "shopid": 441656386, "name": "Tai nghe bluettoh nh\u00e9t tai DKB - TW80 c\u1ea3m \u1ee9ng v\u00e2n tay h\u1ed7 tr\u1ee3 c\u00e1c d\u00f2ng \u0111i\u1ec7n tho\u1ea1i", "label_ids": [1000270, 1000279, 1000259, 1006435, 1006483, 1006624, 1006625, 1007155, 1007328, 1007394, 1007516, 1007546, 1007765, 1007768, 1006856, 1008283, 1008290, 1008313, 1008515, 1008793, 1009058, 1009063, 1009190, 1009202, 1009427, 1009489, 1009763, 1010033, 1010111, 1010449, 1010668, 1010797, 1011155, 1011654, 1012191], "image": "1faa85812a7ffbd1d129eee743fbcffc", "images": ["1faa85812a7ffbd1d129eee743fbcffc", "e330b0829a6fa7038e1b95d38740bed9", "5d31fb3a51cf9b7e992825cc78ce949b", "f331527fa7933354bed0c45da312ac0e", "135b2cc794dab9f9ef6f8574a9cdb8fb", "c656dfc0514c3033858a99ceeb7c8881", "9df88e84a52274b19fde2b72251d8b2b", "0c4a5794b43edabdbbe349fb67ec536c", "88a38093fbdf60af65cf7b52340c9e3d"], "currency": "VND", "stock": 2000, "status": 1, "ctime": 1620727507, "sold": 0, "historical_sold": 0, "liked": false, "liked_count": 1, "view_count": 0, "catid": 100535, "brand": "DKB", "cmt_count": 0, "flag": 0, "cb_option": 0, "item_status": "normal", "price": 36900000000, "price_min": 36900000000, "price_max": 36900000000, "price_min_before_discount": -1, "price_max_before_discount": -1, "hidden_price_display": null, "price_before_discount": 0, "has_lowest_price_guarantee": false, "show_discount": 0, "raw_discount": 0, "discount": null, "is_category_failed": false, "size_chart": null, "video_info_list": null, "tier_variations": [{"name": "m\u00e0u s\u1eafc", "options": ["\u0111en", "tr\u1eafng"], "images": ["1faa85812a7ffbd1d129eee743fbcffc", "e330b0829a6fa7038e1b95d38740bed9"], "properties": [], "type": 0}], "item_rating": {"rating_star": 0, "rating_count": [0, 0, 0, 0, 0, 0], "rcount_with_context": 0, "rcount_with_image": 0}, "item_type": 0, "reference_item_id": "", "transparent_background_image": "", "is_adult": false, "badge_icon_type": 0, "shopee_verified": false, "is_official_shop": true, "show_official_shop_label": true, "show_shopee_verified_label": false, "show_official_shop_label_in_title": true, "is_cc_installment_payment_eligible": false, "is_non_cc_installment_payment_eligible": false, "coin_earn_label": null, "show_free_shipping": false, "preview_info": null, "coin_info": null, "exclusive_price_info": null, "bundle_deal_id": 0, "can_use_bundle_deal": false, "bundle_deal_info": null, "is_group_buy_item": null, "has_group_buy_stock": null, "group_buy_info": null, "welcome_package_type": 0, "welcome_package_info": null, "add_on_deal_info": null, "can_use_wholesale": true, "is_preferred_plus_seller": false, "shop_location": "H\u00e0 N\u1ed9i", "has_model_with_available_shopee_stock": false, "voucher_info": null, "can_use_cod": false, "is_on_flash_sale": false, "spl_installment_tenure": null, "is_live_streaming_price": null, "is_mart": false, "pack_size": null, "deep_discount_skin": null}, "adsid": null, "campaignid": null, "distance": null, "match_type": null, "ads_keyword": null, "deduction_info": null, "collection_id": null, "display_name": null, "campaign_stock": null, "json_data": "", "tracking_info": {"viral_spu_tracking": null, "business_tracking": null, "multi_search_tracking": null, "groupid": 0, "ruleid": [29]}, "itemid": 6588603769, "shopid": 441656386, "algo_image": null, "fe_flags": null, "item_type": 1, "foody_item": null, "search_item_tracking": "{\"is_ads\":false,\"ruleids\":[29],\"groupid\":0,\"fe_flags\":\"{}\",\"item_type\":1,\"biz_json\":\"\",\"merge_rank\":14,\"shuffle_rank\":0}", "bff_item_tracking": "{\"label_ids\":[1000270,1000279,1000259,1006435,1006483,1006624,1006625,1007155,1007328,1007394,1007516,1007546,1007765,1007768,1006856,1008283,1008290,1008313,1008515,1008793,1009058,1009063,1009190,1009202,1009427,1009489,1009763,1010033,1010111,1010449,1010668,1010797,1011155,1011654,1012191],\"is_on_flash_sale\":false,\"is_liked\":false,\"with_video\":false,\"is_dp_mirror_sku\":false,\"image_position\":null}", "personalized_labels": null, "biz_json": null}], "price_adjust": null, "adjust": {"count": null}, "total_ads_count": 0, "hint_keywords": null, "show_disclaimer": false, "json_data": "", "query_rewrite": null, "disclaimer_infos": [], "need_next_search": true, "low_result": {"triggered": false, "scenarios": null, "total_organic_count": 15, "pre_lrp_total_organic_count": 15}, "autoplay_info": null, "food_item_info": {"total_count": 0}, "search_tracking": "{\"algorithm\":\"eyJzZWFyY2giOiIwLmEuMjk1MEBPTlFQVkZGTVBRUlhSWTBNRURZMUdWRVRFUzJHTzE2OSJ9\",\"low_result\":{\"triggered\":false,\"total_organic_count\":15,\"pre_lrp_total_organic_count\":15},\"total_ads_count\":0,\"total_count\":15,\"request_id\":\"bff-search_vn_sg9_10.168.43.134_{1f8a1b84d6cb1fc9710d4881e9376100:010001ebd765d01b:0000002e747b3aeb}_k8s-worker-sg9-live-367.shopeemobile.com\"}", "search_sessionid": null}