{"bff_meta": null, "error": null, "error_msg": null, "reserved_keyword": null, "suggestion_algorithm": null, "algorithm": "eyJzZWFyY2giOiIwLmEuMjk1MEBPTlZGUllGTVFQUFFSWDBEWU1FMUVTRVRHVjJHTzE2OSJ9", "total_count": 0, "nomore": true, "items": [], "price_adjust": null, "adjust": {"count": null}, "total_ads_count": 0, "hint_keywords": null, "show_disclaimer": false, "json_data": "", "query_rewrite": null, "disclaimer_infos": [], "need_next_search": true, "low_result": {"triggered": false, "scenarios": null, "total_organic_count": 0, "pre_lrp_total_organic_count": 0}, "autoplay_info": null, "food_item_info": {"total_count": 0}, "search_tracking": "{\"algorithm\":\"eyJzZWFyY2giOiIwLmEuMjk1MEBPTlZGUllGTVFQUFFSWDBEWU1FMUVTRVRHVjJHTzE2OSJ9\",\"low_result\":{\"triggered\":false,\"total_organic_count\":0,\"pre_lrp_total_organic_count\":0},\"total_ads_count\":0,\"total_count\":0,\"request_id\":\"bff-search_vn_sg9_10.168.105.209_{1f8a1b84d6cb206a90354606afb30f00:010001325950e744:000000486995dbb9}_k8s-worker-sg9-live-1058.shopeemobile.com\"}", "search_sessionid": null}