{"bff_meta": null, "error": null, "error_msg": null, "reserved_keyword": null, "suggestion_algorithm": null, "algorithm": "eyJzZWFyY2giOiIwLmEuMjk1MEBSWVBRUlhWRkZNT05RUDBEWU1FMUVTR1ZFVDJHTzE2OSJ9", "total_count": 5, "nomore": true, "items": [{"item_basic": {"itemid": 10247981792, "shopid": 511068772, "name": "FPT PLAY BOX+ 2020 FPT TELECOM Mode 550 Android TV + 4K RAM 2GB T\u00edch H\u1ee3p \u0110i\u1ec1u Ki\u1ec3n Gi\u1ecdng N\u00f3i", "label_ids": [1008515, 1000258, 1000257, 1000279, 1008793, 1000259, 1009063, 1009190, 1009202, 1008283, 1009391, 1009427, 1009763, 1007525, 44, 1010033, 1006856, 1010111, 1010210, 1010310, 1010449, 1010452, 1010666, 1010668, 1002603, 1000512, 1000742, 1010797, 1010881, 1011155, 1011293, 1011470, 1011654, 1011685, 1011909, 1012191, 1012192, 1012514, 1009687, 1008201, 1010213, 1010348, 1011193, 1011294, 1011378, 1012208, 1009370, 1012458, 1012627], "image": "65b7728e4f3d0a9b689ae6067b45bda9", "images": ["65b7728e4f3d0a9b689ae6067b45bda9", "ca990ebacc8f1e3058cdb2913ccf1a78", "330abb854ea57b793c909a05daa90930", "dcffc2fcd905ddbf001dbb77f33e1529", "513ebe1db76e338df4bfd9fb3677b1c5", "48e882f28225ff33a8775843ec193b01", "b4283e98765c8671679b9c4d58382b7f", "4a4934652a5edc8feb7576f4a81ab548", "2c822f103c2c7265a6bc4175971995b4"], "currency": "VND", "stock": 2631, "status": 1, "ctime": 1631429073, "sold": 7, "historical_sold": 38, "liked": false, "liked_count": 14, "view_count": 704, "catid": 100010, "brand": null, "cmt_count": 17, "flag": 65538, "cb_option": 0, "item_status": "normal", "price": 141800000000, "price_min": 141800000000, "price_max": 161000000000, "price_min_before_discount": -1, "price_max_before_discount": -1, "hidden_price_display": null, "price_before_discount": 0, "has_lowest_price_guarantee": true, "show_discount": 0, "raw_discount": 0, "discount": null, "is_category_failed": false, "size_chart": null, "video_info_list": null, "tier_variations": [{"name": "G\u00d3I K\u00caNH", "options": ["G\u00d3I MAX", "G\u00d3I VIP"], "images": null, "properties": [], "type": 0}], "item_rating": {"rating_star": 4.529411764705882, "rating_count": [17, 1, 1, 0, 1, 14], "rcount_with_context": 8, "rcount_with_image": 4}, "item_type": 0, "reference_item_id": "", "transparent_background_image": "fd1564f8dc5ad55e723ade387aa2a754", "is_adult": false, "badge_icon_type": 0, "shopee_verified": false, "is_official_shop": true, "show_official_shop_label": true, "show_shopee_verified_label": false, "show_official_shop_label_in_title": true, "is_cc_installment_payment_eligible": false, "is_non_cc_installment_payment_eligible": false, "coin_earn_label": null, "show_free_shipping": true, "preview_info": null, "coin_info": null, "exclusive_price_info": null, "bundle_deal_id": 0, "can_use_bundle_deal": false, "bundle_deal_info": null, "is_group_buy_item": null, "has_group_buy_stock": null, "group_buy_info": null, "welcome_package_type": 0, "welcome_package_info": null, "add_on_deal_info": null, "can_use_wholesale": false, "is_preferred_plus_seller": false, "shop_location": "TP. H\u1ed3 Ch\u00ed Minh", "has_model_with_available_shopee_stock": false, "voucher_info": {"promotion_id": 273746066718720, "voucher_code": "FPTBFT30K", "label": "Gi\u1ea3m \u20ab30k"}, "can_use_cod": true, "is_on_flash_sale": false, "spl_installment_tenure": null, "is_live_streaming_price": null, "is_mart": false, "pack_size": null, "deep_discount_skin": null}, "adsid": null, "campaignid": null, "distance": null, "match_type": null, "ads_keyword": null, "deduction_info": null, "collection_id": null, "display_name": null, "campaign_stock": null, "json_data": "", "tracking_info": {"viral_spu_tracking": null, "business_tracking": null, "multi_search_tracking": null, "groupid": 0, "ruleid": [29]}, "itemid": 10247981792, "shopid": 511068772, "algo_image": null, "fe_flags": null, "item_type": 1, "foody_item": null, "search_item_tracking": "{\"is_ads\":false,\"ruleids\":[29],\"groupid\":0,\"fe_flags\":\"{}\",\"item_type\":1,\"biz_json\":\"\",\"merge_rank\":0,\"shuffle_rank\":0}", "bff_item_tracking": "{\"label_ids\":[1008515,1000258,1000257,1000279,1008793,1000259,1009063,1009190,1009202,1008283,1009391,1009427,1009763,1007525,44,1010033,1006856,1010111,1010210,1010310,1010449,1010452,1010666,1010668,1002603,1000512,1000742,1010797,1010881,1011155,1011293,1011470,1011654,1011685,1011909,1012191,1012192,1012514,1009687,1008201,1010213,1010348,1011193,1011294,1011378,1012208,1009370,1012458,1012627],\"is_on_flash_sale\":false,\"is_liked\":false,\"with_video\":false,\"is_dp_mirror_sku\":false,\"image_position\":null}", "personalized_labels": null, "biz_json": null}, {"item_basic": {"itemid": 13208338249, "shopid": 511068772, "name": "FPT PLAY BOX S 2021 FPT TELECOM -Model T590 Hands-free Android TV 10 Box K\u1ebft H\u1ee3p Loa  \u0110i\u1ec1u Khi\u1ec3n Gi\u1ecdng N\u00f3i + 4K", "label_ids": [1008515, 1000258, 1000257, 1000279, 1008793, 1000259, 1009063, 1009190, 1009202, 1008283, 1009391, 1009427, 1009763, 1007525, 44, 1010033, 1006856, 1010111, 1010210, 1010310, 1010449, 1010452, 1010666, 1010668, 1002603, 1000512, 1000742, 1010797, 1010881, 1011155, 1011293, 1011470, 1011654, 1011685, 1011909, 1012191, 1012192, 1012514, 1009167, 1009687, 1008201, 1010213, 1010348, 1011193, 1011294, 1011378, 1011387, 1001044, 1009370, 1001241, 1000990], "image": "c9417697476c6642f9bfe5da934a99a6", "images": ["c9417697476c6642f9bfe5da934a99a6", "4650efca12006b828ddc53a7f57bc266", "5e15072642cbebab2e80071a6894d60f", "69966fc63603b0dc9023a77730e9c1df", "138cebe14703b497d49b15aca924b7f2", "b048d1db9951b261d2253364ed39953c", "ad9b420f65ab3e6beec151e8bdc052cc", "ebfae68347c46e3a5bc6310e0544c398"], "currency": "VND", "stock": 18947, "status": 1, "ctime": 1631431004, "sold": 0, "historical_sold": 11, "liked": false, "liked_count": 11, "view_count": 362, "catid": 100010, "brand": null, "cmt_count": 2, "flag": 0, "cb_option": 0, "item_status": "normal", "price": 235000000000, "price_min": 235000000000, "price_max": 255000000000, "price_min_before_discount": -1, "price_max_before_discount": -1, "hidden_price_display": null, "price_before_discount": 0, "has_lowest_price_guarantee": true, "show_discount": 0, "raw_discount": 0, "discount": null, "is_category_failed": false, "size_chart": null, "video_info_list": null, "tier_variations": [{"name": "G\u00d3I K\u00caNH", "options": ["G\u00d3I MAX", "G\u00d3I VIP"], "images": null, "properties": [], "type": 0}], "item_rating": {"rating_star": 5, "rating_count": [2, 0, 0, 0, 0, 2], "rcount_with_context": 1, "rcount_with_image": 1}, "item_type": 0, "reference_item_id": "", "transparent_background_image": "b64c90db1f038c66a1e1585bb53cca08", "is_adult": false, "badge_icon_type": 0, "shopee_verified": false, "is_official_shop": true, "show_official_shop_label": true, "show_shopee_verified_label": false, "show_official_shop_label_in_title": true, "is_cc_installment_payment_eligible": false, "is_non_cc_installment_payment_eligible": false, "coin_earn_label": null, "show_free_shipping": false, "preview_info": null, "coin_info": null, "exclusive_price_info": null, "bundle_deal_id": 0, "can_use_bundle_deal": false, "bundle_deal_info": null, "is_group_buy_item": null, "has_group_buy_stock": null, "group_buy_info": null, "welcome_package_type": 0, "welcome_package_info": null, "add_on_deal_info": null, "can_use_wholesale": false, "is_preferred_plus_seller": false, "shop_location": "TP. H\u1ed3 Ch\u00ed Minh", "has_model_with_available_shopee_stock": false, "voucher_info": {"promotion_id": 273746066718720, "voucher_code": "FPTBFT30K", "label": "Gi\u1ea3m \u20ab30k"}, "can_use_cod": false, "is_on_flash_sale": false, "spl_installment_tenure": null, "is_live_streaming_price": null, "is_mart": false, "pack_size": null, "deep_discount_skin": null}, "adsid": null, "campaignid": null, "distance": null, "match_type": null, "ads_keyword": null, "deduction_info": null, "collection_id": null, "display_name": null, "campaign_stock": null, "json_data": "", "tracking_info": {"viral_spu_tracking": null, "business_tracking": null, "multi_search_tracking": null, "groupid": 0, "ruleid": [29]}, "itemid": 13208338249, "shopid": 511068772, "algo_image": null, "fe_flags": null, "item_type": 1, "foody_item": null, "search_item_tracking": "{\"is_ads\":false,\"ruleids\":[29],\"groupid\":0,\"fe_flags\":\"{}\",\"item_type\":1,\"biz_json\":\"\",\"merge_rank\":1,\"shuffle_rank\":0}", "bff_item_tracking": "{\"label_ids\":[1008515,1000258,1000257,1000279,1008793,1000259,1009063,1009190,1009202,1008283,1009391,1009427,1009763,1007525,44,1010033,1006856,1010111,1010210,1010310,1010449,1010452,1010666,1010668,1002603,1000512,1000742,1010797,1010881,1011155,1011293,1011470,1011654,1011685,1011909,1012191,1012192,1012514,1009167,1009687,1008201,1010213,1010348,1011193,1011294,1011378,1011387,1001044,1009370,1001241,1000990],\"is_on_flash_sale\":false,\"is_liked\":false,\"with_video\":false,\"is_dp_mirror_sku\":false,\"image_position\":null}", "personalized_labels": null, "biz_json": null}, {"item_basic": {"itemid": 12608176151, "shopid": 511068772, "name": "Camera Wifi Outdoor (ngo\u00e0i tr\u1eddi) FPT TELECOM Ch\u00ednh H\u00e3ng - Camera An Ninh - L\u01b0u Tr\u1eef Cloud - C\u1ea3m Bi\u1ebfn Full HD - 1080p", "label_ids": [1008515, 1000258, 1000257, 1000279, 1008793, 1000259, 1009063, 1009190, 1009202, 1008283, 1009391, 1009427, 1009763, 1007525, 44, 1010033, 1006856, 1010111, 1010210, 1010310, 1010449, 1010452, 1010666, 1010668, 1002603, 1000512, 1000742, 1010797, 1010881, 1011155, 1011293, 1011470, 1011654, 1011685, 1011909, 1012191, 1012192, 1012514], "image": "275c1b7baa1ab0dbde36600d4b30cedb", "images": ["275c1b7baa1ab0dbde36600d4b30cedb", "492022561ce5444c393a238d202789ac", "dccc5c0793cddaeeb6ec08f43b7121fd", "a43ab7591f15837fedc1bcb51c5d8174", "a3e8012ab26cab5c0722c07049f5ee78", "91b01612b8490db53422a1e448d46e7c", "b40edbde8bab60f4c70833d4622b342e"], "currency": "VND", "stock": 300000, "status": 1, "ctime": 1631384845, "sold": 0, "historical_sold": 0, "liked": false, "liked_count": 5, "view_count": 123, "catid": 100635, "brand": null, "cmt_count": 0, "flag": 2, "cb_option": 0, "item_status": "normal", "price": 143000000000, "price_min": 143000000000, "price_max": 160000000000, "price_min_before_discount": -1, "price_max_before_discount": -1, "hidden_price_display": null, "price_before_discount": 0, "has_lowest_price_guarantee": false, "show_discount": 0, "raw_discount": 0, "discount": null, "is_category_failed": false, "size_chart": null, "video_info_list": null, "tier_variations": [{"name": "G\u00f3i Cloud", "options": ["G\u00f3i 1 ng\u00e0y", "G\u00f3i 3 ng\u00e0y", "G\u00f3i 7 ng\u00e0y"], "images": null, "properties": [], "type": 0}], "item_rating": {"rating_star": 0, "rating_count": [0, 0, 0, 0, 0, 0], "rcount_with_context": 0, "rcount_with_image": 0}, "item_type": 0, "reference_item_id": "", "transparent_background_image": "", "is_adult": false, "badge_icon_type": 0, "shopee_verified": false, "is_official_shop": true, "show_official_shop_label": true, "show_shopee_verified_label": false, "show_official_shop_label_in_title": true, "is_cc_installment_payment_eligible": false, "is_non_cc_installment_payment_eligible": false, "coin_earn_label": null, "show_free_shipping": true, "preview_info": null, "coin_info": null, "exclusive_price_info": null, "bundle_deal_id": 0, "can_use_bundle_deal": false, "bundle_deal_info": null, "is_group_buy_item": null, "has_group_buy_stock": null, "group_buy_info": null, "welcome_package_type": 0, "welcome_package_info": null, "add_on_deal_info": null, "can_use_wholesale": false, "is_preferred_plus_seller": false, "shop_location": "TP. H\u1ed3 Ch\u00ed Minh", "has_model_with_available_shopee_stock": false, "voucher_info": {"promotion_id": 273746066718720, "voucher_code": "FPTBFT30K", "label": "Gi\u1ea3m \u20ab30k"}, "can_use_cod": false, "is_on_flash_sale": false, "spl_installment_tenure": null, "is_live_streaming_price": null, "is_mart": false, "pack_size": null, "deep_discount_skin": null}, "adsid": null, "campaignid": null, "distance": null, "match_type": null, "ads_keyword": null, "deduction_info": null, "collection_id": null, "display_name": null, "campaign_stock": null, "json_data": "", "tracking_info": {"viral_spu_tracking": null, "business_tracking": null, "multi_search_tracking": null, "groupid": 0, "ruleid": [29]}, "itemid": 12608176151, "shopid": 511068772, "algo_image": null, "fe_flags": null, "item_type": 1, "foody_item": null, "search_item_tracking": "{\"is_ads\":false,\"ruleids\":[29],\"groupid\":0,\"fe_flags\":\"{}\",\"item_type\":1,\"biz_json\":\"\",\"merge_rank\":2,\"shuffle_rank\":0}", "bff_item_tracking": "{\"label_ids\":[1008515,1000258,1000257,1000279,1008793,1000259,1009063,1009190,1009202,1008283,1009391,1009427,1009763,1007525,44,1010033,1006856,1010111,1010210,1010310,1010449,1010452,1010666,1010668,1002603,1000512,1000742,1010797,1010881,1011155,1011293,1011470,1011654,1011685,1011909,1012191,1012192,1012514],\"is_on_flash_sale\":false,\"is_liked\":false,\"with_video\":false,\"is_dp_mirror_sku\":false,\"image_position\":null}", "personalized_labels": null, "biz_json": null}, {"item_basic": {"itemid": 12155642907, "shopid": 511068772, "name": "Remote FPT Play Box - \u0110i\u1ec1u Khi\u1ec3n Gi\u1ecdng N\u00f3i - Google Assistant - Ch\u00ednh h\u1eb5ng FPT Telecom", "label_ids": [1008515, 1000258, 1000257, 1000279, 1008793, 1000259, 1009063, 1009190, 1009202, 1008283, 1009391, 1009427, 1009763, 1007525, 44, 1010033, 1006856, 1010111, 1010210, 1010310, 1010449, 1010452, 1010666, 1010668, 1002603, 1000512, 1000742, 1010797, 1010881, 1011155, 1011293, 1011470, 1011654, 1011685, 1011909, 1012191, 1012192, 1012514], "image": "7f79770adbb279c535dd43d15f1eba6c", "images": ["7f79770adbb279c535dd43d15f1eba6c", "035058925e61da398b248c9090e9058a", "734fa2fe931c59d23eb08821bfe28f37", "ad0f394c0aba2fbd14b2524cf5d7af1f", "79f886298fd7d8c6808e2d9deca3db09", "1747dafd08a6663073d2be77472df5f5"], "currency": "VND", "stock": 10000, "status": 1, "ctime": 1638109923, "sold": 0, "historical_sold": 0, "liked": false, "liked_count": 1, "view_count": 59, "catid": 100010, "brand": null, "cmt_count": 0, "flag": 0, "cb_option": 0, "item_status": "normal", "price": 24900000000, "price_min": 24900000000, "price_max": 24900000000, "price_min_before_discount": -1, "price_max_before_discount": -1, "hidden_price_display": null, "price_before_discount": 0, "has_lowest_price_guarantee": false, "show_discount": 0, "raw_discount": 0, "discount": null, "is_category_failed": false, "size_chart": null, "video_info_list": null, "tier_variations": [{"name": "", "options": [""], "images": null, "properties": [], "type": 0}], "item_rating": {"rating_star": 0, "rating_count": [0, 0, 0, 0, 0, 0], "rcount_with_context": 0, "rcount_with_image": 0}, "item_type": 0, "reference_item_id": "", "transparent_background_image": "", "is_adult": false, "badge_icon_type": 0, "shopee_verified": false, "is_official_shop": true, "show_official_shop_label": true, "show_shopee_verified_label": false, "show_official_shop_label_in_title": true, "is_cc_installment_payment_eligible": false, "is_non_cc_installment_payment_eligible": false, "coin_earn_label": null, "show_free_shipping": false, "preview_info": null, "coin_info": null, "exclusive_price_info": null, "bundle_deal_id": 0, "can_use_bundle_deal": false, "bundle_deal_info": null, "is_group_buy_item": null, "has_group_buy_stock": null, "group_buy_info": null, "welcome_package_type": 0, "welcome_package_info": null, "add_on_deal_info": null, "can_use_wholesale": false, "is_preferred_plus_seller": false, "shop_location": "TP. H\u1ed3 Ch\u00ed Minh", "has_model_with_available_shopee_stock": false, "voucher_info": {"promotion_id": 273744531439616, "voucher_code": "FPTBFPT5K", "label": "Gi\u1ea3m \u20ab5k"}, "can_use_cod": false, "is_on_flash_sale": false, "spl_installment_tenure": null, "is_live_streaming_price": null, "is_mart": false, "pack_size": null, "deep_discount_skin": null}, "adsid": null, "campaignid": null, "distance": null, "match_type": null, "ads_keyword": null, "deduction_info": null, "collection_id": null, "display_name": null, "campaign_stock": null, "json_data": "", "tracking_info": {"viral_spu_tracking": null, "business_tracking": null, "multi_search_tracking": null, "groupid": 0, "ruleid": [29]}, "itemid": 12155642907, "shopid": 511068772, "algo_image": null, "fe_flags": null, "item_type": 1, "foody_item": null, "search_item_tracking": "{\"is_ads\":false,\"ruleids\":[29],\"groupid\":0,\"fe_flags\":\"{}\",\"item_type\":1,\"biz_json\":\"\",\"merge_rank\":3,\"shuffle_rank\":0}", "bff_item_tracking": "{\"label_ids\":[1008515,1000258,1000257,1000279,1008793,1000259,1009063,1009190,1009202,1008283,1009391,1009427,1009763,1007525,44,1010033,1006856,1010111,1010210,1010310,1010449,1010452,1010666,1010668,1002603,1000512,1000742,1010797,1010881,1011155,1011293,1011470,1011654,1011685,1011909,1012191,1012192,1012514],\"is_on_flash_sale\":false,\"is_liked\":false,\"with_video\":false,\"is_dp_mirror_sku\":false,\"image_position\":null}", "personalized_labels": null, "biz_json": null}, {"item_basic": {"itemid": 11357085142, "shopid": 511068772, "name": "FPT-TELECOM H\u1ed2 CH\u00cd MINH - Camera C\u1ea3nh B\u00e1o Chuy\u1ec3n \u0110\u1ed9ng Trong - Model InDoor Ch\u00ednh H\u00e3ng - Full HD Camera Wifi FPT Indoor (", "label_ids": [1008515, 1000258, 1000257, 1000279, 1008793, 1000259, 1009063, 1009190, 1009202, 1008283, 1009391, 1009427, 1009763, 1007525, 44, 1010033, 1006856, 1010111, 1010210, 1010310, 1010449, 1010452, 1010666, 1010668, 1002603, 1000512, 1000742, 1010797, 1010881, 1011155, 1011293, 1011470, 1011654, 1011685, 1011909, 1012191, 1012192, 1012514, 1011378, 1012458, 1012627], "image": "4bb25e599b400cafcfdd4dc2f28c522e", "images": ["4bb25e599b400cafcfdd4dc2f28c522e", "d1f9eef9cd3979d53e8eaf8730715454", "0e9209d791cda237ec91bdc17688ba87", "5c4701e39ab7cb5828c02b645c9de2e4", "720cbb9c0b02f4db4735ead57ad366ca"], "currency": "VND", "stock": 300000, "status": 1, "ctime": 1633684108, "sold": 0, "historical_sold": 0, "liked": false, "liked_count": 3, "view_count": 66, "catid": 100635, "brand": null, "cmt_count": 0, "flag": 0, "cb_option": 0, "item_status": "normal", "price": 152200000000, "price_min": 152200000000, "price_max": 159900000000, "price_min_before_discount": -1, "price_max_before_discount": -1, "hidden_price_display": null, "price_before_discount": 0, "has_lowest_price_guarantee": false, "show_discount": 0, "raw_discount": 0, "discount": null, "is_category_failed": false, "size_chart": null, "video_info_list": [{"video_id": "cdc061c46b017f9ae78c4021b0722607", "thumb_url": "f3a621444209fab63843d2851f2fae44", "duration": 59, "version": 2, "vid": "sg_c6e19b9c-5bac-4300-8b1d-d61b37a24e4a_000071", "formats": [{"format": 660011, "defn": "V720P", "profile": "MP4", "path": "", "url": "http://play-ws.vod.shopee.com/c3/98934353/105/YzQsMjcwLTUwMDM5LDE0NDYzNzU2NDMzMDIzMjIxNzYsMg.mp4", "width": 1280, "height": 676}], "default_format": {"format": 100001, "defn": "ORI", "profile": "MP4", "path": "", "url": "http://1500000774.vod2.myqcloud.com/14092670vodsgp1500000774/61bc1df33701925925556747386/NqClD2OA6kwA.mp4", "width": 1280, "height": 676}}], "tier_variations": [{"name": "G\u00f3i Cloud", "options": ["G\u00f3i 1 ng\u00e0y", "G\u00f3i 3 ng\u00e0y", "G\u00f3i 7 ng\u00e0y"], "images": null, "properties": [], "type": 0}], "item_rating": {"rating_star": 0, "rating_count": [0, 0, 0, 0, 0, 0], "rcount_with_context": 0, "rcount_with_image": 0}, "item_type": 0, "reference_item_id": "", "transparent_background_image": "", "is_adult": false, "badge_icon_type": 0, "shopee_verified": false, "is_official_shop": true, "show_official_shop_label": true, "show_shopee_verified_label": false, "show_official_shop_label_in_title": true, "is_cc_installment_payment_eligible": false, "is_non_cc_installment_payment_eligible": false, "coin_earn_label": null, "show_free_shipping": false, "preview_info": null, "coin_info": null, "exclusive_price_info": null, "bundle_deal_id": 0, "can_use_bundle_deal": false, "bundle_deal_info": null, "is_group_buy_item": null, "has_group_buy_stock": null, "group_buy_info": null, "welcome_package_type": 0, "welcome_package_info": null, "add_on_deal_info": null, "can_use_wholesale": false, "is_preferred_plus_seller": false, "shop_location": "TP. H\u1ed3 Ch\u00ed Minh", "has_model_with_available_shopee_stock": false, "voucher_info": {"promotion_id": 273746066718720, "voucher_code": "FPTBFT30K", "label": "Gi\u1ea3m \u20ab30k"}, "can_use_cod": false, "is_on_flash_sale": false, "spl_installment_tenure": null, "is_live_streaming_price": null, "is_mart": false, "pack_size": null, "deep_discount_skin": null}, "adsid": null, "campaignid": null, "distance": null, "match_type": null, "ads_keyword": null, "deduction_info": null, "collection_id": null, "display_name": null, "campaign_stock": null, "json_data": "", "tracking_info": {"viral_spu_tracking": null, "business_tracking": null, "multi_search_tracking": null, "groupid": 0, "ruleid": [29]}, "itemid": 11357085142, "shopid": 511068772, "algo_image": null, "fe_flags": null, "item_type": 1, "foody_item": null, "search_item_tracking": "{\"is_ads\":false,\"ruleids\":[29],\"groupid\":0,\"fe_flags\":\"{}\",\"item_type\":1,\"biz_json\":\"\",\"merge_rank\":4,\"shuffle_rank\":0}", "bff_item_tracking": "{\"label_ids\":[1008515,1000258,1000257,1000279,1008793,1000259,1009063,1009190,1009202,1008283,1009391,1009427,1009763,1007525,44,1010033,1006856,1010111,1010210,1010310,1010449,1010452,1010666,1010668,1002603,1000512,1000742,1010797,1010881,1011155,1011293,1011470,1011654,1011685,1011909,1012191,1012192,1012514,1011378,1012458,1012627],\"is_on_flash_sale\":false,\"is_liked\":false,\"with_video\":true,\"is_dp_mirror_sku\":false,\"image_position\":null}", "personalized_labels": null, "biz_json": null}], "price_adjust": null, "adjust": {"count": null}, "total_ads_count": 0, "hint_keywords": null, "show_disclaimer": false, "json_data": "", "query_rewrite": null, "disclaimer_infos": [], "need_next_search": true, "low_result": {"triggered": false, "scenarios": null, "total_organic_count": 5, "pre_lrp_total_organic_count": 5}, "autoplay_info": null, "food_item_info": {"total_count": 0}, "search_tracking": "{\"algorithm\":\"eyJzZWFyY2giOiIwLmEuMjk1MEBSWVBRUlhWRkZNT05RUDBEWU1FMUVTR1ZFVDJHTzE2OSJ9\",\"low_result\":{\"triggered\":false,\"total_organic_count\":5,\"pre_lrp_total_organic_count\":5},\"total_ads_count\":0,\"total_count\":5,\"request_id\":\"bff-search_vn_sg9_10.168.90.80_{1f8a1b84d6cb200967cb50a6313b2500:010001e4c49e84c5:000000d7789b8db4}_k8s-worker-sg9-live-168.shopeemobile.com\"}", "search_sessionid": null}