{"bff_meta": null, "error": null, "error_msg": null, "reserved_keyword": null, "suggestion_algorithm": null, "algorithm": "eyJzZWFyY2giOiIwLmEuMjk1MEBRUFBRRk1PTlZGUlhSWTBEWU1FMUVUR1ZFUzJHTzE2OSJ9", "total_count": 16, "nomore": true, "items": [{"item_basic": {"itemid": 15211386949, "shopid": 611488907, "name": "Tai nghe bluetooth 5.0 Edifier Neobuds Pro - Hires Audio Wireless - Ch\u1ed1ng \u1ed3n ch\u1ee7 \u0111\u1ed9ng 6 mic \u0111\u00e0m tho\u1ea1i - H\u00e0ng ch\u00ednh h\u00e3ng", "label_ids": [1000258, 1000259, 1000279, 1009063, 1011654, 1010668, 1009427, 1009763, 1007525, 1000742, 1002603, 44, 1000512], "image": "07e01e43bb4512bfef90752cfed208b3", "images": ["07e01e43bb4512bfef90752cfed208b3", "a8ed6aefcdc24d302e7247930044f141", "6751b0196d571a77063b84bfebc275c5", "807a452d682f8fe3fb14b080bfc05f94", "fdd4baa6ab2c5448436e50a55bec616d", "80098a02e02346683880f5ff8c791e02", "3df06e331b4eb2de809b930524284a79", "7800f2bd606ae3cd72543f734529abb6", "032cace0ebf431097b100b06c351326d"], "currency": "VND", "stock": 124, "status": 1, "ctime": 1638504238, "sold": 5, "historical_sold": 4, "liked": false, "liked_count": 9, "view_count": 780, "catid": 100535, "brand": null, "cmt_count": 2, "flag": 0, "cb_option": 0, "item_status": "normal", "price": 300000000000, "price_min": 300000000000, "price_max": 300000000000, "price_min_before_discount": -1, "price_max_before_discount": -1, "hidden_price_display": null, "price_before_discount": 0, "has_lowest_price_guarantee": false, "show_discount": 0, "raw_discount": 0, "discount": null, "is_category_failed": false, "size_chart": null, "video_info_list": [{"video_id": "25ab46bbc75a9980598ba8a0be86be88", "thumb_url": "7ce3a1dc74b9021e381ae8ea2aa68e7f", "duration": 37, "version": 2, "vid": "sg_4f46270d-1069-48b2-a560-5ec296c2dbe6_000088", "formats": [{"format": 1600008, "defn": "V720P", "profile": "MP4", "path": "", "url": "http://play-ws.vod.shopee.com/c3/98934353/105/AmM1QmkAZNDP-fUhggEVfdpG.mp4", "width": 1280, "height": 720}, {"format": 1600008, "defn": "V720P", "profile": "MP4", "path": "", "url": "http://play-ws.vod.shopee.com/c3/98934353/105/AmM1QmkAZNDP-fUhggEVfdpG.mp4", "width": 1280, "height": 720}, {"format": 1600008, "defn": "V720P", "profile": "MP4", "path": "", "url": "http://play-ws.vod.shopee.com/c3/98934353/105/AmM1QmkAZNDP-fUhggEVfdpG.mp4", "width": 1280, "height": 720}], "default_format": {"format": 100001, "defn": "ORI", "profile": "MP4", "path": "", "url": "http://1500000774.vod2.myqcloud.com/14092670vodsgp1500000774/915331f7387702292266133489/g1avXxUKnesA.mp4", "width": 1280, "height": 720}}], "tier_variations": [{"name": "", "options": [""], "images": null, "properties": [], "type": 0}], "item_rating": {"rating_star": 5, "rating_count": [2, 0, 0, 0, 0, 2], "rcount_with_context": 2, "rcount_with_image": 2}, "item_type": 0, "reference_item_id": "", "transparent_background_image": "", "is_adult": false, "badge_icon_type": 0, "shopee_verified": false, "is_official_shop": true, "show_official_shop_label": true, "show_shopee_verified_label": false, "show_official_shop_label_in_title": true, "is_cc_installment_payment_eligible": false, "is_non_cc_installment_payment_eligible": false, "coin_earn_label": null, "show_free_shipping": false, "preview_info": null, "coin_info": null, "exclusive_price_info": null, "bundle_deal_id": 0, "can_use_bundle_deal": false, "bundle_deal_info": null, "is_group_buy_item": null, "has_group_buy_stock": null, "group_buy_info": null, "welcome_package_type": 0, "welcome_package_info": null, "add_on_deal_info": null, "can_use_wholesale": false, "is_preferred_plus_seller": false, "shop_location": "H\u00e0 N\u1ed9i", "has_model_with_available_shopee_stock": false, "voucher_info": null, "can_use_cod": false, "is_on_flash_sale": false, "spl_installment_tenure": null, "is_live_streaming_price": null, "is_mart": false, "pack_size": null, "deep_discount_skin": null}, "adsid": null, "campaignid": null, "distance": null, "match_type": null, "ads_keyword": null, "deduction_info": null, "collection_id": null, "display_name": null, "campaign_stock": null, "json_data": "", "tracking_info": {"viral_spu_tracking": null, "business_tracking": null, "multi_search_tracking": null, "groupid": 0, "ruleid": [29]}, "itemid": 15211386949, "shopid": 611488907, "algo_image": null, "fe_flags": null, "item_type": 1, "foody_item": null, "search_item_tracking": "{\"is_ads\":false,\"ruleids\":[29],\"groupid\":0,\"fe_flags\":\"{}\",\"item_type\":1,\"biz_json\":\"\",\"merge_rank\":0,\"shuffle_rank\":0}", "bff_item_tracking": "{\"label_ids\":[1000258,1000259,1000279,1009063,1011654,1010668,1009427,1009763,1007525,1000742,1002603,44,1000512],\"is_on_flash_sale\":false,\"is_liked\":false,\"with_video\":true,\"is_dp_mirror_sku\":false,\"image_position\":null}", "personalized_labels": null, "biz_json": null}, {"item_basic": {"itemid": 15111416363, "shopid": 611488907, "name": "Tai nghe bluetooth 5.2 Edifier TWS200 Plus - Gi\u1ea3i m\u00e3 \u00e2m thanh aptX Pin 24 gi\u1edd Kh\u1eed \u1ed3n \u0111\u00e0m tho\u1ea1i - Ch\u00ednh h\u00e3ng", "label_ids": [1000258, 1000259, 1000279, 1009063, 1011654, 1010668, 1009427, 1009763, 1007525, 1000742, 1002603, 44, 1000512], "image": "80cc6981b5a9265acc05dbf563da7bf9", "images": ["80cc6981b5a9265acc05dbf563da7bf9", "e131f0b397af995f2daa4deb67cbab40", "cb3eea6ce310c3d854d0d79705326627", "895df562f415cab1bed764db2f93cbae", "36dfb5cbeec454ac21c1afdf43f45a04", "cad3fc50317073f395bbc9d5a21f9354", "306a1d6aea4c540a2150fa6039b0d3d0", "51d1c797a71b21f982a711ac81c7884a", "aa012ce46e8c346759102b40f3bc7f40"], "currency": "VND", "stock": 34, "status": 1, "ctime": 1638507206, "sold": 5, "historical_sold": 3, "liked": false, "liked_count": 1, "view_count": 100, "catid": 100535, "brand": null, "cmt_count": 0, "flag": 0, "cb_option": 0, "item_status": "normal", "price": 150000000000, "price_min": 150000000000, "price_max": 150000000000, "price_min_before_discount": -1, "price_max_before_discount": -1, "hidden_price_display": null, "price_before_discount": 0, "has_lowest_price_guarantee": false, "show_discount": 0, "raw_discount": 0, "discount": null, "is_category_failed": false, "size_chart": null, "video_info_list": null, "tier_variations": [{"name": "M\u00e0u s\u1eafc", "options": ["Ghi (Dark Grey)", "Tr\u1eafng (Ivory)"], "images": ["80cc6981b5a9265acc05dbf563da7bf9", "e131f0b397af995f2daa4deb67cbab40"], "properties": [], "type": 0}], "item_rating": {"rating_star": 0, "rating_count": [0, 0, 0, 0, 0, 0], "rcount_with_context": 0, "rcount_with_image": 0}, "item_type": 0, "reference_item_id": "", "transparent_background_image": "", "is_adult": false, "badge_icon_type": 0, "shopee_verified": false, "is_official_shop": true, "show_official_shop_label": true, "show_shopee_verified_label": false, "show_official_shop_label_in_title": true, "is_cc_installment_payment_eligible": false, "is_non_cc_installment_payment_eligible": false, "coin_earn_label": null, "show_free_shipping": false, "preview_info": null, "coin_info": null, "exclusive_price_info": null, "bundle_deal_id": 0, "can_use_bundle_deal": false, "bundle_deal_info": null, "is_group_buy_item": null, "has_group_buy_stock": null, "group_buy_info": null, "welcome_package_type": 0, "welcome_package_info": null, "add_on_deal_info": null, "can_use_wholesale": false, "is_preferred_plus_seller": false, "shop_location": "H\u00e0 N\u1ed9i", "has_model_with_available_shopee_stock": false, "voucher_info": null, "can_use_cod": false, "is_on_flash_sale": false, "spl_installment_tenure": null, "is_live_streaming_price": null, "is_mart": false, "pack_size": null, "deep_discount_skin": null}, "adsid": null, "campaignid": null, "distance": null, "match_type": null, "ads_keyword": null, "deduction_info": null, "collection_id": null, "display_name": null, "campaign_stock": null, "json_data": "", "tracking_info": {"viral_spu_tracking": null, "business_tracking": null, "multi_search_tracking": null, "groupid": 0, "ruleid": [29]}, "itemid": 15111416363, "shopid": 611488907, "algo_image": null, "fe_flags": null, "item_type": 1, "foody_item": null, "search_item_tracking": "{\"is_ads\":false,\"ruleids\":[29],\"groupid\":0,\"fe_flags\":\"{}\",\"item_type\":1,\"biz_json\":\"\",\"merge_rank\":1,\"shuffle_rank\":0}", "bff_item_tracking": "{\"label_ids\":[1000258,1000259,1000279,1009063,1011654,1010668,1009427,1009763,1007525,1000742,1002603,44,1000512],\"is_on_flash_sale\":false,\"is_liked\":false,\"with_video\":false,\"is_dp_mirror_sku\":false,\"image_position\":null}", "personalized_labels": null, "biz_json": null}, {"item_basic": {"itemid": 13757099345, "shopid": 611488907, "name": "Loa ki\u1ec3m \u00e2m Edifier MR4 - Thi\u1ebft k\u1ebf \u0111\u1ec9nh cao C\u00f4ng su\u1ea5t 42W Bass 4 inch - H\u00e0ng ch\u00ednh h\u00e3ng", "label_ids": [1000258, 1000259, 1000279, 1009063, 1011654, 1010668, 1009427, 1009763, 1007525, 1000742, 1002603, 44, 1000512], "image": "307dc400768338ef41ca501f2233b132", "images": ["307dc400768338ef41ca501f2233b132", "9bf156cbaf230f170a36e1e656d529f9", "8da7e1b06d27fa8357f89169a94000ba", "cb3568ae7a379ad9c9c32bf7849c41d3", "5f9798310236e844e212edd6054f99a5", "82521adaec9eebed0a02aac410f8e7ed", "a35f46875345a58bf3279ee7ab64fc58", "89300ed976ee87cb0a20ea179e8e613e", "e1ed91f315b3135de3f7f064db581b48"], "currency": "VND", "stock": 26, "status": 1, "ctime": 1638510381, "sold": 4, "historical_sold": 4, "liked": false, "liked_count": 5, "view_count": 420, "catid": 100535, "brand": null, "cmt_count": 3, "flag": 0, "cb_option": 0, "item_status": "normal", "price": 405000000000, "price_min": 405000000000, "price_max": 405000000000, "price_min_before_discount": -1, "price_max_before_discount": -1, "hidden_price_display": null, "price_before_discount": 0, "has_lowest_price_guarantee": false, "show_discount": 0, "raw_discount": 0, "discount": null, "is_category_failed": false, "size_chart": null, "video_info_list": null, "tier_variations": [{"name": "M\u00e0u s\u1eafc", "options": ["\u0110en", "Tr\u1eafng"], "images": null, "properties": [], "type": 0}], "item_rating": {"rating_star": 5, "rating_count": [3, 0, 0, 0, 0, 3], "rcount_with_context": 2, "rcount_with_image": 1}, "item_type": 0, "reference_item_id": "", "transparent_background_image": "", "is_adult": false, "badge_icon_type": 0, "shopee_verified": false, "is_official_shop": true, "show_official_shop_label": true, "show_shopee_verified_label": false, "show_official_shop_label_in_title": true, "is_cc_installment_payment_eligible": false, "is_non_cc_installment_payment_eligible": false, "coin_earn_label": null, "show_free_shipping": false, "preview_info": null, "coin_info": null, "exclusive_price_info": null, "bundle_deal_id": 0, "can_use_bundle_deal": false, "bundle_deal_info": null, "is_group_buy_item": null, "has_group_buy_stock": null, "group_buy_info": null, "welcome_package_type": 0, "welcome_package_info": null, "add_on_deal_info": null, "can_use_wholesale": false, "is_preferred_plus_seller": false, "shop_location": "H\u00e0 N\u1ed9i", "has_model_with_available_shopee_stock": false, "voucher_info": null, "can_use_cod": false, "is_on_flash_sale": false, "spl_installment_tenure": null, "is_live_streaming_price": null, "is_mart": false, "pack_size": null, "deep_discount_skin": null}, "adsid": null, "campaignid": null, "distance": null, "match_type": null, "ads_keyword": null, "deduction_info": null, "collection_id": null, "display_name": null, "campaign_stock": null, "json_data": "", "tracking_info": {"viral_spu_tracking": null, "business_tracking": null, "multi_search_tracking": null, "groupid": 0, "ruleid": [29]}, "itemid": 13757099345, "shopid": 611488907, "algo_image": null, "fe_flags": null, "item_type": 1, "foody_item": null, "search_item_tracking": "{\"is_ads\":false,\"ruleids\":[29],\"groupid\":0,\"fe_flags\":\"{}\",\"item_type\":1,\"biz_json\":\"\",\"merge_rank\":2,\"shuffle_rank\":0}", "bff_item_tracking": "{\"label_ids\":[1000258,1000259,1000279,1009063,1011654,1010668,1009427,1009763,1007525,1000742,1002603,44,1000512],\"is_on_flash_sale\":false,\"is_liked\":false,\"with_video\":false,\"is_dp_mirror_sku\":false,\"image_position\":null}", "personalized_labels": null, "biz_json": null}, {"item_basic": {"itemid": 14111437542, "shopid": 611488907, "name": "Loa bluetooth 5.0 Edifier R1280DBs - C\u00f4ng su\u1ea5t 42W Thi\u1ebft k\u1ebf tinh t\u1ebf C\u1ed5ng subout \u0110i\u1ec1u khi\u1ec3n t\u1eeb xa - H\u00e0ng ch\u00ednh h\u00e3ng", "label_ids": [1000258, 1000259, 1000279, 1009063, 1011654, 1010668, 1009427, 1009763, 1007525, 1000742, 1002603, 44, 1000512], "image": "db0d32a42122661a1777cecacab5ea56", "images": ["db0d32a42122661a1777cecacab5ea56", "cbab5562593a24bfcfb9665591446e6d", "b8d67d23fb875dc827930d14058cb861", "dd76c03cf4240162d8de146a8e1b112e", "2ff60dd33a4cb01a5de7ac05352338a0", "5ea1d7df3451c740d64781eb162aa87b", "e221ac7b77e85953b09af7d1bf52a17a", "94fbdedb749592237cbb41c3ae64c249", "9d46472c2d97b5aff7d199a9617b9395"], "currency": "VND", "stock": 30, "status": 1, "ctime": 1638509324, "sold": 2, "historical_sold": 2, "liked": false, "liked_count": 7, "view_count": 350, "catid": 100535, "brand": null, "cmt_count": 2, "flag": 0, "cb_option": 0, "item_status": "normal", "price": 265000000000, "price_min": 265000000000, "price_max": 265000000000, "price_min_before_discount": -1, "price_max_before_discount": -1, "hidden_price_display": null, "price_before_discount": 0, "has_lowest_price_guarantee": false, "show_discount": 0, "raw_discount": 0, "discount": null, "is_category_failed": false, "size_chart": null, "video_info_list": [{"video_id": "7ff0aacea25002f16ede16f06627c06f", "thumb_url": "d185f3f45d98253715cc708bd4b8b088", "duration": 31, "version": 2, "vid": "sg_8f7cd535-e985-43b2-9bdb-b484eef26b5c_000088", "formats": [{"format": 1600008, "defn": "V720P", "profile": "MP4", "path": "", "url": "http://play-aka.vod.shopee.com/c3/98934353/105/AmM11TYAyBQP-=UhggEOfdpG.mp4", "width": 1280, "height": 720}, {"format": 1600008, "defn": "V720P", "profile": "MP4", "path": "", "url": "http://play-aka.vod.shopee.com/c3/98934353/105/AmM11TYAyBQP-=UhggEOfdpG.mp4", "width": 1280, "height": 720}, {"format": 1600008, "defn": "V720P", "profile": "MP4", "path": "", "url": "http://play-aka.vod.shopee.com/c3/98934353/105/AmM11TYAyBQP-=UhggEOfdpG.mp4", "width": 1280, "height": 720}], "default_format": {"format": 100001, "defn": "ORI", "profile": "MP4", "path": "", "url": "http://1500000774.vod2.myqcloud.com/14092670vodsgp1500000774/8b1fc8fa387702292269960274/AfpaYEAqonQA.mp4", "width": 1920, "height": 1080}}], "tier_variations": [{"name": "M\u00e0u s\u1eafc", "options": ["\u0110en", "N\u00e2u \u0111\u1ecf"], "images": null, "properties": [], "type": 0}], "item_rating": {"rating_star": 5, "rating_count": [2, 0, 0, 0, 0, 2], "rcount_with_context": 2, "rcount_with_image": 0}, "item_type": 0, "reference_item_id": "", "transparent_background_image": "", "is_adult": false, "badge_icon_type": 0, "shopee_verified": false, "is_official_shop": true, "show_official_shop_label": true, "show_shopee_verified_label": false, "show_official_shop_label_in_title": true, "is_cc_installment_payment_eligible": false, "is_non_cc_installment_payment_eligible": false, "coin_earn_label": null, "show_free_shipping": false, "preview_info": null, "coin_info": null, "exclusive_price_info": null, "bundle_deal_id": 0, "can_use_bundle_deal": false, "bundle_deal_info": null, "is_group_buy_item": null, "has_group_buy_stock": null, "group_buy_info": null, "welcome_package_type": 0, "welcome_package_info": null, "add_on_deal_info": null, "can_use_wholesale": false, "is_preferred_plus_seller": false, "shop_location": "H\u00e0 N\u1ed9i", "has_model_with_available_shopee_stock": false, "voucher_info": null, "can_use_cod": false, "is_on_flash_sale": false, "spl_installment_tenure": null, "is_live_streaming_price": null, "is_mart": false, "pack_size": null, "deep_discount_skin": null}, "adsid": null, "campaignid": null, "distance": null, "match_type": null, "ads_keyword": null, "deduction_info": null, "collection_id": null, "display_name": null, "campaign_stock": null, "json_data": "", "tracking_info": {"viral_spu_tracking": null, "business_tracking": null, "multi_search_tracking": null, "groupid": 0, "ruleid": [29]}, "itemid": 14111437542, "shopid": 611488907, "algo_image": null, "fe_flags": null, "item_type": 1, "foody_item": null, "search_item_tracking": "{\"is_ads\":false,\"ruleids\":[29],\"groupid\":0,\"fe_flags\":\"{}\",\"item_type\":1,\"biz_json\":\"\",\"merge_rank\":3,\"shuffle_rank\":0}", "bff_item_tracking": "{\"label_ids\":[1000258,1000259,1000279,1009063,1011654,1010668,1009427,1009763,1007525,1000742,1002603,44,1000512],\"is_on_flash_sale\":false,\"is_liked\":false,\"with_video\":true,\"is_dp_mirror_sku\":false,\"image_position\":null}", "personalized_labels": null, "biz_json": null}, {"item_basic": {"itemid": 13157100906, "shopid": 611488907, "name": "Tai nghe bluetooth 5.0 Edifier TWS 330Nb -  Ch\u1ed1ng \u1ed3n ch\u1ee7 \u0111\u1ed9ng ANC Kh\u1eed \u1ed3n \u0111\u00e0m tho\u1ea1i AI Pin 24 gi\u1edd - H\u00e0ng ch\u00ednh h\u00e3ng", "label_ids": [1000258, 1000259, 1000279, 1009063, 1011654, 1010668, 1009427, 1009763, 1007525, 1000742, 1002603, 44, 1000512], "image": "84194926de45c4b6618165f4f2245cbc", "images": ["84194926de45c4b6618165f4f2245cbc", "4aa2f9ee4cded3371528aff37c200a25", "70d414c23c4178c0d195cb0d749c36ba", "a49f5b53c5f020bc7f51260ba0fa3272", "e1db2db6ec4c7422ee2a388f7288d30e", "19df932307a1004e0386d1e6cbef0875", "48daad6cd67c300c0423ba37c095f1c1", "75230ba955107509d20cb5b51aa5734f", "0439b09e697bfe19938099ed4ed0d6a1"], "currency": "VND", "stock": 47, "status": 1, "ctime": 1638506347, "sold": 1, "historical_sold": 2, "liked": false, "liked_count": 1, "view_count": 64, "catid": 100535, "brand": null, "cmt_count": 1, "flag": 0, "cb_option": 0, "item_status": "normal", "price": 160000000000, "price_min": 160000000000, "price_max": 160000000000, "price_min_before_discount": -1, "price_max_before_discount": -1, "hidden_price_display": null, "price_before_discount": 0, "has_lowest_price_guarantee": false, "show_discount": 0, "raw_discount": 0, "discount": null, "is_category_failed": false, "size_chart": null, "video_info_list": [{"video_id": "b1f8a88838b05e01f245ca9423ab14f7", "thumb_url": "044a8e0d8a7b5ad87d9e264f40fff2d7", "duration": 60, "version": 2, "vid": "sg_7ae19926-bb5b-4be0-8244-1b4ae54ea9b6_000088", "formats": [{"format": 1600008, "defn": "V720P", "profile": "MP4", "path": "", "url": "http://play-ws.vod.shopee.com/c3/98934353/105/AmM1kYUABIZQ-vUhggEQfdpG.mp4", "width": 1280, "height": 720}, {"format": 1600008, "defn": "V720P", "profile": "MP4", "path": "", "url": "http://play-ws.vod.shopee.com/c3/98934353/105/AmM1kYUABIZQ-vUhggEQfdpG.mp4", "width": 1280, "height": 720}, {"format": 1600008, "defn": "V720P", "profile": "MP4", "path": "", "url": "http://play-ws.vod.shopee.com/c3/98934353/105/AmM1kYUABIZQ-vUhggEQfdpG.mp4", "width": 1280, "height": 720}], "default_format": {"format": 100001, "defn": "ORI", "profile": "MP4", "path": "", "url": "http://1500000774.vod2.myqcloud.com/14092670vodsgp1500000774/f0e5c41d387702292267925818/598gEKlMiB8A.mp4", "width": 1280, "height": 720}}], "tier_variations": [{"name": "M\u00e0u s\u1eafc", "options": ["\u0110en", "Tr\u1eafng"], "images": ["84194926de45c4b6618165f4f2245cbc", "4aa2f9ee4cded3371528aff37c200a25"], "properties": [], "type": 0}], "item_rating": {"rating_star": 5, "rating_count": [1, 0, 0, 0, 0, 1], "rcount_with_context": 0, "rcount_with_image": 0}, "item_type": 0, "reference_item_id": "", "transparent_background_image": "", "is_adult": false, "badge_icon_type": 0, "shopee_verified": false, "is_official_shop": true, "show_official_shop_label": true, "show_shopee_verified_label": false, "show_official_shop_label_in_title": true, "is_cc_installment_payment_eligible": false, "is_non_cc_installment_payment_eligible": false, "coin_earn_label": null, "show_free_shipping": false, "preview_info": null, "coin_info": null, "exclusive_price_info": null, "bundle_deal_id": 0, "can_use_bundle_deal": false, "bundle_deal_info": null, "is_group_buy_item": null, "has_group_buy_stock": null, "group_buy_info": null, "welcome_package_type": 0, "welcome_package_info": null, "add_on_deal_info": null, "can_use_wholesale": false, "is_preferred_plus_seller": false, "shop_location": "H\u00e0 N\u1ed9i", "has_model_with_available_shopee_stock": false, "voucher_info": null, "can_use_cod": false, "is_on_flash_sale": false, "spl_installment_tenure": null, "is_live_streaming_price": null, "is_mart": false, "pack_size": null, "deep_discount_skin": null}, "adsid": null, "campaignid": null, "distance": null, "match_type": null, "ads_keyword": null, "deduction_info": null, "collection_id": null, "display_name": null, "campaign_stock": null, "json_data": "", "tracking_info": {"viral_spu_tracking": null, "business_tracking": null, "multi_search_tracking": null, "groupid": 0, "ruleid": [29]}, "itemid": 13157100906, "shopid": 611488907, "algo_image": null, "fe_flags": null, "item_type": 1, "foody_item": null, "search_item_tracking": "{\"is_ads\":false,\"ruleids\":[29],\"groupid\":0,\"fe_flags\":\"{}\",\"item_type\":1,\"biz_json\":\"\",\"merge_rank\":4,\"shuffle_rank\":0}", "bff_item_tracking": "{\"label_ids\":[1000258,1000259,1000279,1009063,1011654,1010668,1009427,1009763,1007525,1000742,1002603,44,1000512],\"is_on_flash_sale\":false,\"is_liked\":false,\"with_video\":true,\"is_dp_mirror_sku\":false,\"image_position\":null}", "personalized_labels": null, "biz_json": null}, {"item_basic": {"itemid": 15711406723, "shopid": 611488907, "name": "Tai nghe bluetooth 5.0 Edifier NB2 Pro - Ch\u1ed1ng \u1ed3n ch\u1ee7 \u0111\u1ed9ng ANC \u00c2m thanh to\u00e0n c\u1ea3nh Kh\u1eed \u1ed3n \u0111\u00e0m tho\u1ea1i ENC - Ch\u00ednh h\u00e3ng", "label_ids": [1000258, 1000259, 1000279, 1009063, 1011654, 1010668, 1009427, 1009763, 1007525, 1000742, 1002603, 44, 1000512], "image": "e4279e5478e0a46fc0715877c04a4f3b", "images": ["e4279e5478e0a46fc0715877c04a4f3b", "c6c4fe0ecd84add7a8bec340e752d9d6", "9441e90c92e41264434dd90e4439b9d7", "f7d4fb37bc813091ed4d4e5e2cd16cd0", "46fe0859bfc2b989ecfd68746e2b61d1", "c4e49b9de9bd0981ce4a6c2b6975435f", "a38abea6cb143aa9010144116b069d9a", "c943b0a38fca8f6e5fa02503d0763643", "0b2a82a88ae29fa7b26a784a8af544ef"], "currency": "VND", "stock": 39, "status": 1, "ctime": 1638506108, "sold": 1, "historical_sold": 1, "liked": false, "liked_count": 0, "view_count": 130, "catid": 100535, "brand": null, "cmt_count": 1, "flag": 0, "cb_option": 0, "item_status": "normal", "price": 230000000000, "price_min": 230000000000, "price_max": 230000000000, "price_min_before_discount": -1, "price_max_before_discount": -1, "hidden_price_display": null, "price_before_discount": 0, "has_lowest_price_guarantee": false, "show_discount": 0, "raw_discount": 0, "discount": null, "is_category_failed": false, "size_chart": null, "video_info_list": [{"video_id": "e1f1b4765f7a6039764e0cd956a45e68", "thumb_url": "37daaf6e7186db62aa4d8576e36df1db", "duration": 60, "version": 2, "vid": "sg_f3f853ce-42be-48d9-826f-3d23c369e39e_000088", "formats": [{"format": 1600008, "defn": "V720P", "profile": "MP4", "path": "", "url": "http://play-ws.vod.shopee.com/c3/98934353/105/AmM1Sh8AiN09-vUhggEWfdpG.mp4", "width": 1280, "height": 720}, {"format": 1600008, "defn": "V720P", "profile": "MP4", "path": "", "url": "http://play-ws.vod.shopee.com/c3/98934353/105/AmM1Sh8AiN09-vUhggEWfdpG.mp4", "width": 1280, "height": 720}, {"format": 1600008, "defn": "V720P", "profile": "MP4", "path": "", "url": "http://play-ws.vod.shopee.com/c3/98934353/105/AmM1Sh8AiN09-vUhggEWfdpG.mp4", "width": 1280, "height": 720}], "default_format": {"format": 100001, "defn": "ORI", "profile": "MP4", "path": "", "url": "http://1500000774.vod2.myqcloud.com/14092670vodsgp1500000774/a1a877fb387702292266835871/qf3ArMG7iYYA.mp4", "width": 1280, "height": 720}}], "tier_variations": [{"name": "M\u00e0u s\u1eafc", "options": ["\u0110en", "Tr\u1eafng kem", "X\u00e1m"], "images": ["e4279e5478e0a46fc0715877c04a4f3b", "a2aebdf19c78a469550629a9a3ade018", "1e65f3cdc0f508001652b4676095c00c"], "properties": [], "type": 0}], "item_rating": {"rating_star": 5, "rating_count": [1, 0, 0, 0, 0, 1], "rcount_with_context": 1, "rcount_with_image": 1}, "item_type": 0, "reference_item_id": "", "transparent_background_image": "", "is_adult": false, "badge_icon_type": 0, "shopee_verified": false, "is_official_shop": true, "show_official_shop_label": true, "show_shopee_verified_label": false, "show_official_shop_label_in_title": true, "is_cc_installment_payment_eligible": false, "is_non_cc_installment_payment_eligible": false, "coin_earn_label": null, "show_free_shipping": false, "preview_info": null, "coin_info": null, "exclusive_price_info": null, "bundle_deal_id": 0, "can_use_bundle_deal": false, "bundle_deal_info": null, "is_group_buy_item": null, "has_group_buy_stock": null, "group_buy_info": null, "welcome_package_type": 0, "welcome_package_info": null, "add_on_deal_info": null, "can_use_wholesale": false, "is_preferred_plus_seller": false, "shop_location": "H\u00e0 N\u1ed9i", "has_model_with_available_shopee_stock": false, "voucher_info": null, "can_use_cod": false, "is_on_flash_sale": false, "spl_installment_tenure": null, "is_live_streaming_price": null, "is_mart": false, "pack_size": null, "deep_discount_skin": null}, "adsid": null, "campaignid": null, "distance": null, "match_type": null, "ads_keyword": null, "deduction_info": null, "collection_id": null, "display_name": null, "campaign_stock": null, "json_data": "", "tracking_info": {"viral_spu_tracking": null, "business_tracking": null, "multi_search_tracking": null, "groupid": 0, "ruleid": [29]}, "itemid": 15711406723, "shopid": 611488907, "algo_image": null, "fe_flags": null, "item_type": 1, "foody_item": null, "search_item_tracking": "{\"is_ads\":false,\"ruleids\":[29],\"groupid\":0,\"fe_flags\":\"{}\",\"item_type\":1,\"biz_json\":\"\",\"merge_rank\":5,\"shuffle_rank\":0}", "bff_item_tracking": "{\"label_ids\":[1000258,1000259,1000279,1009063,1011654,1010668,1009427,1009763,1007525,1000742,1002603,44,1000512],\"is_on_flash_sale\":false,\"is_liked\":false,\"with_video\":true,\"is_dp_mirror_sku\":false,\"image_position\":null}", "personalized_labels": null, "biz_json": null}, {"item_basic": {"itemid": 14611442061, "shopid": 611488907, "name": "Loa si\u00eau tr\u1ea7m Edifier T5 - Thi\u1ebft k\u1ebf m\u1ea1nh m\u1ebd C\u00f4ng su\u1ea5t 70W Bass 8 inch - H\u00e0ng ch\u00ednh h\u00e3ng", "label_ids": [1000258, 1000259, 1000279, 1009063, 1011654, 1010668, 1009427, 1009763, 1007525, 1000742, 1002603, 44, 1000512], "image": "4b0a85b827bcbc5e2c7f6f06ec11a5fc", "images": ["4b0a85b827bcbc5e2c7f6f06ec11a5fc", "bde6a9ff44d9c134f6dac258e113f89a", "235def9a205fcefa9622f053a802eb6a", "4e67993a4915319ea06ce93e6f3bafce", "76cd396d0449caece15ae94a29bcc141", "abd12d8dc44e265e577b743cba38c098", "b9f38f9b71b29311ae6e0803228c4bfd", "538109f1d3e87b10c43bc1ce25028ab5"], "currency": "VND", "stock": 6, "status": 1, "ctime": 1638509936, "sold": 1, "historical_sold": 1, "liked": false, "liked_count": 0, "view_count": 128, "catid": 100535, "brand": null, "cmt_count": 0, "flag": 0, "cb_option": 0, "item_status": "normal", "price": 329900000000, "price_min": 329900000000, "price_max": 329900000000, "price_min_before_discount": -1, "price_max_before_discount": -1, "hidden_price_display": null, "price_before_discount": 0, "has_lowest_price_guarantee": false, "show_discount": 0, "raw_discount": 0, "discount": null, "is_category_failed": false, "size_chart": null, "video_info_list": null, "tier_variations": [{"name": "", "options": [""], "images": null, "properties": [], "type": 0}], "item_rating": {"rating_star": 0, "rating_count": [0, 0, 0, 0, 0, 0], "rcount_with_context": 0, "rcount_with_image": 0}, "item_type": 0, "reference_item_id": "", "transparent_background_image": "", "is_adult": false, "badge_icon_type": 0, "shopee_verified": false, "is_official_shop": true, "show_official_shop_label": true, "show_shopee_verified_label": false, "show_official_shop_label_in_title": true, "is_cc_installment_payment_eligible": false, "is_non_cc_installment_payment_eligible": false, "coin_earn_label": null, "show_free_shipping": false, "preview_info": null, "coin_info": null, "exclusive_price_info": null, "bundle_deal_id": 0, "can_use_bundle_deal": false, "bundle_deal_info": null, "is_group_buy_item": null, "has_group_buy_stock": null, "group_buy_info": null, "welcome_package_type": 0, "welcome_package_info": null, "add_on_deal_info": null, "can_use_wholesale": false, "is_preferred_plus_seller": false, "shop_location": "H\u00e0 N\u1ed9i", "has_model_with_available_shopee_stock": false, "voucher_info": null, "can_use_cod": false, "is_on_flash_sale": false, "spl_installment_tenure": null, "is_live_streaming_price": null, "is_mart": false, "pack_size": null, "deep_discount_skin": null}, "adsid": null, "campaignid": null, "distance": null, "match_type": null, "ads_keyword": null, "deduction_info": null, "collection_id": null, "display_name": null, "campaign_stock": null, "json_data": "", "tracking_info": {"viral_spu_tracking": null, "business_tracking": null, "multi_search_tracking": null, "groupid": 0, "ruleid": [29]}, "itemid": 14611442061, "shopid": 611488907, "algo_image": null, "fe_flags": null, "item_type": 1, "foody_item": null, "search_item_tracking": "{\"is_ads\":false,\"ruleids\":[29],\"groupid\":0,\"fe_flags\":\"{}\",\"item_type\":1,\"biz_json\":\"\",\"merge_rank\":6,\"shuffle_rank\":0}", "bff_item_tracking": "{\"label_ids\":[1000258,1000259,1000279,1009063,1011654,1010668,1009427,1009763,1007525,1000742,1002603,44,1000512],\"is_on_flash_sale\":false,\"is_liked\":false,\"with_video\":false,\"is_dp_mirror_sku\":false,\"image_position\":null}", "personalized_labels": null, "biz_json": null}, {"item_basic": {"itemid": 11375745900, "shopid": 611488907, "name": "Loa bluetooth 5.0 Edifier R1080BT - Thi\u1ebft k\u1ebf tinh t\u1ebf C\u00f4ng su\u1ea5t 24W \u0110a d\u1ea1ng c\u1ed5ng k\u1ebft n\u1ed1i \u0110i\u1ec1u khi\u1ec3n t\u1eeb xa - Ch\u00ednh h\u00e3ng", "label_ids": [1000258, 1000259, 1000279, 1009063, 1011654, 1010668, 1009427, 1009763, 1007525, 1000742, 1002603, 44, 1000512], "image": "dfe3c9d34f18e404f46bd38bae2998fc", "images": ["dfe3c9d34f18e404f46bd38bae2998fc", "2869fe7ccc45201c56c3862ef4b01943", "a71a2e60fb91d9ffda82328976676024", "ff95789dcfaebd9ee5b0909f6a8a4bf0", "fdf7032c673d6ac768c6c8bf2aa44b36", "853721d901f09f2c7d69404cc62862f2", "97cc2519c88be6dbc7201f5ecf00fa8f", "06d5306dace3424fa71be5afd7f1e1fb", "02f115c17159024f260553105392431a"], "currency": "VND", "stock": 29, "status": 1, "ctime": 1638509213, "sold": 1, "historical_sold": 1, "liked": false, "liked_count": 3, "view_count": 404, "catid": 100535, "brand": null, "cmt_count": 0, "flag": 0, "cb_option": 0, "item_status": "normal", "price": 299900000000, "price_min": 299900000000, "price_max": 299900000000, "price_min_before_discount": -1, "price_max_before_discount": -1, "hidden_price_display": null, "price_before_discount": 0, "has_lowest_price_guarantee": false, "show_discount": 0, "raw_discount": 0, "discount": null, "is_category_failed": false, "size_chart": null, "video_info_list": [{"video_id": "1a040a338e29b2eba3042c54d6e859c1", "thumb_url": "2b31e3274840d97f82289c9a780b8020", "duration": 60, "version": 2, "vid": "sg_50c5ece3-70d0-4df0-be97-b75010e1bc86_000088", "formats": [{"format": 1600008, "defn": "V720P", "profile": "MP4", "path": "", "url": "http://play-aka.vod.shopee.com/c3/98934353/105/AmM1fTMAVLzu-vUhggEAfdpG.mp4", "width": 640, "height": 360}], "default_format": {"format": 100001, "defn": "ORI", "profile": "MP4", "path": "", "url": "http://1500000774.vod2.myqcloud.com/14092670vodsgp1500000774/8b0feee5387702292269954588/bxNTTlDXZX8A.mp4", "width": 640, "height": 360}}], "tier_variations": [{"name": "M\u00e0u s\u1eafc", "options": ["Tr\u1eafng", "\u0110en"], "images": ["4b9ea7f9b78159b632fe8616ffe1af6e", "fdf7032c673d6ac768c6c8bf2aa44b36"], "properties": [], "type": 0}], "item_rating": {"rating_star": 0, "rating_count": [0, 0, 0, 0, 0, 0], "rcount_with_context": 0, "rcount_with_image": 0}, "item_type": 0, "reference_item_id": "", "transparent_background_image": "", "is_adult": false, "badge_icon_type": 0, "shopee_verified": false, "is_official_shop": true, "show_official_shop_label": true, "show_shopee_verified_label": false, "show_official_shop_label_in_title": true, "is_cc_installment_payment_eligible": false, "is_non_cc_installment_payment_eligible": false, "coin_earn_label": null, "show_free_shipping": false, "preview_info": null, "coin_info": null, "exclusive_price_info": null, "bundle_deal_id": 0, "can_use_bundle_deal": false, "bundle_deal_info": null, "is_group_buy_item": null, "has_group_buy_stock": null, "group_buy_info": null, "welcome_package_type": 0, "welcome_package_info": null, "add_on_deal_info": null, "can_use_wholesale": false, "is_preferred_plus_seller": false, "shop_location": "H\u00e0 N\u1ed9i", "has_model_with_available_shopee_stock": false, "voucher_info": null, "can_use_cod": false, "is_on_flash_sale": false, "spl_installment_tenure": null, "is_live_streaming_price": null, "is_mart": false, "pack_size": null, "deep_discount_skin": null}, "adsid": null, "campaignid": null, "distance": null, "match_type": null, "ads_keyword": null, "deduction_info": null, "collection_id": null, "display_name": null, "campaign_stock": null, "json_data": "", "tracking_info": {"viral_spu_tracking": null, "business_tracking": null, "multi_search_tracking": null, "groupid": 0, "ruleid": [29]}, "itemid": 11375745900, "shopid": 611488907, "algo_image": null, "fe_flags": null, "item_type": 1, "foody_item": null, "search_item_tracking": "{\"is_ads\":false,\"ruleids\":[29],\"groupid\":0,\"fe_flags\":\"{}\",\"item_type\":1,\"biz_json\":\"\",\"merge_rank\":7,\"shuffle_rank\":0}", "bff_item_tracking": "{\"label_ids\":[1000258,1000259,1000279,1009063,1011654,1010668,1009427,1009763,1007525,1000742,1002603,44,1000512],\"is_on_flash_sale\":false,\"is_liked\":false,\"with_video\":true,\"is_dp_mirror_sku\":false,\"image_position\":null}", "personalized_labels": null, "biz_json": null}, {"item_basic": {"itemid": 9597197040, "shopid": 611488907, "name": "Tai nghe bluetooth 5.0 Edifier Unibud - Thi\u1ebft k\u1ebf c\u1ed5 \u0111i\u1ec3n M\u00e0n h\u00ecnh led \u0111\u1ed9c \u0111\u00e1o Kh\u1eed \u1ed3n \u0111\u00e0m tho\u1ea1i Pin 32 gi\u1edd - Ch\u00ednh h\u00e3ng", "label_ids": [1000258, 1000259, 1000279, 1009063, 1011654, 1010668, 1009427, 1009763, 1007525, 1000742, 1002603, 44, 1000512], "image": "8e9efdc77c78a98c6ea4189c21573c13", "images": ["8e9efdc77c78a98c6ea4189c21573c13", "223aa78ace5ae703539e2fb6991840f3", "038f3c95bc5c6a6a039c231080db6971", "04024ba8c8a6433a6db3a78ce95fd579", "f783b37cab5e98ac6ebe2419c5e9d4bc", "8db24ebac7121e4c1b32fd4b03613db4", "26f36c3638571145c3c5500118760e60", "339feb6a8c327dbb2ae2bd728cb2dfab", "27e1d00f225c270e415acc27be892a07"], "currency": "VND", "stock": 23, "status": 1, "ctime": 1638506626, "sold": 1, "historical_sold": 3, "liked": false, "liked_count": 6, "view_count": 120, "catid": 100535, "brand": null, "cmt_count": 1, "flag": 0, "cb_option": 0, "item_status": "normal", "price": 160000000000, "price_min": 160000000000, "price_max": 160000000000, "price_min_before_discount": -1, "price_max_before_discount": -1, "hidden_price_display": null, "price_before_discount": 0, "has_lowest_price_guarantee": false, "show_discount": 0, "raw_discount": 0, "discount": null, "is_category_failed": false, "size_chart": null, "video_info_list": null, "tier_variations": [{"name": "M\u00e0u s\u1eafc", "options": ["Xanh", "Tr\u1eafng"], "images": ["223aa78ace5ae703539e2fb6991840f3", "8e9efdc77c78a98c6ea4189c21573c13"], "properties": [], "type": 0}], "item_rating": {"rating_star": 5, "rating_count": [1, 0, 0, 0, 0, 1], "rcount_with_context": 1, "rcount_with_image": 0}, "item_type": 0, "reference_item_id": "", "transparent_background_image": "", "is_adult": false, "badge_icon_type": 0, "shopee_verified": false, "is_official_shop": true, "show_official_shop_label": true, "show_shopee_verified_label": false, "show_official_shop_label_in_title": true, "is_cc_installment_payment_eligible": false, "is_non_cc_installment_payment_eligible": false, "coin_earn_label": null, "show_free_shipping": false, "preview_info": null, "coin_info": null, "exclusive_price_info": null, "bundle_deal_id": 0, "can_use_bundle_deal": false, "bundle_deal_info": null, "is_group_buy_item": null, "has_group_buy_stock": null, "group_buy_info": null, "welcome_package_type": 0, "welcome_package_info": null, "add_on_deal_info": null, "can_use_wholesale": false, "is_preferred_plus_seller": false, "shop_location": "H\u00e0 N\u1ed9i", "has_model_with_available_shopee_stock": false, "voucher_info": null, "can_use_cod": false, "is_on_flash_sale": false, "spl_installment_tenure": null, "is_live_streaming_price": null, "is_mart": false, "pack_size": null, "deep_discount_skin": null}, "adsid": null, "campaignid": null, "distance": null, "match_type": null, "ads_keyword": null, "deduction_info": null, "collection_id": null, "display_name": null, "campaign_stock": null, "json_data": "", "tracking_info": {"viral_spu_tracking": null, "business_tracking": null, "multi_search_tracking": null, "groupid": 0, "ruleid": [29]}, "itemid": 9597197040, "shopid": 611488907, "algo_image": null, "fe_flags": null, "item_type": 1, "foody_item": null, "search_item_tracking": "{\"is_ads\":false,\"ruleids\":[29],\"groupid\":0,\"fe_flags\":\"{}\",\"item_type\":1,\"biz_json\":\"\",\"merge_rank\":8,\"shuffle_rank\":0}", "bff_item_tracking": "{\"label_ids\":[1000258,1000259,1000279,1009063,1011654,1010668,1009427,1009763,1007525,1000742,1002603,44,1000512],\"is_on_flash_sale\":false,\"is_liked\":false,\"with_video\":false,\"is_dp_mirror_sku\":false,\"image_position\":null}", "personalized_labels": null, "biz_json": null}, {"item_basic": {"itemid": 15418125150, "shopid": 611488907, "name": "Tai nghe bluetooth 5.0 Edifier NB2 - Ch\u1ed1ng \u1ed3n ch\u1ee7 \u0111\u1ed9ng 4 mic \u0111\u00e0m tho\u1ea1i Game mode - H\u00e0ng ch\u00ednh h\u00e3ng", "label_ids": [1000258, 1000259, 1000279, 1009063, 1011654, 1010668, 1009427, 1009763, 1007525, 1000742, 1002603, 44, 1000512], "image": "198570e2941115665c7ef53db944e92c", "images": ["198570e2941115665c7ef53db944e92c", "e4dac4c7205251a76e5284f1d4861aec", "372adfdb1f8fd6a6bd1687fd8989f51c", "2d4dab183b15bff53ac3310668ed2b0d", "11442acc53ef1ff9e57ab3afc3298181", "bb9c5e27c4ef627fa0640c5bd06b2298", "ec18f5ff1123b1d55b8b8dc4d88e6125"], "currency": "VND", "stock": 16, "status": 1, "ctime": 1639481871, "sold": 0, "historical_sold": 0, "liked": false, "liked_count": 0, "view_count": 79, "catid": 100535, "brand": null, "cmt_count": 0, "flag": 0, "cb_option": 0, "item_status": "normal", "price": 170000000000, "price_min": 170000000000, "price_max": 170000000000, "price_min_before_discount": -1, "price_max_before_discount": -1, "hidden_price_display": null, "price_before_discount": 0, "has_lowest_price_guarantee": false, "show_discount": 0, "raw_discount": 0, "discount": null, "is_category_failed": false, "size_chart": null, "video_info_list": null, "tier_variations": [{"name": "M\u00e0u s\u1eafc", "options": ["M\u00e0u \u0111en"], "images": ["198570e2941115665c7ef53db944e92c"], "properties": [], "type": 0}], "item_rating": {"rating_star": 0, "rating_count": [0, 0, 0, 0, 0, 0], "rcount_with_context": 0, "rcount_with_image": 0}, "item_type": 0, "reference_item_id": "", "transparent_background_image": "", "is_adult": false, "badge_icon_type": 0, "shopee_verified": false, "is_official_shop": true, "show_official_shop_label": true, "show_shopee_verified_label": false, "show_official_shop_label_in_title": true, "is_cc_installment_payment_eligible": false, "is_non_cc_installment_payment_eligible": false, "coin_earn_label": null, "show_free_shipping": false, "preview_info": null, "coin_info": null, "exclusive_price_info": null, "bundle_deal_id": 0, "can_use_bundle_deal": false, "bundle_deal_info": null, "is_group_buy_item": null, "has_group_buy_stock": null, "group_buy_info": null, "welcome_package_type": 0, "welcome_package_info": null, "add_on_deal_info": null, "can_use_wholesale": false, "is_preferred_plus_seller": false, "shop_location": "H\u00e0 N\u1ed9i", "has_model_with_available_shopee_stock": false, "voucher_info": null, "can_use_cod": false, "is_on_flash_sale": false, "spl_installment_tenure": null, "is_live_streaming_price": null, "is_mart": false, "pack_size": null, "deep_discount_skin": null}, "adsid": null, "campaignid": null, "distance": null, "match_type": null, "ads_keyword": null, "deduction_info": null, "collection_id": null, "display_name": null, "campaign_stock": null, "json_data": "", "tracking_info": {"viral_spu_tracking": null, "business_tracking": null, "multi_search_tracking": null, "groupid": 0, "ruleid": [29]}, "itemid": 15418125150, "shopid": 611488907, "algo_image": null, "fe_flags": null, "item_type": 1, "foody_item": null, "search_item_tracking": "{\"is_ads\":false,\"ruleids\":[29],\"groupid\":0,\"fe_flags\":\"{}\",\"item_type\":1,\"biz_json\":\"\",\"merge_rank\":9,\"shuffle_rank\":0}", "bff_item_tracking": "{\"label_ids\":[1000258,1000259,1000279,1009063,1011654,1010668,1009427,1009763,1007525,1000742,1002603,44,1000512],\"is_on_flash_sale\":false,\"is_liked\":false,\"with_video\":false,\"is_dp_mirror_sku\":false,\"image_position\":null}", "personalized_labels": null, "biz_json": null}, {"item_basic": {"itemid": 15411429152, "shopid": 611488907, "name": "Tai nghe bluetooth 5.1 Edifier W200T mini - Gi\u1ea3i m\u00e3 \u00e2m thanh aptX Pin 22 gi\u1edd Kh\u1eed \u1ed3n \u0111\u00e0m tho\u1ea1i - Ch\u00ednh h\u00e3ng", "label_ids": [1000258, 1000259, 1000279, 1009063, 1011654, 1010668, 1009427, 1009763, 1007525, 1000742, 1002603, 44, 1000512], "image": "61c7a82747eb62393c5a545c176804a2", "images": ["61c7a82747eb62393c5a545c176804a2", "1e671a77f5548cf19dd5802749943088", "fb581aa11a791f7fadb53e444ef6eeb6", "44ab5f6a3fe4425f6e2d1e28b982a755", "cfbd2d560fadf6b2ba500a86754573e5", "347f4752ab044dd7f8d021fb8dcee02a", "d9b316da54b9d28bf0b7fee1995db4e5", "b5d6f8e1d720c8a578b897aacf92d824"], "currency": "VND", "stock": 39, "status": 1, "ctime": 1638508535, "sold": 0, "historical_sold": 0, "liked": false, "liked_count": 0, "view_count": 33, "catid": 100535, "brand": null, "cmt_count": 0, "flag": 0, "cb_option": 0, "item_status": "normal", "price": 100000000000, "price_min": 100000000000, "price_max": 100000000000, "price_min_before_discount": -1, "price_max_before_discount": -1, "hidden_price_display": null, "price_before_discount": 0, "has_lowest_price_guarantee": false, "show_discount": 0, "raw_discount": 0, "discount": null, "is_category_failed": false, "size_chart": null, "video_info_list": null, "tier_variations": [{"name": "M\u00e0u s\u1eafc", "options": ["Tr\u1eafng", "\u0110en"], "images": ["61c7a82747eb62393c5a545c176804a2", "cc98b20b1452c8d9bbfcc45382e8969f"], "properties": [], "type": 0}], "item_rating": {"rating_star": 0, "rating_count": [0, 0, 0, 0, 0, 0], "rcount_with_context": 0, "rcount_with_image": 0}, "item_type": 0, "reference_item_id": "", "transparent_background_image": "", "is_adult": false, "badge_icon_type": 0, "shopee_verified": false, "is_official_shop": true, "show_official_shop_label": true, "show_shopee_verified_label": false, "show_official_shop_label_in_title": true, "is_cc_installment_payment_eligible": false, "is_non_cc_installment_payment_eligible": false, "coin_earn_label": null, "show_free_shipping": false, "preview_info": null, "coin_info": null, "exclusive_price_info": null, "bundle_deal_id": 0, "can_use_bundle_deal": false, "bundle_deal_info": null, "is_group_buy_item": null, "has_group_buy_stock": null, "group_buy_info": null, "welcome_package_type": 0, "welcome_package_info": null, "add_on_deal_info": null, "can_use_wholesale": false, "is_preferred_plus_seller": false, "shop_location": "H\u00e0 N\u1ed9i", "has_model_with_available_shopee_stock": false, "voucher_info": null, "can_use_cod": false, "is_on_flash_sale": false, "spl_installment_tenure": null, "is_live_streaming_price": null, "is_mart": false, "pack_size": null, "deep_discount_skin": null}, "adsid": null, "campaignid": null, "distance": null, "match_type": null, "ads_keyword": null, "deduction_info": null, "collection_id": null, "display_name": null, "campaign_stock": null, "json_data": "", "tracking_info": {"viral_spu_tracking": null, "business_tracking": null, "multi_search_tracking": null, "groupid": 0, "ruleid": [29]}, "itemid": 15411429152, "shopid": 611488907, "algo_image": null, "fe_flags": null, "item_type": 1, "foody_item": null, "search_item_tracking": "{\"is_ads\":false,\"ruleids\":[29],\"groupid\":0,\"fe_flags\":\"{}\",\"item_type\":1,\"biz_json\":\"\",\"merge_rank\":10,\"shuffle_rank\":0}", "bff_item_tracking": "{\"label_ids\":[1000258,1000259,1000279,1009063,1011654,1010668,1009427,1009763,1007525,1000742,1002603,44,1000512],\"is_on_flash_sale\":false,\"is_liked\":false,\"with_video\":false,\"is_dp_mirror_sku\":false,\"image_position\":null}", "personalized_labels": null, "biz_json": null}, {"item_basic": {"itemid": 14211422798, "shopid": 611488907, "name": "Loa bluetooth 5.0 Edifier R1700BTs - Gi\u1ea3i m\u00e3 aptX HD C\u00f4ng su\u1ea5t 66W C\u1ed5ng subout \u0110i\u1ec1u khi\u1ec3n t\u1eeb xa - H\u00e0ng ch\u00ednh h\u00e3ng", "label_ids": [1000258, 1000259, 1000279, 1009063, 1011654, 1010668, 1009427, 1009763, 1007525, 1000742, 1002603, 44, 1000512], "image": "a83c6f1f66acec58e5b4b7d7cc7b30ac", "images": ["a83c6f1f66acec58e5b4b7d7cc7b30ac", "8b922a6aa8dd05f73abbb3bc38f348f6", "e0198ae7ec8e21701490a48522aa07d8", "d168b53b1c8991a9c2e580bd7c47ebfe", "9451f77175d01dfb37f4092d32e1fe01", "a01859b7e82221d3b37c61a018399d08", "7bae363b3a971edfd5c3f8327efb5308", "1c4bf10e082a7d3a28c0bf1f10638a3b", "d247466e043e7fd4c302c3f1cb68218e"], "currency": "VND", "stock": 9, "status": 1, "ctime": 1638507866, "sold": 0, "historical_sold": 0, "liked": false, "liked_count": 2, "view_count": 164, "catid": 100535, "brand": null, "cmt_count": 0, "flag": 0, "cb_option": 0, "item_status": "normal", "price": 299900000000, "price_min": 299900000000, "price_max": 299900000000, "price_min_before_discount": -1, "price_max_before_discount": -1, "hidden_price_display": null, "price_before_discount": 0, "has_lowest_price_guarantee": false, "show_discount": 0, "raw_discount": 0, "discount": null, "is_category_failed": false, "size_chart": null, "video_info_list": [{"video_id": "b42c13c36592d8166fc9b395191dab70", "thumb_url": "e38883bd44ef37536e8394a386242b29", "duration": 30, "version": 2, "vid": "sg_3abe659f-59d9-4663-9fe2-4cf12373698d_000088", "formats": [{"format": 1600008, "defn": "V720P", "profile": "MP4", "path": "", "url": "http://play-aka.vod.shopee.com/c3/98934353/105/AmM1EjgAdHu0-vUhggEMfdpG.mp4", "width": 1280, "height": 720}, {"format": 1600008, "defn": "V720P", "profile": "MP4", "path": "", "url": "http://play-aka.vod.shopee.com/c3/98934353/105/AmM1EjgAdHu0-vUhggEMfdpG.mp4", "width": 1280, "height": 720}, {"format": 1600008, "defn": "V720P", "profile": "MP4", "path": "", "url": "http://play-aka.vod.shopee.com/c3/98934353/105/AmM1EjgAdHu0-vUhggEMfdpG.mp4", "width": 1280, "height": 720}], "default_format": {"format": 100001, "defn": "ORI", "profile": "MP4", "path": "", "url": "http://1500000774.vod2.myqcloud.com/14092670vodsgp1500000774/29064c52387702292268046713/KckKRahOy1wA.mp4", "width": 1920, "height": 1080}}], "tier_variations": [{"name": "", "options": [""], "images": null, "properties": [], "type": 0}], "item_rating": {"rating_star": 0, "rating_count": [0, 0, 0, 0, 0, 0], "rcount_with_context": 0, "rcount_with_image": 0}, "item_type": 0, "reference_item_id": "", "transparent_background_image": "", "is_adult": false, "badge_icon_type": 0, "shopee_verified": false, "is_official_shop": true, "show_official_shop_label": true, "show_shopee_verified_label": false, "show_official_shop_label_in_title": true, "is_cc_installment_payment_eligible": false, "is_non_cc_installment_payment_eligible": false, "coin_earn_label": null, "show_free_shipping": false, "preview_info": null, "coin_info": null, "exclusive_price_info": null, "bundle_deal_id": 0, "can_use_bundle_deal": false, "bundle_deal_info": null, "is_group_buy_item": null, "has_group_buy_stock": null, "group_buy_info": null, "welcome_package_type": 0, "welcome_package_info": null, "add_on_deal_info": null, "can_use_wholesale": false, "is_preferred_plus_seller": false, "shop_location": "H\u00e0 N\u1ed9i", "has_model_with_available_shopee_stock": false, "voucher_info": null, "can_use_cod": false, "is_on_flash_sale": false, "spl_installment_tenure": null, "is_live_streaming_price": null, "is_mart": false, "pack_size": null, "deep_discount_skin": null}, "adsid": null, "campaignid": null, "distance": null, "match_type": null, "ads_keyword": null, "deduction_info": null, "collection_id": null, "display_name": null, "campaign_stock": null, "json_data": "", "tracking_info": {"viral_spu_tracking": null, "business_tracking": null, "multi_search_tracking": null, "groupid": 0, "ruleid": [29]}, "itemid": 14211422798, "shopid": 611488907, "algo_image": null, "fe_flags": null, "item_type": 1, "foody_item": null, "search_item_tracking": "{\"is_ads\":false,\"ruleids\":[29],\"groupid\":0,\"fe_flags\":\"{}\",\"item_type\":1,\"biz_json\":\"\",\"merge_rank\":11,\"shuffle_rank\":0}", "bff_item_tracking": "{\"label_ids\":[1000258,1000259,1000279,1009063,1011654,1010668,1009427,1009763,1007525,1000742,1002603,44,1000512],\"is_on_flash_sale\":false,\"is_liked\":false,\"with_video\":true,\"is_dp_mirror_sku\":false,\"image_position\":null}", "personalized_labels": null, "biz_json": null}, {"item_basic": {"itemid": 13357100415, "shopid": 611488907, "name": "Loa bluetooth 5.0 Edifier R1700BT - Thi\u1ebft k\u1ebf tinh t\u1ebf C\u00f4ng su\u1ea5t 66W C\u1ed5ng subout \u0110i\u1ec1u khi\u1ec3n t\u1eeb xa - H\u00e0ng ch\u00ednh h\u00e3ng", "label_ids": [1000258, 1000259, 1000279, 1009063, 1011654, 1010668, 1009427, 1009763, 1007525, 1000742, 1002603, 44, 1000512], "image": "360ea35f9ecae784e84f5726beeb2542", "images": ["360ea35f9ecae784e84f5726beeb2542", "9b0a699f4f3279b27b70f98a7130371a", "a01859b7e82221d3b37c61a018399d08", "1a3dddd24b76de908f83720db5c9749a", "90b5579bbe6036cfcc84ff34ea3507f4", "2e14b608bd2c66bcd43f46afb30b1780", "60cf31d3dffc917576d361564995ff9c", "9451f77175d01dfb37f4092d32e1fe01", "17a7b65b6c856bc7b94ed247ffe8ffa1"], "currency": "VND", "stock": 2, "status": 1, "ctime": 1638509497, "sold": 0, "historical_sold": 0, "liked": false, "liked_count": 0, "view_count": 106, "catid": 100535, "brand": null, "cmt_count": 0, "flag": 0, "cb_option": 0, "item_status": "normal", "price": 280000000000, "price_min": 280000000000, "price_max": 280000000000, "price_min_before_discount": -1, "price_max_before_discount": -1, "hidden_price_display": null, "price_before_discount": 0, "has_lowest_price_guarantee": false, "show_discount": 0, "raw_discount": 0, "discount": null, "is_category_failed": false, "size_chart": null, "video_info_list": [{"video_id": "d046763187a2b2edae4fb315a3e25226", "thumb_url": "d65ccf24386770deb8163b15c590142e", "duration": 30, "version": 2, "vid": "sg_9409d44c-1520-4114-8d06-b59cb5169d6b_000088", "formats": [{"format": 1600008, "defn": "V720P", "profile": "MP4", "path": "", "url": "http://play-ws.vod.shopee.com/c3/98934353/105/AmM1q1IAwFQa-=UhggEFfdpG.mp4", "width": 1280, "height": 720}, {"format": 1600008, "defn": "V720P", "profile": "MP4", "path": "", "url": "http://play-ws.vod.shopee.com/c3/98934353/105/AmM1q1IAwFQa-=UhggEFfdpG.mp4", "width": 1280, "height": 720}, {"format": 1600008, "defn": "V720P", "profile": "MP4", "path": "", "url": "http://play-ws.vod.shopee.com/c3/98934353/105/AmM1q1IAwFQa-=UhggEFfdpG.mp4", "width": 1280, "height": 720}], "default_format": {"format": 100001, "defn": "ORI", "profile": "MP4", "path": "", "url": "http://1500000774.vod2.myqcloud.com/14092670vodsgp1500000774/7d47bbde387702292269385097/s16yPqGhY10A.mp4", "width": 1920, "height": 1080}}], "tier_variations": [{"name": "M\u00e0u s\u1eafc", "options": ["\u0110en", "N\u00e2u \u0111\u1ecf", "Tr\u1eafng"], "images": null, "properties": [], "type": 0}], "item_rating": {"rating_star": 0, "rating_count": [0, 0, 0, 0, 0, 0], "rcount_with_context": 0, "rcount_with_image": 0}, "item_type": 0, "reference_item_id": "", "transparent_background_image": "", "is_adult": false, "badge_icon_type": 0, "shopee_verified": false, "is_official_shop": true, "show_official_shop_label": true, "show_shopee_verified_label": false, "show_official_shop_label_in_title": true, "is_cc_installment_payment_eligible": false, "is_non_cc_installment_payment_eligible": false, "coin_earn_label": null, "show_free_shipping": false, "preview_info": null, "coin_info": null, "exclusive_price_info": null, "bundle_deal_id": 0, "can_use_bundle_deal": false, "bundle_deal_info": null, "is_group_buy_item": null, "has_group_buy_stock": null, "group_buy_info": null, "welcome_package_type": 0, "welcome_package_info": null, "add_on_deal_info": null, "can_use_wholesale": false, "is_preferred_plus_seller": false, "shop_location": "H\u00e0 N\u1ed9i", "has_model_with_available_shopee_stock": false, "voucher_info": null, "can_use_cod": false, "is_on_flash_sale": false, "spl_installment_tenure": null, "is_live_streaming_price": null, "is_mart": false, "pack_size": null, "deep_discount_skin": null}, "adsid": null, "campaignid": null, "distance": null, "match_type": null, "ads_keyword": null, "deduction_info": null, "collection_id": null, "display_name": null, "campaign_stock": null, "json_data": "", "tracking_info": {"viral_spu_tracking": null, "business_tracking": null, "multi_search_tracking": null, "groupid": 0, "ruleid": [29]}, "itemid": 13357100415, "shopid": 611488907, "algo_image": null, "fe_flags": null, "item_type": 1, "foody_item": null, "search_item_tracking": "{\"is_ads\":false,\"ruleids\":[29],\"groupid\":0,\"fe_flags\":\"{}\",\"item_type\":1,\"biz_json\":\"\",\"merge_rank\":12,\"shuffle_rank\":0}", "bff_item_tracking": "{\"label_ids\":[1000258,1000259,1000279,1009063,1011654,1010668,1009427,1009763,1007525,1000742,1002603,44,1000512],\"is_on_flash_sale\":false,\"is_liked\":false,\"with_video\":true,\"is_dp_mirror_sku\":false,\"image_position\":null}", "personalized_labels": null, "biz_json": null}, {"item_basic": {"itemid": 13257088287, "shopid": 611488907, "name": "Tai nghe bluetooth 5.2 Edifier TWS1 Pro - \u0110i\u1ec1u khi\u1ec3n \u00e2m l\u01b0\u1ee3ng Kh\u1eed \u1ed3n \u0111amg tho\u1ea1i Pin 42 gi\u1edd Ch\u1ed1ng n\u01b0\u1edbc IP65 - Ch\u00ednh h\u00e3ng", "label_ids": [1000258, 1000259, 1000279, 1009063, 1011654, 1010668, 1009427, 1009763, 1007525, 1000742, 1002603, 44, 1000512], "image": "2c6ba6ac4c3374f496fbb14b12a267bd", "images": ["2c6ba6ac4c3374f496fbb14b12a267bd", "6cedd82be0f02d72d8d52ccd81957683", "c357062a5a38815257fa0cf5fc3a19d0", "fa441b48000aca119f22b743366b67ea", "3976038be612b1f8a67e772a667fc217", "bbd2830929746e9ca57223fd87794aa4", "9d83af75d6570d0cab23383a1284a1db", "c3b387b0fbea2429eeafce581cd3623d"], "currency": "VND", "stock": 21, "status": 1, "ctime": 1638505658, "sold": 0, "historical_sold": 0, "liked": false, "liked_count": 0, "view_count": 61, "catid": 100535, "brand": null, "cmt_count": 0, "flag": 0, "cb_option": 0, "item_status": "normal", "price": 100000000000, "price_min": 100000000000, "price_max": 100000000000, "price_min_before_discount": -1, "price_max_before_discount": -1, "hidden_price_display": null, "price_before_discount": 0, "has_lowest_price_guarantee": false, "show_discount": 0, "raw_discount": 0, "discount": null, "is_category_failed": false, "size_chart": null, "video_info_list": [{"video_id": "a54d3401f9d9419a219e82d66582a2b5", "thumb_url": "34ed5caafbdeea89836196366051c095", "duration": 34, "version": 2, "vid": "sg_efe48c49-3538-48e1-9fd1-d4060d1420eb_000088", "formats": [{"format": 1600008, "defn": "V720P", "profile": "MP4", "path": "", "url": "http://play-aka.vod.shopee.com/c3/98934353/105/AmM11gAAXJSkDvYheQEVutpG.mp4", "width": 1280, "height": 720}, {"format": 1600008, "defn": "V720P", "profile": "MP4", "path": "", "url": "http://play-aka.vod.shopee.com/c3/98934353/105/AmM11gAAXJSkDvYheQEVutpG.mp4", "width": 1280, "height": 720}, {"format": 1600008, "defn": "V720P", "profile": "MP4", "path": "", "url": "http://play-aka.vod.shopee.com/c3/98934353/105/AmM11gAAXJSkDvYheQEVutpG.mp4", "width": 1280, "height": 720}], "default_format": {"format": 100001, "defn": "ORI", "profile": "MP4", "path": "", "url": "http://1500000774.vod2.myqcloud.com/14092670vodsgp1500000774/94fe28b0387702292320747642/nER1UWJcRuIA.mp4", "width": 1280, "height": 720}}], "tier_variations": [{"name": "M\u00e0u s\u1eafc", "options": ["X\u00e1m", "Irovy"], "images": ["2c6ba6ac4c3374f496fbb14b12a267bd", "6cedd82be0f02d72d8d52ccd81957683"], "properties": [], "type": 0}], "item_rating": {"rating_star": 0, "rating_count": [0, 0, 0, 0, 0, 0], "rcount_with_context": 0, "rcount_with_image": 0}, "item_type": 0, "reference_item_id": "", "transparent_background_image": "", "is_adult": false, "badge_icon_type": 0, "shopee_verified": false, "is_official_shop": true, "show_official_shop_label": true, "show_shopee_verified_label": false, "show_official_shop_label_in_title": true, "is_cc_installment_payment_eligible": false, "is_non_cc_installment_payment_eligible": false, "coin_earn_label": null, "show_free_shipping": false, "preview_info": null, "coin_info": null, "exclusive_price_info": null, "bundle_deal_id": 0, "can_use_bundle_deal": false, "bundle_deal_info": null, "is_group_buy_item": null, "has_group_buy_stock": null, "group_buy_info": null, "welcome_package_type": 0, "welcome_package_info": null, "add_on_deal_info": null, "can_use_wholesale": false, "is_preferred_plus_seller": false, "shop_location": "H\u00e0 N\u1ed9i", "has_model_with_available_shopee_stock": false, "voucher_info": null, "can_use_cod": false, "is_on_flash_sale": false, "spl_installment_tenure": null, "is_live_streaming_price": null, "is_mart": false, "pack_size": null, "deep_discount_skin": null}, "adsid": null, "campaignid": null, "distance": null, "match_type": null, "ads_keyword": null, "deduction_info": null, "collection_id": null, "display_name": null, "campaign_stock": null, "json_data": "", "tracking_info": {"viral_spu_tracking": null, "business_tracking": null, "multi_search_tracking": null, "groupid": 0, "ruleid": [29]}, "itemid": 13257088287, "shopid": 611488907, "algo_image": null, "fe_flags": null, "item_type": 1, "foody_item": null, "search_item_tracking": "{\"is_ads\":false,\"ruleids\":[29],\"groupid\":0,\"fe_flags\":\"{}\",\"item_type\":1,\"biz_json\":\"\",\"merge_rank\":13,\"shuffle_rank\":0}", "bff_item_tracking": "{\"label_ids\":[1000258,1000259,1000279,1009063,1011654,1010668,1009427,1009763,1007525,1000742,1002603,44,1000512],\"is_on_flash_sale\":false,\"is_liked\":false,\"with_video\":true,\"is_dp_mirror_sku\":false,\"image_position\":null}", "personalized_labels": null, "biz_json": null}, {"item_basic": {"itemid": 9997196928, "shopid": 611488907, "name": "Loa bluetooth 5.1 Edifier R1380DB - Thi\u1ebft k\u1ebf tinh t\u1ebf C\u00f4ng su\u1ea5t 42W C\u1ed5ng subout \u0110i\u1ec1u khi\u1ec3n t\u1eeb xa - H\u00e0ng ch\u00ednh h\u00e3ng", "label_ids": [1000258, 1000259, 1000279, 1009063, 1011654, 1010668, 1009427, 1009763, 1007525, 1000742, 1002603, 44, 1000512], "image": "f62ef663cf41c941bb5bfbdcc608b4a6", "images": ["f62ef663cf41c941bb5bfbdcc608b4a6", "5aa0ff4d9397460abb56e5d6b1e841ba", "451db3df3d924bc897deab5436f3b7b4", "0b3a17b89556ffc74c677494a6a3173d", "bf8e2b5964ac3544113132fbaf318e61", "3ee1fac5ae5362edaf9cc66093379f77", "031f5bce1344f43e26ce97b7ccc9ce7f", "49c3ce714792256becf51cf5c8393b21"], "currency": "VND", "stock": 33, "status": 1, "ctime": 1638508546, "sold": 0, "historical_sold": 0, "liked": false, "liked_count": 1, "view_count": 64, "catid": 100535, "brand": null, "cmt_count": 0, "flag": 0, "cb_option": 0, "item_status": "normal", "price": 280000000000, "price_min": 280000000000, "price_max": 280000000000, "price_min_before_discount": -1, "price_max_before_discount": -1, "hidden_price_display": null, "price_before_discount": 0, "has_lowest_price_guarantee": false, "show_discount": 0, "raw_discount": 0, "discount": null, "is_category_failed": false, "size_chart": null, "video_info_list": [{"video_id": "e98ee730eec1a9b4526a588f132043d6", "thumb_url": "51c7594955fee0765153620cc8281405", "duration": 31, "version": 2, "vid": "sg_e3dee8ad-c059-42fa-bcea-de9223ae9ffd_000088", "formats": [{"format": 1600008, "defn": "V720P", "profile": "MP4", "path": "", "url": "http://play-aka.vod.shopee.com/c3/98934353/105/AmM1M-MAaMXc-vUhggEGfdpG.mp4", "width": 1280, "height": 720}, {"format": 1600008, "defn": "V720P", "profile": "MP4", "path": "", "url": "http://play-aka.vod.shopee.com/c3/98934353/105/AmM1M-MAaMXc-vUhggEGfdpG.mp4", "width": 1280, "height": 720}, {"format": 1600008, "defn": "V720P", "profile": "MP4", "path": "", "url": "http://play-aka.vod.shopee.com/c3/98934353/105/AmM1M-MAaMXc-vUhggEGfdpG.mp4", "width": 1280, "height": 720}], "default_format": {"format": 100001, "defn": "ORI", "profile": "MP4", "path": "", "url": "http://1500000774.vod2.myqcloud.com/14092670vodsgp1500000774/7acc34f5387702292269261194/yCuuPJdCzUoA.mp4", "width": 1920, "height": 1080}}], "tier_variations": [{"name": "M\u00e0u s\u1eafc", "options": ["N\u00e2u", "\u0110en"], "images": null, "properties": [], "type": 0}], "item_rating": {"rating_star": 0, "rating_count": [0, 0, 0, 0, 0, 0], "rcount_with_context": 0, "rcount_with_image": 0}, "item_type": 0, "reference_item_id": "", "transparent_background_image": "", "is_adult": false, "badge_icon_type": 0, "shopee_verified": false, "is_official_shop": true, "show_official_shop_label": true, "show_shopee_verified_label": false, "show_official_shop_label_in_title": true, "is_cc_installment_payment_eligible": false, "is_non_cc_installment_payment_eligible": false, "coin_earn_label": null, "show_free_shipping": false, "preview_info": null, "coin_info": null, "exclusive_price_info": null, "bundle_deal_id": 0, "can_use_bundle_deal": false, "bundle_deal_info": null, "is_group_buy_item": null, "has_group_buy_stock": null, "group_buy_info": null, "welcome_package_type": 0, "welcome_package_info": null, "add_on_deal_info": null, "can_use_wholesale": false, "is_preferred_plus_seller": false, "shop_location": "H\u00e0 N\u1ed9i", "has_model_with_available_shopee_stock": false, "voucher_info": null, "can_use_cod": false, "is_on_flash_sale": false, "spl_installment_tenure": null, "is_live_streaming_price": null, "is_mart": false, "pack_size": null, "deep_discount_skin": null}, "adsid": null, "campaignid": null, "distance": null, "match_type": null, "ads_keyword": null, "deduction_info": null, "collection_id": null, "display_name": null, "campaign_stock": null, "json_data": "", "tracking_info": {"viral_spu_tracking": null, "business_tracking": null, "multi_search_tracking": null, "groupid": 0, "ruleid": [29]}, "itemid": 9997196928, "shopid": 611488907, "algo_image": null, "fe_flags": null, "item_type": 1, "foody_item": null, "search_item_tracking": "{\"is_ads\":false,\"ruleids\":[29],\"groupid\":0,\"fe_flags\":\"{}\",\"item_type\":1,\"biz_json\":\"\",\"merge_rank\":14,\"shuffle_rank\":0}", "bff_item_tracking": "{\"label_ids\":[1000258,1000259,1000279,1009063,1011654,1010668,1009427,1009763,1007525,1000742,1002603,44,1000512],\"is_on_flash_sale\":false,\"is_liked\":false,\"with_video\":true,\"is_dp_mirror_sku\":false,\"image_position\":null}", "personalized_labels": null, "biz_json": null}, {"item_basic": {"itemid": 15211435176, "shopid": 611488907, "name": "Loa bluetooth 5.0 Edifier D12 - CES 2020 C\u00f4ng su\u1ea5t 70W Thi\u1ebft k\u1ebf c\u1ed5 \u0111i\u1ec3n \u0110i\u1ec1u khi\u1ec3n t\u1eeb xa - H\u00e0ng ch\u00ednh h\u00e3ng", "label_ids": [1000258, 1000259, 1000279, 1009063, 1011654, 1010668, 1009427, 1009763, 1007525, 1000742, 1002603, 44, 1000512], "image": "81598afd7cccf14ccc3cf5f8438ab433", "images": ["81598afd7cccf14ccc3cf5f8438ab433", "3886ee14461d28f46b067ab347e60089", "0493d66615b5a44b82f6517c7c7570dc", "1cd1b393dabc423488449427c282a984", "1cfdac83e26c377bc07c24af08cb12d6", "a079c549ef6c66f82b6e0bfb8fe2e6e0", "3cd96b16b44b08f903c2223306212557", "5ba3635741d0838665c7aa95492ea473"], "currency": "VND", "stock": 11, "status": 1, "ctime": 1638509100, "sold": 0, "historical_sold": 0, "liked": false, "liked_count": 0, "view_count": 145, "catid": 100535, "brand": null, "cmt_count": 0, "flag": 0, "cb_option": 0, "item_status": "normal", "price": 280000000000, "price_min": 280000000000, "price_max": 280000000000, "price_min_before_discount": -1, "price_max_before_discount": -1, "hidden_price_display": null, "price_before_discount": 0, "has_lowest_price_guarantee": false, "show_discount": 0, "raw_discount": 0, "discount": null, "is_category_failed": false, "size_chart": null, "video_info_list": [{"video_id": "5d1bb5b4897ab283d9e0889e1f49f305", "thumb_url": "bd01ae66af3a97cf0af4653f59c0f353", "duration": 30, "version": 2, "vid": "sg_1c3630dc-e7cc-4144-9699-1f49bd9ee75f_000088", "formats": [{"format": 1600008, "defn": "V720P", "profile": "MP4", "path": "", "url": "http://play-aka.vod.shopee.com/c3/98934353/105/AmM1hy8AjJj0-vUhggEOfdpG.mp4", "width": 1280, "height": 720}, {"format": 1600008, "defn": "V720P", "profile": "MP4", "path": "", "url": "http://play-aka.vod.shopee.com/c3/98934353/105/AmM1hy8AjJj0-vUhggEOfdpG.mp4", "width": 1280, "height": 720}, {"format": 1600008, "defn": "V720P", "profile": "MP4", "path": "", "url": "http://play-aka.vod.shopee.com/c3/98934353/105/AmM1hy8AjJj0-vUhggEOfdpG.mp4", "width": 1280, "height": 720}], "default_format": {"format": 100001, "defn": "ORI", "profile": "MP4", "path": "", "url": "http://1500000774.vod2.myqcloud.com/14092670vodsgp1500000774/8b107b01387702292269955565/kCNjLgaX7wQA.mp4", "width": 1920, "height": 1080}}], "tier_variations": [{"name": "M\u00e0u s\u1eafc", "options": ["\u0110en", "N\u00e2u"], "images": null, "properties": [], "type": 0}], "item_rating": {"rating_star": 0, "rating_count": [0, 0, 0, 0, 0, 0], "rcount_with_context": 0, "rcount_with_image": 0}, "item_type": 0, "reference_item_id": "", "transparent_background_image": "", "is_adult": false, "badge_icon_type": 0, "shopee_verified": false, "is_official_shop": true, "show_official_shop_label": true, "show_shopee_verified_label": false, "show_official_shop_label_in_title": true, "is_cc_installment_payment_eligible": false, "is_non_cc_installment_payment_eligible": false, "coin_earn_label": null, "show_free_shipping": false, "preview_info": null, "coin_info": null, "exclusive_price_info": null, "bundle_deal_id": 0, "can_use_bundle_deal": false, "bundle_deal_info": null, "is_group_buy_item": null, "has_group_buy_stock": null, "group_buy_info": null, "welcome_package_type": 0, "welcome_package_info": null, "add_on_deal_info": null, "can_use_wholesale": false, "is_preferred_plus_seller": false, "shop_location": "H\u00e0 N\u1ed9i", "has_model_with_available_shopee_stock": false, "voucher_info": null, "can_use_cod": false, "is_on_flash_sale": false, "spl_installment_tenure": null, "is_live_streaming_price": null, "is_mart": false, "pack_size": null, "deep_discount_skin": null}, "adsid": null, "campaignid": null, "distance": null, "match_type": null, "ads_keyword": null, "deduction_info": null, "collection_id": null, "display_name": null, "campaign_stock": null, "json_data": "", "tracking_info": {"viral_spu_tracking": null, "business_tracking": null, "multi_search_tracking": null, "groupid": 0, "ruleid": [29]}, "itemid": 15211435176, "shopid": 611488907, "algo_image": null, "fe_flags": null, "item_type": 1, "foody_item": null, "search_item_tracking": "{\"is_ads\":false,\"ruleids\":[29],\"groupid\":0,\"fe_flags\":\"{}\",\"item_type\":1,\"biz_json\":\"\",\"merge_rank\":15,\"shuffle_rank\":0}", "bff_item_tracking": "{\"label_ids\":[1000258,1000259,1000279,1009063,1011654,1010668,1009427,1009763,1007525,1000742,1002603,44,1000512],\"is_on_flash_sale\":false,\"is_liked\":false,\"with_video\":true,\"is_dp_mirror_sku\":false,\"image_position\":null}", "personalized_labels": null, "biz_json": null}], "price_adjust": null, "adjust": {"count": null}, "total_ads_count": 0, "hint_keywords": null, "show_disclaimer": false, "json_data": "", "query_rewrite": null, "disclaimer_infos": [], "need_next_search": true, "low_result": {"triggered": false, "scenarios": null, "total_organic_count": 16, "pre_lrp_total_organic_count": 16}, "autoplay_info": null, "food_item_info": {"total_count": 0}, "search_tracking": "{\"algorithm\":\"eyJzZWFyY2giOiIwLmEuMjk1MEBRUFBRRk1PTlZGUlhSWTBEWU1FMUVUR1ZFUzJHTzE2OSJ9\",\"low_result\":{\"triggered\":false,\"total_organic_count\":16,\"pre_lrp_total_organic_count\":16},\"total_ads_count\":0,\"total_count\":16,\"request_id\":\"bff-search_vn_sg9_10.168.67.22_{1f8a1b84d6cb1fe2be8207eeaa867c00:010001d3a2d019c9:000000dd77434a6b}_k8s-worker-sg9-live-1340.shopeemobile.com\"}", "search_sessionid": null}