{
    "bff_meta": null,
    "error": null,
    "error_msg": null,
    "reserved_keyword": null,
    "suggestion_algorithm": null,
    "algorithm": "eyJzZWFyY2giOiIwLmEuMjk1MEBSWEZNUVBQUVJZT05WRjBNRURZMUVTRVRHVjJHTzE2OSJ9",
    "total_count": 7,
    "nomore": true,
    "items": [
        {
            "item_basic": {
                "itemid": 15626690919,
                "shopid": 628049927,
                "name": "[M\u00e3 BMINCU50 gi\u1ea3m 50K \u0111\u01a1n 250K] T\u00fai \u0111\u1ef1ng tai nghe d\u00e2y r\u00fat ch\u1ed1ng n\u01b0\u1edbc Haylou 7x11cm",
                "label_ids": [
                    1000259,
                    1000279,
                    1009063,
                    1010668,
                    1009427,
                    1000255,
                    1009763
                ],
                "image": "67330c5e4f59e32d02f3be6bf2df4edd",
                "images": [
                    "67330c5e4f59e32d02f3be6bf2df4edd",
                    "1a9c2eadb40a4677e6aa9e7683fc63c8",
                    "777d7da9ffaa2bbe2a563ed7febcc8bd",
                    "7de4ec23a3b7ed24bf59ed601e8b2b3e"
                ],
                "currency": "VND",
                "stock": 167,
                "status": 1,
                "ctime": 1640673583,
                "sold": 27,
                "historical_sold": 30,
                "liked": false,
                "liked_count": 0,
                "view_count": 105,
                "catid": 100013,
                "brand": null,
                "cmt_count": 11,
                "flag": 0,
                "cb_option": 0,
                "item_status": "normal",
                "price": 5000000000,
                "price_min": 5000000000,
                "price_max": 5000000000,
                "price_min_before_discount": -1,
                "price_max_before_discount": -1,
                "hidden_price_display": null,
                "price_before_discount": 0,
                "has_lowest_price_guarantee": false,
                "show_discount": 0,
                "raw_discount": 0,
                "discount": null,
                "is_category_failed": false,
                "size_chart": null,
                "video_info_list": null,
                "tier_variations": [
                    {
                        "name": "",
                        "options": [
                            ""
                        ],
                        "images": null,
                        "properties": [],
                        "type": 0
                    }
                ],
                "item_rating": {
                    "rating_star": 5,
                    "rating_count": [
                        11,
                        0,
                        0,
                        0,
                        0,
                        11
                    ],
                    "rcount_with_context": 1,
                    "rcount_with_image": 1
                },
                "item_type": 0,
                "reference_item_id": "",
                "transparent_background_image": "",
                "is_adult": false,
                "badge_icon_type": 0,
                "shopee_verified": false,
                "is_official_shop": true,
                "show_official_shop_label": true,
                "show_shopee_verified_label": false,
                "show_official_shop_label_in_title": true,
                "is_cc_installment_payment_eligible": false,
                "is_non_cc_installment_payment_eligible": false,
                "coin_earn_label": null,
                "show_free_shipping": false,
                "preview_info": null,
                "coin_info": null,
                "exclusive_price_info": null,
                "bundle_deal_id": 0,
                "can_use_bundle_deal": false,
                "bundle_deal_info": null,
                "is_group_buy_item": null,
                "has_group_buy_stock": null,
                "group_buy_info": null,
                "welcome_package_type": 0,
                "welcome_package_info": null,
                "add_on_deal_info": null,
                "can_use_wholesale": false,
                "is_preferred_plus_seller": false,
                "shop_location": "TP. H\u1ed3 Ch\u00ed Minh",
                "has_model_with_available_shopee_stock": false,
                "voucher_info": null,
                "can_use_cod": false,
                "is_on_flash_sale": false,
                "spl_installment_tenure": null,
                "is_live_streaming_price": null,
                "is_mart": false,
                "pack_size": null,
                "deep_discount_skin": null
            },
            "adsid": null,
            "campaignid": null,
            "distance": null,
            "match_type": null,
            "ads_keyword": null,
            "deduction_info": null,
            "collection_id": null,
            "display_name": null,
            "campaign_stock": null,
            "json_data": "",
            "tracking_info": {
                "viral_spu_tracking": null,
                "business_tracking": null,
                "multi_search_tracking": null,
                "groupid": 0,
                "ruleid": [
                    29
                ]
            },
            "itemid": 15626690919,
            "shopid": 628049927,
            "algo_image": null,
            "fe_flags": null,
            "item_type": 1,
            "foody_item": null,
            "search_item_tracking": "{\"is_ads\":false,\"ruleids\":[29],\"groupid\":0,\"fe_flags\":\"{}\",\"item_type\":1,\"biz_json\":\"\",\"merge_rank\":0,\"shuffle_rank\":0}",
            "bff_item_tracking": "{\"label_ids\":[1000259,1000279,1009063,1010668,1009427,1000255,1009763],\"is_on_flash_sale\":false,\"is_liked\":false,\"with_video\":false,\"is_dp_mirror_sku\":false,\"image_position\":null}",
            "personalized_labels": null,
            "biz_json": null
        },
        {
            "item_basic": {
                "itemid": 11878196902,
                "shopid": 628049927,
                "name": "[M\u00e3 BMBAU50 gi\u1ea3m 50K \u0111\u01a1n 150K] Tai nghe True Wireless Haylou T33 Moripods Bluetooth 5.2 (H\u1ed3ng anh \u0111\u00e0o)",
                "label_ids": [
                    1000259,
                    1000279,
                    1009063,
                    1010668,
                    1009427,
                    1000255,
                    1009763
                ],
                "image": "1eda91fcf34512811ccbac17e09146a6",
                "images": [
                    "1eda91fcf34512811ccbac17e09146a6",
                    "bc52ed1f5417857b7996d6292d28f20c",
                    "0ecdebb5eac3660fdd357f6e15ec8680",
                    "adf6a105a6b26c4e5235c911e3847644",
                    "9b4f5f55a9a1a0e95ba4bcbfa0da69b4",
                    "bb0b3f0b124ec01fd936b6e63d7ab54a",
                    "c0e3e595ab1a49ce55ee0794c11e7a5c",
                    "d4c978135af2a49e32329278b363a694"
                ],
                "currency": "VND",
                "stock": 494,
                "status": 1,
                "ctime": 1639791386,
                "sold": 6,
                "historical_sold": 5,
                "liked": false,
                "liked_count": 4615,
                "view_count": 435,
                "catid": 100535,
                "brand": null,
                "cmt_count": 3,
                "flag": 0,
                "cb_option": 0,
                "item_status": "normal",
                "price": 79000000000,
                "price_min": 79000000000,
                "price_max": 79000000000,
                "price_min_before_discount": -1,
                "price_max_before_discount": -1,
                "hidden_price_display": null,
                "price_before_discount": 0,
                "has_lowest_price_guarantee": false,
                "show_discount": 0,
                "raw_discount": 0,
                "discount": null,
                "is_category_failed": false,
                "size_chart": null,
                "video_info_list": null,
                "tier_variations": [
                    {
                        "name": "",
                        "options": [
                            ""
                        ],
                        "images": null,
                        "properties": [],
                        "type": 0
                    }
                ],
                "item_rating": {
                    "rating_star": 5,
                    "rating_count": [
                        3,
                        0,
                        0,
                        0,
                        0,
                        3
                    ],
                    "rcount_with_context": 0,
                    "rcount_with_image": 0
                },
                "item_type": 0,
                "reference_item_id": "",
                "transparent_background_image": "",
                "is_adult": false,
                "badge_icon_type": 0,
                "shopee_verified": false,
                "is_official_shop": true,
                "show_official_shop_label": true,
                "show_shopee_verified_label": false,
                "show_official_shop_label_in_title": true,
                "is_cc_installment_payment_eligible": false,
                "is_non_cc_installment_payment_eligible": false,
                "coin_earn_label": null,
                "show_free_shipping": false,
                "preview_info": null,
                "coin_info": null,
                "exclusive_price_info": null,
                "bundle_deal_id": 0,
                "can_use_bundle_deal": false,
                "bundle_deal_info": null,
                "is_group_buy_item": null,
                "has_group_buy_stock": null,
                "group_buy_info": null,
                "welcome_package_type": 0,
                "welcome_package_info": null,
                "add_on_deal_info": null,
                "can_use_wholesale": false,
                "is_preferred_plus_seller": false,
                "shop_location": "TP. H\u1ed3 Ch\u00ed Minh",
                "has_model_with_available_shopee_stock": false,
                "voucher_info": null,
                "can_use_cod": false,
                "is_on_flash_sale": false,
                "spl_installment_tenure": null,
                "is_live_streaming_price": null,
                "is_mart": false,
                "pack_size": null,
                "deep_discount_skin": null
            },
            "adsid": null,
            "campaignid": null,
            "distance": null,
            "match_type": null,
            "ads_keyword": null,
            "deduction_info": null,
            "collection_id": null,
            "display_name": null,
            "campaign_stock": null,
            "json_data": "",
            "tracking_info": {
                "viral_spu_tracking": null,
                "business_tracking": null,
                "multi_search_tracking": null,
                "groupid": 0,
                "ruleid": [
                    29
                ]
            },
            "itemid": 11878196902,
            "shopid": 628049927,
            "algo_image": null,
            "fe_flags": null,
            "item_type": 1,
            "foody_item": null,
            "search_item_tracking": "{\"is_ads\":false,\"ruleids\":[29],\"groupid\":0,\"fe_flags\":\"{}\",\"item_type\":1,\"biz_json\":\"\",\"merge_rank\":1,\"shuffle_rank\":0}",
            "bff_item_tracking": "{\"label_ids\":[1000259,1000279,1009063,1010668,1009427,1000255,1009763],\"is_on_flash_sale\":false,\"is_liked\":false,\"with_video\":false,\"is_dp_mirror_sku\":false,\"image_position\":null}",
            "personalized_labels": null,
            "biz_json": null
        },
        {
            "item_basic": {
                "itemid": 14120402626,
                "shopid": 628049927,
                "name": "[M\u00e3 BMBAU50 gi\u1ea3m 50K \u0111\u01a1n 150K] Tai nghe True Wireless Haylou GT6 Semi-inear Bluetooth 5.2 - H\u00e0ng ch\u00ednh h\u00e3ng",
                "label_ids": [
                    1000259,
                    1000279,
                    1009063,
                    1010668,
                    1009427,
                    1000255,
                    1009763
                ],
                "image": "d12ca50ce8f105508878a2989526c137",
                "images": [
                    "d12ca50ce8f105508878a2989526c137",
                    "2af390bdb7e7e4cf5f15d1e492655376",
                    "4f1842893c73569506a144165f7f5bef",
                    "49016a0312ba6b898854456c0f20f1ed",
                    "18c3fc61f524f9a17dbc8879625bf13b",
                    "2aaaa12a77289c41ca742724b46ccb59",
                    "ae73f602eeb29b10016360ddace04e8c",
                    "d5a5ad9d55c307b891ea91b66248cf69",
                    "45ec2aeade8ef800915f22b3890df0e4"
                ],
                "currency": "VND",
                "stock": 195,
                "status": 1,
                "ctime": 1639793920,
                "sold": 5,
                "historical_sold": 5,
                "liked": false,
                "liked_count": 4871,
                "view_count": 419,
                "catid": 100535,
                "brand": null,
                "cmt_count": 2,
                "flag": 0,
                "cb_option": 0,
                "item_status": "normal",
                "price": 69000000000,
                "price_min": 69000000000,
                "price_max": 69000000000,
                "price_min_before_discount": -1,
                "price_max_before_discount": -1,
                "hidden_price_display": null,
                "price_before_discount": 0,
                "has_lowest_price_guarantee": false,
                "show_discount": 0,
                "raw_discount": 0,
                "discount": null,
                "is_category_failed": false,
                "size_chart": null,
                "video_info_list": null,
                "tier_variations": [
                    {
                        "name": "",
                        "options": [
                            ""
                        ],
                        "images": null,
                        "properties": [],
                        "type": 0
                    }
                ],
                "item_rating": {
                    "rating_star": 5,
                    "rating_count": [
                        2,
                        0,
                        0,
                        0,
                        0,
                        2
                    ],
                    "rcount_with_context": 1,
                    "rcount_with_image": 0
                },
                "item_type": 0,
                "reference_item_id": "",
                "transparent_background_image": "",
                "is_adult": false,
                "badge_icon_type": 0,
                "shopee_verified": false,
                "is_official_shop": true,
                "show_official_shop_label": true,
                "show_shopee_verified_label": false,
                "show_official_shop_label_in_title": true,
                "is_cc_installment_payment_eligible": false,
                "is_non_cc_installment_payment_eligible": false,
                "coin_earn_label": null,
                "show_free_shipping": false,
                "preview_info": null,
                "coin_info": null,
                "exclusive_price_info": null,
                "bundle_deal_id": 0,
                "can_use_bundle_deal": false,
                "bundle_deal_info": null,
                "is_group_buy_item": null,
                "has_group_buy_stock": null,
                "group_buy_info": null,
                "welcome_package_type": 0,
                "welcome_package_info": null,
                "add_on_deal_info": null,
                "can_use_wholesale": false,
                "is_preferred_plus_seller": false,
                "shop_location": "TP. H\u1ed3 Ch\u00ed Minh",
                "has_model_with_available_shopee_stock": false,
                "voucher_info": null,
                "can_use_cod": false,
                "is_on_flash_sale": false,
                "spl_installment_tenure": null,
                "is_live_streaming_price": null,
                "is_mart": false,
                "pack_size": null,
                "deep_discount_skin": null
            },
            "adsid": null,
            "campaignid": null,
            "distance": null,
            "match_type": null,
            "ads_keyword": null,
            "deduction_info": null,
            "collection_id": null,
            "display_name": null,
            "campaign_stock": null,
            "json_data": "",
            "tracking_info": {
                "viral_spu_tracking": null,
                "business_tracking": null,
                "multi_search_tracking": null,
                "groupid": 0,
                "ruleid": [
                    29
                ]
            },
            "itemid": 14120402626,
            "shopid": 628049927,
            "algo_image": null,
            "fe_flags": null,
            "item_type": 1,
            "foody_item": null,
            "search_item_tracking": "{\"is_ads\":false,\"ruleids\":[29],\"groupid\":0,\"fe_flags\":\"{}\",\"item_type\":1,\"biz_json\":\"\",\"merge_rank\":2,\"shuffle_rank\":0}",
            "bff_item_tracking": "{\"label_ids\":[1000259,1000279,1009063,1010668,1009427,1000255,1009763],\"is_on_flash_sale\":false,\"is_liked\":false,\"with_video\":false,\"is_dp_mirror_sku\":false,\"image_position\":null}",
            "personalized_labels": null,
            "biz_json": null
        },
        {
            "item_basic": {
                "itemid": 12661444540,
                "shopid": 628049927,
                "name": "[M\u00e3 BMBAU50 gi\u1ea3m 50K \u0111\u01a1n 150K] Tai nghe True Wireless Haylou GT3 Bluetooth 5.0 - H\u00e0ng ch\u00ednh h\u00e3ng",
                "label_ids": [
                    1000259,
                    1000279,
                    1009063,
                    1010668,
                    1009427,
                    1000255,
                    1009763
                ],
                "image": "3214cd0285cbfbb16ba7c08de96f3ca8",
                "images": [
                    "3214cd0285cbfbb16ba7c08de96f3ca8",
                    "2880a4545cf82833f7d58f295d3218d2",
                    "66f80b54bf8b3630761145cd0025e4c5",
                    "4e9b2da188e56cb81a71dfdf5bbbfd1a",
                    "27370c11feab7c2c1afe1cb62c26e733",
                    "99d07d99b3992c976adf7c1b03a11884",
                    "7be5c27098dd5601be61572ad7015e17",
                    "0b46d45cf30f8c95ffc6c6b63938c342",
                    "05f6f8eba75c8790f39ba00b133fb411"
                ],
                "currency": "VND",
                "stock": 194,
                "status": 1,
                "ctime": 1639793631,
                "sold": 6,
                "historical_sold": 6,
                "liked": false,
                "liked_count": 4744,
                "view_count": 193,
                "catid": 100535,
                "brand": null,
                "cmt_count": 1,
                "flag": 0,
                "cb_option": 0,
                "item_status": "normal",
                "price": 69000000000,
                "price_min": 69000000000,
                "price_max": 69000000000,
                "price_min_before_discount": -1,
                "price_max_before_discount": -1,
                "hidden_price_display": null,
                "price_before_discount": 0,
                "has_lowest_price_guarantee": false,
                "show_discount": 0,
                "raw_discount": 0,
                "discount": null,
                "is_category_failed": false,
                "size_chart": null,
                "video_info_list": null,
                "tier_variations": [
                    {
                        "name": "",
                        "options": [
                            ""
                        ],
                        "images": null,
                        "properties": [],
                        "type": 0
                    }
                ],
                "item_rating": {
                    "rating_star": 5,
                    "rating_count": [
                        1,
                        0,
                        0,
                        0,
                        0,
                        1
                    ],
                    "rcount_with_context": 0,
                    "rcount_with_image": 0
                },
                "item_type": 0,
                "reference_item_id": "",
                "transparent_background_image": "",
                "is_adult": false,
                "badge_icon_type": 0,
                "shopee_verified": false,
                "is_official_shop": true,
                "show_official_shop_label": true,
                "show_shopee_verified_label": false,
                "show_official_shop_label_in_title": true,
                "is_cc_installment_payment_eligible": false,
                "is_non_cc_installment_payment_eligible": false,
                "coin_earn_label": null,
                "show_free_shipping": false,
                "preview_info": null,
                "coin_info": null,
                "exclusive_price_info": null,
                "bundle_deal_id": 0,
                "can_use_bundle_deal": false,
                "bundle_deal_info": null,
                "is_group_buy_item": null,
                "has_group_buy_stock": null,
                "group_buy_info": null,
                "welcome_package_type": 0,
                "welcome_package_info": null,
                "add_on_deal_info": null,
                "can_use_wholesale": false,
                "is_preferred_plus_seller": false,
                "shop_location": "TP. H\u1ed3 Ch\u00ed Minh",
                "has_model_with_available_shopee_stock": false,
                "voucher_info": null,
                "can_use_cod": false,
                "is_on_flash_sale": false,
                "spl_installment_tenure": null,
                "is_live_streaming_price": null,
                "is_mart": false,
                "pack_size": null,
                "deep_discount_skin": null
            },
            "adsid": null,
            "campaignid": null,
            "distance": null,
            "match_type": null,
            "ads_keyword": null,
            "deduction_info": null,
            "collection_id": null,
            "display_name": null,
            "campaign_stock": null,
            "json_data": "",
            "tracking_info": {
                "viral_spu_tracking": null,
                "business_tracking": null,
                "multi_search_tracking": null,
                "groupid": 0,
                "ruleid": [
                    29
                ]
            },
            "itemid": 12661444540,
            "shopid": 628049927,
            "algo_image": null,
            "fe_flags": null,
            "item_type": 1,
            "foody_item": null,
            "search_item_tracking": "{\"is_ads\":false,\"ruleids\":[29],\"groupid\":0,\"fe_flags\":\"{}\",\"item_type\":1,\"biz_json\":\"\",\"merge_rank\":3,\"shuffle_rank\":0}",
            "bff_item_tracking": "{\"label_ids\":[1000259,1000279,1009063,1010668,1009427,1000255,1009763],\"is_on_flash_sale\":false,\"is_liked\":false,\"with_video\":false,\"is_dp_mirror_sku\":false,\"image_position\":null}",
            "personalized_labels": null,
            "biz_json": null
        },
        {
            "item_basic": {
                "itemid": 15626605927,
                "shopid": 628049927,
                "name": "[M\u00e3 BMBAU50 gi\u1ea3m 50K \u0111\u01a1n 150K] Tai nghe True Wireless Earbuds Haylou GT1 Bluetooth 5.0",
                "label_ids": [
                    1000259,
                    1000279,
                    1009063,
                    1010668,
                    1009427,
                    1000255,
                    1009763
                ],
                "image": "c322de6f08eed97da193681f4f821c05",
                "images": [
                    "c322de6f08eed97da193681f4f821c05",
                    "55a300a43426d7aed2bcd8b294fdf3b9",
                    "2f9dab2830771995732eed51686ffae2",
                    "6d2e5c93ccec7fd2ce21b3688091c6fd",
                    "5ef6ec3579c0ccd9303faa428ebbcea5",
                    "60dce1329223c03c51f02ef4bc7f3636",
                    "5bad328488c85ac081dd1e76cef6cb53",
                    "587cbf12355351fa6239648933860a56",
                    "327bafd944063459ecf3599e745903cc"
                ],
                "currency": "VND",
                "stock": 197,
                "status": 1,
                "ctime": 1640664227,
                "sold": 3,
                "historical_sold": 3,
                "liked": false,
                "liked_count": 3,
                "view_count": 213,
                "catid": 100535,
                "brand": null,
                "cmt_count": 0,
                "flag": 0,
                "cb_option": 0,
                "item_status": "normal",
                "price": 59000000000,
                "price_min": 59000000000,
                "price_max": 59000000000,
                "price_min_before_discount": -1,
                "price_max_before_discount": -1,
                "hidden_price_display": null,
                "price_before_discount": 0,
                "has_lowest_price_guarantee": false,
                "show_discount": 0,
                "raw_discount": 0,
                "discount": null,
                "is_category_failed": false,
                "size_chart": null,
                "video_info_list": null,
                "tier_variations": [
                    {
                        "name": "",
                        "options": [
                            ""
                        ],
                        "images": null,
                        "properties": [],
                        "type": 0
                    }
                ],
                "item_rating": {
                    "rating_star": 0,
                    "rating_count": [
                        0,
                        0,
                        0,
                        0,
                        0,
                        0
                    ],
                    "rcount_with_context": 0,
                    "rcount_with_image": 0
                },
                "item_type": 0,
                "reference_item_id": "",
                "transparent_background_image": "",
                "is_adult": false,
                "badge_icon_type": 0,
                "shopee_verified": false,
                "is_official_shop": true,
                "show_official_shop_label": true,
                "show_shopee_verified_label": false,
                "show_official_shop_label_in_title": true,
                "is_cc_installment_payment_eligible": false,
                "is_non_cc_installment_payment_eligible": false,
                "coin_earn_label": null,
                "show_free_shipping": false,
                "preview_info": null,
                "coin_info": null,
                "exclusive_price_info": null,
                "bundle_deal_id": 0,
                "can_use_bundle_deal": false,
                "bundle_deal_info": null,
                "is_group_buy_item": null,
                "has_group_buy_stock": null,
                "group_buy_info": null,
                "welcome_package_type": 0,
                "welcome_package_info": null,
                "add_on_deal_info": null,
                "can_use_wholesale": false,
                "is_preferred_plus_seller": false,
                "shop_location": "TP. H\u1ed3 Ch\u00ed Minh",
                "has_model_with_available_shopee_stock": false,
                "voucher_info": null,
                "can_use_cod": false,
                "is_on_flash_sale": false,
                "spl_installment_tenure": null,
                "is_live_streaming_price": null,
                "is_mart": false,
                "pack_size": null,
                "deep_discount_skin": null
            },
            "adsid": null,
            "campaignid": null,
            "distance": null,
            "match_type": null,
            "ads_keyword": null,
            "deduction_info": null,
            "collection_id": null,
            "display_name": null,
            "campaign_stock": null,
            "json_data": "",
            "tracking_info": {
                "viral_spu_tracking": null,
                "business_tracking": null,
                "multi_search_tracking": null,
                "groupid": 0,
                "ruleid": [
                    29
                ]
            },
            "itemid": 15626605927,
            "shopid": 628049927,
            "algo_image": null,
            "fe_flags": null,
            "item_type": 1,
            "foody_item": null,
            "search_item_tracking": "{\"is_ads\":false,\"ruleids\":[29],\"groupid\":0,\"fe_flags\":\"{}\",\"item_type\":1,\"biz_json\":\"\",\"merge_rank\":4,\"shuffle_rank\":0}",
            "bff_item_tracking": "{\"label_ids\":[1000259,1000279,1009063,1010668,1009427,1000255,1009763],\"is_on_flash_sale\":false,\"is_liked\":false,\"with_video\":false,\"is_dp_mirror_sku\":false,\"image_position\":null}",
            "personalized_labels": null,
            "biz_json": null
        },
        {
            "item_basic": {
                "itemid": 14420382277,
                "shopid": 628049927,
                "name": "[M\u00e3 BMBAU50 gi\u1ea3m 50K \u0111\u01a1n 150K] Tai nghe True Wireless Haylou GT1 Pro Bluetooth 5.0",
                "label_ids": [
                    1000259,
                    1000279,
                    1009063,
                    1010668,
                    1009427,
                    1000255,
                    1009763
                ],
                "image": "8146e814603d2b45ccd15221f2e2a612",
                "images": [
                    "8146e814603d2b45ccd15221f2e2a612",
                    "57af67dbea345f450d36e8fb266c83f7",
                    "0fce530ef0a5ed06c3882bd8c5db8eec",
                    "7a53c3365916818e03b9e333aa5e10a7",
                    "ec69abb60d1fb4951f42b7b718195f1e",
                    "19a58ab20f62a676b439cf54344c3b3b",
                    "f4454fc8ee4d1d894dca84daebb5e60e",
                    "6466f227bcac30583b443890e65cda24",
                    "fa15b94d886559ee6f0f98c87c2ab4a8"
                ],
                "currency": "VND",
                "stock": 497,
                "status": 1,
                "ctime": 1639790664,
                "sold": 2,
                "historical_sold": 3,
                "liked": false,
                "liked_count": 5013,
                "view_count": 195,
                "catid": 100535,
                "brand": null,
                "cmt_count": 0,
                "flag": 0,
                "cb_option": 0,
                "item_status": "normal",
                "price": 65000000000,
                "price_min": 65000000000,
                "price_max": 65000000000,
                "price_min_before_discount": -1,
                "price_max_before_discount": -1,
                "hidden_price_display": null,
                "price_before_discount": 0,
                "has_lowest_price_guarantee": false,
                "show_discount": 0,
                "raw_discount": 0,
                "discount": null,
                "is_category_failed": false,
                "size_chart": null,
                "video_info_list": null,
                "tier_variations": [
                    {
                        "name": "",
                        "options": [
                            ""
                        ],
                        "images": null,
                        "properties": [],
                        "type": 0
                    }
                ],
                "item_rating": {
                    "rating_star": 0,
                    "rating_count": [
                        0,
                        0,
                        0,
                        0,
                        0,
                        0
                    ],
                    "rcount_with_context": 0,
                    "rcount_with_image": 0
                },
                "item_type": 0,
                "reference_item_id": "",
                "transparent_background_image": "",
                "is_adult": false,
                "badge_icon_type": 0,
                "shopee_verified": false,
                "is_official_shop": true,
                "show_official_shop_label": true,
                "show_shopee_verified_label": false,
                "show_official_shop_label_in_title": true,
                "is_cc_installment_payment_eligible": false,
                "is_non_cc_installment_payment_eligible": false,
                "coin_earn_label": null,
                "show_free_shipping": false,
                "preview_info": null,
                "coin_info": null,
                "exclusive_price_info": null,
                "bundle_deal_id": 0,
                "can_use_bundle_deal": false,
                "bundle_deal_info": null,
                "is_group_buy_item": null,
                "has_group_buy_stock": null,
                "group_buy_info": null,
                "welcome_package_type": 0,
                "welcome_package_info": null,
                "add_on_deal_info": null,
                "can_use_wholesale": false,
                "is_preferred_plus_seller": false,
                "shop_location": "TP. H\u1ed3 Ch\u00ed Minh",
                "has_model_with_available_shopee_stock": false,
                "voucher_info": null,
                "can_use_cod": false,
                "is_on_flash_sale": false,
                "spl_installment_tenure": null,
                "is_live_streaming_price": null,
                "is_mart": false,
                "pack_size": null,
                "deep_discount_skin": null
            },
            "adsid": null,
            "campaignid": null,
            "distance": null,
            "match_type": null,
            "ads_keyword": null,
            "deduction_info": null,
            "collection_id": null,
            "display_name": null,
            "campaign_stock": null,
            "json_data": "",
            "tracking_info": {
                "viral_spu_tracking": null,
                "business_tracking": null,
                "multi_search_tracking": null,
                "groupid": 0,
                "ruleid": [
                    29
                ]
            },
            "itemid": 14420382277,
            "shopid": 628049927,
            "algo_image": null,
            "fe_flags": null,
            "item_type": 1,
            "foody_item": null,
            "search_item_tracking": "{\"is_ads\":false,\"ruleids\":[29],\"groupid\":0,\"fe_flags\":\"{}\",\"item_type\":1,\"biz_json\":\"\",\"merge_rank\":5,\"shuffle_rank\":0}",
            "bff_item_tracking": "{\"label_ids\":[1000259,1000279,1009063,1010668,1009427,1000255,1009763],\"is_on_flash_sale\":false,\"is_liked\":false,\"with_video\":false,\"is_dp_mirror_sku\":false,\"image_position\":null}",
            "personalized_labels": null,
            "biz_json": null
        },
        {
            "item_basic": {
                "itemid": 10178910254,
                "shopid": 628049927,
                "name": "[M\u00e3 BMBAU50 gi\u1ea3m 50K \u0111\u01a1n 150K] Tai nghe True Wireless Haylou T33 Moripods Bluetooth 5.2 (Tr\u1eafng)",
                "label_ids": [
                    1000259,
                    1000279,
                    1009063,
                    1010668,
                    1009427,
                    1000255,
                    1009763
                ],
                "image": "c4fa5354a7673fe81e86b941e02406bd",
                "images": [
                    "c4fa5354a7673fe81e86b941e02406bd",
                    "4701cd288acbd47ee04ddb9142f22701",
                    "1916ab045540d570115f7dc841c3a468",
                    "7f26fea04d7e02348c0cc96832c663f1",
                    "a0b9f65aad2ff90af2841b40f314c2d0",
                    "d02059e855a685dbb2de2c622a572e49",
                    "8c97a14fbd56c54c860b3d767550a99b"
                ],
                "currency": "VND",
                "stock": 136,
                "status": 1,
                "ctime": 1640168583,
                "sold": 28,
                "historical_sold": 29,
                "liked": false,
                "liked_count": 4501,
                "view_count": 2429,
                "catid": 100535,
                "brand": null,
                "cmt_count": 8,
                "flag": 0,
                "cb_option": 0,
                "item_status": "normal",
                "price": 79000000000,
                "price_min": 79000000000,
                "price_max": 79000000000,
                "price_min_before_discount": -1,
                "price_max_before_discount": -1,
                "hidden_price_display": null,
                "price_before_discount": 0,
                "has_lowest_price_guarantee": false,
                "show_discount": 0,
                "raw_discount": 0,
                "discount": null,
                "is_category_failed": false,
                "size_chart": null,
                "video_info_list": null,
                "tier_variations": [
                    {
                        "name": "",
                        "options": [
                            ""
                        ],
                        "images": null,
                        "properties": [],
                        "type": 0
                    }
                ],
                "item_rating": {
                    "rating_star": 5,
                    "rating_count": [
                        8,
                        0,
                        0,
                        0,
                        0,
                        8
                    ],
                    "rcount_with_context": 4,
                    "rcount_with_image": 4
                },
                "item_type": 0,
                "reference_item_id": "",
                "transparent_background_image": "c4fa5354a7673fe81e86b941e02406bd",
                "is_adult": false,
                "badge_icon_type": 0,
                "shopee_verified": false,
                "is_official_shop": true,
                "show_official_shop_label": true,
                "show_shopee_verified_label": false,
                "show_official_shop_label_in_title": true,
                "is_cc_installment_payment_eligible": false,
                "is_non_cc_installment_payment_eligible": false,
                "coin_earn_label": null,
                "show_free_shipping": false,
                "preview_info": null,
                "coin_info": null,
                "exclusive_price_info": null,
                "bundle_deal_id": 0,
                "can_use_bundle_deal": false,
                "bundle_deal_info": null,
                "is_group_buy_item": null,
                "has_group_buy_stock": null,
                "group_buy_info": null,
                "welcome_package_type": 0,
                "welcome_package_info": null,
                "add_on_deal_info": null,
                "can_use_wholesale": false,
                "is_preferred_plus_seller": false,
                "shop_location": "TP. H\u1ed3 Ch\u00ed Minh",
                "has_model_with_available_shopee_stock": false,
                "voucher_info": null,
                "can_use_cod": false,
                "is_on_flash_sale": false,
                "spl_installment_tenure": null,
                "is_live_streaming_price": null,
                "is_mart": false,
                "pack_size": null,
                "deep_discount_skin": null
            },
            "adsid": null,
            "campaignid": null,
            "distance": null,
            "match_type": null,
            "ads_keyword": null,
            "deduction_info": null,
            "collection_id": null,
            "display_name": null,
            "campaign_stock": null,
            "json_data": "",
            "tracking_info": {
                "viral_spu_tracking": null,
                "business_tracking": null,
                "multi_search_tracking": null,
                "groupid": 0,
                "ruleid": [
                    29
                ]
            },
            "itemid": 10178910254,
            "shopid": 628049927,
            "algo_image": null,
            "fe_flags": null,
            "item_type": 1,
            "foody_item": null,
            "search_item_tracking": "{\"is_ads\":false,\"ruleids\":[29],\"groupid\":0,\"fe_flags\":\"{}\",\"item_type\":1,\"biz_json\":\"\",\"merge_rank\":6,\"shuffle_rank\":0}",
            "bff_item_tracking": "{\"label_ids\":[1000259,1000279,1009063,1010668,1009427,1000255,1009763],\"is_on_flash_sale\":false,\"is_liked\":false,\"with_video\":false,\"is_dp_mirror_sku\":false,\"image_position\":null}",
            "personalized_labels": null,
            "biz_json": null
        }
    ],
    "price_adjust": null,
    "adjust": {
        "count": null
    },
    "total_ads_count": 0,
    "hint_keywords": null,
    "show_disclaimer": false,
    "json_data": "",
    "query_rewrite": null,
    "disclaimer_infos": [],
    "need_next_search": true,
    "low_result": {
        "triggered": false,
        "scenarios": null,
        "total_organic_count": 7,
        "pre_lrp_total_organic_count": 7
    },
    "autoplay_info": null,
    "food_item_info": {
        "total_count": 0
    },
    "search_tracking": "{\"algorithm\":\"eyJzZWFyY2giOiIwLmEuMjk1MEBSWEZNUVBQUVJZT05WRjBNRURZMUVTRVRHVjJHTzE2OSJ9\",\"low_result\":{\"triggered\":false,\"total_organic_count\":7,\"pre_lrp_total_organic_count\":7},\"total_ads_count\":0,\"total_count\":7,\"request_id\":\"bff-search_vn_sg9_10.168.114.142_{1f8a1b84d6cb2035f42a056254f61600:010001a5b0c87ce8:000000b7946477e4}_k8s-worker-sg9-live-924.shopeemobile.com\"}",
    "search_sessionid": null
}